Actual Sales,Linear Regression,Ridge Regression,Lasso Regression
-0.2917702723436242,-0.0549341945557984,-0.054929124589255245,-0.0154334738885811
-0.350146969100151,0.014587000756169033,0.014583161466388229,-0.0154334738885811
-0.3508012732464106,-0.026080018105778535,-0.026078575047287594,-0.0154334738885811
-0.3403802828193981,-0.027192650136159457,-0.02719111452766817,-0.0154334738885811
-0.3345713386916299,-0.024606016750329474,-0.024604864185614625,-0.0154334738885811
-0.2265122110049721,0.006385510952810591,0.006382705317862248,-0.0154334738885811
-0.3576283784603095,-0.044885583572945364,-0.04488182688481548,-0.0154334738885811
-0.3324009639625737,-0.02265945517869561,-0.022658474457123053,-0.0154334738885811
0.0332114260571171,0.00504429791893557,0.005041625568821017,-0.0154334738885811
-0.3072246171055216,-0.020283475161308573,-0.020282873442652467,-0.0154334738885811
-0.3596583171774856,-0.0006470309150508058,-0.0006490176173812607,-0.0154334738885811
0.5200855247439673,-0.0422438390511477,-0.04224037134275153,-0.0154334738885811
-0.0491351445453099,-0.017315050353728267,-0.017314837592581678,-0.0154334738885811
3.4617332351819687,-0.03628073485363181,-0.036278044074115584,-0.0154334738885811
1.1821056723381118,-0.006709267541397779,-0.006710330612052168,-0.0154334738885811
4.9736705308107565,-0.05143801738463516,-0.051433383397659335,-0.0154334738885811
-0.345908354923406,-0.036201359686648615,-0.03619861530814241,-0.0154334738885811
0.2231830494003908,-0.018876029808330586,-0.01887554209149511,-0.0154334738885811
0.5818693906523582,-0.012522839900157123,-0.012523142364969781,-0.0154334738885811
-0.3610084179280603,-0.007759362557299809,-0.00776035047578123,-0.0154334738885811
0.918526428404405,-0.01793543281558918,-0.01793512632173933,-0.0154334738885811
0.249540335448253,0.000329969036762634,0.0003279396824001062,-0.0154334738885811
-0.29581099941272,-0.00711092511053657,-0.00711199112331341,-0.0154334738885811
1.428698542289411,-0.050288386208451996,-0.050283824193109686,-0.0154334738885811
2.5068832565887718,-0.008775283898858177,-0.008776130314508426,-0.0154334738885811
-0.3320179566574461,-0.05425275166118482,-0.05424771441469011,-0.0154334738885811
-0.2142272516930053,-0.006191099885469953,-0.006192289254516004,-0.0154334738885811
-0.3566261760118924,-0.044129551252808596,-0.044125846490332306,-0.0154334738885811
-0.363220285115172,-0.03473137482180455,-0.034728937103230134,-0.0154334738885811
-0.2969600213281028,0.02346611493882733,0.023461102660371186,-0.0154334738885811
-0.2539610678724478,-0.03383603483114683,-0.033833642107568576,-0.0154334738885811
-0.3667056515918329,-0.017470695884066245,-0.017470434758021333,-0.0154334738885811
0.306544589361406,0.018278432536614986,0.018274098271142562,-0.0154334738885811
-0.3434571081705895,-0.057270922176325456,-0.05726551318275411,-0.0154334738885811
-0.3555218382821079,-0.03325162654999225,-0.03324940619826204,-0.0154334738885811
0.2442803684578343,-0.027760775235218915,-0.027759177972917156,-0.0154334738885811
-0.2577400732830398,0.023707604384570757,0.023702579450244808,-0.0154334738885811
-0.2406707143845212,-0.016805634164427374,-0.01680550059884064,-0.0154334738885811
-0.3128995086764951,-0.015663161712975437,-0.01566317896037187,-0.0154334738885811
-0.0298603019147651,-0.032817788652819146,-0.03281556033221016,-0.0154334738885811
-0.3299752510300991,-0.013995661866912812,-0.01399582816495856,-0.0154334738885811
-0.3599008884707331,-0.019217513264047525,-0.01921697423013362,-0.0154334738885811
-0.1667183872194733,-0.03653695089275466,-0.036534258113092154,-0.0154334738885811
0.5228543483872854,-0.04683302767354647,-0.04682896659596419,-0.0154334738885811
-0.2322349784890865,-0.024966737591512356,-0.024965520852972982,-0.0154334738885811
-0.3171445063083256,-0.01454868886883709,-0.014548868479257968,-0.0154334738885811
-0.2365214685789725,-0.03992142804153609,-0.039918323266933675,-0.0154334738885811
-0.1968163779474147,-0.017530248552736438,-0.017529978520926057,-0.0154334738885811
1.2496617775075292,0.010283639046477333,0.010280326441805794,-0.0154334738885811
-0.2678801916862922,0.005911039903168103,0.005908330554732532,-0.0154334738885811
1.078661782678241,-0.02206978632247214,-0.022069015951679025,-0.0154334738885811
0.4503063813410387,-0.021216121140435362,-0.02121531393756203,-0.0154334738885811
-0.2388833469605926,-0.035527331595028855,-0.035524778701265816,-0.0154334738885811
-0.2807971130517194,-0.037763091270932136,-0.03776017764426637,-0.0154334738885811
-0.3447848668283651,-0.01153513419170693,-0.011535653246280047,-0.0154334738885811
-0.3568112962093707,-0.03288580050895895,-0.03288350773204976,-0.0154334738885811
-0.3510725700875426,-0.03665275513356292,-0.03665004321677776,-0.0154334738885811
0.1423748914735594,-0.027400645147407587,-0.027399152115385468,-0.0154334738885811
-0.3344436695899208,-0.007913667097691146,-0.007914626442443083,-0.0154334738885811
1.747599999721252,0.020091377643620234,0.02008685096252926,-0.0154334738885811
-0.2969887468759873,-0.05567081883000746,-0.05566560742427016,-0.0154334738885811
0.6816906695512305,-0.0077573013665031,-0.007758329340382708,-0.0154334738885811
-0.2725624559914767,0.004255474070410159,0.004252891880899905,-0.0154334738885811
0.9482318366445908,0.012692348408934961,0.012688720701969422,-0.0154334738885811
-0.3567219278381743,0.0011532280107910964,0.001151097513232632,-0.0154334738885811
-0.347325481952378,-0.006438502393701029,-0.006439627195382137,-0.0154334738885811
-0.0955747802920275,-0.0108311511803727,-0.010831651890568362,-0.0154334738885811
0.1232181427620956,-0.014477709119590898,-0.014477777514790877,-0.0154334738885811
-0.1654353127472959,-0.008628749000999747,-0.008629497105020294,-0.0154334738885811
0.2060434724959321,-0.03343615305905878,-0.033433787641103274,-0.0154334738885811
-0.2988367571232279,0.005711810133496087,0.005709086701058812,-0.0154334738885811
-0.255825036757402,-0.035756214020873145,-0.035753611959712266,-0.0154334738885811
-0.3498277963458781,-0.03282816922074261,-0.032825950065919623,-0.0154334738885811
-0.3491894508373321,0.022396137236338376,0.022391278938977008,-0.0154334738885811
-0.1730571581193345,-0.04483715165381952,-0.04483335526687382,-0.0154334738885811
0.1184465100857146,0.007271985763470212,0.007269043332787438,-0.0154334738885811
0.5508138816615978,-0.005559360710487127,-0.005560569860257951,-0.0154334738885811
0.252042649841753,-0.03758812178609716,-0.03758532513201491,-0.0154334738885811
-0.2347021838796166,-0.04169735945141184,-0.04169394522972207,-0.0154334738885811
-0.3582794908790264,-0.01371315763792147,-0.013713353208601203,-0.0154334738885811
-0.3497320445195961,-0.03704727122587492,-0.03704443459353963,-0.0154334738885811
-0.3387588852276913,0.012836374662422045,0.012832734050420557,-0.0154334738885811
-0.1626489346024929,0.012131558530390052,0.012128061253690968,-0.0154334738885811
0.0376351604313405,-0.0067435129816448836,-0.0067445852757905475,-0.0154334738885811
-0.1130016126753318,-0.03222069662864868,-0.0322185953980218,-0.0154334738885811
-0.3644267581263238,0.016060654864563872,0.016056604052108563,-0.0154334738885811
-0.1960184460617322,-0.031365215127946655,-0.03136316432594412,-0.0154334738885811
-0.2236268893063444,-0.017488601895795597,-0.01748832716593695,-0.0154334738885811
-0.341491004004268,-0.043104397640467695,-0.04310085051915344,-0.0154334738885811
1.061490288498355,-0.0629077522646675,-0.06290162041108446,-0.0154334738885811
1.1730890420299005,-0.015847096384755233,-0.015847033141579345,-0.0154334738885811
3.9979306954503935,-0.01953888245327917,-0.019538327165498692,-0.0154334738885811
-0.3013135376963861,-0.0415836880374858,-0.04158035954521804,-0.0154334738885811
-0.0395293213327105,-0.02629532762064457,-0.026293990726478835,-0.0154334738885811
-0.364011833545769,-0.011491780644439231,-0.011492309145739,-0.0154334738885811
-0.2833760289062451,-0.027676459326135827,-0.027674895764821166,-0.0154334738885811
-0.0968642382192903,-0.0024221993248723095,-0.002423898917137138,-0.0154334738885811
0.4191710791617101,0.005266904157704033,0.005264223627304261,-0.0154334738885811
-0.3372523898275229,-0.03725509046425657,-0.03725232429934775,-0.0154334738885811
-0.3543600494565543,-0.010902367940381907,-0.01090295684384079,-0.0154334738885811
-0.1757094837073429,-0.02511077658701666,-0.02510959274812949,-0.0154334738885811
3.6532336960182095,-0.03150969902350553,-0.031507598202272676,-0.0154334738885811
-0.268885585862252,0.02318367014398426,0.023178712851368265,-0.0154334738885811
5.903583542112608,-0.03789851033210212,-0.037895586480852915,-0.0154334738885811
-0.338503547024273,-0.008983488384181726,-0.008984314259873019,-0.0154334738885811
0.2124907621322462,-0.02542364441715428,-0.02542243115820769,-0.0154334738885811
-0.3380567051682908,-0.007503758783864001,-0.007504687184964503,-0.0154334738885811
-0.1590518576618364,0.017994808696704112,0.017990457707088757,-0.0154334738885811
-0.2611360713885042,-0.005094843623760781,-0.005096201076610357,-0.0154334738885811
-0.2279676387644568,-0.009227703269459653,-0.009228499047350229,-0.0154334738885811
0.209362869140371,-0.020755010329031265,-0.02075435478185757,-0.0154334738885811
-0.33234989632189,0.017997969495191057,0.017993618092447955,-0.0154334738885811
-0.2480595636459405,-0.003561245500049992,-0.0035627511274268185,-0.0154334738885811
-0.2680429697909714,0.02003627948495179,0.020031720215735724,-0.0154334738885811
-0.3165699953506342,0.0007308157101260093,0.0007287779547944986,-0.0154334738885811
-0.3546409214803145,-0.01441018466695887,-0.014410315713798688,-0.0154334738885811
-0.2304699531579569,-0.046052715078527484,-0.04604873587256707,-0.0154334738885811
-0.3444337767986648,-0.02369458695990545,-0.0236935587306997,-0.0154334738885811
-0.3454535337485669,-0.022654410381324652,-0.022653529329208572,-0.0154334738885811
-0.2146645183663593,0.001630153569635695,0.0016279986769530217,-0.0154334738885811
0.3499265501221885,0.013711947760372212,0.013708218498258892,-0.0154334738885811
-0.2152007285935379,-0.06179023406755846,-0.0617842526950495,-0.0154334738885811
0.0912817169695419,-0.03705675362133576,-0.03705391574961724,-0.0154334738885811
-0.2917000543376841,-0.04306127696358253,-0.043057689639607384,-0.0154334738885811
-0.3635362661419022,-0.030473184590897873,-0.030471220884475465,-0.0154334738885811
-0.344325258062212,0.003427154321588688,0.003424747550670173,-0.0154334738885811
-0.3146230415495691,-0.03759912575010382,-0.03759626101427606,-0.0154334738885811
1.0079075665110084,-0.03650251539927396,-0.036499817396178656,-0.0154334738885811
-0.3584454607112483,0.006750760632284525,0.006747876041792713,-0.0154334738885811
0.1547409206651115,-0.03701979406700495,-0.03701706058098286,-0.0154334738885811
-0.3382099080903418,-0.03767377601811717,-0.03767097497917482,-0.0154334738885811
-0.3255068324702775,-0.004348137567070864,-0.004349480911516244,-0.0154334738885811
-0.1896988255271273,-0.028955375875050038,-0.028953696714638436,-0.0154334738885811
-0.2702261114301985,-0.024471702072235146,-0.024470566404940046,-0.0154334738885811
-0.3334223167762472,0.018467970149881552,0.01846363532127858,-0.0154334738885811
1.990844747480228,-0.04175364004038862,-0.04175029918149647,-0.0154334738885811
-0.2363682656569215,-0.026584941905312576,-0.026583504113597396,-0.0154334738885811
0.421628709369612,-0.019567950880309937,-0.0195674950493506,-0.0154334738885811
-0.3550494626057839,-0.03379681701322035,-0.033794482534524196,-0.0154334738885811
-0.3508874498900643,0.01746366044938874,0.017459485587293613,-0.0154334738885811
-0.2428410891135774,-0.007697452561471252,-0.0076984015763370515,-0.0154334738885811
1.4157720457413556,-0.029924322277357973,-0.02992248369208629,-0.0154334738885811
-0.3300518524911247,-0.03707029871371148,-0.03706746132177417,-0.0154334738885811
0.4667597368238104,0.009758373526256747,0.009755147704577529,-0.0154334738885811
-0.1934810226652621,-0.05116668098611754,-0.05116205828740575,-0.0154334738885811
-0.0336233486876434,-0.014548162625491301,-0.014548327584243907,-0.0154334738885811
1.1978600394890255,-0.024857851787377427,-0.02485660464860954,-0.0154334738885811
-0.1783043581995822,0.024163895932451496,0.024158787219822238,-0.0154334738885811
-0.3650331863594425,-0.023933561329078756,-0.023932516922475285,-0.0154334738885811
0.1232181427620956,0.026748584205954273,0.026743122468632155,-0.0154334738885811
-0.3077289100572729,0.012169488112233395,0.012165985878001407,-0.0154334738885811
-0.3068033090698812,0.009439060748112738,0.009435841328945717,-0.0154334738885811
3.106851433160935,-0.005439170602230092,-0.005440466205736506,-0.0154334738885811
3.337160109189228,0.0204278321208875,0.02042321172524418,-0.0154334738885811
0.1678448772645427,-0.003016463718669371,-0.0030179865791069016,-0.0154334738885811
0.1275397418549516,0.01768780503569367,0.01768357057458786,-0.0154334738885811
-0.3267101137538866,-0.018969994126724288,-0.018969545206387616,-0.0154334738885811
0.9760413587243948,-0.0325710452299095,-0.032568910091757414,-0.0154334738885811
-0.3396461854845702,0.014180330609486091,0.01417652682210266,-0.0154334738885811
-0.3439677845774262,-0.044208918462043556,-0.04420521062772065,-0.0154334738885811
-0.2420112399524677,0.0029145120283988746,0.002912111897225558,-0.0154334738885811
-0.2772159947487767,-0.011969374990481896,-0.011969757487035259,-0.0154334738885811
-0.3458221782797522,-0.0037325346497354417,-0.0037339954429529143,-0.0154334738885811
-0.1577177155489754,-0.030763037468421572,-0.030761051278369287,-0.0154334738885811
-0.323693931226007,-0.023645288786191543,-0.02364420372221129,-0.0154334738885811
-0.297394096273914,0.006062804043908798,0.006060103451402487,-0.0154334738885811
-0.3475935870659672,-0.038181386099534365,-0.03817835208998182,-0.0154334738885811
-0.2932065497378526,-0.014558811460016585,-0.01455886600268909,-0.0154334738885811
-0.2747902818163021,-0.05511146739298489,-0.05510630987153502,-0.0154334738885811
-0.0007804722729545,-0.0334937895063252,-0.0334914960260063,-0.0154334738885811
-0.3632490106630566,0.01297643920168845,0.012972864167222516,-0.0154334738885811
-0.2856900313747241,-0.008308759950297784,-0.008309704764844968,-0.0154334738885811
-0.3339649104585113,-0.03075039427447379,-0.030748409736932478,-0.0154334738885811
-0.2815631276619745,-0.013420934152550856,-0.013421258959969148,-0.0154334738885811
-0.3629904807320954,0.005554430935614363,0.005551692180713547,-0.0154334738885811
-0.1730188573888218,-0.03110194182582582,-0.031099920974908248,-0.0154334738885811
0.7777393264945964,-0.03496806835101829,-0.03496560254452294,-0.0154334738885811
-0.3435879689998414,-0.028836659531666697,-0.028834863753248924,-0.0154334738885811
-0.3626585410676516,0.034391691733421936,0.034385283262104126,-0.0154334738885811
-0.3446252804512286,-0.04481770732735768,-0.044813954771717485,-0.0154334738885811
1.5766590518515045,-0.020191561629564703,-0.02019095145318989,-0.0154334738885811
-0.3562112514313375,-0.007242509840569511,-0.007243523281712428,-0.0154334738885811
-0.3024944768871961,0.00205022710400371,0.0020480057438340294,-0.0154334738885811
0.249540335448253,-0.02442191912529701,-0.024420822667424652,-0.0154334738885811
-0.3434571081705895,-0.0025626906641740277,-0.0025642661981152646,-0.0154334738885811
-0.333613820428811,-0.03981981220988473,-0.03981665178450983,-0.0154334738885811
-0.3086034434039808,0.0029113512299119293,0.002908951511866353,-0.0154334738885811
-0.2039658476431293,-0.05295264624374951,-0.05294782846380013,-0.0154334738885811
-0.354870725863391,-0.014611562015238277,-0.014611710227233326,-0.0154334738885811
-0.2755371460613008,-0.036694167719391046,-0.036691362005756845,-0.0154334738885811
0.174253866170344,-0.03266779656170549,-0.03266560629987185,-0.0154334738885811
1.1670726356118546,0.0010530572198117483,0.001050992027834258,-0.0154334738885811
-0.3636368055594982,-0.0065581991146874685,-0.006559355009634352,-0.0154334738885811
0.1231223909358137,-0.037506743800642894,-0.03750392662699742,-0.0154334738885811
-0.1155422277993447,-0.0514789181721671,-0.051474223326539476,-0.0154334738885811
-0.3435592434519569,-0.02643417632331513,-0.026432774398430933,-0.0154334738885811
-0.1420463333141725,0.03646942076374593,0.036462733952642136,-0.0154334738885811
1.0921564067289025,-0.026043095922064552,-0.026041788519367823,-0.0154334738885811
-0.0886327728865904,0.010820423640968357,0.010816993142816792,-0.0154334738885811
-0.3622148909392121,-0.00949973383435676,-0.009500506632069666,-0.0154334738885811
-0.3545387861989471,-0.012462516293284764,-0.012462931563380375,-0.0154334738885811
4.10639836426252,-0.0033738950065025364,-0.0033754484102976427,-0.0154334738885811
-0.2948981653354994,-0.027051175651923387,-0.027049677697681053,-0.0154334738885811
-0.3098194915977609,0.011161900608344766,0.011158530046093346,-0.0154334738885811
-0.3028774841923237,-0.01779651378260283,-0.01779629395206517,-0.0154334738885811
-0.362275533762524,-0.00027558031664831617,-0.0002775351766151155,-0.0154334738885811
-0.3310604383946272,-0.025433126812615114,-0.0254319123142853,-0.0154334738885811
-0.3585731298129575,-0.0428260994862093,-0.04282257337179701,-0.0154334738885811
-0.3419123120399083,0.008168861498818458,0.008165904696054186,-0.0154334738885811
-0.190895723355651,0.024880480611466638,0.02487528145268273,-0.0154334738885811
-0.0876082283453741,-0.012617991181953059,-0.012618426467258284,-0.0154334738885811
-0.0763286632093672,-0.025988161331648385,-0.025986805332409824,-0.0154334738885811
-0.3446061300859722,0.007204966129405577,0.007202012589564025,-0.0154334738885811
0.6898966010635887,0.02396940912340284,0.023964332644466395,-0.0154334738885811
0.7807076331093351,-0.0023215897603936497,-0.0023232525835395583,-0.0154334738885811
-0.3453721446962273,-0.04369569011140406,-0.04369207427028035,-0.0154334738885811
0.3272652845688074,-0.036197153155404393,-0.036194538668324644,-0.0154334738885811
-0.1739125411007861,-0.038763192764394105,-0.038760154593611956,-0.0154334738885811
-0.3655183289459374,0.004576204890577529,0.0045736258204617155,-0.0154334738885811
1.5223757456685287,-0.001848549980193681,-0.0018502456893191629,-0.0154334738885811
-0.3625308719659424,-0.027135443215790644,-0.027133897616150548,-0.0154334738885811
-0.0735837775226197,0.04040232533890098,0.040395098225152734,-0.0154334738885811
-0.3091396536311595,-0.00880363643505433,-0.008804526636343972,-0.0154334738885811
-0.3148464624775602,-0.007754140568016155,-0.0077551689550235045,-0.0154334738885811
-0.1928905530698571,0.01906743450060766,0.019062943709778818,-0.0154334738885811
-0.1729709814756808,0.004130011116853183,0.004127521397571126,-0.0154334738885811
-0.268023819425715,0.026584844755142,0.02657938907659288,-0.0154334738885811
0.4647010725587497,-0.041477901600968536,-0.04147462235579299,-0.0154334738885811
-0.3488192104423754,-0.012197194928315724,-0.012197600573271508,-0.0154334738885811
-0.2678323157731512,0.003912798902300452,0.003910301135251442,-0.0154334738885811
-0.3108727616868617,-0.015019254749741862,-0.01501924507031601,-0.0154334738885811
-0.0633734411134273,-0.02896314222067531,-0.028961459549988203,-0.0154334738885811
-0.3508874498900643,0.0037307560930504025,0.003728276342731556,-0.0154334738885811
-0.1957950251337411,-0.03269818606316477,-0.03269597563616886,-0.0154334738885811
-0.3294645746232624,-0.002926395436766427,-0.0029280358594096067,-0.0154334738885811
0.8062478369062585,-0.029675082086548343,-0.029673246752174295,-0.0154334738885811
0.8247247476511209,-0.033519674737032545,-0.033517336831599506,-0.0154334738885811
0.397713094891938,0.02690270205852663,0.026897202461286185,-0.0154334738885811
-0.2698431041250709,0.0030521391585871527,0.0030497187937455605,-0.0154334738885811
-0.3072501509258634,-0.046032640753107756,-0.046028693885244595,-0.0154334738885811
1.3418133351212225,0.004394676621977567,0.0043922275708430675,-0.0154334738885811
-0.3449444532055016,0.005945125936172246,0.005942418280954412,-0.0154334738885811
3.650571795247573,-0.035803309523613436,-0.03580074054822829,-0.0154334738885811
0.397713094891938,-0.04547368549571473,-0.045469839149408275,-0.0154334738885811
-0.3475935870659672,-0.04821454341534981,-0.048210355270013945,-0.0154334738885811
-0.2445007874357969,-0.017153955908648655,-0.017153768669031767,-0.0154334738885811
-0.209200280813206,-0.05514050725970421,-0.055135416430121514,-0.0154334738885811
-0.3403164482685434,-0.01723487242639976,-0.01723465971244894,-0.0154334738885811
-0.3544206922798661,-0.0003811519578196254,-0.0003831007212414389,-0.0154334738885811
-0.3151496765941195,-0.03734949100902263,-0.03734674488902248,-0.0154334738885811
-0.3568112962093707,-0.02615657575453767,-0.026155201300983564,-0.0154334738885811
-0.3084885412124425,-0.029294186639752695,-0.02929237779115508,-0.0154334738885811
-0.3302305892335175,-0.03067571630322874,-0.030673750802783138,-0.0154334738885811
-0.0159475615560061,-0.03136488385438341,-0.0313627890524498,-0.0154334738885811
-0.3544079253696952,-0.015808558677415263,-0.01580850386493857,-0.0154334738885811
-0.3216767594190018,-0.015843935586268287,-0.01584387275622014,-0.0154334738885811
-0.3165699953506342,0.0054826874668716385,0.005480031616896605,-0.0154334738885811
-0.2149453903901196,-0.004380756876631864,-0.004382229450173808,-0.0154334738885811
-0.3296560782758261,-0.0646275041369897,-0.06462112194749195,-0.0154334738885811
-0.342199567518754,-0.039916832035689964,-0.03991371508234039,-0.0154334738885811
0.0938350990037256,0.0062236902853829434,0.006220866849948244,-0.0154334738885811
-0.2725560725363912,-0.015384411711556467,-0.015384472426558318,-0.0154334738885811
1.0894338631349538,-0.017399184017310887,-0.017398912240619582,-0.0154334738885811
1.2988111899380246,-0.009825481274422287,-0.009826163348444855,-0.0154334738885811
-0.2407345489353758,0.012494220618453511,0.012490669121975112,-0.0154334738885811
1.24911280037018,-0.05636802847087807,-0.05636269847945884,-0.0154334738885811
0.1449027396874014,-0.052660275508904064,-0.052655522003404384,-0.0154334738885811
-0.008734257309437,-0.03784796335281726,-0.03784502845764839,-0.0154334738885811
-0.0810683786103209,-0.07225463425683287,-0.0722472613848469,-0.0154334738885811
-0.3637054277016669,-0.016332054634432325,-0.016331971270495977,-0.0154334738885811
0.4142079428327653,-0.03368133372168991,-0.0336789150226298,-0.0154334738885811
-0.3392950954548699,-0.04706286358236156,-0.04705881114110341,-0.0154334738885811
-0.041363287978763,-0.012282016861428602,-0.01228249280946613,-0.0154334738885811
-0.1930501394469936,-0.008172369407677849,-0.008173277234559028,-0.0154334738885811
-0.3236556304954942,-0.02542605210998694,-0.02542475309231586,-0.0154334738885811
-0.3516311224075203,-0.021755067484308555,-0.02175425611355432,-0.0154334738885811
0.2444974059307399,-0.0030227853156432616,-0.003024307349825308,-0.0154334738885811
-0.3556367404736462,-0.030130055686022672,-0.030128080428412786,-0.0154334738885811
-0.3372523898275229,-0.05788982038206569,-0.05788438311592774,-0.0154334738885811
-0.3427421612010181,-0.01761283669711311,-0.0176125990691198,-0.0154334738885811
-0.3616116544336362,-0.02632718320493943,-0.0263258410407123,-0.0154334738885811
-0.2153283976952471,-0.040927216963345,-0.040924005171418844,-0.0154334738885811
-0.2718602759320762,-0.021716437231237506,-0.02171563579518487,-0.0154334738885811
0.7411046777591445,0.009114659123548918,0.009111473827607576,-0.0154334738885811
-0.3403802828193981,0.01248756563686193,0.012484047645879985,-0.0154334738885811
-0.3640884350067945,-0.009201511499062676,-0.009202289876059179,-0.0154334738885811
-0.0850420794010194,-0.0403243383723364,-0.040321153509929514,-0.0154334738885811
-0.3252259604465173,-0.039971453391896006,-0.039968277645348535,-0.0154334738885811
-0.3352416014756032,-0.031394351918724084,-0.03139222955877053,-0.0154334738885811
-0.2799800308007806,-0.020086709934142633,-0.02008608756791009,-0.0154334738885811
-0.1417271605598994,-0.053742463936501395,-0.05373747535764357,-0.0154334738885811
-0.360232828135177,-0.014826230917318384,-0.014826340257097503,-0.0154334738885811
-0.2840526751453037,-0.0019711431247682043,-0.001972890511629636,-0.0154334738885811
1.0104354147248502,0.005221732735460449,0.005219041947922618,-0.0154334738885811
-0.3110163894262845,-0.025131815342554376,-0.02513047520077638,-0.0154334738885811
7.451344787680993,0.00204654492176104,0.0020442338223027896,-0.0154334738885811
-0.3261451779788234,-0.017557199527280076,-0.017556886221851174,-0.0154334738885811
-0.3649757352636734,-0.026849637565454998,-0.026848189918616237,-0.0154334738885811
1.1598872589812843,-0.010655773539145486,-0.010656360945774834,-0.0154334738885811
-0.3479765943710948,0.006240640552661603,0.006237807614010023,-0.0154334738885811
1.4403962237335153,0.025840533029088064,0.02583525421507369,-0.0154334738885811
1.8910841114046677,-0.02545865132736047,-0.0254574137059108,-0.0154334738885811
-0.0794884734766697,-0.031254776897732484,-0.03125271665810283,-0.0154334738885811
0.4981822944819847,0.020508071221309265,0.02050346551287853,-0.0154334738885811
0.0732835653560889,-0.03778003783968842,-0.03777720119806452,-0.0154334738885811
1.0229980543330346,-0.010314148693439051,-0.010314767590901823,-0.0154334738885811
-0.1385481999273407,0.009567133334929423,0.0095639553293546,-0.0154334738885811
-0.2388705800504216,-0.05789298118055264,-0.05788754350128694,-0.0154334738885811
2.494671707010287,-0.0012534686903684644,-0.0012553157244952103,-0.0154334738885811
0.190196545246279,-0.056307313880369136,-0.05630199445325695,-0.0154334738885811
-0.2534376245554401,-0.03088022728954698,-0.030878307717369453,-0.0154334738885811
-0.1986037453713433,-0.014258272106159708,-0.014258425371186552,-0.0154334738885811
0.5177635429566315,-0.015709644859242644,-0.015709601204807015,-0.0154334738885811
0.4861654402836071,0.003915959700787397,0.003913461520610643,-0.0154334738885811
-0.3216767594190018,-0.031645878070985844,-0.031643827111931803,-0.0154334738885811
-0.3498916308967326,-0.05227136559492074,-0.05226663477752527,-0.0154334738885811
-0.3094843602057742,-0.03135086114103025,-0.03134878017968155,-0.0154334738885811
-0.3511300211833118,-0.024452820646700957,-0.024451646871182394,-0.0154334738885811
0.266239453951815,0.015359538922545823,0.015355575258441287,-0.0154334738885811
1.0028901708138374,0.005563913331075199,0.005561173336791155,-0.0154334738885811
-0.1900626824669986,0.005578827605550174,0.005576086414464011,-0.0154334738885811
-0.3319860393820188,-0.009583835486770553,-0.009584503594315976,-0.0154334738885811
-0.0619084381713143,0.007674840389180204,0.007671804150218583,-0.0154334738885811
-0.3317131466771155,0.007480087650977296,0.007477120116351673,-0.0154334738885811
0.0137067790434957,-0.009421676800068113,-0.009422516010227311,-0.0154334738885811
-0.2367768067823909,0.0008331806913712825,0.0008310806173000684,-0.0154334738885811
-0.2916872874275132,-0.030807496394546163,-0.03080548125795983,-0.0154334738885811
-0.347785090718531,-0.013416255151973644,-0.013416531756625374,-0.0154334738885811
0.2482700278862465,0.015256768345242477,0.015252798125448252,-0.0154334738885811
-0.3253791633685683,0.017460499650901795,0.017456325201934415,-0.0154334738885811
-0.2322349784890865,0.00015849767006059778,0.00015646387867222604,-0.0154334738885811
-0.2327073541654105,-0.012944298021738021,-0.01294455312967281,-0.0154334738885811
0.7461986749173412,0.0024263139714904014,0.002424002391857345,-0.0154334738885811
-0.3150379661301239,-0.030252472395039476,-0.030250541515107227,-0.0154334738885811
-0.3444337767986648,0.016008618688442056,0.016004588134977425,-0.0154334738885811
-0.3283474699833069,-0.0414362636462009,-0.04143297780650565,-0.0154334738885811
-0.0849303689370239,0.0005291388914283601,0.0005270635179894217,-0.0154334738885811
-0.3421038156924721,-0.05434399758065389,-0.05433898539213496,-0.0154334738885811
-0.2927916251572977,-0.05023050307270793,-0.05022601564438116,-0.0154334738885811
3.2136083360101595,0.007998031504579117,0.007995033519622096,-0.0154334738885811
-0.2869826810295296,-0.03968704919962107,-0.03968381871906559,-0.0154334738885811
-0.3269111925890786,-0.006727791673345251,-0.0067289510205120005,-0.0154334738885811
-0.3566102173741787,-0.01195989259502106,-0.011960276330957647,-0.0154334738885811
-0.3546153876599727,0.002457039357210533,0.0024547930097407657,-0.0154334738885811
-0.3637086194292097,0.013866822369635656,0.013863051355220276,-0.0154334738885811
-0.3525726820326256,-0.00972868057335674,-0.009729309911874439,-0.0154334738885811
-0.3269111925890786,-0.00424261978719187,-0.004244012235786689,-0.0154334738885811
-0.2986963211113477,0.015563216285642056,0.015559177007011591,-0.0154334738885811
-0.3309966038437726,-0.039382078980979784,-0.03937905774046077,-0.0154334738885811
0.2108948983608813,-0.01530161533405483,-0.015301672452472445,-0.0154334738885811
-0.2987601556622023,-0.04076235729444022,-0.040759097777056365,-0.0154334738885811
-0.3205596547790464,0.010598495257880813,0.010595196839150773,-0.0154334738885811
-0.0376385419363974,-0.03078806080593921,-0.030786144495157042,-0.0154334738885811
-0.3485032294156452,-0.015970180329420103,-0.015970123126861475,-0.0154334738885811
-0.0109812334995187,-0.00814170831630534,-0.008142698877909377,-0.0154334738885811
-0.3272686660738643,-0.006389877015880785,-0.006391074075427506,-0.0154334738885811
1.369236658168356,0.014883570291736703,0.014879699898472097,-0.0154334738885811
-0.3576954047387068,-0.042519469458394354,-0.042516041466610976,-0.0154334738885811
-0.3543345156362125,0.0052508822542289835,0.0052481852001594834,-0.0154334738885811
-0.3566740519250333,0.0013684520130947675,0.0013663005833143716,-0.0154334738885811
-0.2958876008737455,-0.0075145358942414475,-0.007515491666993581,-0.0154334738885811
0.9082873664473278,0.019543413121166253,0.019538896219905795,-0.0154334738885811
-0.3570411005924472,-0.007488315045909744,-0.00748929964326327,-0.0154334738885811
-0.2987441970244887,0.011183237218540754,0.01117984924385399,-0.0154334738885811
-0.3403164482685434,-0.03688420954962268,-0.036881479444672655,-0.0154334738885811
-0.1663034626389184,-0.03556569719171243,-0.035563149406178426,-0.0154334738885811
-0.3269111925890786,-0.027487431976107146,-0.027485864825115846,-0.0154334738885811
-0.1129696953999046,0.005081733016195855,0.005079168347191075,-0.0154334738885811
-0.3489213457237428,-0.04037607284667111,-0.040372808347543164,-0.0154334738885811
-0.3269111925890786,-0.0415746376491839,-0.041571294369422834,-0.0154334738885811
-0.3503512396628857,-0.0379515680379221,-0.03794868686951972,-0.0154334738885811
-0.3595625653512037,0.014701907934002278,0.014698072985174717,-0.0154334738885811
-0.1997783011070678,-0.024799217942454987,-0.024798037685692696,-0.0154334738885811
0.4574319130801827,-0.019364067984769306,-0.019363631888134447,-0.0154334738885811
-0.360232828135177,0.021098006670602132,0.02109326989734296,-0.0154334738885811
0.5565430326007977,0.00043919165368144775,0.0004371987242779412,-0.0154334738885811
-0.0551515509633554,0.027374710949747083,0.027369228111865707,-0.0154334738885811
-0.3623010675828658,0.005614317334782015,0.005611604294734578,-0.0154334738885811
-0.3237832995972035,-0.026506442214721204,-0.026505077609955977,-0.0154334738885811
-0.0901169261939597,-0.0011405677428566463,-0.0011423827646403328,-0.0154334738885811
-0.2115462005571124,0.0033792339242051384,0.0033768510156328858,-0.0154334738885811
-0.1339712626310662,0.00026325062486165507,0.00026121764897671894,-0.0154334738885811
2.113190047648144,-0.025024213525552952,-0.025022976366139107,-0.0154334738885811
0.5321023789423449,-0.029447011903931397,-0.029445280044939574,-0.0154334738885811
-0.0621573929196472,0.029122131490588288,0.02911637640896471,-0.0154334738885811
-0.3462913622285335,-0.04829059041492911,-0.0482863299429578,-0.0154334738885811
-0.3544398426451225,-0.05525344041692648,-0.05524831577168478,-0.0154334738885811
-0.1339712626310662,0.013398039558785158,0.01339430826308848,-0.0154334738885811
-0.2898871530934137,0.0017347219148682314,0.0017325030635618032,-0.0154334738885811
-0.3565304241856105,0.0008913121521505474,0.0008892338162067946,-0.0154334738885811
0.1477784862034009,-0.028103224343427158,-0.028101590093796345,-0.0154334738885811
-0.2711836296930174,0.013708786961885266,0.013705058112899687,-0.0154334738885811
-0.2087215216817965,0.023429449949089687,0.02342438904425393,-0.0154334738885811
0.3491733024221042,-0.03221120269352795,-0.03220912816941156,-0.0154334738885811
-0.1910712683705011,0.030794675854998843,0.030788717325617256,-0.0154334738885811
-0.3259057984131187,0.008227044469444778,0.008224014456187265,-0.0154334738885811
0.1757858953908543,-0.018724452734101504,-0.018724097883598485,-0.0154334738885811
-0.3044733479636886,0.007785794255710243,0.007782788782563282,-0.0154334738885811
1.2642447806502617,-0.018020532041477466,-0.018020136883678553,-0.0154334738885811
0.2253374654917334,-0.03621628041252123,-0.036213624747663785,-0.0154334738885811
-0.1911829788344967,0.02514853207579293,0.025143280536517938,-0.0154334738885811
-0.3378907353360689,-0.01314209902533392,-0.013142440932779194,-0.0154334738885811
0.4459975491583535,-0.043243393732742774,-0.04323985827044091,-0.0154334738885811
-0.2930788806361434,-0.039920576083222414,-0.039917484504302395,-0.0154334738885811
1.6863188309008414,-0.0404044770984644,-0.040401217008772965,-0.0154334738885811
-0.2611137292957051,0.011569956228242972,0.011566447117522067,-0.0154334738885811
-0.3044573893259749,0.0034275583807623633,0.003425155242895212,-0.0154334738885811
-0.0926128571323744,0.023491323011814558,0.023486305701694944,-0.0154334738885811
-0.0814992618285894,0.01958292420287755,0.019578428900734537,-0.0154334738885811
-0.1743210822262555,-0.012100346908132664,-0.012100815998118231,-0.0154334738885811
-0.2471818385716898,-0.02450928637193961,-0.024508192290520807,-0.0154334738885811
-0.3214533384910107,-0.0026658907725209957,-0.002667441063892514,-0.0154334738885811
-0.3549983949651003,-0.03881504758613197,-0.038812040649282634,-0.0154334738885811
-0.2265632786456557,-0.013292218969217728,-0.013292545785430054,-0.0154334738885811
-0.2550175296890913,-0.008777073541024194,-0.008777916527693014,-0.0154334738885811
-0.343061333955291,0.003353947536309576,0.0033515679327592637,-0.0154334738885811
-0.1002666197798402,-0.04469260745546144,-0.04468888865515174,-0.0154334738885811
-0.351730065961345,-0.020063316389080654,-0.020062703484934177,-0.0154334738885811
-0.2993729673504064,-0.04821138261686286,-0.04820719488465474,-0.0154334738885811
-0.2881125525796559,0.01069399728113929,0.010690620006100974,-0.0154334738885811
-0.3361033679121402,-0.03413585539413155,-0.034133450756690026,-0.0154334738885811
-0.3584454607112483,-0.008841891630741117,-0.008842744801338821,-0.0154334738885811
-0.3628819619956427,-0.04541628884077831,-0.04541235593291613,-0.0154334738885811
-0.2584645954352395,-0.034003210658624994,-0.03400081949047762,-0.0154334738885811
-0.2556718338353509,-0.015800084913195178,-0.015800089681324847,-0.0154334738885811
-0.351883268883396,-0.035853382707998094,-0.03585079473345004,-0.0154334738885811
-0.3134421023587591,-0.031718195095782775,-0.03171607505411271,-0.0154334738885811
-0.3485032294156452,0.003363429931770412,0.0033610490888368715,-0.0154334738885811
0.9027098225664076,-0.022064779599482165,-0.022063892289432594,-0.0154334738885811
-0.3475935870659672,-0.04466418610809697,-0.04466040992861284,-0.0154334738885811
-0.3600413244826132,-0.028256448939879775,-0.028254885120998784,-0.0154334738885811
-0.2949939171617812,-0.01672059630894296,-0.01672047213930732,-0.0154334738885811
-0.3121526444314963,-0.028322310704336218,-0.028320692285154547,-0.0154334738885811
-0.3453721446962273,-0.022074798723565436,-0.022073964089593417,-0.0154334738885811
-0.0365820801197539,-0.021649605079542056,-0.021648709446843762,-0.0154334738885811
0.5879097350269742,-0.03886728030319908,-0.03886426688152002,-0.0154334738885811
-0.0619339719916561,-0.003727886237133049,-0.0037293511550678636,-0.0154334738885811
-0.2973238782679739,-0.01313313558557816,-0.013133494935253127,-0.0154334738885811
-0.2882912893220488,-0.014719689902841893,-0.014719843919723538,-0.0154334738885811
-0.3574400665352885,-0.003140883771401093,-0.003142434804081466,-0.0154334738885811
1.3742955463235829,0.02744961476584251,0.02744405899063633,-0.0154334738885811
-0.2953769244669088,-0.0022670808136560083,-0.0022687527533106436,-0.0154334738885811
-0.3550494626057839,-0.013935032776373646,-0.01393519467774812,-0.0154334738885811
-0.286144852549563,-0.007638290393524372,-0.007639193727645042,-0.0154334738885811
-0.3104418784685931,-0.031639556474011954,-0.031637506341213394,-0.0154334738885811
0.3312996281828178,-0.039523390683477544,-0.039520230769614015,-0.0154334738885811
-0.1098418024080294,-0.0178300844019752,-0.017829718550177096,-0.0154334738885811
-0.3650156318579575,0.007192243289422251,0.007189366233938456,-0.0154334738885811
0.920782979777115,-0.013917890528906796,-0.013918121807439846,-0.0154334738885811
-0.2343510938499163,0.02767934524572979,0.02767375802328253,-0.0154334738885811
-0.2433134647899014,-0.040395070547349476,-0.04039178291747352,-0.0154334738885811
-0.2166848819009072,-0.014558129140983311,-0.01455828341705822,-0.0154334738885811
-0.2663960383789228,-0.005789843606098799,-0.005791066081270188,-0.0154334738885811
-0.3439550176672553,0.017232310424763142,0.0172281447058934,-0.0154334738885811
-0.3364863752172677,-0.04413271205129554,-0.04412900687569151,-0.0154334738885811
-0.2995644710029703,0.002561006984485914,0.00255870112168991,-0.0154334738885811
-0.351730065961345,-0.00042050545521732374,-0.0004224725939716272,-0.0154334738885811
-0.1700697011393395,-0.003936774211044991,-0.0039382113186657835,-0.0154334738885811
-0.1387014028493917,-0.017215998682290845,-0.01721583137536719,-0.0154334738885811
-0.3103652770075676,-0.01627875721553096,-0.016278729523164222,-0.0154334738885811
-0.0518608798668011,-0.011835022495775505,-0.011835457476156188,-0.0154334738885811
0.0028421384880437,-0.020604513481268683,-0.02060379557860791,-0.0154334738885811
0.1640658718539507,-0.036133428800669165,-0.03613078560556145,-0.0154334738885811
-0.314128323780446,-0.01721274181580057,-0.017212517833689135,-0.0154334738885811
-0.3609988427454321,0.02583737223060112,0.025832093829714485,-0.0154334738885811
-0.2840782089656456,-0.030168961695588692,-0.030167048115091688,-0.0154334738885811
-0.2533993238249274,-0.021905512780973524,-0.02190464410328808,-0.0154334738885811
-0.341561222010208,-0.02392293427617176,-0.02392178946400194,-0.0154334738885811
-0.3468275724557121,-0.033255266345381784,-0.03325296404097813,-0.0154334738885811
-0.3305880627183032,-6.313474341901326e-05,-6.50828888375081e-05,-0.0154334738885811
-0.1867783948255296,0.0083898067179895,0.008386777180271495,-0.0154334738885811
-0.2550494469645187,0.005928914085549408,0.005926158098167775,-0.0154334738885811
-0.2467988312665623,-0.03870202592881711,-0.038699103850462054,-0.0154334738885811
-0.1864751807089703,0.013834103580828483,0.013830338595393876,-0.0154334738885811
-0.3181020245711445,-0.05793120154303466,-0.057925752413947616,-0.0154334738885811
0.0706791156812214,-0.014976242553505159,-0.014976346232285779,-0.0154334738885811
-0.3473542075002625,-0.04865991959919924,-0.04865560021305219,-0.0154334738885811
-0.2153283976952471,-0.044628977334227216,-0.04462526709401955,-0.0154334738885811
-0.3541525871662768,-0.024896350978698578,-0.02489504301986555,-0.0154334738885811
-0.3614456846014143,-0.024347097518266025,-0.02434604020545367,-0.0154334738885811
0.9713399440539536,-0.03600355898519858,-0.03600094227806753,-0.0154334738885811
-0.250003325719463,-0.01680437269835444,-0.016804203177209254,-0.0154334738885811
-0.3630032476422664,-0.01679805110138055,-0.016797882406490848,-0.0154334738885811
-0.2835547656486379,-0.0007195338362109283,-0.000721475315607012,-0.0154334738885811
0.6810108315846292,-0.05519440134204601,-0.055189264982927935,-0.0154334738885811
1.0091587237077584,-0.02667118924962253,-0.0266697819516403,-0.0154334738885811
-0.2689494204131066,-0.027679620124622772,-0.027678056150180368,-0.0154334738885811
-0.0155517873407077,-0.014536339164866519,-0.014536422940511289,-0.0154334738885811
-0.351730065961345,-0.011787077728172335,-0.011787567837610525,-0.0154334738885811
-0.2406707143845212,-0.005554452518824249,-0.005555705803001807,-0.0154334738885811
0.0497764920038844,-0.019898053953141925,-0.01989747808525794,-0.0154334738885811
-0.3541813127141614,-0.011801767232409333,-0.011802254520489093,-0.0154334738885811
1.7382003621079132,0.001403840709279791,0.0014016426243216393,-0.0154334738885811
-0.2958876008737455,-0.03132017642117901,-0.031318157483539825,-0.0154334738885811
-0.3434124239849913,-0.04933037117771555,-0.049326026842153384,-0.0154334738885811
-0.2407664662108031,-0.043978168596517264,-0.04397450229642795,-0.0154334738885811
1.541749531852898,0.00903140920575396,0.009028303408416578,-0.0154334738885811
-0.3144155792592917,-0.011905323226418574,-0.011905782996994333,-0.0154334738885811
-0.3593582947884691,-0.017609675898626165,-0.017609438683760595,-0.0154334738885811
-0.3367417134206862,-0.037621924895500314,-0.03761911766134945,-0.0154334738885811
-0.3390142234311097,0.010311743759963576,0.010308490939024773,-0.0154334738885811
-0.3414319570447275,-0.0633663409089511,-0.06336011730930263,-0.0154334738885811
-0.3432209203324275,-0.03369811448836302,-0.03369578485842034,-0.0154334738885811
-0.0083001823636257,-0.02492904302124188,-0.024927862764920858,-0.0154334738885811
-0.3032668749525367,-0.0362722339027588,-0.03626962239193783,-0.0154334738885811
-0.3186765355288359,-0.028363799101072118,-0.02836220832391066,-0.0154334738885811
-0.3429974994044364,0.012131207645495579,0.012127632925863994,-0.0154334738885811
1.2276197070974375,-0.04336220207309616,-0.04335865070727747,-0.0154334738885811
-0.2100684307048285,0.007486095961715122,0.007483170578368942,-0.0154334738885811
-0.2307125244512044,-0.03678093961039863,-0.036778204394197864,-0.0154334738885811
-0.3638394802584616,-0.036386483771343237,-0.036383818581742396,-0.0154334738885811
-0.3599886609781582,-0.012206778860178957,-0.012207181995750079,-0.0154334738885811
-0.3201702640188333,-0.054708035445841574,-0.054702931826411914,-0.0154334738885811
-0.2479733870022868,-0.0174675350855793,-0.01746727437266213,-0.0154334738885811
-0.1104354637309771,-0.05250508063348214,-0.05250028636343086,-0.0154334738885811
-0.0309550644619213,-0.0181203158465717,-0.018119957369373278,-0.0154334738885811
-0.2693962622690888,-0.03883271034828972,-0.03882966438466737,-0.0154334738885811
-0.3410058614177731,0.02652089851141426,0.02651550044094121,-0.0154334738885811
-0.2876912445440156,0.00677331038895268,0.0067704145857886925,-0.0154334738885811
-0.2419793226770404,-0.028656618242973053,-0.028654889624305575,-0.0154334738885811
-0.3396461854845702,0.01697111550252295,0.01696698723789162,-0.0154334738885811
-0.3447210322775105,-0.019976509516268948,-0.019975930947474515,-0.0154334738885811
-0.3628117439897026,0.001738008447873085,0.0017358079825556833,-0.0154334738885811
0.7785755591107916,-0.022651249582837707,-0.02265036894384937,-0.0154334738885811
0.8163911470370535,-0.020455426612942418,-0.020454789969093945,-0.0154334738885811
-0.1146485440873804,-0.017660883182131215,-0.01766063431163162,-0.0154334738885811
-0.3500576007289546,-0.016540462161634295,-0.016540402836446838,-0.0154334738885811
-0.2983771483570747,0.01902602439048806,0.019021616312697102,-0.0154334738885811
-0.2608041317240603,0.009270353865483472,0.009267200540668664,-0.0154334738885811
-0.1339074280802116,-0.0164272403934298,-0.01642710613874169,-0.0154334738885811
-0.2630447244590566,-0.027170356086907432,-0.027168903553651896,-0.0154334738885811
-0.3056159864239858,-0.012909349643178913,-0.012909745243227438,-0.0154334738885811
-0.0491670618207372,-0.055188079745072116,-0.05518294421220953,-0.0154334738885811
-0.2926958733310158,-0.03591104637763998,-0.03590841321687367,-0.0154334738885811
-0.350466141854424,-0.0287135492320445,-0.028711828756472775,-0.0154334738885811
-0.2392025197148655,0.01078307281468227,0.010779738840914597,-0.0154334738885811
-0.3155486425369607,-0.029431812226224707,-0.029430018236913214,-0.0154334738885811
-0.281333323278898,-0.022537647511084558,-0.022536724290175343,-0.0154334738885811
-0.1991463390536073,0.01600320800782029,0.01599917419049522,-0.0154334738885811
0.773787967796697,-0.03176547124748552,-0.03176339886761114,-0.0154334738885811
0.621079763514793,-0.03748527606015273,-0.037482371585685216,-0.0154334738885811
-0.0408430363892981,-0.027513608016343838,-0.02751199284651642,-0.0154334738885811
-0.3284432218095888,-0.03765207513172797,-0.03764923076870472,-0.0154334738885811
-0.0794884734766697,-0.030169096120285843,-0.030167168911891765,-0.0154334738885811
-0.3453721446962273,-0.0366478591289674,-0.036645163668332384,-0.0154334738885811
-0.3101865402651748,0.0016251393338517772,0.0016229442123699579,-0.0154334738885811
-0.3423336200755487,-0.0012153604205593638,-0.0012171894983121628,-0.0154334738885811
-0.3301284539521502,0.00688656375227481,0.006883744297950011,-0.0154334738885811
-0.0724411390623224,0.013021548959859075,0.013017844227735173,-0.0154334738885811
-0.3435241344489869,-0.033432566009919285,-0.03343030640382474,-0.0154334738885811
0.3072212356004646,-0.03621324289470529,-0.0362105498595631,-0.0154334738885811
-0.3186765355288359,-0.01954809927785739,-0.0195476176794864,-0.0154334738885811
-0.090691437151651,-0.008284214475818175,-0.008285058526919045,-0.0154334738885811
-0.0635936703138756,-0.0372373731281872,-0.03723458820379273,-0.0154334738885811
-0.0123089921572942,-0.013655022466444677,-0.013655253812369268,-0.0154334738885811
-0.313218681430768,-0.009429381671701265,-0.009430143120967752,-0.0154334738885811
-0.3205596547790464,-0.03594496278476278,-0.035942354319959215,-0.0154334738885811
-0.366373711927389,-0.03663695114112819,-0.03663424128998175,-0.0154334738885811
0.4933627858924626,-0.012535365135523335,-0.012535777407501161,-0.0154334738885811
-0.2457519446325469,-0.008850439043627034,-0.008851308047691065,-0.0154334738885811
-0.237000227710382,0.01776879621379024,0.01776450573307497,-0.0154334738885811
-0.0007804722729545,-0.0399583666323462,-0.039955149509365684,-0.0154334738885811
-0.2726199070872458,0.03345844418357835,0.03345213290623408,-0.0154334738885811
-0.2869348051163887,0.002452942929778601,0.002450614107409722,-0.0154334738885811
-0.112988845765161,-0.03806355365237124,-0.03806062257596348,-0.0154334738885811
-0.346923324281994,-0.03281042469509465,-0.03280819648595865,-0.0154334738885811
-0.3534408319242481,-0.03358857648759361,-0.033586285303127836,-0.0154334738885811
-0.3434571081705895,0.0004664168230377186,0.00046435844643130837,-0.0154334738885811
-0.1436804978160501,-0.05513589180680256,-0.055130752199243925,-0.0154334738885811
0.1745028209186769,-0.017256198488395214,-0.0172559648911005,-0.0154334738885811
-0.1253216809902686,0.020186314071272804,0.02018173295446664,-0.0154334738885811
-0.2917128212478551,-0.03634744800268308,-0.03634470387618828,-0.0154334738885811
-0.3066756399681721,-0.039306988196200265,-0.03930380939750165,-0.0154334738885811
-0.2632841040247613,-0.042672805264640346,-0.04266932016552055,-0.0154334738885811
-0.3418484774890537,0.02675806660141511,0.026752603624709763,-0.0154334738885811
1.4190659085654524,-0.05062965260464658,-0.05062506468923213,-0.0154334738885811
-0.2964621118314369,-0.014842550115979236,-0.014842567722310972,-0.0154334738885811
-0.3647491226081396,-0.025717607923441577,-0.025716336999572563,-0.0154334738885811
-0.3632490106630566,0.0029502201193984945,0.0029478294926495816,-0.0154334738885811
-0.2599168314671815,0.011803707094344418,0.011800158094266862,-0.0154334738885811
-0.3109525548754299,-0.005428474224279611,-0.005429700446639568,-0.0154334738885811
-0.3075054891292818,-0.020509847737113063,-0.020509236206813327,-0.0154334738885811
-0.2918341068944788,-0.018864446762679066,-0.018864091165999644,-0.0154334738885811
-0.3134261437210454,-0.0031783018308715327,-0.003179913372056706,-0.0154334738885811
-0.3207830757070375,-0.031730838289730556,-0.03172871659554952,-0.0154334738885811
-0.3342840832127842,0.011832121557535658,0.011828619913016243,-0.0154334738885811
-0.3473382488625489,0.026754905802928164,0.026749443239350558,-0.0154334738885811
-0.3547941244023655,-0.05280064403745577,-0.052795878399260525,-0.0154334738885811
-0.3372523898275229,-0.009844900906854193,-0.009845692576766558,-0.0154334738885811
-0.2688377099491111,0.008001192303066063,0.0079981939049813,-0.0154334738885811
-0.1572644902379078,-0.013492995386352291,-0.013493190818500412,-0.0154334738885811
-0.3622148909392121,-0.01807066603530849,-0.018070339399569455,-0.0154334738885811
-0.0185137105003608,-0.03559739958282826,-0.03559479079856262,-0.0154334738885811
-0.2655023546669585,-0.05325637367913316,-0.05325150974663386,-0.0154334738885811
0.0664373097769336,-0.013100166076497999,-0.013100426216653957,-0.0154334738885811
0.1711898077293235,-0.04014418585300916,-0.04014098872787821,-0.0154334738885811
-0.3262473132601908,0.0022427906052424618,0.002240587541198732,-0.0154334738885811
0.0615858839119844,-0.014134414733952383,-0.01413463705617266,-0.0154334738885811
1.9438433676859896,0.021927828058389665,0.02192300923427945,-0.0154334738885811
-0.2287974879255666,0.005629183242986002,0.005626490211005737,-0.0154334738885811
-0.261847826630533,-0.02916591641673172,-0.02916416990963859,-0.0154334738885811
-0.3444337767986648,-0.011618943593223463,-0.011619481435692407,-0.0154334738885811
-0.3597540690037675,-0.0023415513028002266,-0.0023431437658986004,-0.0154334738885811
-0.0133814126116515,-0.01228189292818982,-0.012282278005892532,-0.0154334738885811
0.1377053940785458,-0.03263787710567456,-0.032635717408879154,-0.0154334738885811
-0.2646086709549942,-0.00582169955650258,-0.0058229932676067565,-0.0154334738885811
-0.3515577126740375,-0.02018751135003427,-0.020186927481832376,-0.0154334738885811
-0.2581486144085093,0.01213498871795693,0.012131488014781868,-0.0154334738885811
-0.033131822646063,-0.04411118794364555,-0.04410753247181071,-0.0154334738885811
-0.3510789535426281,-0.04506101669638696,-0.04505722874679939,-0.0154334738885811
6.679336113100611,0.0061007260062613256,0.0060979352208057214,-0.0154334738885811
0.1608103097603664,0.0002297529318582292,0.00022770831059802828,-0.0154334738885811
-0.3188361219059724,0.03657147266514116,0.036564779285500934,-0.0154334738885811
-0.340428158732539,-0.03854854282191411,-0.03854557641208831,-0.0154334738885811
0.5968258259175896,-0.03862983848769552,-0.038626788533622454,-0.0154334738885811
-0.2534120907350983,-0.037258251262743514,-0.037255484684706956,-0.0154334738885811
-0.3617409193991168,0.010221002251254774,0.010217671259296053,-0.0154334738885811
0.1592974309051125,0.004442869792850246,0.004440321058674717,-0.0154334738885811
-0.2550015710513776,-0.017964220120106233,-0.017963844066784126,-0.0154334738885811
0.7761498461783171,0.00404691643579369,0.004044415492160997,-0.0154334738885811
-0.1770388382288899,-0.016428022717956736,-0.016427906793749687,-0.0154334738885811
0.6638329539496577,-0.039683888401134126,-0.03968065833370638,-0.0154334738885811
1.1637277051470738,-0.04444985526449585,-0.0444461074549987,-0.0154334738885811
-0.1883008488634117,-0.032470079471858426,-0.03246795221329947,-0.0154334738885811
2.8233877266360223,-0.011949983260434394,-0.01195044397216384,-0.0154334738885811
-0.2813014060034707,-0.02074449876352169,-0.020743816099542747,-0.0154334738885811
-0.3446891150020832,-0.022233836394962125,-0.02223294486727493,-0.0154334738885811
1.168757867754416,-0.06297154979568198,-0.06296539669496899,-0.0154334738885811
-0.2543759924530027,-0.01837713753156045,-0.018376722527214027,-0.0154334738885811
-0.3269111925890786,-0.0438161419749985,-0.04381252680050137,-0.0154334738885811
-0.3444337767986648,-0.003096498580013929,-0.003098051142019189,-0.0154334738885811
-0.32762613955865,-0.020402675941518567,-0.02040197683383469,-0.0154334738885811
-0.2869507637541023,-0.050585870334526106,-0.050581357403386706,-0.0154334738885811
1.4157720457413556,0.025115329735527325,0.02511012080954351,-0.0154334738885811
0.6980163559322932,-0.012337122708114379,-0.012337597852693727,-0.0154334738885811
-0.0788660866058374,-0.03638684743748577,-0.03638415711474363,-0.0154334738885811
-0.0616147992373832,-0.051959581027073654,-0.051954877671922944,-0.0154334738885811
-0.1455253163357478,-0.042305667726791896,-0.042302228639798684,-0.0154334738885811
1.306104287373162,0.0003705678571144233,0.00036850342423724695,-0.0154334738885811
-0.0938512474189535,-0.05521855682990129,-0.05521337532039141,-0.0154334738885811
-0.3474978352396853,-0.04166747721306763,-0.0416641150855899,-0.0154334738885811
-0.3573475064365493,-0.04176734725987252,-0.04176395487429238,-0.0154334738885811
-0.2985367347342113,-0.04350288441517769,-0.04349933102328473,-0.0154334738885811
-0.2324041400488512,-0.00404253810792099,-0.004043914917701504,-0.0154334738885811
-0.3605647677996209,-0.0080207334127671,-0.008021676919627388,-0.0154334738885811
-0.0212713630972793,-0.003872467477966879,-0.003873919247008674,-0.0154334738885811
-0.3294964918986897,0.02421425216694395,0.024209194797808954,-0.0154334738885811
-0.3411079966991404,-0.011292857286731461,-0.011293381122538679,-0.0154334738885811
-0.2065511469527403,-0.03837983950798218,-0.03837693025166579,-0.0154334738885811
-0.3401632453464924,-0.00903268845789107,-0.009033503590469625,-0.0154334738885811
-0.360232828135177,-0.02917223801370561,-0.029170490680356997,-0.0154334738885811
-0.1800278910726563,0.0019226707144301969,0.0019205030338161292,-0.0154334738885811
-0.3525726820326256,-0.028705142825270258,-0.02870348992315906,-0.0154334738885811
2.032732979751013,-0.014393681176947837,-0.014393886084184473,-0.0154334738885811
1.0711133470396854,0.0319110369473492,0.031904897538045866,-0.0154334738885811
-0.0465753790560407,-0.031358459886392964,-0.031356381769874125,-0.0154334738885811
4.314514958686212,0.014205259713094165,0.01420146168165856,-0.0154334738885811
0.8668268256672689,0.021999153286039075,0.0219943210758932,-0.0154334738885811
-0.0587582030866401,0.0031011312548621106,0.0030987522758502573,-0.0154334738885811
-0.3304859274369359,-0.02481917847855364,-0.024818020641921595,-0.0154334738885811
-0.1104354637309771,-0.010932532904606163,-0.010933149134355204,-0.0154334738885811
-0.3252514942668591,-0.0272775217014658,-0.02727602787036363,-0.0154334738885811
-0.3460998585759697,-0.01815850901579097,-0.018158103228800494,-0.0154334738885811
-0.2761148487465349,-0.013103326874984944,-0.013103586602013158,-0.0154334738885811
-0.3229534504360937,0.007174463012608712,0.007171558987802718,-0.0154334738885811
-0.3654927951255956,-0.04650593188758734,-0.04650194562065182,-0.0154334738885811
-0.2521864673586901,-0.03204074100338161,-0.03203863510491659,-0.0154334738885811
-0.2803375042855663,-0.00028500208736126353,-0.0002869589084162818,-0.0154334738885811
-0.3626585410676516,-0.00395312438443618,-0.003954536587615435,-0.0154334738885811
-0.1606349545230304,0.0036883329578962787,0.0036857941854751917,-0.0154334738885811
-0.312510117916282,0.02416073513396455,0.024155626834463033,-0.0154334738885811
-0.3014731240735226,-0.0058724279865511875,-0.005873667692224081,-0.0154334738885811
-0.3627096087083353,-0.014745552058148093,-0.014745688494364646,-0.0154334738885811
-0.2958876008737455,-0.014163399267058452,-0.01416355359425324,-0.0154334738885811
0.1219223013797473,-0.01777938262861234,-0.017779090827028818,-0.0154334738885811
0.0371659764825592,-0.012016481761289555,-0.012016928341489784,-0.0154334738885811
-0.3205197581847623,-0.020277153564334682,-0.02027655267193406,-0.0154334738885811
0.2108948983608813,-0.01114285561635775,-0.01114332311319587,-0.0154334738885811
0.9788181616865697,0.0040904908232306525,0.00408803034030914,-0.0154334738885811
-0.2679759435125741,-0.02075184953054432,-0.02075119439649837,-0.0154334738885811
-0.3634309391329922,-0.021371898439998205,-0.02137115012626298,-0.0154334738885811
-0.3527514187750185,-0.02332156165726751,-0.023320536656934378,-0.0154334738885811
-0.3525726820326256,0.011568128282414492,0.011564681331790042,-0.0154334738885811
-0.361956361008251,-0.04348422584490841,-0.043480636146330735,-0.0154334738885811
-0.3500927097319246,-0.03788713879480454,-0.03788426099207752,-0.0154334738885811
-0.3530275032074646,0.0018553993288072945,0.0018531810923458365,-0.0154334738885811
-0.3621670150260712,0.007268824964983267,0.007265882947428236,-0.0154334738885811
-0.3549345604142456,-0.05184843448259535,-0.051843767842220445,-0.0154334738885811
-0.084244147515337,-0.03249186329067477,-0.03248963591845533,-0.0154334738885811
-0.3562112514313375,-0.015428486498381133,-0.01542837667581967,-0.0154334738885811
0.2205498741776388,-0.005214247030611574,-0.005215561128245071,-0.0154334738885811
-0.3533961477386499,-0.04084142293459614,-0.04083818772987344,-0.0154334738885811
-0.3434571081705895,-0.007652490155976466,-0.007653433712584217,-0.0154334738885811
-0.3636798938813251,-0.017408666412771723,-0.01740839339669719,-0.0154334738885811
-0.3604115648775698,0.005641307745388957,0.005638529200404018,-0.0154334738885811
-0.1022135735809054,-0.023661171704214112,-0.02366004314369624,-0.0154334738885811
-0.1433070656935507,-0.03776739464574064,-0.03776455965662771,-0.0154334738885811
-0.3653651260238864,-0.04026474149531367,-0.040261542939240676,-0.0154334738885811
-0.2482989432116452,-0.028523529274226078,-0.028521764100905476,-0.0154334738885811
2.504269231731276,-0.0030991613613498004,-0.0031007645091408707,-0.0154334738885811
-0.3480531958321203,0.014205638611825222,0.01420187255342476,-0.0154334738885811
-0.3212426844731906,-0.05019943116740677,-0.05019490841452522,-0.0154334738885811
-0.3434571081705895,-0.0023953482355132394,-0.0023969954955345343,-0.0154334738885811
1.4253472283695447,-0.007710095755419033,-0.007711043117773864,-0.0154334738885811
-0.3494703228610923,-0.043181438718923104,-0.04317788333110029,-0.0154334738885811
-0.1691249497866915,-0.0462803859379477,-0.046276416590533935,-0.0154334738885811
0.5892183433194934,-0.029217740534699388,-0.029216030994736367,-0.0154334738885811
-0.2974579308247686,-0.012213100457152848,-0.012213502766468485,-0.0154334738885811
-0.1282836041499218,-0.019119469571696968,-0.019119018762124414,-0.0154334738885811
-0.3470829106591305,-0.0014828925436649598,-0.0014847072637865135,-0.0154334738885811
4.323451795805855,-0.009566459129191074,-0.009567176844814427,-0.0154334738885811
-0.3559878305033465,0.011663413986024551,0.011659921918341499,-0.0154334738885811
-0.3496873603339979,-0.0250322828762517,-0.025031006182675425,-0.0154334738885811
2.296178171127925,-0.046278206530180555,-0.04627428573827348,-0.0154334738885811
-0.0633399279742286,-0.013440285072054081,-0.013440545797983181,-0.0154334738885811
-0.2359852583517939,-0.04780575755593652,-0.047801504914150424,-0.0154334738885811
-0.0991750489602267,-0.05081688419253538,-0.050812285155082536,-0.0154334738885811
-0.3449444532055016,0.030079793151623235,0.03007397403765305,-0.0154334738885811
-0.3622627668523531,-0.007694291762984307,-0.007695241190977848,-0.0154334738885811
-0.3296688451859971,-0.025938329378055514,-0.025937020341694882,-0.0154334738885811
-0.1451742263060476,-0.014044275514361715,-0.014044458344690076,-0.0154334738885811
-0.3496362926933142,0.005146399967234316,0.005143689776968238,-0.0154334738885811
-0.273290169871219,-0.012860124015066532,-0.01286037712164343,-0.0154334738885811
0.3556078251482474,0.01564006141401819,0.015636060813684217,-0.0154334738885811
1.4474180243275208,-0.05514366805819115,-0.05513857681548072,-0.0154334738885811
-0.2690451722393885,-0.03633229761458523,-0.03632958669706113,-0.0154334738885811
0.4954693260706643,-0.028338933766388408,-0.028337371816037536,-0.0154334738885811
-0.3276006057383082,0.012994556699483795,0.012990848411614847,-0.0154334738885811
12.398602272100646,-0.01440259998259208,-0.014402742845010082,-0.0154334738885811
-0.3594029789740672,-0.05513734646121726,-0.05513225604476231,-0.0154334738885811
-0.358780592103235,0.02839427009739559,0.02838859454286808,-0.0154334738885811
-0.3463807305997299,-0.03524832687661217,-0.03524581882186443,-0.0154334738885811
-0.1767723289790719,0.010013089768742489,0.010009740219761478,-0.0154334738885811
-0.2279038042136023,-0.026437337121802074,-0.026435934783790135,-0.0154334738885811
0.1167389358503542,0.021747096777721353,0.021742258513807768,-0.0154334738885811
-0.3555729059227915,0.013607915004143933,0.013604198107075303,-0.0154334738885811
6.002380276470263,0.011173754823079918,0.011170368087776378,-0.0154334738885811
-0.2869507637541023,-0.0008340074631600913,-0.000835918175893598,-0.0154334738885811
-0.3396781027599975,-0.006846205672077943,-0.006847271353649882,-0.0154334738885811
-0.2151688113181106,-0.016183521099957687,-0.016183457859893422,-0.0154334738885811
-0.2798012940583877,0.014343099848696639,0.014339297607110479,-0.0154334738885811
-0.3230332436246619,-0.05274532628741291,-0.052740568119752626,-0.0154334738885811
-0.2758754691808301,-0.043398068082527885,-0.0433944965592889,-0.0154334738885811
-0.3478808425448129,0.004289135409063505,0.004286681048626733,-0.0154334738885811
-0.3237035064086352,0.0017408087871366718,0.001738636587834715,-0.0154334738885811
-0.349202217747503,-0.017599151330028207,-0.01759892911692888,-0.0154334738885811
-0.2958876008737455,0.0065768192829285255,0.006574040875622031,-0.0154334738885811
-0.2985686520096385,0.003376073125718193,0.0033736906302736843,-0.0154334738885811
-0.1700697011393395,-0.008625588202512802,-0.00862633671966109,-0.0154334738885811
-0.3600030237521004,-0.025266263432436986,-0.025265016224907105,-0.0154334738885811
-0.1228640507823667,-0.046996815197976716,-0.04699273224358022,-0.0154334738885811
-0.3046967688916796,-0.027673298527648882,-0.027671735379461965,-0.0154334738885811
-0.3599008884707331,-0.02102861240878262,-0.02102782483246235,-0.0154334738885811
-0.3359916574481447,-0.03163457187521246,-0.03163248312560255,-0.0154334738885811
0.1333869867132324,-0.013641265278776515,-0.013641485569439058,-0.0154334738885811
-0.3257749375838668,-0.005104716957458066,-0.005106054545612124,-0.0154334738885811
-0.3542004630794178,-0.05590704882958697,-0.05590185212590088,-0.0154334738885811
0.787001719823598,-0.014261432904646654,-0.014261585756545757,-0.0154334738885811
-0.3022072214083504,-0.02162388202197718,-0.02162305687446434,-0.0154334738885811
-0.3071863163750088,-0.006874534923205999,-0.006875639752252286,-0.0154334738885811
0.5028262580566564,-0.05068364408964321,-0.050679112684419894,-0.0154334738885811
0.1632902820610673,-0.031142960590091917,-0.031140980970993985,-0.0154334738885811
-0.3487713345292345,-0.05219493994322377,-0.05219016602606536,-0.0154334738885811
0.0848216604230569,-0.04113022314195369,-0.041126925994148904,-0.0154334738885811
-0.209838626321752,-0.018088971449078173,-0.018088574750898027,-0.0154334738885811
-0.3372523898275229,-0.04994349859116021,-0.04993898749896672,-0.0154334738885811
-0.3517109155960886,-0.008673926933651543,-0.008674763502177217,-0.0154334738885811
-0.3002666510623708,-0.027403805945894533,-0.027402312500744673,-0.0154334738885811
-0.2795714896753112,-0.010473425780729073,-0.01047413416133499,-0.0154334738885811
-0.2825780970205626,-0.029856226679584097,-0.029854337639442972,-0.0154334738885811
-0.2730029143923734,-0.03040256262288743,-0.03040070220847642,-0.0154334738885811
-0.2636128519616625,-0.02744508632207676,-0.027443518336820356,-0.0154334738885811
-0.1943906650149401,-0.03840635444271889,-0.038403451086100396,-0.0154334738885811
-0.3540408767022813,0.030788354258024953,0.030782396554898846,-0.0154334738885811
-0.3579347843044116,0.013824621185367647,0.013820857439316265,-0.0154334738885811
-0.1819429275982941,0.008188570685181418,0.008185489698640238,-0.0154334738885811
-0.3598115200995366,-0.018270527988860863,-0.018270160933380727,-0.0154334738885811
-0.3530322907987787,-0.040668265701327755,-0.040665018963735276,-0.0154334738885811
-0.2504214420275605,0.0242690577154292,0.02426389334470925,-0.0154334738885811
0.1822970195780229,-0.03037271667127861,-0.030370803699100928,-0.0154334738885811
-0.1203234356583538,-0.019527977135144425,-0.019527437987418225,-0.0154334738885811
0.1615954747358779,-0.03789029959329149,-0.037887421377436725,-0.0154334738885811
-0.2151209354049697,0.023835548940930096,0.02383044790676308,-0.0154334738885811
-0.351730065961345,-0.03664011193961514,-0.03663740167534095,-0.0154334738885811
-0.3148464624775602,0.0275432686961814,0.027537700676959098,-0.0154334738885811
-0.3033562433237332,-9.43869604750347e-05,-9.639762648552645e-05,-0.0154334738885811
-0.3621989323014985,-0.0003843127563065707,-0.00038626110660064036,-0.0154334738885811
-0.1720326135781183,-0.05660339215148724,-0.056598084608414735,-0.0154334738885811
0.1867686298653873,0.01700663098924693,0.01700241949261038,-0.0154334738885811
-0.353772771588692,-0.003615830312183377,-0.003617262894209085,-0.0154334738885811
-0.3612382223111369,0.0023853232375579125,0.0023829566964863862,-0.0154334738885811
-0.0490010919885153,-0.0448248006930001,-0.044821022567178084,-0.0154334738885811
-0.0297453997232268,-0.0012222185942736274,-0.0012240750757470005,-0.0154334738885811
-0.3528918547868986,-0.002895645456492346,-0.0028972827175553807,-0.0154334738885811
-0.2206266654161785,-0.03752449094709043,-0.03752164343702791,-0.0154334738885811
-0.3249004042371588,-0.04091055393174514,-0.04090731235272859,-0.0154334738885811
-0.2220948600858341,-0.022193874471769348,-0.02219302005268836,-0.0154334738885811
-0.3124207495450856,-0.03889333675445705,-0.03889032694342626,-0.0154334738885811
1.702146607785238,-0.01642632688001555,-0.016426194367311808,-0.0154334738885811
-0.3475935870659672,-0.039064505460135734,-0.039061509383112994,-0.0154334738885811
-0.3537600046785211,-0.017555514583238008,-0.01755525701573675,-0.0154334738885811
-0.2096918068547864,0.003314451162180987,0.003312106764200946,-0.0154334738885811
-0.3032413411321948,-0.002867248024067237,-0.002868900764720534,-0.0154334738885811
-0.3117058025755141,0.037939573654622194,0.03793268205908359,-0.0154334738885811
-0.3639862997254272,-0.01988232222581665,-0.019881708964937295,-0.0154334738885811
-0.2599806660180361,-0.021601162583293032,-0.021600461436486727,-0.0154334738885811
0.4981822944819847,0.012500542215427402,0.012496989892693522,-0.0154334738885811
0.6179199532474906,0.015847121882075044,0.015843156592286585,-0.0154334738885811
-0.3583943930705646,0.013585677162932797,0.013581954130160568,-0.0154334738885811
-0.3601689935843223,-0.0029827449733339506,-0.0029843641255102374,-0.0154334738885811
6.8910051002793615,0.015309228981044143,0.015305294449600248,-0.0154334738885811
3.2222738762886705,-0.010027507413877146,-0.01002824576397069,-0.0154334738885811
-0.3469552415574213,0.02762507662357727,0.02761949694351492,-0.0154334738885811
-0.0735135595166796,0.004748505583725304,0.004745912743333648,-0.0154334738885811
-0.2131835567865327,-0.043473022801904904,-0.04346947335969644,-0.0154334738885811
-0.2534120907350983,-0.05194894935149286,-0.05194424611773241,-0.0154334738885811
-0.2919809263614444,0.012387482734881772,0.012383909081543387,-0.0154334738885811
0.3197966421188198,0.00737573572673611,0.007372744820694424,-0.0154334738885811
0.4671267854912243,-0.0157064840607557,-0.01570644081944781,-0.0154334738885811
0.4934330038984028,0.010690836482652344,0.010687459620741772,-0.0154334738885811
-0.3523811783800618,-0.03480012162971846,-0.03479765442397942,-0.0154334738885811
2.006331009517553,-0.03822383645911742,-0.03822086678542858,-0.0154334738885811
-0.2407345489353758,-0.04736507495971232,-0.04736100077884175,-0.0154334738885811
-0.1643485295189964,-0.01627243561855707,-0.016272408752445816,-0.0154334738885811
-0.3586241974536412,0.020159801660957655,0.020155188810149223,-0.0154334738885811
-0.3198255574442186,-0.006004375870064749,-0.0060055768270509385,-0.0154334738885811
-0.2567251039244517,-0.019858451541681532,-0.019857880508567342,-0.0154334738885811
-0.3607562714521847,-0.012157788921584256,-0.012158177358228626,-0.0154334738885811
0.948263753920018,0.024989970654182514,0.024984760462227015,-0.0154334738885811
-0.1997783011070678,-0.04407526538854789,-0.044071618822450975,-0.0154334738885811
-0.2246482421200179,0.028580346954708347,0.028574673941931493,-0.0154334738885811
0.2349126481199226,-0.015858664062211147,-0.015858573529888616,-0.0154334738885811
-0.3465850011624646,-0.020235904147208217,-0.020235368528230675,-0.0154334738885811
-0.3653651260238864,0.0011461993879766652,0.0011439980821598607,-0.0154334738885811
-0.3530067569784368,-0.035390496417562645,-0.03538790585280813,-0.0154334738885811
-0.3443699422478102,-0.021206638744976303,-0.02120583278148442,-0.0154334738885811
-0.3527833360504458,-0.043815460859779165,-0.04381184330788577,-0.0154334738885811
-0.2012209619563817,-0.0034711130003639568,-0.0034726785431410372,-0.0154334738885811
-0.3539770421514267,-0.005954320869077989,-0.005955465073058511,-0.0154334738885811
-0.3331925123931707,-0.017587736576427204,-0.017587534173918947,-0.0154334738885811
-0.3543600494565543,-0.036341780010046065,-0.036339067853138736,-0.0154334738885811
-0.3533642304632226,-0.044284840630846034,-0.04428101998159468,-0.0154334738885811
-0.2756360896151254,0.016256436116531603,0.01625241129122093,-0.0154334738885811
-0.362275533762524,-0.0025580762256200984,-0.0025597191484862288,-0.0154334738885811
0.3353563138896273,-0.016248483505266975,-0.01624836008360847,-0.0154334738885811
-0.264634204775336,0.004351479476667919,0.004348952619515711,-0.0154334738885811
-0.1020220699283416,-0.0011399001355449911,-0.0011416917232230546,-0.0154334738885811
-0.3357714282476963,0.01442940655450542,0.014425546109975687,-0.0154334738885811
-0.3410058614177731,-0.04653804266913575,-0.046533972623621425,-0.0154334738885811
-0.3512321564646791,0.016397981521116378,0.016393916255894807,-0.0154334738885811
0.3822619418575835,-0.03981831840978067,-0.03981515908257224,-0.0154334738885811
1.1637277051470738,-0.031724516692756666,-0.031722395824831114,-0.0154334738885811
0.3010292841675689,-0.02743876472510287,-0.027437197566101953,-0.0154334738885811
0.0697742609228575,-0.00554920115689761,-0.005550424084310069,-0.0154334738885811
-0.3032604914974512,-0.04286008985323342,-0.04285657208574056,-0.0154334738885811
-0.3372523898275229,-0.02947568071409634,-0.029473942423060548,-0.0154334738885811
-0.2724475537999384,-0.04236977791933505,-0.042366337251950374,-0.0154334738885811
-0.3476255043413945,-0.006731648572415594,-0.006732752688964325,-0.0154334738885811
0.5393364294179417,-0.050394463631366904,-0.0503899876765085,-0.0154334738885811
-0.2674173911925964,-0.036388439323964406,-0.0363857755954233,-0.0154334738885811
-0.1866826429992477,0.004569883293603638,0.004567305049743309,-0.0154334738885811
2.1849783835392214,0.0024668717945139917,0.0024645666649254303,-0.0154334738885811
-0.1258323573971054,0.00720688216092924,0.0072039529727425475,-0.0154334738885811
-0.3389631557904261,-0.03181809365687904,-0.031816070510417065,-0.0154334738885811
0.4917669221210978,-0.03821176097658352,-0.03820879586532311,-0.0154334738885811
-0.3097524653193635,-0.04948654304737765,-0.049482210814414236,-0.0154334738885811
-0.0044573424021791,-0.019872839830355815,-0.019872227808859687,-0.0154334738885811
-0.2008698719266814,0.016038709162787157,0.01603467579008322,-0.0154334738885811
-0.2534120907350983,-0.03550858949818192,-0.03550597807911174,-0.0154334738885811
-0.3615350529726107,0.00038086959893668393,0.00037885063357724104,-0.0154334738885811
-0.3066437226927447,0.017160174954938157,0.017155951533303918,-0.0154334738885811
-0.3557133419346717,-0.01762053709899547,-0.017620245750541504,-0.0154334738885811
0.1085298126104534,-0.04992387447116897,-0.04991941255077383,-0.0154334738885811
3.698878591606788,-0.021554498731726213,-0.021553762796787404,-0.0154334738885811
-0.1232279077222379,-0.04389575678365887,-0.04389213739853116,-0.0154334738885811
-0.2165093368860571,-0.022811748955858135,-0.022810798754418993,-0.0154334738885811
-0.2113195879015786,0.0201629624594446,0.020158349195508428,-0.0154334738885811
0.1626742786453205,-0.003943586134877108,-0.0039450382536878326,-0.0154334738885811
2.354561251339537,-0.04487236390743732,-0.04486851738945044,-0.0154334738885811
0.1544715388605052,0.02530810498472391,0.025302846719853764,-0.0154334738885811
-0.346061557845457,0.011838922335702051,0.011835402191883391,-0.0154334738885811
-0.2725720311741049,-0.0021826615064188815,-0.0021843550532820635,-0.0154334738885811
-0.283152607978254,-0.03817822530104742,-0.038175191704622614,-0.0154334738885811
-0.3185233326067849,0.019516409055730932,0.019511912996271696,-0.0154334738885811
-0.3491894508373321,-0.029020789153017645,-0.0290190467845239,-0.0154334738885811
-0.3358161124332945,-0.06025537085849564,-0.060249585696261244,-0.0154334738885811
0.8520618940546009,-0.03321006727687248,-0.03320778953605852,-0.0154334738885811
-0.3304603936165941,0.004077847629282871,0.004075388798872327,-0.0154334738885811
-0.2815886614823163,-0.02115635792225312,-0.021155722621771348,-0.0154334738885811
-0.361956361008251,-0.0026044203705346547,-0.002606022158067642,-0.0154334738885811
0.4895710135716997,-0.031149597549864794,-0.031147577383351867,-0.0154334738885811
-0.291725588158026,-0.021665025419519424,-0.021664291322734792,-0.0154334738885811
-0.1858879028411081,-0.022088751113393812,-0.02208797826383424,-0.0154334738885811
-0.108724697768074,-0.0004153523858612118,-0.0004172449610955146,-0.0154334738885811
0.4072180595141872,-0.0061832019514032055,-0.006184402388184499,-0.0154334738885811
-0.2246961180331589,0.01952167290520812,0.019517125957825447,-0.0154334738885811
-0.3013773722472407,-0.025478041000438267,-0.025476773913320906,-0.0154334738885811
-0.3481680980236586,-0.025464822008952837,-0.025463499224191326,-0.0154334738885811
0.188425136460064,-0.02318811541083221,-0.023187032237430353,-0.0154334738885811
-0.1480467810945043,0.02239929803482532,0.022394439324336213,-0.0154334738885811
1.7429400775088668,0.006405392226112028,0.006402663062211893,-0.0154334738885811
-0.3296879955512534,-0.03623285136789356,-0.03623018805370543,-0.0154334738885811
-0.2534057072800128,-0.044269060458210774,-0.044265397017018523,-0.0154334738885811
-0.266855647145076,-0.018815702026625303,-0.01881522609645609,-0.0154334738885811
3.742579725121844,-0.040402967244798305,-0.040399791849219484,-0.0154334738885811
0.4289920248106895,-0.007821933751383625,-0.007822938436875818,-0.0154334738885811
1.644634869192791,-0.01263855995500407,-0.012638965199552061,-0.0154334738885811
-0.2246961180331589,0.01129606247381254,0.011292605094127496,-0.0154334738885811
-0.3624670374150878,0.012914947873532867,0.012911242064309552,-0.0154334738885811
3.821057921942482,0.02977446680668905,0.029768627999790957,-0.0154334738885811
-0.2936853088692621,-0.03689520836881677,-0.036892502262347936,-0.0154334738885811
-0.3513470586562174,-0.02047222107262492,-0.020471585724830734,-0.0154334738885811
-0.3163465744226432,3.725537085585984e-05,3.529360864906912e-05,-0.0154334738885811
0.5916935280288802,-0.02768910252008361,-0.02768753730625798,-0.0154334738885811
-0.1864751807089703,0.02549237787821923,0.025487127636327947,-0.0154334738885811
0.0141983050850761,-0.035117516809924254,-0.03511499350982668,-0.0154334738885811
-0.2943172709227226,-0.026581533238086763,-0.026580120018502452,-0.0154334738885811
-0.3316349493523186,0.0017752114071818426,0.0017730791745113206,-0.0154334738885811
-0.1628180961622575,-0.004592341894630536,-0.004593758594284292,-0.0154334738885811
0.777107364441136,-0.022989840376844484,-0.02298886679945531,-0.0154334738885811
-0.3590838062197943,-0.01735261135825006,-0.01735243094174754,-0.0154334738885811
-0.3445135699872331,0.003226670292374223,0.003224274727638322,-0.0154334738885811
0.2598049312256718,-0.04573270062922674,-0.04572885272033992,-0.0154334738885811
-0.3599264222910749,-0.006986471587541843,-0.006987471331942609,-0.0154334738885811
-0.3030370705694602,-0.022600754574432003,-0.0225998199818385,-0.0154334738885811
-0.3391674263531608,-0.05031062647666751,-0.050306160491157596,-0.0154334738885811
-0.3516789983206613,-0.020670167102387893,-0.020669526757065716,-0.0154334738885811
-0.3374758107555139,-0.035047358125554595,-0.03504476352621477,-0.0154334738885811
-0.3579347843044116,-0.03173391737736431,-0.031731794576121096,-0.0154334738885811
-0.2924405351275975,-0.03896210345396156,-0.03895912105365156,-0.0154334738885811
-0.226371774993092,0.0007199869312195517,0.0007178508475220117,-0.0154334738885811
-0.3332786890368244,0.006300301754793125,0.00629757307528875,-0.0154334738885811
-0.2343510938499163,0.007779472658736353,0.007776468011844879,-0.0154334738885811
-0.3549983949651003,-0.029582863275027904,-0.029581104380815227,-0.0154334738885811
-0.3504406080340822,-0.03591816751998067,-0.03591559417531862,-0.0154334738885811
-0.3407505232143547,-0.02555116042152683,-0.025549816537228084,-0.0154334738885811
-0.3534663657445899,0.009956604932229496,0.009953374241607875,-0.0154334738885811
-0.3247663516803642,-0.038516552109371105,-0.0385136103664757,-0.0154334738885811
0.0734335765505972,0.01653163523067569,0.016527519383248368,-0.0154334738885811
-0.3108887203245753,0.005901931289908902,0.005899152378255076,-0.0154334738885811
0.4182215402177479,-0.00019964099220892706,-0.00020159711756228584,-0.0154334738885811
-0.3594029789740672,0.002475825229860007,0.002473584011567961,-0.0154334738885811
-0.3510406528121153,-0.03295741235624661,-0.032955209467150325,-0.0154334738885811
-0.1705165429953216,-0.017772808228382786,-0.01777253594770069,-0.0154334738885811
-0.3236045628548106,-0.016801211899867496,-0.016801042791850053,-0.0154334738885811
-0.3509449009858335,0.0044025799641964625,0.00440000446286176,-0.0154334738885811
-0.3359884657206019,-0.026522480001508697,-0.02652105119867533,-0.0154334738885811
-0.3439677845774262,-0.011915110132671103,-0.011915628427563971,-0.0154334738885811
-0.2116259937456806,0.00408168163559175,0.004079162703095463,-0.0154334738885811
-0.3210384139104559,-0.046541203467622694,-0.04653713300898062,-0.0154334738885811
-0.3181020245711445,-0.042403510257802424,-0.04240003625448427,-0.0154334738885811
-0.3286730261926654,-0.045469439737061634,-0.045465638613944745,-0.0154334738885811
-0.3444337767986648,-0.007739069167602253,-0.007740011667757887,-0.0154334738885811
-0.1496586035035828,0.002947059320911549,0.00294466910729038,-0.0154334738885811
-0.3002921848827126,-0.03747703238146549,-0.037474208796024235,-0.0154334738885811
-0.3254270392817093,-0.028106385141914103,-0.028104750479155546,-0.0154334738885811
-0.2459689821054526,-0.022884109963444033,-0.02288316158290907,-0.0154334738885811
-0.0428474412861324,-0.04674264888204327,-0.046738556222420014,-0.0154334738885811
-0.3419506127704211,-0.02081066247638219,-0.02080990113646613,-0.0154334738885811
0.0434249541938523,-0.0020162542722736987,-0.0020180005102075627,-0.0154334738885811
-0.3316987839031731,0.011173255027571827,0.011169895913151968,-0.0154334738885811
-0.1968163779474147,-0.011963053393508005,-0.011963436716316852,-0.0154334738885811
-0.3604626325182535,-0.008355135442467798,-0.008355969039708635,-0.0154334738885811
0.4496026054178667,-0.01759599053154126,-0.017595768731569678,-0.0154334738885811
-0.3485032294156452,-0.031766993068856664,-0.03176488531356905,-0.0154334738885811
-0.330473160526765,-0.029590977151697118,-0.02958913669684895,-0.0154334738885811
-0.3512193895545082,0.0016333143681226403,0.0016311590623122232,-0.0154334738885811
-0.0747647167134297,0.016350551800833557,0.016346441973919545,-0.0154334738885811
-0.3044541975984322,-0.028012086011797166,-0.028010475974440285,-0.0154334738885811
4.419235539363175,-0.014022293908082517,-0.014022439667035041,-0.0154334738885811
-0.3173360099608893,-0.03097789589848965,-0.030975849962172772,-0.0154334738885811
0.2029315381417707,0.012732817456353018,0.012729241569617281,-0.0154334738885811
-0.3498916308967326,-0.02299300117533143,-0.022992027184814516,-0.0154334738885811
-0.3431251685061456,-0.00392413101709721,-0.003925569777228971,-0.0154334738885811
-0.3452955432352018,0.022627199765031136,0.0226223289551502,-0.0154334738885811
-0.3101865402651748,0.02958853156885155,0.029582723880005768,-0.0154334738885811
0.3949299084746777,-0.026452131834540538,-0.026450687245356815,-0.0154334738885811
0.2847770075199892,-0.041627067951472085,-0.041623748854503824,-0.0154334738885811
0.1104512325911767,-0.0010834523749405633,-0.0010852770402893005,-0.0154334738885811
0.0129694899811251,-0.03600754200243372,-0.03600489493806485,-0.0154334738885811
-0.0861719509511457,-0.01907028779531217,-0.019069774215972335,-0.0154334738885811
-0.3080097820810331,-0.010197828167676448,-0.010198464585422144,-0.0154334738885811
-0.3588795356570596,-0.014742391259661147,-0.014742528109005443,-0.0154334738885811
-0.3634245556779067,-0.012567176044422368,-0.012567564386895467,-0.0154334738885811
-0.2294837093472535,-0.019448375611695212,-0.019447859776737682,-0.0154334738885811
-0.2861687905061336,-0.03595444518022184,-0.03595183547603683,-0.0154334738885811
-0.3604626325182535,-0.016796634220234807,-0.01679638231915842,-0.0154334738885811
-0.3526045993080529,-0.051163520187630596,-0.05115889790204654,-0.0154334738885811
-0.2733540044220737,0.0008689994842576709,0.0008669243422939361,-0.0154334738885811
-0.1797087183183833,-0.025336181296506055,-0.02533495018716549,-0.0154334738885811
-0.3659779377120905,-0.05094580068623422,-0.050941266390141814,-0.0154334738885811
0.2955522797042448,-0.024944847013676608,-0.024943664691716872,-0.0154334738885811
-0.3436677621884097,-0.00888333707369604,-0.008884114635760065,-0.0154334738885811
-0.3430932512307183,-0.027054336450410332,-0.027052838083040258,-0.0154334738885811
-0.3619180602777382,0.006053321648447962,0.006050622295324879,-0.0154334738885811
-0.3589561371180851,-0.026086339702752426,-0.026084895818006,-0.0154334738885811
-0.2199244853567779,-0.012272534465967766,-0.01227301165338852,-0.0154334738885811
-0.2999985459487815,-0.04310188587234087,-0.043098283629054455,-0.0154334738885811
0.8648160373153488,-0.02664085063266164,-0.026639473995249203,-0.0154334738885811
0.4935670564551974,-0.04196157208223461,-0.04195819303646157,-0.0154334738885811
-0.3180062727448626,-0.047685469471097974,-0.047681359736368945,-0.0154334738885811
-0.3626585410676516,-0.054156492864919414,-0.05415150507118219,-0.0154334738885811
-0.3435081758112732,-0.03173075657887736,-0.03172863419076189,-0.0154334738885811
-0.3098673675109018,-0.024925882222754936,-0.024924702379561656,-0.0154334738885811
-0.295351390646567,-0.014952960973371177,-0.014952917911441736,-0.0154334738885811
-0.3321775430345826,-0.05030113268271563,-0.05029660295915073,-0.0154334738885811
-0.3565304241856105,-0.021670624285238915,-0.021669848951266685,-0.0154334738885811
-0.273290169871219,-0.030234898346792605,-0.03023297941611529,-0.0154334738885811
-0.3578390324781297,-0.0016745434129283865,-0.0016762366765871988,-0.0154334738885811
-0.3483883272241069,-0.027031053129887184,-0.02702949431741654,-0.0154334738885811
-0.2374789868417915,-0.02538344355686384,-0.02538213104771962,-0.0154334738885811
-0.2087055630440829,-0.046949196978085084,-0.046945187016209096,-0.0154334738885811
0.174608147927587,0.016993987795299148,0.016989777951173568,-0.0154334738885811
-0.3609222412844066,-0.008284293404688725,-0.00828520096229028,-0.0154334738885811
-0.3366395781393188,-0.013919244691187771,-0.013919457096838997,-0.0154334738885811
-0.2855464036353012,0.013672724224944588,0.013668971337490328,-0.0154334738885811
-0.3592082835939608,-0.05720556376824604,-0.057200220992851,-0.0154334738885811
-0.20501911773223,0.007907664107653645,0.007904723607894034,-0.0154334738885811
-0.3498916308967326,-0.021010244375412768,-0.021009575535689953,-0.0154334738885811
-0.3629809055494672,-0.023261170928858377,-0.02326013738498732,-0.0154334738885811
-0.3136336060113229,-0.029364592945007928,-0.02936284596278444,-0.0154334738885811
-0.3175658143439659,-0.034964907552531344,-0.034962442159163734,-0.0154334738885811
0.7564249699642472,0.009138925295346212,0.00913575385323283,-0.0154334738885811
-0.3269111925890786,-0.023651689308753276,-0.023650561987618626,-0.0154334738885811
-0.1815918375685938,0.01647587052195476,0.01647171200358251,-0.0154334738885811
0.7271249111219883,-0.020894640044058832,-0.02089401109497936,-0.0154334738885811
-0.2573315321575704,0.007611590695725923,0.007608622183433075,-0.0154334738885811
-0.2335595454193193,-0.03401764537422203,-0.034015276728418725,-0.0154334738885811
-0.237542821392646,-0.06443676952205735,-0.06443041236101882,-0.0154334738885811
-0.3494320221305796,0.005209084496586414,0.005206422940364592,-0.0154334738885811
-0.2917000543376841,-0.004208451389734691,-0.004209901196886063,-0.0154334738885811
5.225066950713864,-0.016861351309078287,-0.016861142621680373,-0.0154334738885811
-0.234248958568549,-0.030521759525656833,-0.03051981116480442,-0.0154334738885811
0.110435273953463,0.007595402941454665,0.007592444740060869,-0.0154334738885811
-0.2981218101536564,-0.02619870063525731,-0.026197389680736302,-0.0154334738885811
-0.2416282326473401,-0.020115429261466033,-0.020114751952821367,-0.0154334738885811
-0.3593710616986399,-0.041439424444687845,-0.041436138191864855,-0.0154334738885811
-0.2827887510383828,-0.021856657039645455,-0.021855868639192776,-0.0154334738885811
3.701152697480983,-0.049512470648423346,-0.04950806148713577,-0.0154334738885811
-0.3040584233831337,-0.020280314362821628,-0.020279713057293265,-0.0154334738885811
0.6849462316448149,0.008386645919502556,0.00838361679491229,-0.0154334738885811
-0.2917511219783678,-0.006829683425978672,-0.0068307247696680305,-0.0154334738885811
-0.0581677334912351,0.005873014947166411,0.005870269951101388,-0.0154334738885811
-0.3301029201318083,-0.012751973225002544,-0.012752324134798747,-0.0154334738885811
-0.3349543459967575,-0.037270355075911255,-0.037267518195053265,-0.0154334738885811
0.2572706995567444,0.012658572530984458,0.012654945055305572,-0.0154334738885811
-0.0275909836318842,-0.043922234414436545,-0.04391853133187902,-0.0154334738885811
-0.2151496609528543,-0.0059078040500839535,-0.005909020424741552,-0.0154334738885811
-0.3628372778100445,-0.033787392776906344,-0.03378498579655177,-0.0154334738885811
-0.2806311432194974,-0.020065067739354348,-0.020064512257032093,-0.0154334738885811
1.3692877258090397,-0.04793568039791829,-0.047931448582225256,-0.0154334738885811
0.5458347866949395,-0.01805495021874748,-0.01805466991110366,-0.0154334738885811
-0.3033051756830495,-0.013939164294979989,-0.013939372967313379,-0.0154334738885811
-0.268071695338856,-0.02889157697037703,-0.028889866604052523,-0.0154334738885811
0.6829928943886643,0.0024370653317991042,0.0024348174720637047,-0.0154334738885811
-0.3608967074640647,0.0069510714368004045,0.006948222185364046,-0.0154334738885811
-0.2964621118314369,-0.01585591819181964,-0.015855877043733927,-0.0154334738885811
-0.2087215216817965,-0.020601352682781737,-0.020600635193248708,-0.0154334738885811
-0.3491894508373321,-0.041074007256169054,-0.0410706618926926,-0.0154334738885811
-0.0568655086538013,-0.01739303470621678,-0.017392793535726755,-0.0154334738885811
-0.335184150379834,0.004354640275154864,0.0043521130048749124,-0.0154334738885811
-0.3118781558628215,-0.029143069824074885,-0.029141314571491404,-0.0154334738885811
-0.2533737900045855,-0.02763715472745254,-0.027635649307523946,-0.0154334738885811
-0.0312806206712798,-0.033930352255271856,-0.03392799701019689,-0.0154334738885811
-0.3510693783599999,-0.009602418302881333,-0.009603195474831168,-0.0154334738885811
-0.3523939452902327,0.016285843164215663,0.016281734842406463,-0.0154334738885811
-0.3437635140146916,-0.008340226847945331,-0.0083411469212092,-0.0154334738885811
-0.2246961180331589,-0.0025485938301592626,-0.002550237992408621,-0.0154334738885811
-0.2278080523873204,-0.009496176670506173,-0.009496914694387265,-0.0154334738885811
-0.2151241271325124,-0.022603943238156177,-0.022603042014452453,-0.0154334738885811
-0.2707367878370353,-0.020078356872312852,-0.020077838478092233,-0.0154334738885811
-0.3358480297087218,-0.012272107860351156,-0.012272430144123879,-0.0154334738885811
4.989996217191819,-0.03538389622474014,-0.03538131874505044,-0.0154334738885811
1.8084183680479675,-0.024391223267192785,-0.024389994060297883,-0.0154334738885811
-0.3515002615782684,0.010629544504462629,0.010626223482820872,-0.0154334738885811
-0.2597680969636903,-0.01147913745049145,-0.011479667604302187,-0.0154334738885811
-0.3626457741574806,-0.04169814385396897,-0.04169475029142221,-0.0154334738885811
-0.2522503019095446,-0.012334909668489047,-0.0123353056116337,-0.0154334738885811
-0.3592274339592171,-0.027263302576583825,-0.027261704409297396,-0.0154334738885811
-0.3126441704730767,0.004400998218951457,0.004398548341561474,-0.0154334738885811
-0.1703378062529288,0.00408106264012531,0.00407851778729835,-0.0154334738885811
-0.3506097695938469,0.025519028529593868,0.025513688055037412,-0.0154334738885811
2.226904916540519,-0.040157539119356045,-0.04015439458865525,-0.0154334738885811
-0.3562495521618503,-0.017002804735469113,-0.017002686425182583,-0.0154334738885811
-0.1768042462544992,-0.027534614244741462,-0.027533057897722472,-0.0154334738885811
-0.3171062055778129,-0.013446606669027972,-0.013446866568701588,-0.0154334738885811
-0.2155837358986655,-0.0008371682616470366,-0.000839078561252803,-0.0154334738885811
2.61898949479961,0.01897871038152843,0.01897427337174195,-0.0154334738885811
6.581978847864725,-0.0031282405774533117,-0.003129793262644653,-0.0154334738885811
1.0894338631349538,-0.03748900165660096,-0.037486144456481296,-0.0154334738885811
-0.308577909583639,0.014733661783974838,0.014729719083065638,-0.0154334738885811
-0.3530322907987787,-0.018771986614094516,-0.018771532564829697,-0.0154334738885811
0.1184784273611419,-0.04401667783145591,-0.04401304775864287,-0.0154334738885811
-0.3496235257831434,-0.03805093578624863,-0.03804798329340099,-0.0154334738885811
-0.3613052485895342,-0.00048671980699843687,-0.0004886000465824571,-0.0154334738885811
-0.1000112815764219,-0.03279068472839697,-0.03278849611615441,-0.0154334738885811
-0.3103652770075676,-0.012664985076048296,-0.012665367162442044,-0.0154334738885811
-0.3470956775693014,-0.007815612154409735,-0.007816617666157412,-0.0154334738885811
-0.1609254017294188,-0.006751486664086315,-0.006752559522548714,-0.0154334738885811
-0.2917383550681969,-0.011221451752007283,-0.011222026131308314,-0.0154334738885811
-0.0563388736092509,-0.04194744174472298,-0.04194401317806628,-0.0154334738885811
1.4324807394275458,-0.01935941868784319,-0.019358963900846404,-0.0154334738885811
-0.1688728033108158,0.0012230544889675343,0.0012209700813282324,-0.0154334738885811
2.1306551807619614,-0.02104711819449534,-0.02104634425882137,-0.0154334738885811
-0.3485032294156452,0.02017609431581846,0.020171474098077173,-0.0154334738885811
-0.3347756092543646,-0.00184362225995649,-0.0018453614459886213,-0.0154334738885811
-0.3635937172376714,-0.053796427928153534,-0.05379145419369181,-0.0154334738885811
-0.3448167841037924,-0.002554915427133153,-0.0025565587631270273,-0.0154334738885811
-0.2456115086206668,-0.017051821316925952,-0.01705161319304252,-0.0154334738885811
14.153972627413433,0.0017729866105717917,0.001770827623270856,-0.0154334738885811
-0.3134038016282463,-0.01962388754492217,-0.019623270850840712,-0.0154334738885811
0.1879782946040818,0.0029134417968581516,0.0029110219037112115,-0.0154334738885811
-0.361142470484855,-0.02370947549318636,-0.023708418291263453,-0.0154334738885811
-0.335184150379834,-0.007986720563074812,-0.007987682986462751,-0.0154334738885811
-0.1130016126753318,-0.0465099409043912,-0.046505968788259126,-0.0154334738885811
0.4750263111594803,-0.0192010637226403,-0.01920060745267405,-0.0154334738885811
-0.3610371434759449,-0.041274462778938315,-0.04127110333126017,-0.0154334738885811
-0.3613531245026751,0.007218424079248109,0.007215483402534655,-0.0154334738885811
1.1426303860896303,-0.002875984942251719,-0.002877658436623555,-0.0154334738885811
0.5733762036611544,-0.03087499856468945,-0.03087303018550668,-0.0154334738885811
-0.2197648989796414,-0.04871914681438838,-0.0487148715292077,-0.0154334738885811
-0.3406037037473891,-0.022002872685494168,-0.022002045347480854,-0.0154334738885811
-0.3534025311937354,0.013823718933421603,0.01382001860661109,-0.0154334738885811
0.8190275139873484,0.009874474193201976,0.00987123363014753,-0.0154334738885811
-0.3640820515517091,-0.01827425742747657,-0.018273898167980095,-0.0154334738885811
-0.0605934464237096,-0.029462551578417262,-0.029460802576481596,-0.0154334738885811
-0.3576954047387068,-0.06428644196624944,-0.06428011700439748,-0.0154334738885811
-0.3593279733768131,0.008015592565229213,0.008012518107690205,-0.0154334738885811
-0.2737370117272012,0.006906317395891648,0.00690336568652576,-0.0154334738885811
1.1177540616215949,-0.03520002121618937,-0.03519753691864029,-0.0154334738885811
0.1474050540809015,-0.001977464721742095,-0.0019792112823480423,-0.0154334738885811
-0.3366300029566906,-0.05786340866014861,-0.05785792966614655,-0.0154334738885811
-0.3248429531413897,-0.02925315233909309,-0.02925134810826601,-0.0154334738885811
-0.2940204402612487,-0.036294313917995424,-0.036291662510648706,-0.0154334738885811
0.0503765367819176,-0.018549590598350818,-0.018549196710261156,-0.0154334738885811
-0.3542004630794178,-0.03536359164313829,-0.035361087439588684,-0.0154334738885811
-0.093490582206625,0.012131827919469984,0.012128327629422666,-0.0154334738885811
-0.3454487461572528,-0.01643118351644368,-0.016431067179108888,-0.0154334738885811
-0.2932065497378526,-0.03267095736019243,-0.032668766685231054,-0.0154334738885811
-0.335184150379834,-0.0076659022352707495,-0.007666935798794035,-0.0154334738885811
-0.3572645215204383,-0.03818398993025873,-0.03818100859357969,-0.0154334738885811
-0.0716368237215545,-0.02524866505092227,-0.02524734612337588,-0.0154334738885811
0.0835768866813923,-0.01513181297544719,-0.015131843253495808,-0.0154334738885811
-0.331842411642596,-0.022793870870653876,-0.02279292290718472,-0.0154334738885811
1.0449060721863317,-0.033679341929815365,-0.03367702917139951,-0.0154334738885811
0.974751900797132,-0.046564019282829605,-0.04656003729244677,-0.0154334738885811
-0.3528663209665568,-0.007669063033757695,-0.007670096184153238,-0.0154334738885811
-0.295823766322891,0.009445382345086628,0.009442162099664123,-0.0154334738885811
-0.2692558262572087,-0.03173059584172577,-0.031728438754163375,-0.0154334738885811
-0.2940204402612487,-0.01195357099804717,-0.011953955560239241,-0.0154334738885811
0.2051497887839678,-0.04540897396650578,-0.0454050540817951,-0.0154334738885811
-0.3475935870659672,-0.022556863212990663,-0.02255597942879382,-0.0154334738885811
-0.3290815673181348,-0.007239349042084342,-0.007240362896353223,-0.0154334738885811
0.0146930228541992,-0.0031886749245888524,-0.0031902667610119555,-0.0154334738885811
0.3112954758087592,-0.038532738829479385,-0.0385297744852923,-0.0154334738885811
0.2169974814225806,-0.016753819676701198,-0.016753609119011352,-0.0154334738885811
-0.3222353117389795,-0.02030469043885219,-0.020304104295456784,-0.0154334738885811
2.695744158747175,-0.0452773487920517,-0.045273560280307455,-0.0154334738885811
-0.2345585561401937,-0.05160930050330492,-0.051604665019841955,-0.0154334738885811
0.397713094891938,-0.03953197111548867,-0.039528875511956954,-0.0154334738885811
-0.3265026514636092,-0.026861502007498927,-0.02686008757446838,-0.0154334738885811
-0.1643820426581951,0.012735978254839964,0.012732401954976486,-0.0154334738885811
0.9890061560029628,-0.0035644062985369374,-0.0035659115127860234,-0.0154334738885811
-0.1842792721595723,-0.019809489512066847,-0.01980887661846437,-0.0154334738885811
-0.350146969100151,-0.03969020999810802,-0.03968697910442479,-0.0154334738885811
-0.3604115648775698,-0.033419212707251233,-0.03341688641550945,-0.0154334738885811
-0.3423751125336041,0.005502695672287672,0.0055000161271619285,-0.0154334738885811
0.2695460836860829,-0.05316507655093794,-0.05316018614290038,-0.0154334738885811
-0.3428442964823854,-0.03769176761712778,-0.03768890390933977,-0.0154334738885811
-0.3544877185582635,-0.012122048911248129,-0.01212252172942135,-0.0154334738885811
-0.3402781475380307,0.0024012995509625767,0.002398992315633718,-0.0154334738885811
0.5954980672598141,-0.02583570433315785,-0.025834385177505227,-0.0154334738885811
0.4027432574992802,-0.026635708786574952,-0.026634279244204927,-0.0154334738885811
1.0423399232419766,0.014053419488815777,0.014049649899585787,-0.0154334738885811
9.7733584922923,-0.018879186911611612,-0.01887864965312216,-0.0154334738885811
-0.3044414306882613,0.004037669755449613,0.0040351095794651255,-0.0154334738885811
0.1599916316456562,0.008191731483668363,0.008188650083999443,-0.0154334738885811
-0.3101865402651748,0.016098406205671267,0.01609442745829441,-0.0154334738885811
-0.2901744085722593,-0.01730556795826743,-0.017305356436504066,-0.0154334738885811
-0.2790352794481325,-0.03085366625334629,-0.03085165069268133,-0.0154334738885811
-0.3304859274369359,-0.02245026899866076,-0.022449365186096134,-0.0154334738885811
-0.3453721446962273,0.00040467190469684056,0.0004026896860961169,-0.0154334738885811
-0.1449188881026292,0.004373873901252878,0.004371251711354543,-0.0154334738885811
0.1214946098890215,-0.02345545046630093,-0.023454397603930147,-0.0154334738885811
2.1499012978446213,-0.030147471730812114,-0.03014560107251489,-0.0154334738885811
0.2848663758911856,0.014339939050209694,0.014336137221751274,-0.0154334738885811
-0.3292603040605276,-0.02049913410487747,-0.02049847487254107,-0.0154334738885811
0.1583399126422935,0.006089720861353953,0.0060869185917478575,-0.0154334738885811
-0.3646278369615158,-0.01751600045642121,-0.017515749588010283,-0.0154334738885811
0.0386285856290151,-0.03320374567989859,-0.03320146876534011,-0.0154334738885811
0.3465816196574078,0.004798146323206964,0.0047955842042759125,-0.0154334738885811
0.0807043318929355,-0.014480869918077843,-0.01448093790015008,-0.0154334738885811
-0.1544621534553911,0.024010130024947784,0.024005073721926444,-0.0154334738885811
-0.3413058838067896,0.024500553816059423,0.024495376891157543,-0.0154334738885811
-0.2963982772805824,-0.02957655642937773,-0.029574794222530974,-0.0154334738885811
-0.2065511469527403,0.010247466355359336,0.010244160654625844,-0.0154334738885811
0.9765903358617444,-0.018025934642375674,-0.01802568790030441,-0.0154334738885811
0.6895901952194866,0.005714970931983032,0.0057122470864180135,-0.0154334738885811
-0.3047478365323633,-0.017568921361082346,-0.017568716185557814,-0.0154334738885811
-0.3299241833894154,-0.020953051719320825,-0.020952391894263542,-0.0154334738885811
-0.2100684307048285,-0.039465038472084046,-0.039461979918008705,-0.0154334738885811
-0.3304859274369359,-0.03127861997027637,-0.03127647083240409,-0.0154334738885811
-0.3493171199390413,-0.02490502036154041,-0.024903774661726143,-0.0154334738885811
0.0625785111777734,0.004627465176026746,0.0046249216311705,-0.0154334738885811
-0.1261515301513784,-0.03461757280345523,-0.03461510201363116,-0.0154334738885811
0.0331156742308352,-0.05965756557751156,-0.05965182547367492,-0.0154334738885811
-0.3382099080903418,-0.01667018944400489,-0.016670017402201576,-0.0154334738885811
-0.3576954047387068,0.011992683029257378,0.011989123428629173,-0.0154334738885811
-0.3269111925890786,0.012604016982304955,0.012600462692766953,-0.0154334738885811
-0.0491830204584509,-0.020703701013189857,-0.020703059433073396,-0.0154334738885811
-0.1210766833584381,0.004520746040522994,0.004518242044899265,-0.0154334738885811
-0.3117824040365397,-0.03594812358324795,-0.03594551470531842,-0.0154334738885811
2.1736956266756717,-0.024908181160027354,-0.024906935047085348,-0.0154334738885811
-0.3486564323376962,-0.004360125707075113,-0.00436157746443048,-0.0154334738885811
-0.2075661163113284,-0.017733318677128906,-0.017733050546049664,-0.0154334738885811
2.2500577081354804,-0.026657909941308233,-0.026656493999822277,-0.0154334738885811
-0.3555154548270224,-0.04176418646138558,-0.04176079448893318,-0.0154334738885811
-0.1026604154368875,-0.04010606810361317,-0.040102936232780946,-0.0154334738885811
0.4675800108022919,0.02974759970523344,0.02974176466323635,-0.0154334738885811
-0.2966919162145135,-0.03639299830651943,-0.03639030746967408,-0.0154334738885811
-0.3151656352318331,0.010607045828972872,0.010603781540204254,-0.0154334738885811
-0.3434571081705895,-0.007921862407430424,-0.007922854885057354,-0.0154334738885811
-0.3554835375515952,-0.0050409269291336045,-0.005042290678338113,-0.0154334738885811
-0.2713751333455812,0.009032658968930463,0.009029515578498662,-0.0154334738885811
-0.3039626715568518,-0.044161461493994025,-0.04415768615082432,-0.0154334738885811
-0.1921692226452002,-0.02613449573930282,-0.02613316118227269,-0.0154334738885811
-0.3133144332570499,0.009644013701210596,0.009640819718046938,-0.0154334738885811
-0.2953769244669088,-0.005580675478400465,-0.005581907930595365,-0.0154334738885811
-0.3070905645487269,0.02415302759613347,0.024147915581964753,-0.0154334738885811
-0.134718126876065,-0.034849180644048516,-0.03484670092831805,-0.0154334738885811
-0.281486526200949,-0.03665418072594129,-0.03665148443905079,-0.0154334738885811
-0.3608967074640647,-0.010199500669559214,-0.010200197232907254,-0.0154334738885811
-0.2806630604949247,-0.040028974900108594,-0.040025815737318206,-0.0154334738885811
0.0302909953555194,-0.03939674939747029,-0.03939362502250787,-0.0154334738885811
-0.3269111925890786,-0.0245156079689135,-0.024514513061239213,-0.0154334738885811
3.7391901104714647,-0.0016935082038500582,-0.001695198988742418,-0.0154334738885811
1.2340095456379825,-0.0527516478843868,-0.052746888890471036,-0.0154334738885811
-0.0475552394116587,0.006636901968576581,0.006634122228361608,-0.0154334738885811
-0.3369172584355362,0.0158439610835881,0.01583999620692738,-0.0154334738885811
-0.3579347843044116,-0.022387637294992047,-0.02238679088240845,-0.0154334738885811
0.4079010892083314,-0.028978776701153564,-0.02897711720686308,-0.0154334738885811
-0.2343510938499163,0.02328083652482249,0.023275859656382694,-0.0154334738885811
-0.3344692034102626,-0.027394323550433697,-0.02739283134466706,-0.0154334738885811
-0.3524577798410873,-0.00967668616743822,-0.009677452266636433,-0.0154334738885811
-0.1950034767031442,-0.03839962696446442,-0.03839667213915069,-0.0154334738885811
-0.3022455221388632,-0.006491548998004859,-0.0064926488836586,-0.0154334738885811
-0.3404600760079663,-0.02378466368660348,-0.023783551421324767,-0.0154334738885811
-0.2455221402494704,-0.018257446271553235,-0.01825701685041845,-0.0154334738885811
-0.3496873603339979,-0.0074593281483288365,-0.007460314425944237,-0.0154334738885811
-0.2374789868417915,-0.015796924114708233,-0.015796929295965646,-0.0154334738885811
-0.2540121355131315,-0.03905403907297611,-0.03905101783462981,-0.0154334738885811
-0.2352447775618806,0.004687825617756047,0.004685238432911744,-0.0154334738885811
1.929739123674667,-0.04587235215249308,-0.0458684425908465,-0.0154334738885811
0.1659681414694176,0.00636788721974213,0.0063651609000365,-0.0154334738885811
-0.2496203184143353,-0.017304085924024548,-0.01730375892946053,-0.0154334738885811
-0.332196693399839,-0.02018056819106029,-0.020179969134193648,-0.0154334738885811
-0.2502139797372831,0.013924344779718822,0.013920628959855805,-0.0154334738885811
-0.2485223641396363,-0.015490504504933611,-0.015490426777187507,-0.0154334738885811
0.1794244647895661,-0.04444421514224217,-0.04444049149432956,-0.0154334738885811
-0.2614169434122645,0.028338533079937278,0.028332960272283325,-0.0154334738885811
-0.351730065961345,-0.0410810332666518,-0.04107770712280864,-0.0154334738885811
-0.1768361635299265,-0.020475381871111864,-0.020474746110189936,-0.0154334738885811
0.8955906742823491,0.011807512326722502,0.011804017393525578,-0.0154334738885811
-0.360232828135177,-0.03855170362040106,-0.03854873679744752,-0.0154334738885811
-0.2620233716453831,-0.008682056627792534,-0.0086828429513593,-0.0154334738885811
-0.2935895570429802,-0.0519315942199583,-0.0519268715443329,-0.0154334738885811
0.2271088742779483,-0.014884624767445231,-0.01488473121411788,-0.0154334738885811
-0.280235369004199,-0.04169182225699508,-0.0416884295207038,-0.0154334738885811
-0.2797374595075331,0.0008326339713295994,0.0008306440205965698,-0.0154334738885811
-0.3302433561436884,-0.045001814936977524,-0.044997942570028315,-0.0154334738885811
0.3740560103452253,-0.018420808434209235,-0.01842041846051776,-0.0154334738885811
35.75965408922524,-0.007516401977811782,-0.007517328726401316,-0.0154334738885811
0.6497191347557068,-0.04141147477705687,-0.041408091057876704,-0.0154334738885811
-0.3282836354324523,0.009699390633217675,0.009696140626021357,-0.0154334738885811
-0.3562750859821921,0.012381161137907881,0.01237758831082498,-0.0154334738885811
-0.0854490246627175,-0.045908515984818266,-0.04590464417543305,-0.0154334738885811
-0.312356914994231,-0.007543362828188904,-0.007544397451724659,-0.0154334738885811
-0.1755211717823219,-0.018475912868648692,-0.018475575219461554,-0.0154334738885811
-0.1155294608891738,-0.014756537534342584,-0.014756586842320788,-0.0154334738885811
-0.2374789868417915,-0.01932137076603979,-0.019320906649764387,-0.0154334738885811
-0.3434571081705895,-0.015580149077111471,-0.015580151319313845,-0.0154334738885811
-0.3494064883102377,0.002490964084488567,0.002488657589775461,-0.0154334738885811
-0.2932544256509936,0.0049078918325005105,0.004905303379106276,-0.0154334738885811
0.0284078761053088,-0.006596428781543651,-0.006597532924567447,-0.0154334738885811
-0.2445167460735105,0.01368345811158811,0.013679695165203754,-0.0154334738885811
-0.3444976113495194,-0.0009883703890913864,-0.0009901723550029065,-0.0154334738885811
-0.0748923858151388,-0.04194181329711277,-0.0419384367423758,-0.0154334738885811
-0.2406707143845212,-0.019358610496855277,-0.019358120261319837,-0.0154334738885811
-0.336920450163079,-0.027941796476181224,-0.027940223836318955,-0.0154334738885811
-0.2045020578703079,-0.008052117417214788,-0.008053031239774772,-0.0154334738885811
-0.2565814761850289,0.007756950651103267,0.007754022204388649,-0.0154334738885811
-0.2037105094397109,-0.012712687390276756,-0.01271299213340028,-0.0154334738885811
-0.2658215274212315,0.0012390954948493516,0.0012369794100302329,-0.0154334738885811
0.3896795166668873,-0.025795684663993512,-0.025794442531067396,-0.0154334738885811
-0.2917128212478551,-0.033385152658956585,-0.03338284679673531,-0.0154334738885811
-0.335184150379834,-0.04950298825296251,-0.04949858033105816,-0.0154334738885811
-0.3429974994044364,-0.0503169480736414,-0.050312481261876006,-0.0154334738885811
-0.3512193895545082,-0.025648867403271325,-0.02564750377859865,-0.0154334738885811
-0.2206266654161785,-0.02135524936867661,-0.02135450855764473,-0.0154334738885811
-0.1382800948137514,-0.016858190510591342,-0.016857982236321168,-0.0154334738885811
-0.3432017699671711,-0.04872716777507158,-0.048722829672010845,-0.0154334738885811
-0.332196693399839,-0.036474373829886275,-0.03647166825448828,-0.0154334738885811
0.0637562586410407,-0.03539935565448715,-0.03539673709688974,-0.0154334738885811
-0.2997655498381622,-0.0043894894381626415,-0.004390869107316002,-0.0154334738885811
0.3210988669562535,0.007143548537644762,0.007140618615703932,-0.0154334738885811
0.1142749221873668,-0.015859078990306585,-0.01585903742909313,-0.0154334738885811
-0.360232828135177,-0.005305910186732987,-0.0053072123036619605,-0.0154334738885811
1.6996123761163109,-0.06144647579359841,-0.06144053959729159,-0.0154334738885811
-0.3627894018969035,0.004746529830153889,0.004743996321411854,-0.0154334738885811
-0.3075693236801364,-0.036533790094267715,-0.03653109772773295,-0.0154334738885811
-0.1691249497866915,-0.03880170441953723,-0.03879865215030979,-0.0154334738885811
-0.3300135517606118,-0.013716318436408415,-0.013716513593960405,-0.0154334738885811
-0.0625084829493475,-0.015012933152767971,-0.015012924299597606,-0.0154334738885811
-0.3626074734269679,0.013571361771516521,0.013567675044314323,-0.0154334738885811
0.7062893137230487,0.012478725439809324,0.01247507743400521,-0.0154334738885811
0.002602758922339,0.03282418089036376,0.03281793383348608,-0.0154334738885811
-0.1758531114467658,-0.025780595355287872,-0.02577932190513453,-0.0154334738885811
-0.3498916308967326,-0.005149210359755685,-0.005150523689583833,-0.0154334738885811
-0.3260175088771143,-0.0510262259886467,-0.051021635082997924,-0.0154334738885811
0.7490712297057981,-0.04317216585140393,-0.043168578473471095,-0.0154334738885811
-0.2890700708424749,-0.023833854673670274,-0.023832771842897584,-0.0154334738885811
-0.2291677283205232,-0.000888060736059515,-0.0008899176294551725,-0.0154334738885811
-0.3582443818760564,-0.035540709261125514,-0.035538137793894836,-0.0154334738885811
0.1142749221873668,-0.021401968947833083,-0.021401166179316443,-0.0154334738885811
-0.3629138792710699,-0.023648449584678488,-0.02364736410757049,-0.0154334738885811
-0.30289663455758,-0.03664643353658903,-0.03664372244605936,-0.0154334738885811
-0.0686365998313886,0.019394393842040003,0.019389860353779736,-0.0154334738885811
-0.335184150379834,-0.03338199186046964,-0.03337968641137611,-0.0154334738885811
-0.3300263186707828,-0.01328051651972828,-0.013280806042492984,-0.0154334738885811
0.2062030588730687,0.01650146338124081,0.016497412355912768,-0.0154334738885811
0.3992706579327901,-0.038804865218024176,-0.03880181253566899,-0.0154334738885811
0.391265805255624,-0.007484396540565541,-0.007485474665767504,-0.0154334738885811
1.061490288498355,-0.007490492998508458,-0.007491498756487884,-0.0154334738885811
-0.2938768125218258,0.021366376788233055,0.021361626116864263,-0.0154334738885811
-0.3572836718856947,-0.023478213347461363,-0.023477212172654537,-0.0154334738885811
-0.3208501019854348,-0.011582027381088267,-0.011582469934677226,-0.0154334738885811
0.0091458003849349,-0.02298667957835754,-0.02298570641409611,-0.0154334738885811
-0.2473222745835699,-0.05979409378766398,-0.059788367825619415,-0.0154334738885811
-0.2266015793761685,-0.06296838899719504,-0.06296223630960979,-0.0154334738885811
-0.3539898090615976,-0.005822460967442211,-0.005823646568189076,-0.0154334738885811
-0.0236077076585575,-0.027173516885394378,-0.0271720639390111,-0.0154334738885811
-0.268295116266847,-0.023689413041960705,-0.023688442908018914,-0.0154334738885811
-0.3452444755945182,-0.014180013878522857,-0.014180189310740679,-0.0154334738885811
-0.3352096842001759,-0.05018915816235392,-0.05018473475301619,-0.0154334738885811
-0.3292603040605276,-0.034205695799773395,-0.03420330950583171,-0.0154334738885811
-0.3523333024669209,0.000607926498119582,0.0006059723717429157,-0.0154334738885811
-0.1449827226534838,-0.035547030858099404,-0.035544458564613246,-0.0154334738885811
0.1420174179887737,-0.0022702416121429536,-0.002271913138669845,-0.0154334738885811
-0.0637085725054139,0.005318597462183661,0.0053159151426077095,-0.0154334738885811
-0.2018593074649276,-0.04134765500461235,-0.041344347587609916,-0.0154334738885811
-0.3450402050317834,-0.010290902642831057,-0.01029150315632639,-0.0154334738885811
16.3882457418751,0.0010734213920002844,0.001071267433016847,-0.0154334738885811
-0.3151656352318331,-0.030992865262222224,-0.030990830369689963,-0.0154334738885811
-0.2596934105391904,-0.0012489309425163242,-0.0012507297274400985,-0.0154334738885811
-0.3600030237521004,-0.013567500369813246,-0.013567748336314075,-0.0154334738885811
-0.1349989988998252,-0.04104200714246353,-0.0410387134492544,-0.0154334738885811
0.0709695628876099,0.013611075802630879,0.013607358492434508,-0.0154334738885811
0.1964682898677429,-0.032003908057987474,-0.03200179951230248,-0.0154334738885811
-0.3206554066053283,-0.008142936687516311,-0.008143866279772094,-0.0154334738885811
-0.3285389736358707,-0.03623917296486745,-0.03623650882442384,-0.0154334738885811
-0.351883268883396,-0.011216335738748029,-0.011216853650345004,-0.0154334738885811
-0.3639862997254272,-0.056015561011271586,-0.05601028868956206,-0.0154334738885811
0.0654223404183456,0.004719364068725085,0.004716739777345153,-0.0154334738885811
-0.351883268883396,-0.04828742961644217,-0.0482831695575986,-0.0154334738885811
-0.3445295286249467,-0.022832265026409004,-0.022831286208894595,-0.0154334738885811
-0.3544877185582635,-0.0039023665301733956,-0.0039038710366740698,-0.0154334738885811
-0.0542482920687629,-0.021153197123766176,-0.021152562236412147,-0.0154334738885811
-0.3538749068700593,-0.0442340193355939,-0.04423036728330206,-0.0154334738885811
0.0374564236889477,-0.040396645647824414,-0.040393471078501074,-0.0154334738885811
0.5101369099932789,0.0025995964577809616,0.002597323620013735,-0.0154334738885811
0.4818725667386357,-0.051023065190159755,-0.05101847469763872,-0.0154334738885811
-0.3311881074963364,-0.04218182656418534,-0.04217839110662192,-0.0154334738885811
-0.2853868172581648,-0.010723623677430183,-0.010724102669660621,-0.0154334738885811
-0.3588540018367178,0.02082439806804892,0.02081974395828131,-0.0154334738885811
-0.2907553029850362,0.008937461726407747,0.00893430490856562,-0.0154334738885811
0.1156697071235397,-0.0354025164529741,-0.03539989748224894,-0.0154334738885811
-0.3505810440459623,-0.00898032758569478,-0.008981153874513818,-0.0154334738885811
-0.0978568654850793,0.0023586932277535055,0.002356400515096382,-0.0154334738885811
-0.3444146264334084,-0.01667027127765941,-0.016670038044918015,-0.0154334738885811
1.5374486789890698,-0.043391746485553995,-0.04338817578857049,-0.0154334738885811
-0.1931075905427627,0.022330618781028377,0.022325746347904747,-0.0154334738885811
0.4647010725587497,0.023388514682700645,0.023383516537891974,-0.0154334738885811
-0.3636160593304705,-0.01571202818577966,-0.015711992176975602,-0.0154334738885811
-0.1896030737008455,0.027452775564329457,0.027447219375995535,-0.0154334738885811
-0.3469552415574213,0.016344230203859667,0.016340121203201136,-0.0154334738885811
-0.1003942888815494,-0.037548406794499556,-0.03754555444344729,-0.0154334738885811
-0.3546409214803145,-0.003726213052761551,-0.0037276746722345096,-0.0154334738885811
-0.2317977118157325,-0.009731841371843686,-0.009732470297233644,-0.0154334738885811
-0.3138889442147413,-0.03488323402878102,-0.0348808018176328,-0.0154334738885811
-0.350146969100151,-0.002415620629692583,-0.00241729401953124,-0.0154334738885811
-0.1928586357944298,-0.03876755709437241,-0.03876452774824543,-0.0154334738885811
0.2349126481199226,-0.019259155439666387,-0.0192586296305341,-0.0154334738885811
0.7597762838841136,0.01787211668544053,0.01786783204610313,-0.0154334738885811
1.9419762070734927,-0.047452759344635,-0.04744859311488279,-0.0154334738885811
-0.2901680251171739,0.008260933835188666,0.008257918343406142,-0.0154334738885811
-0.3524130956554892,-0.00950565906596701,-0.009506395850464875,-0.0154334738885811
-0.3225066085801115,-0.03246059707639759,-0.03245847105722186,-0.0154334738885811
-0.3486564323376962,-0.002482645063290434,-0.0024842817091825977,-0.0154334738885811
3.9261455512868575,-0.02080573967580257,-0.020805004891847338,-0.0154334738885811
-0.3592753098723581,-0.03968072760264718,-0.039677497948347185,-0.0154334738885811
0.1360169702084418,-0.023005547160211748,-0.02300448423664197,-0.0154334738885811
-0.2406324136540084,-0.016693038481012223,-0.016692809975308344,-0.0154334738885811
-0.2187754634413952,-0.03650883699624785,-0.03650613816689706,-0.0154334738885811
0.7269972420202793,-0.036335458413072175,-0.03633274708242033,-0.0154334738885811
-0.3310221376641145,-0.015156604980099075,-0.015156691000981834,-0.0154334738885811
-0.2595785083476521,0.00845343033313739,0.008450316793342365,-0.0154334738885811
-0.3306774310894996,-0.054934755739665775,-0.05492962153514924,-0.0154334738885811
-0.3542579141751869,-0.036626558237530915,-0.03662385992332142,-0.0154334738885811
-0.0320594021917058,0.026663505974344304,0.026658083462251424,-0.0154334738885811
-0.2662683692772136,-0.016866538993497215,-0.0168663525580412,-0.0154334738885811
-0.3559048455872354,-0.04240819535852047,-0.042404719120280064,-0.0154334738885811
0.0911891568708027,-0.04140831397856992,-0.0414049306725175,-0.0154334738885811
-0.3070905645487269,-0.001089773971914454,-0.0010915978110077069,-0.0154334738885811
-0.3121526444314963,0.0012298708223017485,0.0012277203612740938,-0.0154334738885811
0.1458985586807331,0.007542969848937986,0.007539985374280722,-0.0154334738885811
-0.3406515796605301,-0.01465053558553464,-0.014650659747109501,-0.0154334738885811
5.068295677270066,-0.017260712254010713,-0.017260555173937216,-0.0154334738885811
-0.3438911831164007,-0.03518358203417904,-0.035181032667803105,-0.0154334738885811
0.0069945760211351,-0.0024182841446993564,-0.0024199877497016395,-0.0154334738885811
0.4981822944819847,0.01771541420648859,0.0177111244895429,-0.0154334738885811
-0.3512193895545082,-0.029553683331510427,-0.029551891164680693,-0.0154334738885811
-0.2610722368376497,0.014352582244157475,0.014348778763188087,-0.0154334738885811
0.3088043324616586,0.0276730236487559,0.02766743725256412,-0.0154334738885811
-0.3660290053527742,-0.016999643936982167,-0.016999526039823378,-0.0154334738885811
-0.2723326516084001,0.003241780928656013,0.0032393787122068484,-0.0154334738885811
-0.2725560725363912,-0.010393407304611912,-0.010394090729958089,-0.0154334738885811
0.0170293674154774,-0.02870843895487951,-0.028706743732983816,-0.0154334738885811
-0.3352990525713723,0.013992238383210065,0.013988409716181703,-0.0154334738885811
0.1278461476990537,-0.004847466104266118,-0.004848851748073608,-0.0154334738885811
-0.3174636790625986,-0.0380013718683081,-0.03799842007807988,-0.0154334738885811
-0.3341564141110751,-0.044821639894513154,-0.04481786218181888,-0.0154334738885811
0.2214658999824022,-0.03768934082187769,-0.03768652484621874,-0.0154334738885811
0.9813906940860097,-0.04273819253064559,-0.042734628557114476,-0.0154334738885811
-0.2916872874275132,-0.006883506661027994,-0.006884646525920642,-0.0154334738885811
-0.351730065961345,-0.06336318011046416,-0.06335695692394343,-0.0154334738885811
-0.2753967100494207,-0.030817684325805672,-0.03081571989245021,-0.0154334738885811
-0.3367161796003443,-0.012338070466975992,-0.012338465996992905,-0.0154334738885811
-0.3478042410837874,0.0010432143420224804,0.0010410917802314724,-0.0154334738885811
-0.1573666255192752,0.00407474104315142,0.004072197016579944,-0.0154334738885811
-0.3561793341559102,-0.04641208183235612,-0.046408138290558225,-0.0154334738885811
-0.3561314582427692,-0.014708096718646146,-0.01470812598215936,-0.0154334738885811
-0.366054539173116,-0.02346483203219485,-0.023463878368868176,-0.0154334738885811
2.8297073471706278,-0.023520622601395758,-0.023519642217603984,-0.0154334738885811
-0.3557133419346717,0.014414543942999458,0.014410684159364114,-0.0154334738885811
-0.0284527500684212,-0.03474328072715949,-0.03474076047096345,-0.0154334738885811
1.952891915269629,-0.02629348512326324,-0.026292085525241968,-0.0154334738885811
-0.3032030404016821,0.02755739687765235,0.027551861047384475,-0.0154334738885811
-0.2406483722917221,0.015471842919748013,0.015467822123008691,-0.0154334738885811
3.965978311020125,-0.004472438822086033,-0.004473762722978622,-0.0154334738885811
0.1774455937130737,-0.010036578197532009,-0.010037339011980416,-0.0154334738885811
0.4977131105332033,0.0021091716539594074,0.0021069126261474124,-0.0154334738885811
-0.298185644704511,-0.03793447755207957,-0.03793161822372488,-0.0154334738885811
0.695207635694691,-0.03647121303139933,-0.03646850786912908,-0.0154334738885811
-0.3282836354324523,0.020683478417822698,0.020678825122328964,-0.0154334738885811
-0.3529748397030096,0.005212245295073359,0.005209583325723797,-0.0154334738885811
-0.3269111925890786,-0.02646724453089533,-0.02646585103354375,-0.0154334738885811
-0.0724411390623224,-0.05492527334420494,-0.054920140379071634,-0.0154334738885811
-0.3165699953506342,-0.023517461802908812,-0.02351648183224478,-0.0154334738885811
-0.2711836296930174,-0.01855157899260007,-0.018551225168335524,-0.0154334738885811
0.3619402125930232,-0.054096544780229294,-0.05409148583837179,-0.0154334738885811
-0.3456306746271885,-0.017321371950702158,-0.017321158363300084,-0.0154334738885811
-0.3600030237521004,-0.031804602580185914,-0.03180254454730913,-0.0154334738885811
-0.1372204412695651,-0.04027213929746942,-0.04026893739750346,-0.0154334738885811
-0.3568495969398835,0.001510785703457529,0.0015086187263447116,-0.0154334738885811
1.3724634947140557,0.0011648765554284068,0.001162799731634424,-0.0154334738885811
0.0442994875405602,-0.005258892975163576,-0.005260205471819969,-0.0154334738885811
0.2588027287772546,0.014294770966769121,0.014290909251579621,-0.0154334738885811
-0.1590007900211528,-0.0421912913817728,-0.04218784264202797,-0.0154334738885811
-0.3454998137979366,-0.02037258441546541,-0.020371860040910433,-0.0154334738885811
-0.3469041739167376,-0.03918559012221401,-0.03918255918817943,-0.0154334738885811
-0.3051563776578327,0.010216356433039309,0.010213124730959667,-0.0154334738885811
0.5700440401065445,0.0013034714691766425,0.001301379085021025,-0.0154334738885811
-0.2713751333455812,0.02641405353717552,0.026408651725401036,-0.0154334738885811
-0.1410888150513535,-0.001228540191247518,-0.001230395846465407,-0.0154334738885811
-0.0311529515695706,0.01786177341012163,0.017857495871830484,-0.0154334738885811
2.3519695685748405,-0.0008901500422346942,-0.0008920387187821774,-0.0154334738885811
-0.0331924654693749,-0.0039118489256342315,-0.003913352192751679,-0.0154334738885811
-0.2398408652234114,-0.009140585886838082,-0.009141410899879333,-0.0154334738885811
-0.3204000684019099,-0.010287741844344112,-0.010288342770967187,-0.0154334738885811
-0.3594987308003491,-0.031539781084823915,-0.03153772489898931,-0.0154334738885811
-0.3409547937770894,-0.0072954823535109625,-0.007296555420108458,-0.0154334738885811
0.2444591052002272,-0.006445583472391547,-0.006446774883567314,-0.0154334738885811
-0.3267101137538866,-0.04710183940320256,-0.0470977407595472,-0.0154334738885811
-0.2279676387644568,-0.053150490055017485,-0.05314566602243109,-0.0154334738885811
1.2914095737664342,-0.03789269420275865,-0.03788987701570604,-0.0154334738885811
-0.3475935870659672,0.002832704678246145,0.0028304232688076744,-0.0154334738885811
-0.2882912893220488,-0.036350608801170026,-0.036347864261547486,-0.0154334738885811
-0.3189957082831088,-0.010680283867337437,-0.010680822899741647,-0.0154334738885811
-0.3508874498900643,0.012059241109954044,0.012055776311063355,-0.0154334738885811
-0.0052808081082034,0.0008208021447533298,0.0008187543600812804,-0.0154334738885811
-0.3435241344489869,-0.025893961211874483,-0.025892645047365007,-0.0154334738885811
0.3740560103452253,0.004997353852488118,0.004994758700599034,-0.0154334738885811
-0.3184084304152466,-0.05317819892607645,-0.05317328919248594,-0.0154334738885811
-0.2150985933121706,-0.03789281056995719,-0.03788991582211709,-0.0154334738885811
-0.227776135111893,-0.05153250813995491,-0.051527856132882244,-0.0154334738885811
-0.2375109041172187,0.01860407531733088,0.01859967517580083,-0.0154334738885811
-0.3165699953506342,-0.031046146158240973,-0.031044176574850937,-0.0154334738885811
-0.335184150379834,-0.001209427996050394,-0.001211271726793424,-0.0154334738885811
0.9784734551119546,0.02944915531975667,0.0294433493675349,-0.0154334738885811
0.1119258107159178,-0.031517690978903445,-0.03151568797516868,-0.0154334738885811
-0.2534376245554401,0.009950283335255605,0.009947053470889465,-0.0154334738885811
1.786331613452277,-0.004963109089700879,-0.004964408360405187,-0.0154334738885811
1.0099758059586972,-0.04009120549829959,-0.040088016753782346,-0.0154334738885811
-0.0559973587621788,0.0019606153066042964,0.0019583262344924305,-0.0154334738885811
-0.2590039973899608,-0.0037249698522128227,-0.003726481576659866,-0.0154334738885811
0.8498149178645193,-0.02408213607861498,-0.024081029895095543,-0.0154334738885811
-0.0763286632093672,-0.03333824225967419,-0.03333593083421302,-0.0154334738885811
-0.1487808784293322,-0.010902378686720837,-0.01090301699651144,-0.0154334738885811
-0.0949236678733106,-0.048979592579005526,-0.048975275089464976,-0.0154334738885811
-0.161691416339674,-0.04239718866082853,-0.042393715483765866,-0.0154334738885811
-0.2956194957601563,-0.032570852685692486,-0.03256859716346623,-0.0154334738885811
-0.2749498681934386,0.010633726118379982,0.010630357264373244,-0.0154334738885811
-0.3181658591219991,-0.022157622743009142,-0.022156754119503273,-0.0154334738885811
-0.3539898090615976,0.00015217607308670722,0.00015014310795381965,-0.0154334738885811
0.6051690017142852,-0.018123476645058645,-0.01812311775473248,-0.0154334738885811
-0.3350820150984667,-0.047742708109376863,-0.04773846167281591,-0.0154334738885811
-0.2554803301827871,-0.028342094564875353,-0.028340532201396738,-0.0154334738885811
0.3052710900718568,-0.006749834578618774,-0.006750906046508952,-0.0154334738885811
-0.3022550973214914,-0.04326424556684039,-0.043260710654093086,-0.0154334738885811
-0.3590838062197943,-0.022327523820539596,-0.022326685133337916,-0.0154334738885811
0.7970237443077696,-0.010899217888233892,-0.01089985661115224,-0.0154334738885811
-0.3577305137416768,-0.04027846089444331,-0.04027525816822187,-0.0154334738885811
3.547064071036848,-0.032912413442169,-0.03291016306184254,-0.0154334738885811
-0.3055649187833021,0.0008399253551836239,0.0008378027984617519,-0.0154334738885811
-0.3449444532055016,-0.04282798155463219,-0.0428244630027686,-0.0154334738885811
-0.1697345697473529,0.01420842051158111,0.014204622067017761,-0.0154334738885811
2.18200688519694,0.004224117981143749,0.0042215670072395985,-0.0154334738885811
-0.1619307959053787,-0.0027970022272860717,-0.00279858145039197,-0.0154334738885811
4.10639836426252,-0.028981129403790717,-0.028979351764179893,-0.0154334738885811
-0.3449763704809289,0.00962464177051281,0.009621416484642388,-0.0154334738885811
0.9944799687387442,-0.017405280843009407,-0.017405108787512027,-0.0154334738885811
-0.3495086235916051,-0.02513647487750248,-0.02513531894299696,-0.0154334738885811
-0.3062287981121899,-0.04194497409559972,-0.041941597127735,-0.0154334738885811
-0.3409069178639484,0.020928299024291164,0.020923582696847486,-0.0154334738885811
4.112654150246271,-0.00807442573238859,-0.008075371067951226,-0.0154334738885811
-0.2624797886839935,-0.02836863568163217,-0.028367007338183363,-0.0154334738885811
-0.1389024816845837,-0.028878090929735478,-0.0288763822223522,-0.0154334738885811
-0.3434571081705895,-0.028571074321353862,-0.028569321393123237,-0.0154334738885811
-0.0174412900460037,-0.029438133823198598,-0.029436339007631623,-0.0154334738885811
-0.3495086235916051,-0.018538831630504404,-0.018538473644379164,-0.0154334738885811
-0.3496522513310279,0.0032629881353454238,0.003260596294412792,-0.0154334738885811
-0.2326594782522695,-0.07224515186137204,-0.0722377802287693,-0.0154334738885811
-0.3132122979756826,-0.0035044880838430714,-0.003506059105415172,-0.0154334738885811
0.0855302239375428,-0.026783754461661147,-0.026782299198574083,-0.0154334738885811
-0.3322413775854372,-0.0032779946873997545,-0.0032795261245292737,-0.0154334738885811
-0.2945470753057991,-0.001207630341447441,-0.0012094352988112102,-0.0154334738885811
-0.272677358183015,0.0031072337446342857,0.0031047927711157688,-0.0154334738885811
1.4113834203701023,-0.032106553086931555,-0.0321044358643517,-0.0154334738885811
-0.1874199320616183,-0.03282411024979304,-0.032821881102928566,-0.0154334738885811
-0.3423591538958905,0.023528124147874863,0.023523143472572214,-0.0154334738885811
-0.3390908248921352,-0.03995520583385925,-0.03995198912400648,-0.0154334738885811
0.5537566544559948,0.030545661614088004,0.030539718798828136,-0.0154334738885811
-0.3261834787093362,-0.0006042128963112958,-0.000606072016794865,-0.0154334738885811
-0.2662683692772136,-0.029409144608392168,-0.0294073575629958,-0.0154334738885811
-0.3409547937770894,-0.055433122549692015,-0.055427950249672654,-0.0154334738885811
0.1918402849307849,-0.013571925546186137,-0.013572154922585782,-0.0154334738885811
-0.3409547937770894,-0.003615630679890458,-0.003617143763465948,-0.0154334738885811
1.062141400917072,-0.038076207535706175,-0.038073360288023994,-0.0154334738885811
-0.3022455221388632,0.026976462126675926,0.02697100864984451,-0.0154334738885811
-0.0794884734766697,-0.003081094910672988,-0.0030826568411781857,-0.0154334738885811
-0.2113578886320913,-0.018633382553645106,-0.01863301189000522,-0.0154334738885811
-0.3341244968356477,-0.04150706546944605,-0.04150373893202432,-0.0154334738885811
-0.2885147102500399,-0.039996816925153666,-0.0399936333646252,-0.0154334738885811
-0.1242045763503132,-0.01098684510237291,-0.010987416313810162,-0.0154334738885811
0.493442579081031,-0.02434357745921467,-0.024342402490448254,-0.0154334738885811
0.2942883555973238,0.021868933412626745,0.02186409412066185,-0.0154334738885811
-0.3334861513271018,-0.0047865194121303745,-0.0047878902629955415,-0.0154334738885811
-0.2934746548514418,-0.01425228025802383,-0.014252453921095965,-0.0154334738885811
1.0422122541402674,-0.019290489283996237,-0.019290038259299824,-0.0154334738885811
0.3989195679030899,-0.02615025415756378,-0.026148880530265158,-0.0154334738885811
-0.2501820624618558,-0.04609824286769637,-0.04609433288900751,-0.0154334738885811
-0.1730188573888218,-0.04112360278717908,-0.04112030079133358,-0.0154334738885811
-0.3495469243221178,0.006274311797069387,0.006271572335168249,-0.0154334738885811
-0.0964173963633082,-0.022983518779870593,-0.022982546028736905,-0.0154334738885811
-0.3503512396628857,-0.011219496537234974,-0.011220014035704207,-0.0154334738885811
-0.3369842847139336,-0.03432972108840815,-0.03432736813887356,-0.0154334738885811
-0.1640692533590076,-0.03157103170656406,-0.031568923575118514,-0.0154334738885811
-0.2904233633205923,-0.022887270761930978,-0.022886321968268276,-0.0154334738885811
-0.3469041739167376,-0.008670766135164598,-0.008671603116818014,-0.0154334738885811
-0.2784288512150139,-0.020438274055011973,-0.020437683988213124,-0.0154334738885811
-0.3156890785488409,0.0069968878875243945,0.006994055330609537,-0.0154334738885811
-0.2855464036353012,-0.0378895334042717,-0.03788671663034684,-0.0154334738885811
-0.2565527506371444,-0.043363006921989466,-0.04335934946945611,-0.0154334738885811
-0.2374470695663641,0.0013893750137672356,0.0013872834942138968,-0.0154334738885811
-0.3045690997899704,-0.03139452183703462,-0.03139252696990181,-0.0154334738885811
-0.3581135210468044,-0.016213799370369486,-0.01621370775327163,-0.0154334738885811
-0.3572453711551819,-0.003025946114130207,-0.0030274677351845095,-0.0154334738885811
-0.342435755356916,-0.020991482562795483,-0.02099085314573895,-0.0154334738885811
1.01477297245542,0.024084653151971835,0.02407952425746323,-0.0154334738885811
-0.2358990817081402,-0.027845193180160877,-0.02784368141534989,-0.0154334738885811
0.1754411888162395,-0.03267203866663415,-0.03266989900917842,-0.0154334738885811
-0.1742189469448881,-0.03153662028633697,-0.031534564513630105,-0.0154334738885811
-0.3246131487583131,-0.003308868819683397,-0.003310391992237408,-0.0154334738885811
-0.3021689206778377,-0.017639501889917142,-0.01763920806269672,-0.0154334738885811
-0.2884827929746126,-0.05947205224832075,-0.05946638870083607,-0.0154334738885811
-0.1508235840566792,-0.03707384515041667,-0.03707110450411777,-0.0154334738885811
-0.2514587534789477,-0.05425907325815871,-0.05425403518540852,-0.0154334738885811
-0.3316349493523186,0.005125646336122003,0.005122958938373995,-0.0154334738885811
-0.293768293785373,-0.015705706588805768,-0.015705671406257195,-0.0154334738885811
0.2277312611487807,0.004649047158842734,0.004646465475880794,-0.0154334738885811
-0.2088970666966467,-0.03798833311736338,-0.03798547804211488,-0.0154334738885811
-0.239025378836244,0.009451703942060519,0.00944848287038253,-0.0154334738885811
7.07441134006724,-0.009440629373385079,-0.009441395302045665,-0.0154334738885811
-0.3301667546826629,-0.039070827057109625,-0.0390678301538314,-0.0154334738885811
-0.3614137673259869,-0.01235640977841257,-0.012356890927703024,-0.0154334738885811
-0.0560611933130335,0.008624286572331386,0.008621192769622045,-0.0154334738885811
-0.3589561371180851,-0.03710321374338044,-0.03710037829080076,-0.0154334738885811
-0.3391291256226479,0.01713566956640733,0.017131458393336747,-0.0154334738885811
-0.3363906233909859,-0.03855802521737495,-0.03855505756816592,-0.0154334738885811
-0.2700633333255193,0.010581891641646024,0.010578504626083939,-0.0154334738885811
-0.3604402904254544,0.006281469612897439,0.006278699816647351,-0.0154334738885811
0.0673469521266116,0.016844144330224964,0.01683992748823098,-0.0154334738885811
-0.335184150379834,-0.015764323467132968,-0.01576427772922321,-0.0154334738885811
-0.3585348290824448,-0.016269274820070123,-0.016269248367086615,-0.0154334738885811
-0.2804907072076173,0.02129150006965297,0.02128674272480561,-0.0154334738885811
0.2205498741776388,-0.01981476667337745,-0.019814244564780304,-0.0154334738885811
-0.3363906233909859,0.018943897620543382,0.01893952511651848,-0.0154334738885811
-0.2929831288098615,-0.02514129773801521,-0.02513995635685399,-0.0154334738885811
-0.3401249446159797,0.012798612663303288,0.012795041085460082,-0.0154334738885811
-0.3655693965866211,-0.0063430630994130155,-0.006344287212091335,-0.0154334738885811
0.1001419526281596,0.027093374568568862,0.027087895871103038,-0.0154334738885811
-0.3372523898275229,0.012911787075045922,0.012908081678950351,-0.0154334738885811
0.399615364507405,0.028586668551682237,0.028580994712649903,-0.0154334738885811
-0.3577432806518478,0.018196878718645948,0.01819260632740264,-0.0154334738885811
-0.3475935870659672,-0.024651201121370647,-0.02464997179144556,-0.0154334738885811
-0.2935257224921256,-0.03853589962796633,-0.0385329348706515,-0.0154334738885811
-0.3551484061596085,0.0019170873176079795,0.0019148452521367352,-0.0154334738885811
-0.2831909087087667,0.024398826473074564,0.02439370471903237,-0.0154334738885811
-0.0734369580556541,-0.03768618002339075,-0.037683364460859535,-0.0154334738885811
-0.3120760429704707,-0.018727045515122498,-0.01872658318793733,-0.0154334738885811
-0.2595019068866266,0.02424923749159902,0.024244117624520722,-0.0154334738885811
0.2572706995567444,-0.0016840258083892223,-0.0016857178326648067,-0.0154334738885811
-0.3427676950213599,-0.03785939122899151,-0.037856468136572535,-0.0154334738885811
-0.0412037016016265,-0.03592730835802804,-0.035924703317286685,-0.0154334738885811
-0.2580337122169709,-0.0016916299266132029,-0.0016934080933101274,-0.0154334738885811
-0.2113195879015786,0.012859043746775711,0.012855399805023716,-0.0154334738885811
-0.326799482125083,-0.04295022729838216,-0.0429467015549494,-0.0154334738885811
-0.3620329624692766,-0.0011327577500228614,-0.0011345696310140225,-0.0154334738885811
-0.3187244114419768,0.030785193459538007,0.03077923616953964,-0.0154334738885811
-0.2406707143845212,-0.004125492336772396,-0.004126886391480412,-0.0154334738885811
-0.3390397572514516,-0.040261580696826726,-0.04025838255388147,-0.0154334738885811
-0.0314848912340145,-0.02714995510564755,-0.027148516645407458,-0.0154334738885811
-0.2266143462863394,0.020289178612756587,0.020284578112540752,-0.0154334738885811
0.7576761271609973,-0.010866972021577936,-0.010867541449385537,-0.0154334738885811
0.321022265495228,-0.04794200199489218,-0.04793776935294366,-0.0154334738885811
-0.3488958119034009,-0.031263915766304606,-0.03126183692039267,-0.0154334738885811
-0.2974196300942558,-0.03788528081634368,-0.03788234072947094,-0.0154334738885811
-0.3448646600169333,0.009512910296658461,0.009509754585971477,-0.0154334738885811
0.3138281116139153,-0.04159670016930406,-0.0415933377357204,-0.0154334738885811
0.85355721840837,-0.03398906452406436,-0.03398668639727833,-0.0154334738885811
-0.3045052652391158,0.016039664794362807,0.01603560913720916,-0.0154334738885811
-0.3301029201318083,0.023210730917314848,0.02320572466818486,-0.0154334738885811
0.46150934501602,-0.031590008555776095,-0.03158793187016272,-0.0154334738885811
-0.3415420716449516,-0.001581964399345992,-0.0015837851763019686,-0.0154334738885811
-0.1133080185194339,-0.04214380622075886,-0.04214040244043748,-0.0154334738885811
-0.3447210322775105,0.010627404521407868,0.010624036493654837,-0.0154334738885811
-0.2125707450983286,-0.030451124497590243,-0.030449185167330254,-0.0154334738885811
-0.304952107095098,-0.03706707906883189,-0.03706426866852543,-0.0154334738885811
-0.2281591424170206,-0.0265738646271636,-0.026572413472687413,-0.0154334738885811
-0.3617552821730591,0.00803103988446452,0.008027956119908397,-0.0154334738885811
-0.3044669645086031,-0.021666454379998257,-0.021665716037275757,-0.0154334738885811
-0.3314498291548403,-0.03251423619551552,-0.032512003871879865,-0.0154334738885811
-0.1389503575977246,-0.05341998238394652,-0.053415057181374015,-0.0154334738885811
0.5314847796628266,-0.007687970166010416,-0.007688920420259444,-0.0154334738885811
0.0657734304480458,-0.0426696444661534,-0.042666159780161354,-0.0154334738885811
1.6730970995550831,-0.04267526406362876,-0.042671765714352064,-0.0154334738885811
-0.2993538169851501,-0.014946639376397286,-0.01494659714072333,-0.0154334738885811
-0.0365820801197539,0.004914213429474401,0.0049116241498246786,-0.0154334738885811
-0.362275533762524,-0.008217287198242218,-0.008218181031487607,-0.0154334738885811
0.174253866170344,-0.023164221274655006,-0.023163197275012606,-0.0154334738885811
-0.3274474028162571,0.027602508331431963,0.02759691962348143,-0.0154334738885811
-0.3628117439897026,-0.023318400858780564,-0.023317376271575173,-0.0154334738885811
-0.350146969100151,0.023704443586083812,0.023699419064885603,-0.0154334738885811
0.6836663489001803,-0.017217195042739775,-0.017216947947039138,-0.0154334738885811
-0.3460934751208843,-0.007750979769529209,-0.007752008569664301,-0.0154334738885811
-0.2408111503964013,-0.04561037050118699,-0.04560652109351336,-0.0154334738885811
-0.3551484061596085,-0.013526459728579354,-0.01352670244188019,-0.0154334738885811
-0.3527514187750185,-0.04160618256476489,-0.04160281889179801,-0.0154334738885811
-0.177385140667276,-0.05431555569325219,-0.05431053361081022,-0.0154334738885811
-0.3432017699671711,-0.03696799866578537,-0.036965219773516904,-0.0154334738885811
-0.3525726820326256,-0.0358931250687089,-0.03589054294277939,-0.0154334738885811
-0.347325481952378,-0.010712204844345763,-0.010712777471577367,-0.0154334738885811
-0.3528535540563858,-0.02045861272686267,-0.020457981442645903,-0.0154334738885811
-0.328618766824439,-0.047289035290276615,-0.047284902214055985,-0.0154334738885811
-0.2088970666966467,-0.03585216852345141,-0.03584958614854595,-0.0154334738885811
1.8338883538389503,-0.009577513889796663,-0.00957818282359757,-0.0154334738885811
-0.351730065961345,-0.012785300545459677,-0.012785623788729139,-0.0154334738885811
0.0146930228541992,-0.0035076488823300167,-0.003509219490774375,-0.0154334738885811
0.1228925865527371,-0.035297981458526806,-0.0352954770380947,-0.0154334738885811
-0.3364608413969259,-0.04948755951172856,-0.04948322392148433,-0.0154334738885811
-0.2415005635456309,-0.008248884580414284,-0.008249869951738608,-0.0154334738885811
-0.3388610205090587,0.005616499468393599,0.005613764845566133,-0.0154334738885811
-0.3434762585358459,-0.0357174869611665,-0.035714898151374797,-0.0154334738885811
-0.3600030237521004,-0.027448247120563707,-0.02744667872217956,-0.0154334738885811
0.0178592165765871,-0.05093947908926033,-0.05093494561942341,-0.0154334738885811
-0.253450391465611,-0.03359520906739277,-0.033592918498905514,-0.0154334738885811
-0.2415005635456309,0.012729656657866073,0.012726081184258076,-0.0154334738885811
-0.2381492496257647,0.00925881444146448,0.009255661372524095,-0.0154334738885811
-0.3136336060113229,-0.04780259675744958,-0.047798344528791226,-0.0154334738885811
-0.3584454607112483,-0.018509852933371818,-0.018509493934781955,-0.0154334738885811
-0.1626489346024929,0.018395060766689397,0.01839066275017126,-0.0154334738885811
-0.1241231872979736,0.006023832656897099,0.006021080762884384,-0.0154334738885811
-0.1210766833584381,-0.04453497669650197,-0.044531209458964424,-0.0154334738885811
-0.2955301273889598,-0.018719395245282655,-0.01871893298164181,-0.0154334738885811
-0.3225193754902825,-0.033321236402466425,-0.03331899172626989,-0.0154334738885811
-0.2513310843772385,-0.04709214391997918,-0.04708802456188026,-0.0154334738885811
1.1637277051470738,0.008027879085977574,0.008024795734549192,-0.0154334738885811
-0.3520620056257889,-0.026903780411206668,-0.02690222083902879,-0.0154334738885811
0.3267290743416288,0.01020908983712765,0.010205772530400786,-0.0154334738885811
-0.3482702333050259,-0.024050822887614842,-0.024049725700900013,-0.0154334738885811
-0.3316349493523186,-0.04157147685069695,-0.04156813398406363,-0.0154334738885811
-0.3503512396628857,-0.02896801906899782,-0.02896633825607525,-0.0154334738885811
-0.3555601390126207,0.0040420595991790265,0.004039558400378141,-0.0154334738885811
-0.3459658060191751,-0.03778615443502353,-0.037783349453555014,-0.0154334738885811
-0.2702899459810531,-0.031810924177159805,-0.03180886531802754,-0.0154334738885811
0.2881538552601972,-0.041150842417494005,-0.04114752900505161,-0.0154334738885811
-0.356913431490738,-0.03963662270910007,-0.039633486282502274,-0.0154334738885811
-0.3620808383824175,-0.026355455681315476,-0.02635406820706785,-0.0154334738885811
2.7465947619579447,-0.024040356573097554,-0.024039262407493323,-0.0154334738885811
-0.3439231003918281,-0.033601219681541394,-0.03359892684456465,-0.0154334738885811
-0.3557133419346717,0.0029436569595748807,0.0029412964528153385,-0.0154334738885811
-0.2917064377927696,0.012638148616726852,0.01263454034118054,-0.0154334738885811
-0.0713687186079652,0.007263106422781718,0.007260206704163287,-0.0154334738885811
0.3464475671006131,-0.010073253182603992,-0.010073874494831126,-0.0154334738885811
-0.2934874217616128,-0.03343237455869108,-0.03342999671149074,-0.0154334738885811
-0.3032030404016821,-0.008689671466969529,-0.008690539495730456,-0.0154334738885811
-0.1808322064134241,-0.0266725975786386,-0.026671120814587924,-0.0154334738885811
-0.3397100200354248,-0.023722325241566367,-0.02372130558284014,-0.0154334738885811
-0.3510789535426281,-0.0016639854483582184,-0.001665779382504718,-0.0154334738885811
0.0178592165765871,-0.025852240982425556,-0.025850908170681836,-0.0154334738885811
-0.3130590950536315,0.013715108558859157,0.01371137888361809,-0.0154334738885811
-0.1952843487269044,-0.027877714187473757,-0.027876157556460075,-0.0154334738885811
-0.3369970516241045,-0.03908684464066958,-0.03908387777681006,-0.0154334738885811
0.1780998978593333,-0.023159668224449703,-0.023158588769197526,-0.0154334738885811
-0.266300286552641,0.0001403959166772495,0.00013838542929528463,-0.0154334738885811
-0.3432017699671711,-0.046849105693011595,-0.04684507447742778,-0.0154334738885811
0.0194231630725247,-0.05427846832947303,-0.054273451704760535,-0.0154334738885811
0.8592368975706575,0.011593308515140066,0.01158984973920304,-0.0154334738885811
-0.3600413244826132,-0.006989570452843097,-0.006990623748775009,-0.0154334738885811
-0.3543600494565543,-0.02326883015656378,-0.023267817974384836,-0.0154334738885811
-0.3572645215204383,-0.023095290650271494,-0.023094312372599575,-0.0154334738885811
-0.358732716190094,-0.049475455208627395,-0.049471048756257976,-0.0154334738885811
-0.2848569904860716,0.014177169810999146,0.014173366436743455,-0.0154334738885811
-0.2797055422321058,-0.04302397453185591,-0.04302035389898235,-0.0154334738885811
-0.349202217747503,-0.0071681898850162185,-0.007169312603885343,-0.0154334738885811
-0.3481297972931458,-0.013922375331780756,-0.013922559765369812,-0.0154334738885811
0.6370384012284417,0.0005744489346621862,0.0005724629149967703,-0.0154334738885811
-0.3223917063885733,-0.029256313137580037,-0.029254508493625212,-0.0154334738885811
0.1812948171296058,-0.025027374324039897,-0.025026136751498312,-0.0154334738885811
4.227735078526934,-0.03706579117803699,-0.03706307606540503,-0.0154334738885811
1.195590721206145,-0.024445762200118182,-0.02444454339922572,-0.0154334738885811
-0.3340351284644514,-0.04039190974886253,-0.04038862253211432,-0.0154334738885811
-0.1155294608891738,-0.0025930214769243065,-0.002594717174812926,-0.0154334738885811
0.6489914208759645,0.003110394543121231,0.0031079531564749702,-0.0154334738885811
-0.3526045993080529,-0.015022415548228807,-0.015022405455675214,-0.0154334738885811
2.231098846531665,0.04357649649508488,0.04356889330819698,-0.0154334738885811
-0.2343830111253436,-0.012216332895642168,-0.012216817349723897,-0.0154334738885811
-0.3488447442627173,-0.020329488375855576,-0.020328875411378507,-0.0154334738885811
0.1874165505565615,-0.030212226887845972,-0.03021024036909193,-0.0154334738885811
-0.3517428328715158,0.0026051187002771314,0.002602817581011262,-0.0154334738885811
-0.3638394802584616,-0.05641038599518744,-0.05640513565771911,-0.0154334738885811
-0.3416569738364899,-0.042115515505470213,-0.04211210731798252,-0.0154334738885811
-0.3377311489589324,-0.006914050482500045,-0.006915104690626067,-0.0154334738885811
-0.3635362661419022,0.018542741951774744,0.018538319740151105,-0.0154334738885811
-0.2894275443272606,-0.021306139679104774,-0.0213054055100804,-0.0154334738885811
-0.3135825383706392,-0.029779247889079485,-0.02977740255393175,-0.0154334738885811
-0.3368693825223953,-0.0357530532223862,-0.03575045157435306,-0.0154334738885811
-0.3171062055778129,-0.03249502408916172,-0.03249279630381453,-0.0154334738885811
-0.1628180961622575,-0.04736823575819926,-0.047364161164200946,-0.0154334738885811
-0.0615190474111013,-0.0012606546176421318,-0.001262394790878375,-0.0154334738885811
-0.3635011571389323,-0.011163722346648086,-0.01116431382962433,-0.0154334738885811
0.003652837283897,-0.03938077788256855,-0.039377734748212455,-0.0154334738885811
-0.3223406387478896,-0.023642127987704598,-0.02364104333685209,-0.0154334738885811
-0.3048882725442434,0.006226851083869889,0.006224027235307449,-0.0154334738885811
0.0548992147099657,-0.030360042204986115,-0.030358109477502535,-0.0154334738885811
-0.3493809544898959,-0.04484843979496844,-0.044844695347895536,-0.0154334738885811
0.3516756168156044,-0.020369423616978466,-0.02036869965555123,-0.0154334738885811
-0.3444976113495194,-0.041958837218011524,-0.041955400312320916,-0.0154334738885811
-0.3165699953506342,-0.016421701120982846,-0.01642158602303128,-0.0154334738885811
-0.3438911831164007,-0.0007065815903075645,-0.0007084433162954512,-0.0154334738885811
-0.3579603181247534,-0.021013405173899713,-0.02101273592104915,-0.0154334738885811
-0.272830561105066,-0.03913907107557435,-0.03913596462584774,-0.0154334738885811
0.8419505011992331,-0.026243075264803295,-0.026241633197084162,-0.0154334738885811
-0.3554835375515952,0.017996539910001275,0.01799225539747302,-0.0154334738885811
-0.1848314410244645,-0.021563413064932035,-0.02156264571519363,-0.0154334738885811
-0.3647267805153404,-0.03633407470026029,-0.03633144714280037,-0.0154334738885811
2.3524962036193915,0.002251695769448503,0.002249409310468112,-0.0154334738885811
-0.2846527199233369,-0.023697747758392396,-0.023696719116058904,-0.0154334738885811
0.2039688495931578,0.0043029087353261275,0.004300381174930914,-0.0154334738885811
-0.3517045321410031,-0.0006010520978243505,-0.0006029116314356636,-0.0154334738885811
-0.3487681428016918,0.006768630835068734,0.00676570892861929,-0.0154334738885811
-0.3475935870659672,-0.028090581149479377,-0.028088948552359532,-0.0154334738885811
-0.2749498681934386,-0.021394932817376144,-0.02139418058848832,-0.0154334738885811
-0.304632934340825,0.0031307219879632697,0.003128338325277943,-0.0154334738885811
-0.3597859862791948,-0.010033829010851036,-0.010034566534689097,-0.0154334738885811
-0.0044828762225209,0.011670929674728825,0.01166749237547054,-0.0154334738885811
-0.0950641038851908,-0.052723544311556125,-0.05271872887094175,-0.0154334738885811
-0.351730065961345,-0.013437124273567136,-0.013437385412623976,-0.0154334738885811
-0.3465977680726356,0.005386713065274051,0.005383969438505774,-0.0154334738885811
-0.3616403799815208,-0.02368782947728576,-0.02368684348835736,-0.0154334738885811
-0.3546153876599727,-0.02370090855687934,-0.023699879501418105,-0.0154334738885811
-0.3281176656002304,-0.031156108958411366,-0.03115404115714008,-0.0154334738885811
-0.3033243260483059,-0.01586223978879353,-0.01586219781445233,-0.0154334738885811
-0.3544877185582635,-0.0319026437594605,-0.03190051043939542,-0.0154334738885811
0.7431154661110643,-0.025242316777449147,-0.025241082507881384,-0.0154334738885811
0.3998451688904815,-0.03778931523351048,-0.03778650983891422,-0.0154334738885811
0.062559360812517,-0.02167450781498026,-0.0216737724788124,-0.0154334738885811
0.5302336224660765,-0.042650150071620985,-0.04264671113640607,-0.0154334738885811
-0.3440316191282808,-0.030759112051244486,-0.03075718896663939,-0.0154334738885811
0.2054354483990421,-0.015389755497860591,-0.015389831633682419,-0.0154334738885811
-0.2993729673504064,-0.03503565669578279,-0.03503312779072754,-0.0154334738885811
1.0670917703358456,-0.035378164364114895,-0.035375604417265144,-0.0154334738885811
0.1377053940785458,0.004885494390878264,0.00488289252916956,-0.0154334738885811
0.0528405504449049,-0.012853802418092641,-0.012854056350925024,-0.0154334738885811
-0.356607025646636,-0.045925280192912865,-0.04592138908748977,-0.0154334738885811
-0.3364863752172677,-0.04571341554594177,-0.04570947811081607,-0.0154334738885811
-0.3498916308967326,-0.040409919361628965,-0.04040669435250457,-0.0154334738885811
-0.3546409214803145,0.003993362436904846,0.003990836445241631,-0.0154334738885811
0.2068414043816146,-0.02379902744822182,-0.023798006037597134,-0.0154334738885811
1.7040329187629912,-0.04040675856314202,-0.04040353396714537,-0.0154334738885811
1.240265331621733,-0.025527095603436578,-0.02552580304414155,-0.0154334738885811
-0.0197776346072818,0.00700004868601134,0.006997215715968742,-0.0154334738885811
-0.3459977232946024,0.02910971879677149,0.029104020020727935,-0.0154334738885811
-0.3498916308967326,0.005993719513725182,0.005990994135866649,-0.0154334738885811
-0.2009496651152497,-0.025599668287576094,-0.025598350458968834,-0.0154334738885811
-0.3585731298129575,-0.010794098140658903,-0.010794739193703048,-0.0154334738885811
-0.0379321808703286,-0.001081154468492329,-0.0010830018239353992,-0.0154334738885811
1.6308689483009975,0.025145371277305983,0.025140120151158733,-0.0154334738885811
-0.2556718338353509,-0.024590212757894747,-0.02458906225881861,-0.0154334738885811
-0.3231449540886575,-0.04476887578453592,-0.04476507797554545,-0.0154334738885811
-0.2850740279589772,-0.006419271843693508,-0.006420434276231984,-0.0154334738885811
-0.2901744085722593,0.012527278574987477,0.012523727858042987,-0.0154334738885811
-0.3507533973332697,-0.011883248911354727,-0.011883756836364756,-0.0154334738885811
-0.3475217731962558,-0.02732348184659017,-0.027322032271212347,-0.0154334738885811
-0.3435720103621278,-0.03840278776295136,-0.038399832524509896,-0.0154334738885811
-0.3111312916178228,-0.025420483618667333,-0.025419270772848487,-0.0154334738885811
-0.1819046268677813,-0.002295740801981694,-0.0022973360298073064,-0.0154334738885811
-0.2587997268272261,0.00120966372134923,0.0012075311245601846,-0.0154334738885811
-0.3087183455955191,-0.042314240159591066,-0.0423108362108929,-0.0154334738885811
0.1295952143924696,-0.044608181876366615,-0.04460444085708605,-0.0154334738885811
-0.3081438346378277,-0.05418126117752031,-0.05417630078079411,-0.0154334738885811
-0.3604243317877408,-0.003625113075351294,-0.003626624919543556,-0.0154334738885811
-0.2891722061238422,-0.020511508407315304,-0.020510858849371715,-0.0154334738885811
-0.320706474246012,-0.0023408804941293937,-0.0023425174697423844,-0.0154334738885811
-0.0735837775226197,0.019546373660174865,0.019541862037151594,-0.0154334738885811
0.0019324961383657,-0.00828105367733123,-0.008281898141559843,-0.0154334738885811
-0.3349543459967575,0.0165077849782147,0.016503733126631177,-0.0154334738885811
0.4582218656470083,-0.025219020362195366,-0.025217712877313274,-0.0154334738885811
-0.0300166965643588,-0.013664018815955359,-0.01366421206767047,-0.0154334738885811
-0.363067082193121,-0.003933613412558046,-0.00393505093330658,-0.0154334738885811
-0.353195068903458,0.018299764785423278,0.01829536789461754,-0.0154334738885811
-0.2726629954090727,-0.00876276433765888,-0.008763670615138323,-0.0154334738885811
-0.317233874679522,-0.030354964033092457,-0.030353122122257683,-0.0154334738885811
-0.3087502628709463,-0.019324531564526737,-0.01932406703512359,-0.0154334738885811
1.0248173390323907,-0.022563184809964554,-0.022562300199512227,-0.0154334738885811
-0.361343549320047,-0.03382196744468402,-0.03381962268491661,-0.0154334738885811
1.141960123305657,-0.033425534304225124,-0.033423207186227856,-0.0154334738885811
-0.3278687108518975,0.016534796029162635,0.016530679768607573,-0.0154334738885811
5.21713550777018,0.013814236537960767,0.013810537450533482,-0.0154334738885811
0.4396779286237485,-0.0375073154000205,-0.03750452315196557,-0.0154334738885811
0.1423493576532176,-0.03767976646288318,-0.037676934029695214,-0.0154334738885811
-0.286057080042138,-0.04170130465245592,-0.041697910676781406,-0.0154334738885811
-0.3498277963458781,0.02051461218285411,0.020509945166368206,-0.0154334738885811
0.6747007862326524,-0.03702478137162757,-0.03702196022496564,-0.0154334738885811
-0.2589273959289353,0.007180784609582602,0.007177879758521121,-0.0154334738885811
-0.3396142682091429,-0.023170542871628896,-0.02316951804573101,-0.0154334738885811
-0.0657193608573336,-0.02171033578017223,-0.021709455512018958,-0.0154334738885811
-0.3121526444314963,0.006368882709217871,0.006366071739254324,-0.0154334738885811
-0.3364097737562423,-0.04238559709504486,-0.04238211469170986,-0.0154334738885811
-0.2342617254787199,-0.007627061645250066,-0.0076280509232946984,-0.0154334738885811
-0.313620839101152,0.020203079073505492,0.020198457497586975,-0.0154334738885811
-0.3219320976224202,-0.03455702611596756,-0.03455447252413753,-0.0154334738885811
-0.239681278846275,0.0015039087612720436,0.001501731251316309,-0.0154334738885811
1.7821823676467288,-0.013469194593151101,-0.013469434959242096,-0.0154334738885811
0.7551610458573262,-0.03752765174557737,-0.03752480382238711,-0.0154334738885811
-0.2745509022505973,0.009729842093246788,0.00972657179978999,-0.0154334738885811
-0.3391163587124771,-0.001595110350967488,-0.0015968423264774677,-0.0154334738885811
-0.3630255897350655,0.008915772198275107,0.008912647032373383,-0.0154334738885811
-0.252352437190912,-0.03140084343400851,-0.03139884774062022,-0.0154334738885811
-0.0811800890743164,-0.03450712731345362,-0.034504753707752814,-0.0154334738885811
-0.1195127368625005,-0.017231711627912816,-0.017231499327089735,-0.0154334738885811
-0.2918277234393934,-0.029950491253648792,-0.029948618196600295,-0.0154334738885811
-0.2356022510466664,-0.017485179340109624,-0.017484964430434822,-0.0154334738885811
-0.2368661751535873,-0.003618991110670322,-0.0036204232795682863,-0.0154334738885811
-0.3597732193690239,-0.031141000650698913,-0.03113892051408261,-0.0154334738885811
7.930151795003594,0.0118763271621809,0.011872782729241535,-0.0154334738885811
1.0758211451652115,0.0013534353222173223,0.001351266309551553,-0.0154334738885811
0.014683447671571,0.0006038701717052675,0.0006018249236972046,-0.0154334738885811
-0.3435241344489869,0.006231158157200767,0.006228326457932415,-0.0154334738885811
1.2543855342707693,-0.04068456909077334,-0.040681350434538785,-0.0154334738885811
-0.3013135376963861,-0.01802277384388873,-0.018022527514945205,-0.0154334738885811
-0.3471978128506687,-0.041074099208358916,-0.04107078443894425,-0.0154334738885811
-0.0268888035724837,-0.040403597764655075,-0.040400373581786164,-0.0154334738885811
0.0357584246362154,-0.03238595052341253,-0.03238379228681793,-0.0154334738885811
-0.3171445063083256,-0.03603549563953834,-0.03603284588802428,-0.0154334738885811
-0.3508970250726925,-0.044350438910297996,-0.044346765193490234,-0.0154334738885811
0.3593900222863822,-0.012532060901834896,-0.012532418402451279,-0.0154334738885811
-0.3491894508373321,-0.04162201733752724,-0.04161864995835657,-0.0154334738885811
-0.305909625357917,-0.0008063319802360525,-0.0008082046774075761,-0.0154334738885811
0.6466295424943446,-0.015128652176960244,-0.015128682868136605,-0.0154334738885811
-0.3644969761322639,-0.034264625609351285,-0.03426225226176001,-0.0154334738885811
-0.3062287981121899,-0.026324022406452485,-0.0263226806553531,-0.0154334738885811
-0.2194648765906248,0.0037603310340674767,0.003757869127955683,-0.0154334738885811
-0.3320179566574461,-0.034132028619319854,-0.03412968609062848,-0.0154334738885811
0.4981822944819847,-0.0415796291820989,-0.04157630229205552,-0.0154334738885811
-0.2470541694699807,-0.02416997120721298,-0.024168849275444996,-0.0154334738885811
-0.2711453289625047,-0.018955539613831007,-0.018955115833403844,-0.0154334738885811
-0.2831334576129976,0.017991647898217167,0.017987297321729552,-0.0154334738885811
0.9433325348665004,-0.022272904405957306,-0.02227200635158251,-0.0154334738885811
-0.3083991728412461,-0.024573812386600835,-0.024572680031405288,-0.0154334738885811
-0.3469552415574213,0.00473499168112923,0.004732471655060884,-0.0154334738885811
-0.3434954089011023,-0.02572099044787457,-0.025719618450784375,-0.0154334738885811
-0.2219671909841249,-0.011908484024905519,-0.011908943382353536,-0.0154334738885811
-0.3654225771196555,-0.035180349198830285,-0.035177784810544115,-0.0154334738885811
0.0720866675275652,0.011176915621566863,0.011173528473135583,-0.0154334738885811
-0.3501214352798092,-0.010689956361838782,-0.01069063787628354,-0.0154334738885811
-0.3063820010342409,-0.011636316230811516,-0.01163681302009867,-0.0154334738885811
-0.1100333060605932,-0.015703323262268754,-0.01570328043408861,-0.0154334738885811
-0.211255753350724,0.003298562784218362,0.0032961430342910384,-0.0154334738885811
-0.3636288262406414,-0.02534822799871783,-0.0253469931312571,-0.0154334738885811
-0.2007581614626859,0.008625823248197051,0.00862273036716108,-0.0154334738885811
-0.3109685135131436,-0.021025451610295676,-0.021024664447103145,-0.0154334738885811
-0.3289028305757419,-0.00839757714695466,-0.008398452871060107,-0.0154334738885811
-0.2726518243626731,-0.02657004499161708,-0.026568577764233936,-0.0154334738885811
-0.3037871265420017,-0.039405339401941575,-0.03940223351520503,-0.0154334738885811
-0.0029508470020107,-0.03565538688795833,-0.03565277805827883,-0.0154334738885811
-0.0147123629969697,-0.00402250134279214,-0.004023980609752445,-0.0154334738885811
2.0048372810275548,-0.03539619485600021,-0.03539357671153053,-0.0154334738885811
-0.36069243690133,-0.0444530160629828,-0.044449267840357895,-0.0154334738885811
-0.3379545698869234,-0.01491130104877314,-0.0149113362098219,-0.0154334738885811
-0.1203234356583538,-0.0007145715456999824,-0.0007165319254427809,-0.0154334738885811
0.0950862562004757,0.013629709442573912,0.013625941585404222,-0.0154334738885811
-0.3550941467913821,-0.026516647772149682,-0.026515218080281268,-0.0154334738885811
-0.3332786890368244,-0.030372685398933896,-0.030370751018939345,-0.0154334738885811
-0.3409547937770894,-0.05040394602682774,-0.050399468832586114,-0.0154334738885811
-0.2863890197065818,-0.043812477411920625,-0.04380884482523604,-0.0154334738885811
-0.2949300826109267,-0.029597977605277492,-0.029596192460647756,-0.0154334738885811
-0.3471850459404978,-0.0356768635687601,-0.03567426144197454,-0.0154334738885811
0.0831747290110083,-0.00400654406471368,-0.0040079591352679775,-0.0154334738885811
-0.0475328973188596,-0.00836777863641558,-0.008368610581145448,-0.0154334738885811
-0.3413122672618751,-0.03947136006905794,-0.03946830068872711,-0.0154334738885811
-0.3387461183175204,-0.04487868550441121,-0.04487483816016885,-0.0154334738885811
-0.2368278744230746,-0.0353873356190757,-0.03538474546744892,-0.0154334738885811
-0.2651448811821728,-0.035186670795804176,-0.03518410558126252,-0.0154334738885811
-0.359677467542742,0.006681653737679483,0.006678776629964968,-0.0154334738885811
0.3545545550591466,-0.022969951609114858,-0.022968949711443577,-0.0154334738885811
-0.100221935594242,-0.04585721393391928,-0.04585329410726724,-0.0154334738885811
-0.2648895429787544,0.005389873863760997,0.005387129823864975,-0.0154334738885811
-0.3372523898275229,0.01637147807609729,0.016367413694760517,-0.0154334738885811
-0.3083991728412461,-0.0353662778983761,-0.035363739668279374,-0.0154334738885811
-0.3427676950213599,0.009572742476660068,0.009569471642819785,-0.0154334738885811
-0.3432017699671711,-0.008400737945441605,-0.008401613256419312,-0.0154334738885811
-0.3597349186385111,-0.012485718106240995,-0.012486099407113732,-0.0154334738885811
-0.2305465546189825,-0.0039304526140711005,-0.003931890547947377,-0.0154334738885811
-0.3540664105226231,-0.010979237639576311,-0.010979844889608388,-0.0154334738885811
4.457501160872962,-0.027280682499952746,-0.027279188255722835,-0.0154334738885811
-0.1715761965395079,-0.009179284543909816,-0.009180091063785954,-0.0154334738885811
-0.3572198373348401,-0.018584578683942254,-0.018584180862069758,-0.0154334738885811
0.9881284309287124,0.011830358752636272,0.011826824494143766,-0.0154334738885811
-0.2662045347263591,0.009615159375051974,0.009611935328564776,-0.0154334738885811
