Transaction_Amount,Transaction_Hour,Transaction_Frequency,Account_Age_Days,International_Transaction,New_Device,Failed_Attempts,Distance_From_Home,Online_Transaction,Fraud
109.59,7,3,1852,0,0,1,14.23,0,0
58.08,0,4,1880,1,0,0,68.93,0,0
127.45,23,3,237,1,0,1,23.13,1,1
305.83,21,5,2315,0,0,1,32.86,1,0
52.76,3,5,1447,0,0,0,6.52,1,0
52.77,11,7,1269,1,0,0,2.49,0,0
323.5,23,2,1053,1,1,1,2.17,0,1
143.66,2,4,2481,1,0,2,15.97,1,0
41.7,12,4,2470,0,0,2,31.53,0,0
114.73,19,4,2402,0,0,4,37.19,1,1
41.95,5,8,198,0,0,0,31.86,1,0
41.86,10,9,1650,0,0,1,60.98,0,0
84.94,22,6,1418,0,0,2,1.34,1,0
9.84,3,3,1976,1,0,2,48.33,0,0
11.88,19,5,2327,0,0,0,27.02,1,0
38.0,15,5,674,1,1,2,4.83,1,0
24.22,6,4,1251,0,0,0,28.67,1,0
91.31,21,3,30,0,0,0,17.92,0,0
26.9,10,2,1193,0,0,3,11.12,1,0
16.24,23,3,1525,0,0,1,7.12,1,0
288.78,0,3,438,0,0,2,15.6,1,0
53.21,6,6,1899,0,1,0,6.83,1,0
71.35,11,6,1000,1,0,2,2.16,1,0
16.04,6,2,232,0,0,0,46.79,1,0
38.69,22,2,969,0,0,0,22.46,1,0
74.51,6,3,167,0,0,1,11.3,1,0
21.09,9,10,2017,0,1,3,14.8,0,0
97.1,15,1,810,0,0,0,50.03,1,0
36.57,7,4,731,0,0,1,9.64,1,0
49.81,8,3,2376,0,0,2,11.96,1,0
36.54,8,8,1264,0,1,0,36.32,0,0
425.08,1,1,2355,0,0,2,5.59,1,0
65.79,12,8,454,0,1,1,26.92,0,0
23.16,12,8,114,0,1,0,14.24,0,0
151.8,22,5,1671,0,0,2,17.34,0,0
19.67,22,9,892,0,0,0,38.65,0,0
82.18,3,5,1332,0,0,1,124.52,1,0
9.4,23,10,1101,0,0,1,44.52,1,0
17.67,11,9,547,1,1,1,4.38,1,0
81.2,16,4,1653,0,0,1,6.36,0,0
139.56,1,5,810,0,0,1,13.19,1,0
79.15,12,7,1074,0,0,1,31.76,0,0
59.4,17,8,1581,0,0,0,17.8,1,0
49.35,14,4,1439,0,0,1,58.02,0,0
15.2,7,2,1541,0,0,1,1.25,0,0
32.46,14,8,251,0,0,2,7.48,1,0
42.07,0,7,1372,0,0,0,6.19,0,0
191.93,19,5,2077,0,0,1,34.08,1,0
94.03,9,9,1888,1,1,1,15.63,0,1
11.44,11,8,1901,0,1,0,0.38,0,0
92.21,4,6,1049,0,0,1,37.12,0,0
45.37,8,6,310,0,0,1,11.23,1,0
33.89,22,5,174,0,0,0,7.54,1,0
122.94,7,4,1291,0,0,0,5.04,0,0
186.98,15,9,1621,0,0,0,72.97,0,0
169.23,13,2,2410,0,0,2,71.2,1,0
28.81,12,8,1030,0,0,3,1.99,0,0
48.95,22,5,1559,0,0,2,6.62,1,0
92.88,20,4,1978,0,0,2,25.97,1,1
176.89,12,5,887,0,0,1,27.75,0,0
41.3,4,3,1330,0,1,2,13.52,1,0
55.39,15,8,1989,0,0,1,21.01,1,0
22.06,10,7,1250,0,0,0,30.32,0,0
20.16,21,4,2285,0,1,2,75.15,1,1
150.28,4,2,440,0,0,2,32.28,1,1
258.85,12,3,2227,0,1,0,2.92,1,0
62.05,10,2,1264,0,1,1,31.63,1,0
181.91,18,7,2127,0,0,0,1.75,1,0
95.74,2,5,1144,0,0,0,17.45,0,0
34.98,14,6,11,0,1,1,18.71,0,0
95.72,6,2,1960,1,0,2,37.66,1,0
310.45,6,6,2328,0,0,1,0.29,0,0
64.34,5,3,2327,1,1,2,51.94,0,0
318.83,2,3,199,0,0,1,27.26,1,0
4.86,12,3,31,0,0,0,0.79,1,0
151.7,6,6,2071,1,1,0,4.36,0,1
72.75,4,5,1751,0,0,1,1.01,1,0
49.45,22,8,1579,0,0,2,36.3,1,0
73.1,17,4,1497,0,0,1,4.69,0,0
9.14,21,5,577,0,0,2,1.17,0,0
53.53,7,5,1982,0,0,1,3.71,0,0
95.31,16,7,1433,0,0,3,20.5,1,0
292.33,19,6,815,1,0,1,17.1,0,0
39.72,0,1,923,0,0,1,7.07,0,0
29.71,13,2,2336,0,0,1,71.59,1,0
40.38,16,7,777,0,0,1,48.24,0,0
166.57,9,9,1143,0,1,0,9.44,1,0
92.64,11,10,57,0,0,2,16.09,1,0
39.26,15,7,753,0,0,0,18.18,0,0
111.42,13,7,1115,0,0,0,35.28,1,0
73.48,15,2,1311,0,1,0,13.96,1,0
175.68,7,5,390,0,0,0,19.77,1,0
33.05,22,5,319,0,0,3,13.3,1,0
48.05,9,7,551,1,0,0,35.97,1,0
45.06,16,5,776,0,0,1,20.29,1,0
15.43,17,6,1216,0,0,3,43.97,1,0
89.67,19,4,193,0,0,0,1.38,1,0
86.58,15,11,1991,1,0,0,58.67,1,0
67.03,16,5,648,0,0,0,42.79,0,0
52.74,15,6,1470,0,0,2,42.66,0,0
16.19,18,3,603,0,0,0,3.78,1,0
43.79,23,1,1266,0,0,0,7.65,1,0
47.34,23,5,1854,0,0,1,98.13,1,0
29.9,7,5,10,0,0,2,75.03,1,0
56.75,5,5,2419,0,0,2,6.42,0,0
99.89,5,6,728,1,0,0,14.18,0,0
439.74,20,1,292,0,0,0,4.24,1,0
79.41,8,11,2226,0,0,0,7.62,1,0
86.28,3,1,1219,0,0,1,5.11,1,0
61.9,11,5,2179,0,0,0,2.11,1,0
9.79,11,6,450,0,0,2,21.66,1,0
64.94,22,5,648,0,0,2,6.89,0,0
70.83,16,5,483,1,0,1,121.47,1,1
783.09,14,3,1867,0,0,3,18.11,0,0
55.02,8,5,950,0,0,1,11.12,0,0
90.16,6,2,669,0,0,0,61.09,1,0
64.41,9,7,301,0,0,2,24.24,1,0
20.72,15,6,256,0,0,1,3.4,0,0
209.1,11,5,1951,0,0,2,17.22,1,0
141.45,6,4,197,0,0,1,14.54,1,0
147.09,17,4,1556,1,0,2,36.22,0,0
26.86,14,6,566,0,0,1,29.59,1,0
271.18,5,11,1157,0,0,0,11.58,1,0
16.41,11,6,256,0,0,0,15.85,1,0
119.92,10,4,1370,0,0,0,18.29,0,0
596.13,19,0,968,0,0,1,13.72,0,0
24.77,2,5,2349,0,0,1,2.85,1,0
37.85,1,3,1836,0,0,1,58.96,1,0
73.67,5,2,2208,0,1,2,27.91,1,1
40.31,23,4,2208,1,0,0,15.86,0,0
14.14,21,5,133,0,0,1,21.08,0,0
71.42,4,8,2329,0,0,1,5.99,1,0
23.05,17,2,1904,0,0,0,18.91,0,0
107.08,15,4,1373,0,1,2,34.26,0,1
26.59,7,9,1762,0,0,0,19.07,0,0
314.17,19,2,668,0,0,0,16.38,0,0
30.47,21,5,1595,1,0,2,15.52,1,0
48.32,10,6,990,0,0,2,35.85,0,1
150.43,9,6,1490,0,0,2,34.99,1,0
19.48,23,6,734,0,1,0,34.66,0,0
83.72,11,5,1563,0,0,0,7.06,0,0
246.45,20,5,655,0,0,2,24.05,1,0
13.36,5,5,1836,1,0,1,37.73,0,0
80.21,19,5,1559,0,0,1,20.63,1,0
86.48,4,2,2121,1,0,1,37.74,1,0
145.74,22,2,1426,0,0,0,48.17,1,0
19.36,8,7,1708,0,0,2,4.78,1,0
17.81,15,4,527,0,1,2,9.14,1,0
112.39,21,5,338,0,0,1,22.99,1,0
89.75,13,2,699,0,0,1,8.55,1,0
85.67,21,4,488,1,0,1,70.92,1,1
94.3,7,6,400,1,0,1,5.4,0,0
33.78,19,3,421,0,0,0,11.04,1,0
84.12,18,6,1291,0,0,2,129.21,1,1
89.4,13,3,878,0,0,3,5.24,0,0
32.64,6,9,516,1,0,1,14.89,0,0
430.86,4,0,1732,0,0,1,9.41,0,0
107.11,17,2,1953,0,0,1,41.49,0,0
20.26,1,3,967,0,0,0,9.07,1,0
128.58,10,9,1772,0,0,0,4.4,0,0
25.16,21,4,1744,0,0,3,67.63,0,0
146.51,7,7,2351,0,0,1,9.55,0,0
212.43,0,6,772,0,0,2,33.85,1,0
29.35,21,9,1510,0,0,1,8.58,1,0
174.75,11,4,1863,0,1,2,4.92,0,0
100.76,1,7,1738,0,0,0,40.54,1,0
151.72,17,3,2176,0,0,2,1.43,1,0
444.43,6,5,1724,0,0,0,10.09,0,0
52.18,16,4,1769,0,0,1,37.86,1,0
31.38,21,2,1352,0,0,1,17.94,1,0
27.4,22,1,1428,0,0,3,29.25,0,0
29.49,13,2,1646,0,0,4,1.73,0,0
61.74,23,5,559,0,1,1,34.64,1,0
93.8,6,5,2015,0,0,2,4.72,1,0
87.94,21,5,2193,0,0,2,41.35,0,0
152.5,2,8,768,0,0,0,20.76,0,0
67.56,5,6,333,0,0,1,33.6,0,0
285.3,19,3,1935,0,1,2,5.98,1,0
51.18,1,3,120,0,0,2,12.58,0,0
1012.49,16,5,1833,0,0,1,40.5,1,0
124.67,11,3,1148,1,0,2,60.42,0,0
28.3,11,2,1730,0,0,2,6.42,1,0
22.85,16,6,733,0,0,3,39.42,1,0
108.04,9,6,2422,0,0,1,2.87,1,0
53.33,2,6,1517,0,0,0,13.87,0,0
136.18,19,6,776,0,0,1,69.81,0,0
107.04,17,7,841,0,0,0,72.57,1,0
62.0,12,2,2170,0,0,1,8.8,1,0
28.59,11,7,1303,0,0,2,5.36,1,0
14.66,16,4,2377,0,0,0,4.05,1,0
42.67,3,5,184,0,0,3,16.39,1,0
157.02,22,5,1855,0,0,2,2.41,0,0
82.61,9,5,1236,0,0,1,11.03,0,0
19.19,10,4,1968,0,0,0,0.43,0,0
79.3,5,4,135,0,0,2,7.51,0,0
98.03,5,3,1004,0,1,2,57.63,1,1
27.55,8,3,1500,0,0,2,14.81,1,0
77.77,14,7,2311,0,0,0,1.92,0,0
70.68,1,5,1861,0,0,1,26.02,1,0
21.26,3,4,2349,0,0,2,77.88,1,0
95.37,4,9,208,0,0,1,15.56,1,0
116.84,16,5,1232,0,1,0,24.47,1,0
196.97,7,5,696,1,1,0,62.96,1,0
191.29,7,6,1486,0,0,1,13.58,1,0
16.82,21,6,791,0,0,0,27.31,1,0
26.11,11,6,950,1,0,0,14.53,1,0
111.61,20,4,2275,0,0,0,81.84,0,0
111.47,7,3,827,1,0,1,17.52,1,0
111.61,18,4,2080,0,1,0,54.21,1,1
3142.37,2,5,646,0,0,0,17.69,1,0
118.02,17,2,720,0,0,0,27.59,1,0
207.59,20,6,2386,0,0,0,12.2,0,0
173.12,18,0,1268,1,0,1,62.39,0,0
127.92,18,9,931,0,0,1,26.03,1,0
48.65,14,3,1686,0,0,0,0.5,1,0
142.45,5,10,128,1,0,1,0.39,1,1
30.79,15,4,1073,1,0,0,28.19,1,0
52.62,7,4,269,0,0,0,3.03,1,0
41.04,15,7,765,0,0,0,31.48,1,0
72.38,17,5,15,0,0,1,9.72,1,0
674.96,19,4,2368,0,0,0,19.35,0,0
10.31,15,10,75,1,0,1,4.79,0,0
132.46,10,5,1179,1,0,0,7.07,1,0
13.29,6,7,38,0,1,0,14.36,0,0
41.6,16,3,1676,0,0,0,27.38,1,0
198.14,16,4,669,0,0,0,4.23,1,0
71.11,11,3,909,0,0,2,8.26,1,0
22.7,12,2,913,0,0,1,5.8,1,0
32.61,9,3,370,0,0,2,49.63,0,0
131.58,6,6,1628,0,1,0,26.1,1,0
32.12,13,7,1957,0,0,0,15.8,1,0
82.8,22,5,2083,0,0,1,73.41,0,0
69.8,0,3,2128,0,0,2,33.28,1,0
34.76,16,3,1122,0,0,0,67.29,0,0
569.04,3,7,186,0,0,0,22.76,1,0
125.7,20,3,2084,0,0,1,3.71,1,0
8.8,4,4,1322,0,0,1,28.13,0,0
80.35,19,7,584,0,1,1,5.63,1,0
34.41,23,4,540,0,0,3,10.61,1,0
156.4,22,2,502,0,0,0,17.81,0,0
30.19,6,3,2335,0,0,1,4.28,1,0
59.46,9,2,1271,0,0,1,0.53,1,0
110.5,16,8,1170,0,1,1,9.9,1,0
158.5,6,6,1196,0,1,1,43.48,1,1
20.08,0,12,856,0,0,0,0.39,1,0
47.73,6,4,302,0,1,5,2.9,1,1
41.47,23,3,1061,0,0,1,41.11,1,0
34.7,10,1,265,0,0,0,9.13,1,0
389.73,8,6,914,0,0,2,69.6,0,1
99.98,11,2,1785,0,0,2,11.96,1,0
18.9,2,4,1788,0,1,3,39.83,0,1
166.98,3,4,674,1,0,0,7.49,1,0
556.77,3,5,274,0,0,1,1.6,1,0
187.25,12,4,1990,0,1,1,53.33,1,0
14.59,22,5,1597,0,0,1,65.53,0,0
41.09,18,7,410,0,0,1,30.78,1,0
236.73,9,6,786,0,0,0,36.75,1,0
32.86,4,4,1224,0,1,0,0.18,1,0
103.94,6,5,1157,1,1,0,35.04,1,0
144.7,23,3,1464,0,0,2,15.98,0,0
26.39,15,1,2460,1,1,2,15.07,1,0
62.83,0,4,2358,0,1,2,19.42,1,0
2.61,11,5,2271,0,0,1,7.91,1,0
23.94,1,6,883,0,0,2,29.79,0,0
51.8,6,4,1578,0,0,0,8.76,0,0
19.15,10,5,383,0,0,0,20.45,1,0
341.18,12,7,1204,0,1,1,3.68,1,0
15.96,1,5,2401,0,0,0,28.1,1,0
42.95,6,5,871,0,0,0,5.26,1,0
76.0,14,9,310,0,1,0,4.67,1,0
281.82,10,3,1529,0,0,1,0.61,0,0
15.87,1,5,2494,0,0,0,3.25,1,0
213.4,6,3,2159,0,0,1,6.62,1,0
67.37,3,5,2067,0,0,1,6.29,1,0
24.99,10,4,2427,0,1,0,9.93,0,0
105.86,1,3,135,0,0,3,1.4,1,1
81.37,15,7,392,0,1,0,68.41,0,0
36.59,6,5,2384,0,0,0,3.17,1,0
71.51,12,3,459,1,0,0,30.26,1,0
45.36,4,3,532,0,0,0,19.15,0,0
74.7,16,6,1864,1,1,0,20.12,0,0
129.3,20,7,1019,0,0,0,2.79,1,0
325.71,11,7,951,1,0,2,6.97,1,0
19.34,18,4,282,0,0,2,37.84,1,1
562.86,6,4,2022,0,1,0,15.58,1,1
9.47,5,1,511,0,1,0,15.27,1,1
57.3,7,4,1260,1,0,1,19.74,1,0
120.1,12,3,2398,0,1,0,14.22,1,0
88.32,4,2,2329,0,0,1,41.01,1,0
35.78,1,6,1824,0,0,0,34.53,1,0
54.16,8,2,2452,0,1,1,9.53,0,0
40.73,10,6,2252,0,0,1,41.79,1,0
36.99,23,6,1616,0,0,1,18.28,1,0
155.96,5,6,1206,0,0,0,24.7,0,0
95.3,6,6,1066,0,0,0,50.28,1,0
33.35,6,6,2268,0,0,0,16.16,1,0
163.96,18,5,822,0,0,0,35.29,1,0
90.68,5,7,1916,0,0,0,24.73,0,0
150.33,10,7,1888,0,0,0,13.91,1,0
125.16,10,9,550,0,0,0,38.9,1,0
29.11,6,5,527,0,0,0,2.78,1,0
38.08,1,4,944,0,1,2,21.76,1,1
140.79,18,7,142,1,0,2,1.19,1,1
122.78,3,5,2153,0,0,3,4.25,1,0
65.31,5,5,433,0,1,0,22.84,1,0
74.99,16,4,867,0,0,0,9.19,0,0
239.29,4,9,91,0,0,1,7.61,1,0
36.91,6,5,2372,0,0,0,78.0,1,0
115.25,8,6,1762,0,0,0,11.39,0,0
54.48,0,0,925,0,0,1,20.8,0,0
53.64,0,6,1676,0,0,2,19.1,1,0
200.09,18,8,1873,0,0,0,1.6,0,0
152.23,5,4,375,0,0,1,28.04,1,0
150.43,17,6,1858,0,0,3,17.98,1,0
246.04,9,3,2423,0,0,0,12.01,1,0
68.1,10,3,1126,0,0,1,1.71,0,0
131.89,0,7,2128,0,0,1,8.67,0,0
48.9,0,4,335,0,0,3,53.87,0,1
92.22,12,2,1540,0,0,0,4.77,1,0
58.55,4,1,1359,0,1,2,6.19,0,0
73.48,19,7,2271,0,0,2,5.74,1,0
120.92,0,2,1080,1,0,2,55.37,0,1
29.42,19,5,1763,0,0,2,30.1,1,0
540.44,2,6,2146,0,1,1,53.39,1,1
24.39,17,7,1260,0,0,2,61.26,0,0
19.8,8,5,1430,1,0,2,65.77,1,1
212.32,13,5,2274,0,0,1,16.62,1,0
147.18,16,8,1785,0,0,0,16.17,1,0
124.48,22,5,2358,0,0,0,44.14,0,0
125.0,13,6,935,0,0,0,10.08,1,0
65.87,3,3,179,0,0,1,0.56,1,0
27.19,4,9,1398,0,0,1,10.07,1,0
71.94,20,5,1265,0,0,0,31.5,1,0
33.88,16,5,629,0,0,2,3.3,0,0
176.82,21,7,1266,0,0,2,38.4,0,0
57.57,1,4,691,0,0,1,42.25,0,0
29.21,22,6,2094,0,0,1,2.66,1,0
48.36,21,4,1435,1,0,1,2.57,0,0
100.78,4,5,1020,0,0,0,5.54,1,0
37.95,3,6,435,0,0,0,11.02,1,0
29.31,3,2,1938,0,0,1,19.02,0,0
85.09,5,9,2465,0,0,0,16.62,0,0
85.2,19,2,226,0,1,0,47.96,1,0
40.17,20,5,2227,1,1,2,3.84,0,1
41.64,12,5,619,1,0,1,29.9,0,0
84.1,21,2,367,0,0,4,19.9,0,0
15.67,4,5,195,0,0,0,33.37,0,0
16.32,22,10,734,0,0,2,10.46,1,0
32.51,22,2,879,0,1,2,15.94,0,0
53.87,6,4,833,1,0,1,0.73,1,0
91.0,19,6,1777,0,0,0,3.09,1,0
291.59,0,7,1987,0,0,1,11.75,1,0
157.22,13,7,688,1,0,2,16.41,0,1
56.83,23,3,1194,0,0,2,2.24,0,0
65.43,3,6,293,0,0,1,43.57,0,0
24.47,16,9,193,0,0,0,72.99,1,0
65.46,20,6,2199,1,0,0,22.68,1,0
49.97,13,8,1629,0,1,3,1.37,0,0
92.09,15,7,240,1,0,2,33.56,0,1
29.16,13,4,2445,1,1,0,6.12,0,0
112.09,15,3,744,0,0,0,33.07,1,0
308.81,23,10,167,0,0,0,14.24,0,0
59.81,19,4,1351,0,0,2,1.37,1,0
99.65,7,3,1218,0,0,0,8.17,0,0
132.97,23,10,1085,0,0,1,13.92,1,0
44.65,2,12,1036,1,1,3,33.32,1,1
83.44,18,2,2134,0,1,0,3.57,0,0
67.53,0,3,1680,1,0,0,8.46,1,0
73.53,1,2,1871,0,0,0,2.18,1,0
30.78,14,8,1049,0,1,1,23.92,1,0
68.34,21,3,2287,0,0,1,16.07,1,0
109.73,9,7,913,0,1,0,66.13,1,1
284.62,17,5,898,0,0,0,33.73,1,0
174.04,21,6,1300,0,1,2,37.61,1,0
574.32,13,2,1339,0,0,2,4.49,1,0
30.96,16,4,1039,0,0,2,7.75,1,0
159.54,12,9,1143,0,0,1,17.99,1,0
80.11,0,7,152,0,0,1,0.34,1,0
595.74,4,4,1940,1,0,1,51.03,1,1
29.72,12,3,1700,0,0,2,37.6,0,0
28.8,13,1,216,0,0,1,1.49,0,0
36.62,23,5,2486,0,0,0,47.27,0,0
7.97,2,2,175,1,0,1,0.11,1,1
39.42,14,7,2317,1,0,1,3.03,1,0
31.21,18,6,2007,0,0,1,1.42,1,0
77.51,16,4,403,0,0,1,16.31,0,0
93.86,2,6,130,0,0,1,38.32,1,0
435.36,15,4,422,0,0,2,4.92,1,0
172.5,13,4,1985,0,0,0,36.9,0,0
37.45,11,5,2225,0,0,0,5.11,0,0
27.16,11,4,430,0,0,3,116.51,0,0
109.06,10,6,1739,0,0,0,48.01,0,0
17.81,16,9,277,0,1,5,33.41,1,0
416.32,7,4,2095,0,0,0,22.39,0,0
216.9,16,3,2395,0,1,0,6.94,0,0
41.71,20,6,1787,1,0,1,3.18,0,0
12.02,22,5,2387,0,0,2,15.42,1,0
258.24,19,6,208,1,0,0,12.88,1,0
59.47,10,2,14,0,0,1,28.06,1,0
229.94,1,3,1465,0,0,1,4.66,1,0
13.54,9,1,998,0,0,0,20.65,1,0
36.62,9,5,1404,0,1,3,29.55,1,1
67.04,10,7,904,0,1,5,8.88,1,1
69.89,5,3,1900,0,0,2,37.85,1,0
42.52,3,3,2160,0,0,1,14.13,1,0
124.32,23,8,2492,1,0,3,4.44,1,0
22.93,11,3,1941,0,1,0,5.42,1,0
57.84,10,1,659,0,0,1,8.17,1,0
75.21,22,5,1838,0,0,2,4.3,0,0
111.55,22,12,2438,0,0,1,20.69,1,0
135.86,12,4,2123,0,0,0,74.47,1,0
21.66,4,6,588,0,0,1,56.6,1,0
14.38,5,3,2327,1,1,0,9.78,1,0
239.29,0,6,56,0,0,0,50.0,1,0
92.97,5,8,374,0,1,1,76.99,0,1
31.55,17,7,2125,0,1,1,8.71,1,0
314.55,21,5,2264,0,0,0,58.92,1,0
74.86,8,3,82,0,0,0,149.09,1,0
216.87,23,5,1292,0,0,2,39.95,0,0
71.34,14,11,2032,0,1,1,12.37,1,0
523.61,7,3,2087,0,0,0,23.45,1,0
385.81,18,16,1036,0,0,1,11.32,1,0
51.99,23,5,1554,0,0,1,137.8,0,1
176.19,15,0,1553,0,0,0,1.76,0,0
127.15,5,5,530,0,0,1,55.89,1,0
262.08,5,5,410,0,0,1,1.94,1,0
25.41,21,3,1697,0,0,4,1.08,1,1
132.43,2,1,2001,0,0,0,70.31,1,0
192.18,9,4,2046,0,0,0,50.49,1,0
11.49,0,5,663,0,1,0,11.22,1,0
20.42,13,2,959,0,0,1,78.98,1,0
8.68,3,4,857,0,0,3,49.49,1,0
50.94,11,7,1505,0,1,2,58.07,1,1
136.67,5,4,944,1,0,2,22.6,1,0
299.57,10,6,1405,0,0,2,79.45,0,0
71.82,11,6,2488,0,1,0,41.46,0,0
339.89,9,7,548,0,0,1,70.32,1,0
16.78,17,8,80,0,0,2,8.27,1,0
12.14,6,4,1515,0,0,0,18.99,1,0
63.08,6,6,1764,1,0,2,50.56,1,1
97.91,10,5,1835,0,0,0,21.67,1,0
64.54,3,6,265,0,0,3,40.37,0,0
8.44,19,4,2204,0,0,1,90.39,1,0
61.0,0,2,911,0,0,2,40.81,0,1
18.09,12,2,679,0,0,0,9.47,1,0
130.28,17,10,1893,0,0,2,3.16,1,0
96.22,8,2,149,1,0,1,7.96,1,0
26.05,23,4,1456,0,0,2,27.18,1,0
39.89,23,8,73,0,0,2,0.28,0,0
23.12,8,3,1304,0,0,0,5.26,1,0
62.63,22,12,1731,1,0,0,9.9,1,0
173.32,8,2,877,0,1,2,52.03,1,0
24.89,9,3,522,0,0,1,1.31,1,0
110.39,1,7,1040,0,0,1,1.28,0,0
39.24,5,3,1426,0,0,1,20.06,0,0
30.18,14,6,2104,0,0,2,4.89,0,0
59.92,2,4,877,0,0,1,6.93,0,0
23.68,10,4,787,0,0,3,5.09,1,0
38.33,5,0,1035,1,0,0,21.78,1,0
20.13,2,9,368,0,0,1,1.43,1,0
475.67,23,5,1510,0,0,3,70.34,1,1
69.08,10,1,1948,0,0,2,3.29,0,0
33.12,14,5,1455,0,0,2,75.7,1,0
82.6,12,3,824,0,0,0,37.64,1,0
59.6,19,3,605,0,0,2,44.01,0,0
53.47,9,7,2261,0,0,0,4.74,1,0
123.24,5,9,980,1,0,1,27.69,1,0
142.24,14,5,236,1,0,0,42.47,1,0
39.23,17,5,826,0,0,1,20.41,0,0
37.49,17,4,2000,0,0,0,20.02,1,0
50.65,6,2,2208,0,0,2,4.34,0,0
6.67,14,6,1851,0,0,0,13.37,1,0
14.66,17,8,2074,0,0,0,4.08,1,0
261.62,17,6,2361,0,0,0,90.17,1,0
345.49,19,4,1922,0,1,0,28.87,1,1
51.99,8,7,1547,0,0,2,1.24,0,0
118.69,23,7,1479,0,0,0,16.19,1,0
91.04,1,5,1374,0,1,2,25.4,0,0
1449.36,7,6,1094,0,0,1,2.51,0,0
204.3,19,5,276,0,0,1,27.34,1,0
58.68,1,5,1130,0,0,1,4.88,1,0
25.65,10,8,1316,0,1,2,13.1,1,1
13.38,6,7,1280,1,0,0,24.56,0,0
81.73,5,4,44,0,0,1,11.36,1,0
31.3,9,3,795,1,0,2,11.99,1,1
16.08,4,6,77,0,0,0,46.39,1,0
34.93,10,4,198,1,0,0,9.25,1,0
22.61,0,8,50,0,1,1,26.62,1,0
360.37,1,4,617,0,0,0,47.29,0,0
161.04,23,4,692,0,1,1,4.14,1,0
66.16,0,12,954,0,0,0,1.18,1,0
292.93,18,3,956,0,0,0,43.65,1,0
72.05,1,4,1341,0,0,0,20.03,0,0
28.18,20,4,862,1,0,1,43.96,1,0
305.86,19,4,983,0,1,0,5.99,1,0
114.31,22,3,766,0,0,0,44.69,1,0
23.64,20,3,1704,0,0,0,2.5,1,0
55.13,23,6,1317,0,0,0,53.68,1,0
27.78,3,6,1652,0,0,0,43.22,0,0
16.73,11,5,1979,0,0,0,20.94,1,0
168.37,21,6,1381,0,0,0,23.43,0,0
450.08,19,4,1228,1,1,1,10.61,0,1
16.47,17,6,1813,0,0,1,5.63,1,0
117.09,0,5,493,0,1,2,15.19,1,0
34.79,0,4,2017,0,0,0,26.78,0,0
40.97,23,3,597,0,0,0,161.98,1,0
36.88,13,3,1381,0,1,1,42.49,1,0
28.11,3,5,1131,0,0,0,14.24,1,0
70.0,4,2,291,0,0,3,33.99,1,0
29.05,10,3,639,0,0,0,2.86,1,0
87.4,23,3,2476,0,0,1,13.41,1,0
63.42,22,3,232,1,0,0,13.83,1,1
52.51,12,8,89,0,0,1,168.64,1,0
26.91,15,3,835,0,1,0,12.4,0,0
37.46,23,4,2470,0,0,1,2.17,1,0
141.94,12,9,2391,0,0,1,1.74,0,0
110.05,23,5,1361,0,0,1,29.97,1,0
25.09,21,5,1035,0,1,2,8.53,0,0
73.65,1,4,1236,0,0,1,50.8,1,0
141.37,15,4,2315,1,0,1,16.49,1,0
12.56,5,1,846,0,0,3,10.03,0,0
114.82,13,2,2053,0,0,0,35.59,1,0
34.38,0,7,1474,0,0,0,13.51,0,0
117.99,16,4,464,0,0,1,33.43,0,0
31.09,10,5,1820,0,0,0,31.3,1,0
10.97,18,6,2076,0,0,2,32.11,0,0
13.1,2,6,1913,0,0,1,48.64,1,0
69.97,10,6,988,0,0,0,47.16,1,0
86.46,4,5,442,1,0,3,27.31,1,1
27.0,16,7,1462,0,0,1,78.64,0,0
126.29,21,7,261,0,0,2,0.52,1,0
12.66,6,5,2033,0,1,0,66.63,0,0
62.42,9,3,805,0,0,0,4.01,1,0
19.87,10,10,1856,0,0,2,5.95,0,0
34.75,2,3,230,0,0,2,42.51,0,0
69.92,19,8,2170,0,0,2,12.79,1,0
28.21,9,4,569,0,0,0,13.85,0,0
45.4,9,3,1091,0,0,0,7.57,1,0
182.42,13,7,2254,0,0,1,6.35,1,0
37.45,11,5,1751,0,0,0,2.81,0,0
153.81,14,7,789,0,0,2,5.48,0,0
21.55,9,10,2272,0,0,3,20.91,1,0
113.27,9,2,645,0,0,1,30.66,1,0
281.9,18,6,1049,0,1,0,33.57,1,0
5.63,0,3,2290,0,0,0,11.56,0,0
30.06,23,6,2082,1,0,0,63.76,0,0
118.76,9,5,1434,0,0,3,9.96,1,0
54.43,1,3,1813,0,0,0,2.95,1,0
96.65,16,6,1398,0,0,0,72.61,1,0
36.45,23,4,2128,1,0,3,19.45,1,0
72.72,6,6,1592,0,0,2,88.84,1,0
57.07,6,3,2082,0,0,2,12.51,1,0
214.39,19,3,467,0,0,1,35.41,0,0
86.01,8,5,220,0,0,1,2.91,1,1
93.47,21,7,1072,0,0,0,48.12,0,0
44.17,1,4,686,0,0,1,4.68,0,0
40.95,13,9,2152,0,0,1,1.78,1,0
43.27,16,3,1423,0,0,0,2.57,1,0
98.93,0,8,2277,0,0,3,20.38,0,0
43.77,8,4,915,0,0,1,8.63,1,0
89.1,19,5,1301,0,1,1,81.08,0,0
531.34,20,8,1527,0,0,1,47.88,1,0
159.35,18,5,1663,0,0,0,40.65,1,0
48.13,3,5,1099,0,0,2,41.47,0,0
221.68,7,4,1420,0,0,0,55.34,1,0
44.34,12,5,2250,0,0,3,50.1,0,0
8.69,3,6,2232,1,0,0,65.85,1,0
24.33,8,5,121,0,0,0,68.09,1,0
10.27,8,6,2168,0,0,2,8.86,1,0
46.92,21,7,1520,0,0,1,6.2,1,0
67.93,17,4,1954,0,0,3,25.76,0,0
356.54,11,6,422,0,1,1,3.29,1,0
92.47,9,3,969,0,0,1,5.93,0,0
53.57,10,4,195,0,0,2,37.07,0,0
152.84,6,7,1586,0,0,1,26.2,1,0
7.31,8,6,60,0,0,2,26.31,0,0
84.4,5,2,1179,1,1,1,75.21,1,0
144.15,18,7,364,0,0,0,27.54,0,0
15.2,15,8,2420,0,0,0,14.09,0,0
209.3,14,3,1317,0,0,0,8.22,1,0
93.55,6,7,45,0,1,2,10.33,1,1
44.02,15,6,286,0,0,2,8.14,0,0
125.56,4,9,1729,1,0,0,0.89,0,0
645.93,15,5,1358,0,1,2,7.58,1,1
79.99,0,6,2239,0,1,0,45.1,1,0
85.47,18,4,1845,0,0,1,32.57,1,0
42.12,4,4,2474,0,0,1,24.31,0,0
28.51,6,6,898,0,0,1,58.12,1,0
152.98,18,4,413,0,1,1,7.67,1,0
28.33,21,5,523,0,0,0,21.55,1,0
71.63,4,2,2498,0,0,1,0.8,0,0
41.36,16,4,1279,0,0,3,55.64,1,0
107.66,21,5,1079,0,0,2,14.84,0,0
93.1,7,6,2132,0,0,1,4.9,1,0
188.21,0,5,1182,0,0,3,6.84,1,0
40.04,1,8,2463,0,0,2,47.14,1,0
50.91,14,2,2060,1,1,2,2.88,1,0
25.06,19,3,1042,0,0,0,64.82,0,0
42.76,17,6,523,0,0,2,11.69,0,0
97.25,10,6,299,0,0,1,7.23,0,0
142.17,9,6,2238,0,0,1,10.08,0,0
26.52,23,3,2323,0,0,2,13.15,1,0
159.11,23,7,92,0,0,3,19.86,0,0
258.69,3,7,1894,1,0,1,22.1,1,0
100.83,4,3,2315,0,1,0,14.85,0,0
435.63,3,4,1593,0,0,0,14.78,1,0
30.76,12,2,1679,0,1,1,8.4,1,0
19.21,12,7,1845,0,0,0,12.1,1,0
11.26,17,7,959,0,0,4,15.74,0,0
297.69,23,7,2256,0,0,1,22.76,0,0
128.3,1,5,1325,0,0,1,3.5,1,0
63.08,15,6,657,0,0,0,36.1,0,0
88.23,0,5,275,0,0,0,28.53,0,0
21.64,18,3,870,1,0,2,8.87,1,0
769.51,8,3,28,0,0,1,15.37,0,0
75.89,2,8,380,0,0,2,73.4,1,0
74.4,6,6,1860,1,0,0,0.52,0,0
137.79,9,10,628,1,0,1,41.7,1,0
107.88,0,7,652,0,0,0,17.92,1,0
83.42,9,10,1555,0,0,0,24.11,0,0
30.25,20,5,2436,0,0,1,28.84,1,0
106.85,8,6,1744,1,0,2,15.22,1,0
437.91,14,5,826,0,0,1,5.33,0,0
256.06,14,4,2147,0,0,2,60.09,1,0
328.06,2,5,2201,0,0,2,33.7,0,0
40.0,4,6,1840,0,0,0,20.5,1,0
24.79,8,3,873,0,0,1,14.88,1,0
58.8,21,5,213,0,0,2,17.3,1,0
70.51,8,3,1940,0,0,3,43.37,0,0
199.18,22,2,1538,0,0,3,0.31,0,0
12.27,6,6,2210,0,1,3,50.12,1,1
307.83,23,5,538,0,0,1,1.2,0,0
56.94,22,5,348,0,1,0,23.92,1,1
43.52,11,7,1984,0,1,2,10.13,1,0
24.24,8,7,1542,0,1,1,28.35,1,1
12.75,5,8,1089,0,0,2,2.24,0,0
151.89,22,3,565,0,0,0,20.31,1,0
71.76,1,9,940,0,0,3,48.32,0,0
18.36,8,5,1163,0,0,1,17.06,0,0
18.26,16,6,107,0,0,0,2.2,0,0
47.67,0,2,802,0,0,1,0.95,1,0
353.9,18,8,2479,0,0,0,24.27,0,0
51.44,5,4,89,0,1,1,1.8,1,0
14.83,4,3,297,0,0,1,1.85,0,0
52.16,1,7,1779,0,0,1,13.85,0,0
50.77,8,8,2226,0,1,1,5.88,0,0
4.5,13,10,80,0,0,3,5.71,1,0
63.16,3,4,272,0,1,1,16.4,1,1
52.94,3,4,721,0,1,0,8.24,0,0
133.78,20,3,794,0,0,1,6.19,0,0
423.67,14,6,219,0,0,1,18.06,0,0
205.73,7,10,2174,0,0,0,8.59,1,0
50.96,3,7,324,0,0,1,2.09,1,0
22.05,15,3,2068,1,0,1,28.7,1,0
874.24,20,8,1084,0,0,0,22.02,1,0
70.75,3,4,1040,0,0,1,5.96,1,0
67.62,15,6,1956,1,0,4,21.82,0,1
65.1,21,7,964,0,0,0,77.86,0,0
81.3,11,1,1582,0,0,1,78.36,1,0
57.72,15,4,270,0,1,1,18.98,0,0
37.57,18,9,1545,0,0,0,2.58,0,0
38.6,7,5,209,0,0,2,15.32,1,0
64.54,5,2,2387,0,0,0,0.68,0,0
38.73,9,8,99,0,0,1,13.41,0,0
32.69,4,4,600,0,0,1,60.04,1,0
74.18,17,9,2112,0,0,1,15.75,1,0
51.68,9,4,1945,1,0,3,19.99,1,0
300.06,9,4,1254,0,0,0,4.3,1,0
4.71,6,5,101,0,0,2,0.39,0,0
198.64,17,5,2113,1,0,3,125.46,1,1
231.85,0,3,1975,0,0,4,10.32,0,0
8.39,6,8,70,0,0,1,8.19,0,0
47.34,20,5,1905,0,1,0,21.17,0,0
46.0,0,4,2174,0,0,0,34.19,1,0
16.32,14,5,599,0,0,0,7.24,0,0
30.64,3,4,245,0,1,2,18.56,0,0
21.96,19,6,2090,1,0,1,10.11,1,0
384.63,9,3,795,0,0,0,16.39,0,0
169.98,22,5,1107,0,0,1,4.4,0,0
237.83,8,8,30,0,0,1,17.84,1,0
137.23,1,7,1898,0,0,1,1.21,0,0
21.56,13,4,1187,0,0,0,45.81,1,0
39.47,15,7,1287,0,0,1,24.7,1,0
108.79,0,5,1240,0,0,0,70.96,1,0
19.65,1,4,311,0,0,0,22.89,0,0
136.05,6,3,2354,0,0,0,5.03,1,0
52.44,9,6,782,0,0,1,16.54,1,0
45.84,21,2,1077,0,0,0,27.32,1,0
135.77,19,5,428,0,0,1,11.72,0,0
103.99,0,5,1550,0,0,2,20.11,1,0
46.48,12,4,71,1,0,1,4.44,0,0
212.58,0,8,867,0,0,2,37.53,0,0
22.62,4,2,547,0,0,0,60.07,1,0
123.46,15,6,1350,0,0,2,9.45,1,0
120.68,14,4,1468,0,1,2,39.42,1,0
48.93,16,6,1870,0,1,1,2.41,1,0
92.4,22,2,705,1,0,1,7.08,0,0
19.08,15,5,827,0,0,1,15.49,1,0
168.01,12,3,1414,0,0,1,12.21,0,0
55.43,10,7,929,0,0,3,24.16,0,0
39.54,16,3,984,0,0,1,20.69,1,0
190.38,16,4,551,0,0,0,2.28,0,0
32.97,1,4,1721,0,1,1,3.53,0,0
16.31,12,6,799,0,0,2,1.33,1,0
14.06,13,6,2090,0,0,2,76.23,1,0
122.24,10,8,590,1,0,2,25.92,1,1
18.53,9,5,2051,0,0,3,48.38,0,0
385.6,2,2,361,0,0,2,19.48,1,0
8.32,16,9,2312,0,0,1,5.39,1,0
363.75,14,4,1083,0,0,1,24.63,0,0
82.35,8,7,2041,0,0,1,17.6,1,0
60.54,9,3,1287,0,0,3,13.11,1,0
38.67,7,8,1709,1,1,0,11.62,1,0
99.4,20,2,282,0,0,0,26.25,1,0
64.22,12,2,1892,0,0,1,24.04,1,0
201.0,17,5,259,0,0,1,4.11,1,0
74.76,4,2,1270,0,0,0,42.35,1,0
77.5,5,9,241,0,1,0,25.27,1,0
46.36,16,7,2485,0,0,1,19.19,1,0
62.99,10,5,966,0,1,0,34.55,1,0
90.72,19,3,643,0,0,0,4.17,1,0
12.06,15,4,251,0,0,2,63.05,1,0
17.32,8,6,2191,1,0,1,7.89,1,0
140.23,1,5,1104,1,0,0,7.62,1,0
79.11,4,2,1033,0,0,1,42.17,0,0
55.48,0,5,1312,0,1,3,10.16,1,0
67.93,3,6,228,0,0,0,44.4,1,0
94.4,3,5,706,0,0,0,9.94,0,0
38.87,21,6,316,0,0,1,20.0,1,0
30.62,2,6,2033,0,0,0,6.56,1,0
81.11,8,2,323,0,0,0,32.87,1,0
25.07,21,4,1762,0,0,0,4.57,1,0
100.31,22,6,1826,1,0,4,57.42,1,0
12.15,11,2,1438,0,0,0,11.62,1,0
186.64,9,4,1412,0,0,0,15.95,1,0
106.98,1,3,290,0,0,0,0.61,0,0
86.14,10,3,1670,0,0,2,93.02,1,1
178.16,9,3,44,0,1,2,41.94,1,1
352.65,21,4,2127,1,0,2,14.81,1,0
183.9,5,6,369,0,0,0,63.23,1,0
10.58,17,3,1723,1,0,0,66.86,1,0
18.55,1,7,1944,0,0,1,19.04,0,0
35.7,1,3,417,0,0,1,6.66,0,0
68.45,9,3,1594,0,1,1,16.69,1,0
111.91,15,11,589,1,0,0,9.82,1,0
32.27,11,2,615,1,0,1,14.85,0,0
80.38,0,8,1417,0,0,0,60.59,0,0
31.33,20,10,2138,0,0,3,8.28,1,0
36.18,7,4,2307,0,0,0,45.65,0,0
16.34,15,5,2102,0,1,4,68.45,0,1
26.49,17,5,146,0,0,1,40.88,1,0
17.26,12,4,988,0,0,1,18.73,0,0
25.13,14,8,829,1,0,1,20.75,0,0
191.26,20,11,1494,0,0,0,42.82,0,0
25.81,11,7,2424,0,0,1,1.14,1,0
927.4,7,5,2286,0,0,1,33.29,0,0
109.21,9,7,2240,0,1,1,18.82,1,1
80.23,13,4,476,1,0,1,12.65,0,0
28.27,4,5,847,0,0,1,36.41,1,0
134.33,17,3,2261,1,0,0,7.74,1,0
37.5,18,8,984,1,0,0,56.47,0,0
75.34,14,2,632,1,0,2,29.16,1,1
862.72,5,7,1932,0,1,0,23.55,0,0
60.58,10,2,1101,0,0,0,18.51,1,0
210.46,20,2,1743,0,0,0,5.98,1,0
33.01,10,4,1809,0,0,0,23.99,1,0
64.39,19,6,1025,0,0,1,32.27,1,0
391.82,19,6,2152,0,0,2,0.29,0,0
35.62,20,4,1758,0,0,3,11.41,0,0
408.48,17,8,694,0,0,4,44.66,0,0
135.33,17,8,1466,0,1,0,25.01,1,1
38.0,9,9,378,0,0,1,23.88,1,0
125.51,1,5,2336,0,0,0,6.49,0,0
176.36,8,4,360,0,1,0,25.0,0,0
124.19,13,5,1259,0,0,1,38.56,0,0
13.87,18,6,1961,0,0,3,12.84,0,0
32.23,9,3,2463,0,0,1,5.03,0,0
52.06,22,6,2380,0,0,2,2.01,0,0
61.9,3,9,2130,0,0,0,17.62,0,0
124.05,5,3,527,0,1,1,28.79,0,0
79.65,13,6,1354,1,0,0,4.44,1,0
17.54,3,3,31,0,0,1,13.68,0,0
97.53,14,5,188,0,0,2,21.02,0,0
122.8,15,2,1142,1,1,2,4.24,1,1
116.72,6,5,1489,0,0,1,7.86,1,0
196.52,16,2,1600,0,0,0,23.44,1,0
153.53,18,4,1262,0,0,0,32.28,1,0
105.55,18,3,947,0,0,2,25.26,0,0
62.17,16,6,540,0,1,0,31.26,1,0
12.67,5,7,2421,0,0,0,21.78,0,0
102.47,10,6,1930,0,0,1,45.17,0,0
82.08,15,4,2482,0,0,2,43.82,0,0
87.49,7,8,968,0,0,1,39.77,1,0
18.6,10,4,1081,0,0,0,21.42,1,0
22.62,6,6,1498,0,1,2,128.45,1,1
191.17,23,6,681,0,0,2,1.0,1,0
64.1,21,4,1943,0,0,1,5.44,1,0
131.83,18,6,1306,0,0,1,41.37,1,0
68.6,9,5,1641,0,0,0,43.76,1,0
68.7,8,4,2026,0,0,1,42.7,1,0
170.42,3,6,1063,0,0,0,51.53,1,1
39.8,22,6,1666,0,0,2,13.73,0,0
73.41,14,7,888,1,0,2,67.15,0,0
42.0,12,6,2209,0,0,1,5.87,0,0
43.19,1,6,1409,0,0,1,69.1,0,0
48.95,1,8,2312,0,0,0,20.34,1,0
83.27,15,6,767,0,0,0,4.47,0,0
41.32,8,7,196,0,0,1,33.3,1,0
234.1,12,3,888,1,0,4,8.77,1,1
27.26,2,2,1482,0,0,2,6.23,1,0
55.32,8,5,682,1,0,0,4.72,1,0
42.96,12,9,885,0,0,2,0.75,1,0
283.43,20,3,127,0,0,2,36.17,0,0
81.17,21,2,1091,1,0,2,16.66,1,0
187.14,1,5,880,0,0,3,96.26,1,1
15.1,7,1,715,0,0,1,14.46,0,0
87.1,8,4,2269,0,0,1,46.34,0,0
162.33,15,6,495,1,0,0,86.12,1,1
72.41,1,4,1587,0,1,0,0.57,0,0
193.54,5,5,1036,0,1,2,2.78,0,0
39.75,21,5,1977,0,0,3,10.69,1,0
272.97,7,1,1262,0,0,0,51.03,1,0
664.41,4,9,1262,0,0,0,45.5,0,0
46.39,8,3,994,0,0,0,11.42,0,0
42.71,0,2,352,0,0,0,5.58,0,0
285.26,8,6,1249,0,1,1,40.53,1,0
323.62,9,5,1676,0,0,1,22.72,0,0
39.53,22,3,1147,1,0,3,0.8,1,0
43.81,3,4,1736,0,0,1,40.77,1,0
50.31,2,5,1788,0,1,1,78.64,0,0
17.38,9,8,303,0,0,1,1.07,0,0
26.61,14,3,37,0,0,1,8.42,1,0
24.43,10,6,1629,0,1,1,42.8,0,0
30.94,13,9,1354,0,0,1,21.97,1,0
64.41,5,7,582,0,0,1,113.57,1,1
84.29,11,3,937,1,0,1,61.78,1,0
314.35,12,4,1788,0,0,1,4.91,0,0
24.57,16,4,1780,1,0,3,28.02,0,0
178.45,15,11,1444,1,0,1,26.48,1,1
53.84,2,4,2454,0,0,1,2.94,1,0
63.47,1,5,1085,0,0,1,2.34,1,0
130.95,10,7,379,0,0,1,21.07,0,0
21.7,8,13,173,0,1,2,12.89,1,0
97.75,2,8,1336,1,0,1,19.71,1,0
78.76,17,6,360,0,0,2,6.82,0,0
109.12,19,5,2436,0,0,2,20.34,1,0
89.05,14,4,1472,0,0,1,12.09,0,0
776.89,13,3,210,0,0,0,54.63,0,0
35.24,1,9,1061,0,0,1,9.14,1,0
39.21,16,7,346,0,1,0,51.17,0,0
35.76,21,9,296,0,1,2,12.36,1,0
38.26,7,6,1064,1,0,0,21.58,1,0
35.26,9,7,1805,0,1,0,8.44,0,0
218.99,17,4,1652,0,0,1,41.4,0,0
276.03,18,6,1396,0,0,0,46.39,0,0
37.68,7,4,116,0,0,3,41.39,1,0
29.01,7,2,126,0,0,0,25.53,0,0
106.85,2,4,1278,1,0,0,9.09,1,0
38.39,2,5,2136,0,0,1,25.3,1,0
125.58,11,3,750,0,0,0,80.17,1,1
81.69,21,6,32,0,0,0,26.13,0,0
14.65,16,2,370,0,0,3,78.31,0,0
313.41,3,2,709,0,1,2,9.08,1,0
401.77,16,5,1460,0,0,1,46.77,1,0
36.13,13,6,226,0,0,2,31.69,1,0
45.25,18,4,1699,1,0,0,42.76,1,0
88.75,8,2,637,0,0,1,31.01,1,0
93.17,20,5,576,0,0,2,16.37,1,0
128.84,11,7,2030,0,1,1,29.0,0,0
497.8,4,9,2201,0,1,0,67.24,0,0
55.87,10,5,323,0,0,2,13.51,0,0
30.02,19,7,738,0,1,1,75.78,1,0
16.79,2,10,483,0,1,0,1.27,1,0
32.11,20,5,694,1,0,1,0.36,0,0
64.51,14,6,615,0,0,1,17.02,1,0
401.24,13,7,1252,0,0,2,47.18,1,1
39.74,10,6,1597,0,0,1,7.12,1,0
83.41,19,9,1391,0,0,2,29.56,1,0
65.6,7,6,284,0,1,1,19.79,1,0
218.85,3,4,1909,0,0,0,8.59,1,0
834.58,11,7,761,0,0,1,8.41,0,0
39.22,7,3,2274,1,0,2,1.9,0,0
40.88,5,4,1592,0,0,0,19.21,1,0
189.46,14,3,2011,0,0,1,14.95,1,0
131.88,11,5,685,0,0,1,8.54,0,0
422.72,15,2,719,0,0,1,88.03,1,0
119.57,15,3,932,0,0,1,42.66,1,0
46.56,20,3,417,1,0,0,18.61,1,0
120.38,19,7,157,0,0,0,18.44,0,0
202.09,19,4,1119,1,0,1,5.38,0,0
151.48,3,7,512,0,1,0,26.18,1,1
110.75,10,5,1798,0,0,0,76.78,1,0
193.77,12,3,2289,0,0,3,57.14,1,0
214.71,8,7,2480,0,0,0,2.21,1,0
265.64,3,4,1500,0,0,1,1.36,1,0
127.58,11,4,2304,1,0,2,81.26,1,0
56.42,8,5,1403,1,0,2,5.58,1,0
77.22,12,3,114,0,0,1,19.99,1,0
222.85,15,6,2291,0,0,2,1.94,1,0
29.46,5,9,1491,0,0,2,46.34,0,0
96.42,9,3,1290,1,0,0,3.14,1,0
45.0,12,2,1626,0,0,1,25.8,1,0
68.63,6,2,1205,0,0,0,1.46,0,0
239.48,18,7,1306,0,0,3,4.26,1,0
80.73,23,5,768,0,1,2,17.94,1,0
69.86,18,8,884,0,0,4,1.17,1,0
17.12,16,6,121,0,0,0,5.44,1,0
140.65,12,4,2080,1,0,0,3.66,1,0
127.16,12,4,2372,0,0,0,1.04,1,0
580.13,20,7,211,0,0,0,88.51,1,0
49.02,1,2,627,0,1,0,14.95,0,0
83.03,9,2,1004,0,1,0,48.96,1,0
85.57,21,5,34,1,0,1,11.09,1,0
322.94,12,6,666,0,1,2,1.09,0,1
60.62,8,6,1541,0,0,0,29.74,0,0
88.15,0,3,1399,0,0,0,0.99,1,0
122.47,13,13,540,0,0,0,20.12,0,0
80.37,15,6,1627,0,1,4,3.74,0,1
42.67,19,4,55,0,0,3,27.78,1,0
80.97,14,7,1068,0,1,1,55.8,0,1
195.12,0,4,2259,0,0,0,77.96,1,0
23.89,16,9,1568,1,0,1,18.76,1,0
76.17,23,4,374,0,0,1,19.02,1,0
33.11,12,4,2473,0,0,0,0.98,1,0
220.31,14,8,1379,0,1,0,36.73,0,1
14.54,15,4,1382,1,0,4,78.21,1,1
38.13,15,7,2247,1,0,0,14.42,0,0
97.24,1,4,358,0,1,0,39.46,1,0
319.11,16,2,382,0,1,1,39.92,1,0
62.44,10,5,1672,0,0,0,38.51,0,0
38.28,7,4,994,1,0,0,35.54,1,0
437.54,19,5,996,0,0,3,6.05,0,1
15.67,2,2,2168,1,0,3,34.8,0,0
7.4,11,4,1588,0,0,0,3.9,1,0
103.55,19,3,1536,0,0,0,31.16,1,0
40.36,15,4,1046,0,0,1,0.09,1,0
24.02,13,6,532,1,0,1,62.78,0,0
135.42,15,9,1999,0,0,1,43.92,0,0
85.1,20,6,2254,0,0,2,28.72,1,0
37.94,16,8,1424,1,0,1,2.48,1,0
18.54,10,4,2112,0,0,1,43.57,1,0
159.57,16,5,2240,0,0,2,52.02,1,0
127.77,18,5,1052,0,0,1,29.12,0,0
60.39,21,6,372,0,1,0,93.12,1,1
422.69,0,3,18,0,0,2,2.44,1,0
22.87,11,2,2082,0,0,1,30.83,0,0
14.5,14,2,1339,0,0,0,18.6,1,0
33.38,17,5,1467,0,1,0,3.93,1,0
63.71,22,3,2030,0,0,3,26.85,1,0
85.06,13,4,1455,1,0,0,40.18,0,0
52.39,0,10,1090,0,0,3,4.5,0,0
94.83,12,4,833,0,0,1,39.44,1,0
19.08,14,6,2125,1,1,0,2.44,1,0
282.52,6,7,1034,0,0,1,22.38,0,0
61.43,14,7,57,1,0,2,40.05,1,1
203.83,19,6,1450,0,0,0,3.94,1,0
93.95,9,3,954,0,0,1,21.19,0,0
105.29,13,1,1986,0,0,2,13.83,1,0
117.89,5,6,1993,1,0,2,23.37,1,1
104.35,13,6,364,0,0,2,13.8,0,0
126.81,23,5,446,0,0,1,7.22,0,0
251.93,21,5,709,0,0,0,7.32,1,0
81.17,11,3,1927,1,0,0,50.01,1,0
135.5,10,7,99,0,0,0,4.25,0,0
60.96,19,9,378,0,0,0,3.28,1,0
281.5,21,2,1202,0,0,0,2.55,0,0
33.91,23,10,1396,0,0,0,1.93,0,0
403.81,18,6,1906,0,0,0,0.36,1,0
64.06,1,6,713,0,0,1,4.37,0,0
15.95,21,4,2190,0,0,1,5.35,1,0
75.8,19,5,2229,0,0,3,7.86,1,0
33.75,0,5,1563,0,0,0,3.31,1,0
154.57,7,8,2498,1,0,1,2.47,1,0
34.72,13,1,121,0,0,1,19.49,0,0
42.68,8,3,1073,0,0,1,31.71,1,0
10.08,1,4,111,0,0,2,24.87,0,0
42.42,22,4,1402,0,1,3,20.34,0,0
5.91,4,3,1207,0,0,1,14.52,1,0
13.68,22,11,350,0,0,1,25.13,1,0
142.65,7,7,929,0,1,1,58.04,1,0
146.32,15,5,1957,0,0,1,24.68,0,0
102.05,21,4,205,1,0,1,1.57,1,0
25.36,15,5,1617,0,0,0,21.12,1,0
63.58,12,6,1215,0,0,1,18.57,1,0
66.45,19,4,1834,0,0,0,15.04,0,0
20.94,14,8,1146,0,0,0,21.03,1,0
299.88,0,6,1708,0,1,3,27.92,0,1
160.35,21,7,1584,0,0,1,0.95,1,0
53.47,2,5,514,0,0,2,16.36,1,0
68.5,5,5,1976,0,1,0,42.49,1,0
82.14,21,5,2276,0,0,0,18.92,0,0
8.66,13,1,1550,0,1,1,1.76,0,0
52.08,3,5,1786,0,0,1,37.3,1,0
33.72,17,5,2222,0,0,1,70.9,1,0
24.49,14,4,2438,0,0,0,47.74,1,0
50.35,8,8,1217,0,0,1,11.26,1,0
402.5,17,4,1936,1,0,2,19.13,1,0
126.58,2,5,2426,0,0,1,22.37,1,0
37.67,9,8,2065,0,0,0,31.45,1,0
118.22,16,4,1415,0,0,0,27.42,0,0
270.25,6,9,2023,0,0,0,5.55,1,0
168.11,14,8,457,0,0,2,46.29,0,0
70.78,0,5,1730,0,0,0,47.29,1,0
34.92,10,5,1187,0,0,2,12.95,1,0
134.05,16,6,43,0,0,3,3.51,1,0
98.84,4,9,506,0,0,0,23.45,0,0
163.24,6,5,2079,0,0,1,11.05,1,0
125.86,18,6,1413,0,0,1,33.81,0,0
190.48,23,7,1612,0,0,1,9.48,1,0
39.05,14,8,1948,0,1,0,7.63,1,0
248.99,2,7,599,0,1,0,50.57,0,1
81.26,14,3,1584,0,0,1,23.92,0,0
531.26,4,4,686,0,0,2,2.25,0,0
33.48,22,2,1132,0,0,1,29.23,0,0
378.4,11,5,2052,0,1,2,34.93,0,0
81.28,19,5,2328,0,1,2,6.7,1,0
34.76,4,3,2018,0,0,1,85.78,1,1
41.1,2,3,10,0,1,0,11.66,0,1
48.41,8,6,2344,0,1,0,70.58,0,0
101.92,8,7,2030,0,0,2,8.69,0,0
112.49,6,4,948,0,0,1,23.49,1,0
37.57,1,7,1289,0,0,0,18.22,0,0
65.08,22,5,863,0,0,1,121.21,1,0
568.08,22,2,59,0,0,0,13.12,0,0
375.23,20,5,1565,1,0,0,4.94,0,0
103.16,15,3,2247,0,0,0,44.78,1,0
69.27,8,4,1784,0,1,0,1.07,1,0
75.19,12,4,75,0,1,0,54.06,0,0
123.16,18,3,2453,0,0,1,2.93,1,0
23.98,19,3,1284,1,0,2,21.22,0,0
51.55,16,7,137,0,0,1,31.24,1,0
12.57,5,2,197,0,0,0,10.25,1,0
99.41,3,1,1216,0,0,2,46.57,1,0
127.38,0,4,1616,0,0,0,22.52,1,0
41.13,17,3,587,0,0,0,12.57,1,0
321.82,18,5,771,0,1,2,9.84,0,0
19.57,8,4,676,0,0,0,2.97,0,0
15.42,12,5,942,1,0,1,25.57,1,0
83.47,7,4,2136,0,0,1,11.32,1,0
190.01,22,7,1052,0,1,0,9.66,1,0
359.22,12,4,1980,1,0,0,74.87,0,0
42.14,14,10,54,0,0,0,7.96,1,0
196.11,10,4,1255,0,1,1,52.3,1,0
64.17,11,7,2186,0,0,2,92.12,0,0
56.11,13,3,627,0,1,1,43.25,0,0
161.36,3,4,772,0,0,0,0.49,0,0
128.04,0,5,1666,0,1,2,50.74,1,0
13.79,23,7,802,0,0,0,6.0,0,0
291.94,3,2,1260,0,1,0,10.9,0,0
265.1,18,3,2454,1,0,0,119.44,1,0
35.67,8,8,2332,0,0,0,12.98,0,0
99.07,9,2,147,0,0,0,26.59,0,0
109.29,3,10,1360,0,0,2,9.3,1,0
86.55,19,3,2272,0,0,1,11.53,1,0
38.46,8,8,2285,0,0,0,22.76,1,0
34.07,12,4,2164,0,0,2,74.05,0,0
65.0,11,10,2216,0,0,2,8.3,1,0
215.45,10,4,1927,1,0,0,7.1,1,0
114.85,11,8,1169,1,0,0,0.67,1,0
46.03,17,4,2087,1,0,1,5.64,1,0
144.27,11,5,1131,0,0,1,7.61,0,0
3.86,15,6,618,0,0,1,1.62,1,0
210.35,4,5,778,1,1,1,20.73,0,1
11.71,19,5,793,0,0,1,3.39,0,0
46.41,11,2,2399,0,1,0,17.89,0,0
21.77,20,6,177,0,0,3,5.24,0,0
18.27,10,5,693,1,1,1,68.61,1,1
212.9,8,5,2489,0,1,3,9.17,0,0
41.78,17,3,48,0,0,1,2.44,1,0
94.3,2,5,989,0,0,2,45.22,1,0
63.63,19,7,2444,0,0,2,12.86,0,0
107.45,16,4,800,0,0,1,42.89,0,0
72.01,13,4,751,0,0,1,9.37,1,0
18.49,0,7,1484,0,0,1,17.33,1,0
180.6,16,5,2458,0,0,0,14.74,0,0
40.7,7,5,1136,0,0,1,20.41,1,0
14.06,4,3,1760,0,0,1,12.84,0,0
43.46,4,7,111,0,0,0,17.17,0,0
299.09,8,9,1940,0,0,3,28.43,0,0
156.06,2,8,664,0,0,1,13.39,1,0
47.06,18,7,1336,0,0,4,28.83,1,0
47.03,22,5,761,0,0,2,31.32,1,1
48.35,8,7,1550,1,0,0,34.55,0,0
532.06,21,3,1242,0,0,0,15.92,1,0
97.7,17,7,2144,0,0,2,0.09,0,0
102.52,15,13,1995,1,0,2,35.01,1,0
186.85,0,6,868,0,1,0,59.95,1,1
84.67,1,5,328,0,0,0,26.43,0,0
51.47,13,3,976,0,0,0,18.59,1,0
54.8,13,8,642,0,0,0,20.5,1,0
62.08,0,2,1123,0,1,1,25.6,1,1
64.25,15,7,959,0,1,0,162.97,1,1
138.05,14,3,2010,0,0,3,1.6,1,0
70.24,14,6,1427,0,0,2,0.54,1,0
138.75,11,2,1920,0,0,1,83.22,1,0
61.52,15,6,249,0,0,2,14.52,0,0
72.14,13,1,2200,0,0,1,23.69,1,0
9.04,23,7,1752,0,0,1,35.0,1,0
166.72,14,3,128,0,0,0,33.88,1,0
94.3,22,6,605,0,0,0,26.05,0,0
180.91,14,0,2025,0,0,0,15.96,1,0
3.68,18,5,1284,0,1,2,21.46,0,0
538.28,7,5,172,1,0,0,32.7,1,0
58.0,1,5,663,0,0,2,47.56,0,0
201.98,1,5,359,0,0,1,3.4,1,0
23.57,9,5,40,1,1,0,8.14,0,0
123.07,2,2,2148,0,0,1,12.67,0,0
23.26,22,6,2185,1,0,1,27.38,1,0
35.74,16,5,979,0,0,1,12.59,1,0
452.16,7,7,857,1,0,1,6.82,1,0
55.11,22,4,801,0,0,1,0.84,1,0
82.88,3,9,518,0,0,0,46.21,1,1
159.19,13,4,754,1,1,0,13.57,1,0
109.47,20,2,749,0,0,0,9.98,0,0
77.51,9,5,1914,1,0,1,18.92,1,1
96.06,0,5,2048,0,0,2,3.28,1,0
737.61,3,6,246,0,0,1,12.66,1,1
62.95,0,5,2016,0,0,2,34.84,1,0
81.54,16,2,1566,1,0,0,33.31,1,0
190.69,16,8,1022,0,0,3,36.95,0,0
201.45,6,4,1084,0,1,1,15.75,0,0
218.55,22,6,1882,0,0,3,11.51,1,0
126.31,19,6,1856,1,0,3,44.51,1,0
21.26,14,5,478,0,0,1,4.76,1,1
341.53,12,6,1925,0,0,2,32.29,0,0
21.19,1,4,397,0,0,1,54.72,1,0
90.25,18,9,1376,0,0,2,8.43,0,0
31.37,23,4,745,0,0,3,5.51,1,0
62.54,12,6,663,0,0,1,17.96,1,0
92.64,23,7,2098,0,0,3,6.1,1,0
91.96,10,4,1519,0,0,2,51.15,0,0
101.69,21,1,962,0,0,2,7.01,0,0
334.86,14,4,1735,0,0,1,9.42,1,0
104.96,9,4,1590,0,0,2,54.83,1,0
52.24,8,6,391,0,0,3,5.75,1,0
174.88,8,4,105,0,1,1,54.02,1,1
219.09,19,1,921,0,0,1,5.89,1,0
19.54,0,3,796,0,1,1,60.71,1,1
121.19,16,12,302,0,0,2,9.56,0,0
134.45,11,1,350,1,0,0,7.07,1,0
49.52,9,3,728,0,0,1,16.21,0,0
263.94,4,5,1383,0,0,2,11.52,1,0
57.39,17,4,969,0,0,2,5.63,1,0
75.61,14,6,2438,0,0,2,10.33,1,0
56.09,5,5,1924,1,0,0,31.23,0,0
67.73,6,3,2421,0,0,0,44.58,1,0
22.28,16,8,978,0,0,1,42.98,1,0
15.8,5,5,1949,0,0,2,35.35,1,0
328.49,7,7,2040,0,0,1,0.14,1,0
28.59,11,3,1584,0,0,0,13.9,1,0
24.74,20,10,514,1,1,0,4.63,0,0
7.74,13,9,1879,0,0,0,1.91,0,0
35.2,11,7,2042,0,0,0,33.28,0,0
17.76,22,4,2275,0,0,2,39.43,1,0
344.47,9,2,1892,1,0,3,42.13,1,1
183.06,21,5,1358,1,0,0,55.25,1,0
33.51,19,6,845,1,1,0,22.29,0,1
634.25,14,7,498,0,1,0,157.04,1,1
178.0,6,6,1441,0,0,3,16.53,1,0
48.19,8,8,2268,0,0,1,53.75,0,0
5.48,9,3,268,0,0,0,3.0,1,0
659.14,9,4,1260,0,0,1,4.03,1,0
16.62,15,3,2032,0,0,0,22.31,1,0
12.87,6,7,1627,0,0,0,3.31,1,0
185.41,4,6,2429,0,0,2,1.96,1,0
764.91,22,7,1424,0,0,0,5.46,1,0
266.21,2,5,1001,0,0,1,38.72,1,0
117.2,17,4,2145,0,0,0,65.59,0,0
120.87,10,5,409,0,0,3,10.14,0,1
156.56,14,5,318,0,0,1,91.98,0,0
142.44,20,3,13,0,0,0,41.46,1,0
88.34,19,4,1206,0,1,0,6.41,1,0
74.01,4,6,1577,0,0,3,22.05,1,0
62.64,23,10,2283,0,0,2,100.15,0,0
31.38,11,5,2396,0,1,0,47.23,1,0
50.37,3,2,1239,1,0,3,11.29,1,1
12.27,14,7,1135,0,0,1,9.14,1,0
60.44,8,3,2115,0,0,1,42.77,1,0
24.81,6,3,1814,1,0,1,19.92,1,0
22.12,9,6,1183,0,0,1,4.46,0,0
79.83,22,6,1575,0,0,1,9.93,0,0
268.27,12,6,928,1,0,3,27.1,1,0
167.05,7,3,533,0,0,2,4.16,1,0
13.87,11,7,535,0,0,0,29.99,1,0
24.79,21,11,1325,1,0,1,30.94,1,0
170.85,23,9,33,0,0,0,7.89,1,0
24.97,18,6,1664,0,0,2,12.69,0,0
53.27,0,3,1623,0,0,0,68.51,0,0
115.59,15,3,251,0,0,0,34.58,1,0
25.32,21,4,212,0,0,0,38.76,1,0
74.1,16,8,246,1,1,1,18.16,0,1
17.57,17,4,960,0,0,0,5.99,1,0
36.55,10,5,303,0,1,2,22.37,0,0
91.82,17,10,1120,0,0,1,36.97,1,0
13.56,6,7,219,0,0,3,0.1,1,0
103.59,17,5,797,0,0,0,3.02,1,0
65.39,7,5,1642,0,0,0,16.08,0,0
115.87,5,3,2286,1,1,0,14.37,1,0
83.42,6,6,419,1,0,3,100.83,0,1
260.9,22,4,972,0,0,1,2.42,1,0
75.58,21,4,1501,0,1,1,9.78,1,1
43.41,9,1,467,0,0,1,42.2,1,0
75.36,10,8,2270,0,0,0,23.7,1,0
114.81,12,0,1841,0,0,3,20.62,1,0
70.03,8,4,1938,0,0,0,33.79,0,0
69.45,6,7,395,0,0,0,1.02,1,0
33.05,8,7,1445,0,1,1,73.67,0,0
34.37,12,7,537,1,0,2,5.31,0,0
16.4,2,2,1421,0,0,2,2.13,0,0
383.59,2,7,999,0,0,0,10.35,1,0
19.22,0,3,111,0,0,0,30.3,1,0
33.35,20,6,1622,0,0,1,6.58,1,0
32.51,19,4,399,0,0,1,1.28,1,0
163.19,1,2,1235,0,0,3,1.48,1,0
49.65,2,2,1425,0,0,2,7.41,0,0
232.23,14,3,850,0,0,1,3.63,0,0
34.01,23,1,1387,1,0,0,11.65,0,0
88.15,5,8,1626,0,0,1,4.75,0,0
28.92,12,5,1789,0,0,1,10.55,1,0
569.72,20,5,244,0,0,1,14.7,0,0
20.34,0,6,123,0,1,1,33.92,1,0
90.91,19,1,1993,0,0,1,6.45,0,0
125.68,18,4,818,0,0,2,16.11,1,0
100.87,0,1,1073,0,1,0,42.23,0,0
55.41,20,1,2160,0,0,1,107.4,1,0
58.57,21,5,420,0,0,0,20.37,0,0
69.67,1,1,1328,0,0,0,14.15,1,0
57.57,14,4,1598,0,0,1,24.96,1,0
174.84,13,7,817,1,1,1,16.65,1,0
608.21,18,4,1597,0,0,2,4.5,0,0
38.19,10,4,1070,0,0,0,15.38,1,0
16.95,14,4,76,0,0,0,96.7,1,0
61.05,5,1,2460,0,0,3,25.57,1,0
879.81,19,6,1707,0,0,2,8.33,1,0
29.85,8,3,2263,0,1,1,73.51,1,1
343.48,4,4,350,0,0,1,12.3,1,0
356.99,19,5,1867,0,0,0,12.36,0,0
38.34,1,8,1085,0,0,2,23.97,0,0
117.8,5,3,2483,0,0,0,21.04,1,0
339.81,17,4,965,0,0,1,8.58,1,0
45.64,22,2,218,0,1,0,15.73,1,0
54.4,18,3,1547,0,0,3,10.11,0,0
37.27,8,2,2020,0,0,0,33.46,1,0
24.17,20,6,1898,1,0,0,3.27,1,0
34.84,23,5,378,0,0,0,34.68,1,0
19.61,5,2,1772,0,0,1,4.39,0,0
69.0,13,0,1003,0,0,0,9.13,0,0
30.88,23,4,91,0,0,2,10.14,0,0
84.25,12,4,1197,1,0,2,116.18,0,0
14.07,10,8,386,1,0,1,22.28,1,0
92.84,11,4,12,0,0,2,37.58,1,0
153.47,18,3,693,1,0,0,20.26,0,0
9.08,18,6,773,0,0,0,102.1,1,0
96.94,20,4,275,0,0,0,4.88,1,0
227.62,18,7,2492,0,0,2,23.21,0,0
19.89,23,5,734,0,0,0,39.91,1,0
355.16,12,5,1260,1,1,0,24.76,1,0
101.39,13,5,2433,0,1,4,56.81,0,1
32.95,23,4,1295,0,0,2,22.95,1,0
63.07,17,6,2423,1,0,1,43.78,0,0
116.55,11,2,776,0,0,2,4.83,1,0
71.95,3,5,2485,0,0,3,7.6,1,0
114.29,9,4,1041,0,0,1,14.68,1,0
26.56,16,9,1963,0,0,0,47.7,1,0
78.99,3,2,1074,0,0,0,13.9,1,0
16.22,11,7,1911,0,0,2,24.69,1,0
59.67,12,4,1135,0,0,0,12.6,1,0
27.01,3,4,1252,0,1,0,40.96,1,1
31.96,9,7,2301,0,0,1,5.59,1,0
229.54,2,6,948,1,0,3,22.52,1,1
198.6,14,5,312,0,0,3,21.56,0,0
122.63,1,4,379,0,0,2,12.91,1,0
22.37,16,2,860,0,0,1,30.53,0,0
48.6,5,4,2332,0,0,2,0.72,1,0
224.33,7,4,2127,0,0,0,46.05,0,0
76.84,2,3,56,0,0,2,10.69,1,0
678.12,17,5,2174,0,0,2,39.38,0,0
98.82,21,3,841,1,0,0,9.1,1,0
80.81,0,3,765,0,0,1,5.2,0,0
48.95,15,3,1462,0,0,1,12.34,0,0
76.21,6,5,2093,0,0,1,39.91,1,0
57.26,2,5,914,0,0,1,30.39,1,0
135.38,22,4,2464,0,0,0,12.81,1,0
173.59,3,4,1718,0,0,0,69.46,1,0
30.39,8,6,2469,0,0,0,13.14,1,0
17.62,4,10,788,0,0,3,10.8,1,0
10.63,18,8,1800,1,0,0,3.91,1,0
110.83,14,1,1948,1,0,0,1.82,1,0
22.12,7,7,841,1,0,0,10.77,0,0
7.75,5,4,1106,0,1,1,2.41,1,0
98.35,17,6,1611,0,0,3,15.53,1,0
806.74,18,4,653,0,1,1,49.15,1,1
66.28,23,7,422,0,0,2,16.16,1,0
154.24,14,5,2181,0,0,0,16.38,1,0
72.37,6,2,1015,0,0,0,7.31,1,0
60.41,9,1,241,0,0,1,4.55,1,0
167.18,5,10,2490,0,0,1,6.29,1,0
49.89,13,3,500,0,0,2,20.98,0,0
87.13,16,6,1720,0,0,2,22.4,0,0
91.99,8,2,2143,0,0,1,6.22,0,0
34.19,18,4,1700,0,0,1,12.73,1,0
179.84,4,8,1233,1,0,0,21.02,1,0
55.98,22,6,884,0,0,0,35.73,0,0
31.32,6,3,2213,0,0,0,9.63,0,0
114.04,18,3,907,1,0,1,7.91,1,0
27.15,19,5,1879,0,0,1,32.78,0,0
68.59,6,5,161,1,0,0,18.03,0,0
66.08,23,5,1361,0,0,2,48.58,0,0
197.53,1,6,181,0,0,1,5.92,1,0
107.2,22,2,1438,0,0,2,36.84,1,0
65.04,15,9,1439,0,1,1,4.42,1,0
151.07,12,8,771,0,0,0,21.97,0,0
267.79,7,6,1731,0,0,1,8.34,0,0
116.49,5,8,1908,0,0,3,2.66,0,0
67.38,5,2,1369,0,0,1,23.98,0,0
17.96,8,5,1787,0,0,0,17.67,1,0
22.99,3,8,702,0,0,2,16.64,1,1
49.15,10,4,2252,0,0,4,22.44,1,0
36.25,4,2,1791,0,0,0,11.65,0,0
55.31,16,4,109,0,0,2,27.73,1,0
70.57,19,2,1597,0,0,0,3.51,0,0
113.26,6,2,918,1,1,0,31.38,1,1
62.15,14,4,1930,0,0,0,21.68,1,0
108.47,14,4,437,0,1,1,16.66,1,0
71.13,13,4,596,0,1,3,3.41,1,0
9.25,12,10,265,0,0,2,8.15,0,0
26.07,10,6,1483,0,1,0,8.75,1,0
57.74,12,7,730,0,1,2,6.66,1,0
19.89,21,1,2010,0,0,2,77.08,0,1
121.5,23,9,2461,1,1,1,61.82,1,1
308.2,8,6,1688,0,0,0,19.75,1,0
225.6,9,6,416,0,0,1,5.76,1,0
53.87,3,4,1418,0,0,1,60.52,0,0
296.11,16,6,1971,0,0,2,34.6,1,0
77.38,13,3,2299,0,0,1,0.99,1,0
47.6,23,9,2104,0,1,1,16.87,1,0
36.11,17,4,124,1,1,2,23.22,0,1
49.28,10,7,1026,0,0,3,1.72,1,0
45.23,15,3,1741,0,0,1,1.28,1,0
79.08,0,10,815,0,1,1,15.57,1,0
78.3,6,3,2187,0,0,1,0.05,1,0
66.89,9,7,1590,0,1,0,1.2,1,0
103.23,8,7,1003,0,0,1,4.51,0,0
219.35,2,4,2006,0,1,0,60.19,0,0
172.35,21,5,504,1,0,0,36.34,1,0
15.11,22,5,1862,0,1,2,14.97,1,1
5.19,13,8,91,1,1,0,16.31,1,1
169.75,14,7,1215,0,1,2,28.96,1,0
17.0,1,7,1465,0,0,0,16.08,0,0
53.26,23,3,1207,0,1,1,1.65,1,0
20.69,13,4,2031,1,0,1,33.56,1,0
11.0,15,3,1321,0,0,2,1.49,1,0
114.6,6,5,570,0,0,3,16.64,1,0
142.47,3,6,1295,0,0,2,49.46,1,0
37.47,17,6,1789,0,1,1,3.12,1,0
5.0,23,7,2114,1,0,2,30.66,0,0
38.62,4,1,2063,0,1,0,1.19,1,0
98.67,5,2,1608,0,0,2,124.26,0,1
15.2,6,6,954,1,0,0,28.65,1,0
80.11,14,4,588,0,1,0,86.84,1,0
65.67,0,9,924,1,0,1,27.58,1,0
119.02,23,5,1728,0,0,2,6.94,1,0
75.16,3,5,171,0,0,3,65.22,1,1
25.2,0,2,1650,0,0,1,24.63,1,0
220.65,10,5,784,0,0,0,21.45,1,0
56.91,17,6,66,0,0,1,14.01,1,0
64.89,13,5,1199,0,1,1,8.37,1,0
26.23,21,5,555,0,0,0,18.88,0,0
42.81,10,5,2103,0,0,0,11.39,1,0
27.53,9,9,820,0,0,3,48.11,1,0
56.1,16,3,56,1,0,0,0.73,1,0
369.34,3,2,1423,1,0,1,18.88,1,0
16.91,23,3,2309,1,0,0,45.28,0,0
13.28,14,3,2223,0,0,1,0.7,1,0
290.37,15,4,2425,0,1,1,8.29,1,1
54.09,20,3,1412,0,0,1,1.32,1,0
34.16,12,3,1422,0,0,0,22.6,0,0
188.65,8,2,581,0,0,1,9.52,1,0
36.39,10,4,1750,0,0,1,80.3,0,0
414.06,10,7,357,0,0,2,23.95,0,0
131.36,5,1,854,0,0,0,20.63,0,0
40.94,0,6,506,0,0,2,62.3,1,0
576.69,21,4,705,0,0,2,6.33,1,0
36.39,5,5,1883,0,0,0,20.65,1,0
140.06,12,2,1988,0,1,1,19.56,1,0
89.95,21,10,552,0,1,1,2.14,0,0
245.12,23,4,225,0,0,0,67.23,1,0
317.83,21,6,2361,0,0,1,30.12,1,0
68.86,4,7,307,0,0,0,54.76,1,0
31.39,14,3,1379,0,0,0,101.19,1,0
105.63,17,3,295,1,0,1,16.33,0,0
33.86,19,9,135,1,0,0,40.7,1,0
499.39,13,7,60,0,0,3,21.54,0,0
76.44,14,6,1452,0,0,0,94.44,0,0
46.28,4,10,1735,0,0,1,7.1,0,0
80.21,3,7,480,0,0,1,0.35,1,0
17.34,1,3,1409,0,1,1,5.14,0,1
25.24,6,9,1513,0,0,1,3.42,1,0
221.5,9,2,1339,0,0,2,14.36,1,0
34.57,15,8,447,0,0,2,2.01,1,0
23.41,9,3,2399,1,0,0,6.22,1,0
114.05,17,3,758,0,0,1,2.53,1,0
218.26,16,5,533,0,0,3,16.67,1,1
136.86,20,3,664,0,0,1,7.76,0,0
180.56,12,5,515,0,0,1,15.92,0,0
31.29,0,6,408,0,0,0,2.33,0,1
16.09,0,7,2118,1,0,0,18.19,1,0
299.27,14,7,1948,0,0,0,3.48,1,0
48.29,0,6,1214,0,0,0,2.62,1,0
51.89,5,3,2370,1,0,3,9.28,0,0
251.69,12,7,274,0,0,2,51.87,0,0
116.31,0,3,1062,0,0,2,38.84,0,0
105.2,4,5,721,0,0,0,79.95,0,1
581.15,8,5,922,0,0,0,15.41,1,0
35.04,16,1,1624,0,1,0,9.37,1,0
168.65,15,1,1689,0,0,2,88.43,1,0
70.6,7,4,1744,0,0,0,12.02,1,0
87.23,16,4,2396,0,0,1,0.23,0,0
307.5,14,4,1455,1,0,0,42.89,0,1
110.81,23,3,2146,0,0,2,4.63,1,0
114.24,0,9,341,0,0,0,31.64,0,0
194.9,11,2,161,0,1,4,0.38,1,0
46.3,4,11,717,0,1,2,2.94,0,0
28.81,23,4,2183,0,0,1,16.52,1,0
23.46,5,6,430,0,0,0,1.76,1,0
9.33,0,3,1718,1,0,0,54.87,0,0
521.24,0,4,262,0,1,1,34.64,1,1
22.13,9,3,1008,0,0,0,9.94,1,0
53.45,9,2,1844,0,0,1,22.75,0,0
50.56,2,5,1741,0,0,2,31.43,1,0
90.69,16,2,302,1,0,1,35.2,0,0
150.77,18,5,1250,0,0,0,12.59,0,0
157.67,10,7,178,1,0,1,57.27,1,1
37.22,17,7,2073,0,0,1,71.09,1,0
56.42,1,5,46,1,0,0,5.45,1,0
88.46,8,3,1454,0,1,1,60.55,1,1
52.0,23,7,1936,0,0,5,31.18,1,0
332.73,16,6,305,0,0,1,54.76,1,0
108.96,13,5,2492,1,0,1,13.82,0,0
139.06,3,5,2377,0,1,2,27.06,1,1
129.4,16,6,932,0,0,4,6.71,1,0
215.61,16,4,1830,0,0,1,34.77,0,0
79.92,11,5,990,0,0,0,21.79,0,0
18.23,19,3,2452,0,0,0,16.39,0,0
99.45,17,4,2334,0,0,0,29.5,0,0
34.77,2,5,658,0,0,1,20.09,1,0
39.31,10,3,292,0,0,0,36.24,0,0
119.86,17,6,1672,0,0,1,48.88,1,0
230.05,3,4,1008,0,1,0,40.31,0,0
68.12,16,4,95,0,0,1,9.19,1,0
90.82,17,3,216,0,0,2,93.37,1,0
365.85,4,1,1776,0,0,0,26.23,0,0
84.84,13,8,140,0,0,1,9.77,1,0
899.36,9,4,2457,0,0,2,1.09,1,0
117.39,14,4,145,0,0,0,110.77,0,0
11.46,0,7,2227,0,0,1,22.85,1,0
141.65,15,4,1196,0,0,0,6.45,1,0
97.63,10,4,208,0,0,1,16.89,1,0
242.2,22,9,748,0,0,2,12.67,0,0
130.74,19,9,1527,1,0,0,75.59,1,1
58.06,5,9,112,0,0,0,16.96,1,0
19.6,23,3,557,0,0,1,16.57,1,0
54.11,21,6,15,1,0,1,39.57,1,1
28.49,15,8,720,1,0,1,12.39,1,0
37.32,1,5,21,0,0,2,5.47,0,0
120.13,0,7,2160,0,0,1,36.57,1,0
354.22,23,9,1866,1,0,1,60.23,1,0
98.96,23,2,1723,0,1,2,1.17,1,1
20.17,8,7,436,0,0,4,49.13,0,0
104.02,21,7,180,0,0,0,14.4,0,0
220.66,11,2,1722,0,1,1,8.53,1,0
36.24,16,5,98,0,1,1,1.0,1,0
58.32,14,10,864,1,0,1,5.75,0,0
67.67,18,5,1467,0,0,1,10.12,0,0
30.42,21,7,2483,0,1,3,1.83,1,0
127.52,9,3,187,0,0,1,5.23,1,0
59.09,11,3,427,0,1,0,33.37,0,0
101.45,13,5,563,0,1,1,29.03,1,0
27.45,8,4,251,1,0,1,36.72,1,0
43.06,12,5,1389,0,1,1,4.52,1,0
137.33,2,6,1606,0,0,2,1.1,0,0
45.93,20,5,1471,0,0,1,15.81,0,0
375.01,13,4,1475,0,0,1,10.49,1,0
44.72,20,4,2014,0,0,0,37.48,1,0
83.49,9,7,2465,0,0,3,19.35,1,0
169.46,15,3,1956,0,0,3,66.91,1,0
16.15,6,4,1310,0,1,0,1.58,1,0
11.46,3,6,1080,0,0,0,11.3,1,0
14.5,19,3,831,0,0,0,12.99,1,0
235.71,22,4,1929,0,0,2,3.36,1,0
38.4,10,2,1798,0,1,3,21.87,0,1
861.09,15,7,201,0,0,0,1.03,0,0
37.93,19,7,2106,1,1,0,31.18,1,0
80.2,3,5,2151,0,0,1,0.95,0,0
311.72,21,3,940,0,0,0,51.68,1,0
495.76,21,4,1782,0,1,1,1.68,1,0
524.01,22,7,2224,1,0,2,15.24,1,0
223.27,16,5,2311,0,0,2,4.22,1,0
185.69,12,4,66,0,1,0,3.57,0,0
120.61,10,4,2063,0,0,4,31.93,1,0
145.24,2,6,2007,1,0,1,37.21,1,0
38.43,8,1,247,0,1,1,33.6,1,0
29.42,5,6,742,0,0,0,12.94,1,0
66.46,21,10,2077,0,1,1,117.18,1,1
56.25,20,2,1237,0,0,3,10.39,1,0
42.38,10,6,151,0,0,2,7.04,1,0
133.81,15,4,2433,0,0,3,141.41,1,1
173.35,18,4,2464,0,1,0,94.61,1,1
72.85,4,6,825,1,0,3,22.4,0,1
292.23,13,5,2027,0,0,1,5.86,1,0
21.29,16,2,2137,0,0,2,6.81,0,0
54.95,2,5,219,0,0,1,18.4,1,0
32.56,3,3,777,0,0,0,37.41,1,0
10.31,15,2,2434,0,1,3,2.02,1,0
61.39,15,4,2097,0,0,1,29.09,0,0
59.04,20,4,462,0,1,0,2.72,1,0
302.91,3,2,723,0,0,1,46.47,0,1
125.31,18,6,95,0,0,0,18.99,0,0
23.95,16,6,1588,0,0,0,114.38,1,0
425.85,12,4,2293,0,0,1,34.96,1,0
226.11,21,6,2026,0,0,0,17.19,1,0
119.35,22,2,1923,1,1,1,3.8,1,0
53.17,23,3,1615,1,0,2,19.54,1,1
25.55,0,1,653,1,0,1,3.04,0,0
45.96,11,4,1281,1,0,0,58.89,0,0
198.1,3,5,1634,1,0,2,6.54,0,0
439.04,10,4,1572,0,1,0,50.13,1,1
312.07,4,6,2418,1,0,4,9.06,1,1
40.9,1,4,759,0,1,4,6.27,1,1
21.77,16,5,2232,0,0,1,9.07,1,0
76.78,7,6,1407,0,0,1,30.74,1,0
11.38,5,3,1975,0,1,0,18.62,1,0
92.13,20,4,70,1,0,0,2.84,1,0
57.54,8,8,1540,0,0,2,3.69,0,0
41.84,12,4,784,0,0,0,11.89,1,0
13.54,10,7,2471,0,0,2,10.33,1,0
111.45,15,4,125,0,0,3,47.72,0,0
39.15,15,5,1766,0,0,0,21.23,1,0
20.7,1,2,1457,0,0,1,5.17,1,0
3.77,9,9,1161,0,0,1,0.72,1,0
64.88,11,1,1359,1,1,3,2.7,0,1
392.39,7,5,1232,0,0,0,30.13,1,0
351.17,10,4,636,0,1,0,46.95,1,0
42.22,9,3,1366,0,0,0,38.14,0,0
36.52,12,7,1499,0,0,2,39.0,0,0
106.57,16,4,1875,0,0,3,7.56,0,0
24.57,6,3,2481,1,0,1,112.94,1,0
90.18,23,6,1346,1,1,0,2.26,1,0
143.46,2,4,532,0,1,0,43.02,0,0
227.45,19,3,1649,0,1,1,2.55,1,0
60.33,12,6,2232,0,0,1,7.78,1,0
54.4,18,6,1981,1,1,0,17.1,0,0
27.72,6,3,2431,1,0,0,1.37,1,0
29.17,8,6,641,0,0,2,12.53,1,0
53.17,18,6,246,0,1,0,10.77,1,0
96.29,12,2,1781,0,0,1,26.04,1,0
166.27,21,8,977,1,0,1,31.65,1,0
29.87,7,3,1850,0,0,2,2.37,0,0
296.69,21,10,452,0,1,0,0.97,1,0
50.85,17,4,1921,0,0,5,37.39,1,1
65.28,22,4,1029,0,0,0,18.77,0,0
31.59,1,3,2016,0,0,0,19.12,0,0
5.9,17,8,1572,0,0,0,98.71,1,0
161.43,17,7,851,0,0,1,14.39,1,0
139.33,10,8,644,0,0,0,5.46,0,0
50.33,0,3,2213,0,0,0,28.54,1,0
71.31,13,6,822,0,0,0,42.28,1,0
111.71,15,6,1719,0,0,0,17.45,1,0
13.98,10,7,1580,0,0,0,29.43,1,0
39.29,0,3,1074,0,1,5,18.04,1,1
147.56,6,8,195,0,0,2,13.08,1,0
19.02,15,8,1728,1,0,1,0.87,1,0
89.44,13,5,1422,0,1,0,4.77,0,0
17.17,14,11,1482,0,0,0,16.34,1,0
106.32,13,2,708,0,0,1,12.63,1,0
64.35,20,3,2364,1,0,0,46.27,0,0
13.26,10,4,954,0,0,1,2.87,1,0
213.74,15,4,146,0,0,1,1.29,0,0
31.99,18,8,1235,0,1,2,2.28,1,0
29.66,16,4,902,0,0,2,28.34,1,0
81.5,5,9,630,0,0,2,22.56,1,0
210.32,10,8,2214,1,1,1,25.01,0,1
24.15,16,4,2238,0,0,1,4.27,1,0
70.93,8,7,2466,0,0,3,18.16,0,0
102.39,17,2,862,0,0,0,36.49,0,0
133.37,16,6,880,0,0,0,28.79,1,0
79.55,11,7,621,1,0,2,14.44,0,1
46.2,22,5,1548,0,0,0,2.73,1,0
29.15,21,8,1578,0,1,0,51.13,1,0
72.69,21,5,78,0,0,0,18.67,1,0
22.83,4,6,611,1,0,2,55.1,1,1
3.59,10,3,2074,0,0,1,14.44,1,0
103.19,3,5,888,1,0,0,6.76,1,0
164.67,3,5,555,0,0,0,9.18,1,0
6.28,2,3,1809,0,0,2,13.54,1,0
24.29,23,7,1846,0,0,2,23.81,1,0
123.86,22,5,2117,0,1,1,36.62,1,0
521.91,16,6,193,0,1,2,6.95,1,1
68.09,6,3,847,0,0,0,5.2,1,0
32.2,3,5,1902,0,0,1,5.66,0,0
55.54,22,4,1398,0,0,0,68.14,0,0
263.72,12,2,1951,0,0,1,4.48,0,0
34.95,11,5,1962,0,0,1,10.61,1,0
29.99,0,6,1467,1,0,1,16.63,1,1
41.15,20,3,1401,0,0,1,20.31,1,0
25.7,18,6,1463,0,0,0,48.81,0,0
75.39,20,6,2387,0,0,1,2.99,1,0
338.55,19,4,1182,0,1,1,2.86,1,1
92.12,17,5,1721,0,0,1,9.51,1,0
51.81,10,3,1410,0,0,3,13.33,1,0
49.81,19,3,790,1,1,0,11.7,1,1
13.97,2,4,1038,1,0,2,12.44,1,1
161.27,16,3,2459,0,0,1,47.67,1,0
61.69,11,5,637,0,0,1,45.3,1,0
55.67,9,7,2260,0,0,2,40.93,1,0
1624.75,7,5,63,0,0,0,35.19,1,0
89.9,14,6,297,0,0,0,1.03,1,0
31.44,4,1,1078,0,0,0,4.04,0,0
43.54,3,2,293,0,0,2,32.94,0,0
210.28,20,7,842,0,0,0,22.59,1,0
74.68,19,10,591,0,0,1,28.02,1,0
15.83,18,4,2004,1,0,1,31.55,1,0
167.21,20,6,2099,0,0,1,60.58,0,0
34.19,3,6,281,0,0,1,25.21,1,0
434.11,14,6,926,0,1,0,8.06,1,0
196.38,16,8,580,0,0,2,2.17,1,0
42.64,11,4,2104,0,0,1,14.14,0,0
240.09,2,9,1655,0,0,0,30.93,1,0
71.37,9,3,2183,0,1,0,8.28,0,0
156.46,14,7,481,0,1,3,3.2,1,0
108.28,9,6,820,0,0,0,166.96,1,0
28.61,23,6,1956,0,0,2,13.57,1,0
35.04,22,4,630,0,0,0,6.09,0,0
186.79,17,5,686,0,0,0,4.49,0,0
47.71,0,3,2427,0,1,1,49.65,1,1
44.54,2,6,780,0,0,1,42.82,1,0
25.66,20,4,2064,0,0,0,23.75,1,0
101.86,11,3,707,0,0,0,19.81,0,0
524.54,0,1,1624,0,1,0,75.62,0,0
22.93,2,2,74,0,0,0,6.48,0,0
68.32,2,4,211,0,0,0,13.42,1,0
273.75,4,5,151,0,0,0,0.62,0,0
61.58,18,8,2274,0,0,0,13.56,1,0
104.83,0,8,1326,0,0,0,12.12,1,0
23.05,3,2,1167,0,1,0,74.64,1,1
102.34,3,2,2319,0,0,2,11.09,0,0
55.3,16,3,2341,0,0,0,45.01,0,0
178.7,13,5,111,0,1,0,36.37,1,0
218.63,17,6,386,0,0,1,3.98,0,0
888.53,0,6,215,0,0,0,82.23,1,1
119.06,21,4,770,0,0,1,24.92,1,0
92.37,15,5,1156,0,1,3,22.69,0,0
80.99,2,4,2067,0,0,0,0.29,1,0
46.84,22,5,1200,1,0,1,30.03,1,0
93.55,20,8,1644,0,0,1,1.43,0,0
49.63,8,5,1752,0,0,0,5.13,1,0
78.92,22,9,2208,1,0,1,2.6,0,0
249.04,3,4,1070,0,0,0,11.88,0,0
24.37,20,8,1922,0,0,1,39.71,0,0
208.49,4,2,1507,0,0,1,30.72,1,0
248.92,10,3,1477,0,0,2,2.82,0,0
59.26,20,2,1038,0,0,1,40.04,0,0
7.99,8,2,899,0,0,0,15.44,1,0
36.31,2,4,1259,0,0,1,0.83,0,0
243.96,5,4,1572,0,0,1,6.33,0,0
65.18,23,7,412,0,0,2,38.45,0,0
24.55,10,4,820,0,0,3,33.04,1,0
40.25,8,7,1068,1,0,2,5.22,1,0
154.57,14,7,1270,0,0,0,0.97,0,0
115.21,22,8,1501,1,0,0,8.75,1,0
52.51,2,5,521,0,0,1,39.61,1,0
46.21,0,5,1856,0,0,1,69.67,1,0
45.07,19,2,326,0,0,0,21.27,0,0
26.51,21,3,312,0,0,2,2.39,1,0
335.42,18,2,1135,0,0,0,17.43,1,0
48.31,13,4,1345,0,0,0,167.96,0,0
225.24,16,5,91,0,0,1,69.79,1,0
305.31,21,5,667,0,0,1,124.81,1,1
180.97,13,3,2250,1,0,3,30.05,1,1
43.31,16,5,2281,0,0,1,13.88,0,0
99.86,13,8,62,0,1,0,55.9,1,0
65.09,11,6,1024,0,0,0,56.39,1,0
27.01,15,6,354,0,0,3,3.9,0,0
92.24,0,3,1118,0,0,1,37.33,1,0
20.51,12,5,996,0,0,2,62.93,0,0
218.7,5,4,1940,0,0,2,57.2,1,0
41.9,16,4,650,0,1,2,30.68,1,1
81.55,11,1,220,0,0,1,19.27,1,0
88.53,22,8,873,0,0,0,37.49,1,0
51.47,18,5,785,0,1,1,18.15,1,1
119.9,5,7,924,0,0,3,9.69,1,0
41.48,6,7,192,0,0,0,7.49,0,0
159.38,0,2,515,0,0,0,19.45,1,0
17.36,0,5,1867,0,0,0,15.22,0,0
75.67,4,6,2069,1,0,1,18.58,1,0
463.56,5,6,102,0,1,1,7.55,1,0
24.52,15,0,339,0,1,0,22.33,0,0
33.86,15,5,2247,1,0,0,27.12,1,0
111.49,13,7,2350,0,0,2,41.11,1,0
79.8,0,5,270,0,0,2,22.29,1,0
94.69,12,4,719,1,0,0,35.27,1,0
108.76,19,6,1961,0,0,3,4.64,1,0
125.8,9,3,2380,1,0,0,3.23,0,0
202.29,23,2,2067,0,0,0,4.95,1,0
100.47,9,3,97,0,0,0,46.81,1,0
52.39,8,3,2397,0,0,0,20.31,1,0
130.66,12,9,1582,0,0,1,15.19,1,0
445.81,2,6,2266,0,0,0,35.9,1,0
58.4,17,4,1082,0,0,2,3.31,1,0
25.17,19,4,1856,0,0,2,0.16,0,0
201.76,1,6,2320,1,0,1,9.31,1,0
59.12,16,5,1498,0,1,1,7.16,1,0
7.59,18,4,1668,1,0,1,9.18,0,0
155.62,22,6,2077,0,0,3,90.83,1,0
39.04,12,4,1141,0,0,1,20.97,0,0
60.91,12,8,2197,0,0,1,22.24,0,0
92.94,0,4,1124,0,0,0,26.65,1,0
80.68,1,0,280,0,1,0,12.68,1,0
135.57,0,3,1606,0,0,1,96.55,1,0
43.14,23,6,293,0,0,0,90.54,0,0
111.4,4,6,375,0,1,1,36.66,1,1
51.44,23,5,12,0,0,0,5.95,1,0
139.6,2,7,793,0,1,1,53.05,1,0
123.39,6,4,2221,0,0,3,2.66,1,0
26.17,23,5,397,0,0,1,24.85,1,0
197.55,21,4,1042,1,1,1,15.28,0,0
39.02,12,6,1399,0,0,1,1.0,0,0
149.61,22,11,2069,1,0,1,58.56,0,0
96.28,17,5,83,1,0,1,81.16,0,1
419.13,23,4,247,0,0,2,59.49,1,1
53.33,20,3,1995,1,0,0,5.34,0,0
47.03,6,6,2291,0,0,0,10.12,1,0
65.4,0,2,1472,1,0,1,77.94,1,1
49.25,4,5,1790,0,0,1,2.81,1,0
148.4,16,3,1514,0,0,1,21.89,1,0
13.25,7,5,1125,0,0,3,16.62,1,1
23.25,14,8,881,1,0,1,4.12,0,0
22.92,19,4,1231,0,0,2,54.42,1,0
172.48,3,7,1149,0,0,1,3.6,1,0
368.93,1,8,1676,0,1,0,22.46,0,0
60.07,4,11,2210,0,0,1,9.57,0,0
56.33,0,4,1666,0,1,4,13.53,0,1
71.53,4,3,1141,0,0,1,5.94,1,0
213.12,5,9,1981,0,0,1,24.5,0,0
26.38,1,6,820,0,0,1,112.02,1,0
84.64,0,4,65,0,0,0,44.83,1,0
176.83,3,6,1543,0,1,1,28.74,1,0
110.07,6,6,943,1,0,3,35.3,1,1
80.61,21,2,672,0,0,0,45.7,1,0
181.46,0,10,1588,1,0,1,15.99,1,1
4.47,0,5,2357,1,0,1,20.93,1,0
131.35,7,5,1881,0,0,0,56.46,1,0
34.67,19,3,1312,1,0,2,29.76,1,0
10.69,15,5,153,0,0,0,3.66,1,0
111.19,20,6,238,0,0,3,37.8,1,1
263.4,12,7,2194,0,0,1,0.57,1,0
58.12,22,4,249,0,1,0,47.02,1,0
172.93,23,1,2014,1,1,0,38.81,1,0
334.38,22,6,1348,0,1,0,44.41,1,0
248.37,17,10,160,0,1,2,0.6,1,1
343.77,19,4,812,0,1,1,89.79,1,1
140.07,9,4,362,0,1,0,23.81,1,0
71.91,11,9,1984,0,1,0,40.24,1,0
13.44,0,6,1143,0,1,2,20.9,1,0
52.14,9,5,475,0,0,1,10.38,1,0
28.7,8,11,1073,0,0,0,8.78,0,0
584.61,2,5,1405,0,0,2,1.81,1,0
55.93,18,6,1558,0,0,0,19.55,1,0
75.43,8,6,1540,0,0,1,3.88,1,0
115.76,9,2,62,1,0,2,20.96,1,0
69.66,18,7,1778,0,0,2,24.52,1,0
363.24,15,3,2408,0,0,1,14.59,1,0
35.78,23,1,1584,0,0,2,4.25,1,0
81.01,17,5,2397,0,1,1,14.17,1,0
31.74,13,4,1154,0,0,1,52.73,1,0
17.81,2,7,2122,0,0,0,15.31,1,0
36.17,1,4,1473,0,1,1,10.49,1,0
64.26,0,4,305,0,0,2,24.84,0,0
43.41,17,4,2262,0,0,3,24.11,1,0
33.37,23,2,656,0,0,1,2.37,1,0
16.34,8,6,1590,0,1,1,6.75,0,0
61.37,12,4,2192,0,0,1,17.05,0,0
14.81,1,7,2435,0,0,0,11.41,0,0
142.6,6,4,719,0,1,1,9.64,0,0
72.42,15,5,76,0,1,1,14.75,1,1
15.52,20,6,2060,0,0,2,8.57,1,1
48.95,18,6,1603,0,1,1,10.67,1,0
31.43,14,6,1921,0,0,1,37.14,0,0
91.76,21,6,519,0,0,0,17.85,1,0
254.79,10,4,1901,0,0,1,51.56,1,0
10.22,0,4,1471,0,0,0,74.18,1,0
74.82,20,9,1983,0,0,0,63.8,0,0
56.82,6,4,2009,0,1,0,7.32,0,0
130.5,19,9,1980,0,0,1,16.01,1,0
82.53,7,4,1561,0,0,3,19.15,1,0
31.44,9,5,111,0,0,2,47.8,1,0
48.47,4,4,1470,0,0,1,20.47,1,0
30.08,8,6,743,0,0,1,7.28,1,0
195.59,0,5,2444,0,1,1,19.83,0,0
68.12,1,3,542,0,1,0,1.13,0,0
446.39,18,7,101,1,1,3,44.91,1,1
62.76,13,7,1829,0,0,1,20.87,1,0
32.84,19,4,1166,0,1,0,26.37,1,0
14.68,9,6,848,0,0,3,5.61,1,0
10.99,8,2,514,1,0,0,20.42,1,0
13.68,9,3,1486,0,0,2,18.91,1,0
87.11,5,7,850,0,1,0,24.17,1,0
110.91,16,6,696,0,0,1,47.0,1,0
13.72,5,5,2205,0,0,1,36.16,0,0
163.21,3,4,943,0,0,2,19.79,1,0
41.14,19,3,1265,0,0,0,55.97,0,0
77.23,2,7,893,0,0,1,11.1,1,0
334.36,22,4,323,1,0,1,16.96,1,0
163.5,18,7,2355,0,0,2,26.21,1,0
50.98,17,6,232,0,0,0,14.53,1,0
27.35,23,4,2410,0,0,1,11.21,0,0
7.75,3,7,425,0,1,1,2.98,0,0
32.49,7,3,2119,0,1,0,25.26,1,0
53.99,16,6,633,0,0,2,5.35,1,0
24.85,4,4,2433,0,0,2,3.72,1,0
58.48,12,5,414,0,0,1,5.03,1,0
72.01,0,4,1288,0,0,0,29.16,1,0
53.26,12,3,399,0,1,0,3.72,1,0
34.81,3,5,1658,0,1,0,93.49,1,1
78.94,21,5,775,0,1,1,35.53,1,1
103.75,23,5,357,1,0,5,12.47,1,1
22.41,13,4,1355,0,0,1,22.49,1,0
273.4,2,3,1929,1,0,2,0.19,1,0
60.43,4,4,339,1,0,0,46.53,0,1
67.96,6,8,1978,0,1,1,7.91,0,0
135.4,0,7,983,1,0,1,1.86,1,0
84.2,22,3,2149,0,0,2,35.48,1,0
172.97,11,4,1255,0,0,4,10.0,0,0
88.87,10,3,2247,0,0,3,20.96,1,0
36.15,23,6,214,0,0,1,46.45,1,0
95.73,7,4,2269,0,1,0,37.4,0,0
21.25,5,6,98,0,0,3,10.27,0,0
74.33,21,2,372,0,0,2,50.76,1,0
64.51,1,5,341,1,0,1,12.31,0,0
54.16,18,7,717,0,0,1,17.33,1,0
58.64,19,5,1488,0,0,2,23.7,1,1
10.16,19,3,431,1,0,2,1.84,0,0
38.52,23,5,772,0,0,1,22.73,0,0
73.17,13,6,1204,1,0,1,21.53,1,0
78.25,0,3,258,1,1,1,51.69,0,1
23.86,9,1,2238,1,0,1,10.91,1,0
236.44,15,5,492,0,0,0,6.93,0,0
28.05,3,3,1417,0,0,1,16.18,0,0
175.82,10,4,2305,0,0,0,29.07,0,0
102.23,15,4,328,0,0,2,20.63,0,0
34.94,19,7,709,0,0,0,3.72,1,0
393.59,0,4,540,0,0,1,10.69,1,0
20.21,15,1,1146,0,0,0,1.65,1,0
167.19,18,4,1957,0,0,0,33.61,0,0
181.38,20,3,1377,0,0,2,53.63,0,0
34.1,21,6,132,0,0,0,1.17,1,0
268.4,8,2,759,0,1,2,18.63,1,0
51.93,8,6,328,0,1,2,20.87,1,0
89.01,8,8,1607,0,1,2,14.44,1,1
86.52,16,6,595,0,1,1,17.47,1,0
58.31,11,10,2302,0,0,2,30.98,0,0
150.03,12,6,553,0,0,0,16.53,0,0
147.45,7,5,1490,0,0,1,63.03,1,0
11.61,15,5,2210,0,0,2,19.46,0,0
245.76,17,2,24,0,0,1,1.86,0,0
12.65,0,3,1476,0,1,0,76.61,1,0
187.27,0,2,254,0,0,1,3.97,1,0
205.76,11,5,908,0,0,0,38.37,0,0
22.4,5,1,1488,0,0,2,18.71,1,0
44.22,8,5,1392,1,0,0,33.76,1,0
22.07,22,4,61,0,1,0,18.01,1,1
53.79,4,3,2068,0,0,1,1.52,0,0
49.01,15,5,832,0,1,2,11.75,1,0
145.43,17,1,1633,0,0,0,24.23,0,0
247.23,16,10,2284,0,1,0,24.78,0,0
269.26,17,1,2171,0,0,0,90.34,0,0
38.01,0,13,613,0,0,1,23.31,0,0
54.1,18,4,602,0,1,0,8.44,1,1
12.39,21,3,1283,0,0,2,1.11,0,0
29.79,7,8,1283,0,0,0,38.83,1,1
175.01,2,5,2267,1,0,3,55.02,1,1
335.49,4,5,1014,0,0,2,23.77,0,1
19.41,22,1,1581,0,0,2,16.46,1,0
36.88,7,1,2395,0,0,0,49.33,0,0
64.95,18,7,1821,0,0,1,6.87,0,0
88.25,17,5,734,0,1,0,12.72,0,0
29.68,17,6,824,0,1,2,17.71,0,0
101.91,20,6,541,0,0,0,1.27,1,0
41.52,0,7,768,0,1,2,29.17,1,1
65.73,14,3,15,0,0,1,5.22,0,0
115.16,17,6,594,0,0,0,10.13,1,0
67.12,6,6,628,0,0,1,13.38,0,0
43.1,15,1,1544,0,0,0,25.44,1,0
59.76,15,6,806,1,0,1,1.69,1,0
61.05,14,2,1494,0,0,0,10.42,1,0
46.06,5,7,365,0,1,1,8.02,1,0
51.48,8,3,2276,0,0,0,0.04,1,0
329.85,6,6,2424,0,0,0,29.41,1,0
116.85,13,5,898,0,0,0,6.73,1,0
49.63,10,8,570,0,0,1,4.55,1,0
133.88,20,3,373,1,0,0,39.98,1,0
47.76,15,2,1423,0,1,0,1.0,0,0
215.54,5,5,1328,0,1,1,57.62,1,0
96.51,21,9,1321,0,1,0,29.03,0,0
59.9,15,3,2234,0,0,0,4.71,1,0
104.35,19,5,1332,0,0,1,10.77,0,0
13.86,15,3,1653,0,0,1,74.88,1,0
21.61,11,3,1317,0,0,3,24.11,1,0
20.21,16,4,1087,1,0,2,23.46,1,0
76.93,4,6,1844,0,0,2,26.47,0,0
377.1,12,2,1353,0,0,2,15.53,0,0
620.98,7,4,731,0,1,1,4.58,0,0
126.22,23,3,1254,0,0,2,4.09,0,0
110.04,4,1,1715,0,1,2,29.06,1,0
11.01,11,3,1967,0,0,0,53.84,1,0
38.76,8,4,1376,0,0,3,8.92,0,0
30.33,2,4,1355,0,0,2,17.5,1,0
35.84,2,4,590,0,0,1,121.46,1,0
56.37,0,9,755,0,0,0,7.43,0,0
41.59,21,11,1048,0,0,0,12.37,1,0
9.21,17,4,1513,0,0,1,11.3,0,0
140.88,23,4,887,0,0,1,0.83,0,0
22.81,11,2,143,0,1,2,17.81,1,0
84.71,8,5,727,1,0,0,5.85,1,0
530.64,8,6,1057,0,0,0,3.44,0,0
26.59,17,3,2434,0,0,1,30.98,1,0
5.31,17,4,1472,0,1,3,36.29,1,0
50.1,6,2,1357,0,0,3,54.93,1,0
200.53,3,6,1155,0,0,1,68.0,1,0
472.65,12,8,1374,0,0,0,50.83,1,1
19.5,16,6,1241,0,0,0,3.27,0,0
109.58,23,6,2011,1,0,0,6.33,0,0
41.88,1,6,175,0,0,1,3.27,0,0
59.98,13,5,1589,0,0,0,10.91,1,0
938.56,2,2,1108,1,0,0,3.31,0,0
14.84,4,2,1513,0,0,3,26.48,0,0
85.95,13,1,2329,0,1,2,31.53,0,0
106.45,2,5,2027,0,0,2,4.35,1,0
197.51,22,3,2223,0,0,2,24.29,1,0
73.55,6,6,771,0,0,2,0.58,1,0
90.74,17,3,1119,0,0,0,14.25,0,0
45.08,12,3,658,0,1,1,8.4,1,0
87.28,22,6,560,1,1,0,162.47,0,1
47.31,21,8,608,0,1,2,64.03,0,1
124.16,9,4,2212,0,0,1,3.99,0,0
46.08,12,5,1609,0,0,2,62.33,1,0
97.23,15,4,426,0,1,1,13.57,1,0
64.76,8,6,1749,0,0,0,21.49,0,0
205.62,1,3,2124,0,0,0,19.08,0,0
63.35,22,5,1092,0,0,0,32.38,1,0
11.32,4,3,1016,1,1,1,10.2,1,1
235.55,21,7,597,0,0,1,1.81,1,0
26.96,16,4,781,0,0,0,13.52,1,0
34.68,22,6,1922,1,0,1,19.66,1,0
36.76,21,6,2233,0,0,1,20.24,1,0
263.6,3,3,331,0,0,0,39.33,0,0
7.88,16,4,1494,1,0,2,1.13,0,0
1537.25,8,11,2193,0,0,0,110.77,1,0
191.72,19,7,2485,0,0,0,116.58,0,1
83.37,1,3,1827,0,0,2,2.61,0,0
63.12,23,2,2031,0,0,0,10.54,0,0
88.73,17,4,940,0,1,1,22.31,1,0
112.29,20,11,689,0,0,4,11.68,1,0
127.13,21,7,2379,0,0,0,16.72,1,0
116.23,10,4,1369,0,0,0,9.86,0,0
72.94,12,4,790,1,1,2,31.13,0,1
54.74,7,6,1546,0,0,0,11.31,1,0
57.32,0,8,180,0,0,1,14.05,1,0
54.88,16,4,933,1,0,0,21.45,1,0
207.22,11,7,138,0,0,0,87.01,1,0
120.73,3,9,1451,0,0,0,25.67,1,0
3.52,20,5,406,0,0,0,2.55,0,0
128.5,12,6,2118,1,1,1,9.6,1,0
81.02,8,2,1867,0,0,2,13.61,1,0
65.45,6,4,1668,1,0,0,33.69,0,0
45.22,22,4,1805,0,0,0,14.8,0,0
205.23,23,8,406,0,0,0,26.9,1,0
172.01,4,7,813,0,0,1,45.74,0,0
30.79,4,9,664,1,1,2,2.75,0,0
100.19,16,8,1886,0,1,0,36.28,1,0
25.24,8,5,277,0,1,1,34.22,1,0
16.78,5,5,2133,0,0,0,42.83,1,0
35.63,18,8,1102,0,0,1,78.13,0,1
157.97,15,9,1478,0,0,2,9.26,0,0
172.97,20,6,1331,0,0,2,14.01,1,0
111.4,1,8,1507,0,0,0,7.62,1,0
137.7,9,4,907,0,0,1,9.9,0,0
111.74,15,3,1764,0,0,0,10.01,1,0
35.11,4,4,1518,0,1,1,50.96,0,1
102.71,14,6,831,0,0,1,1.62,1,0
148.47,12,8,2145,0,1,2,5.66,1,0
141.78,12,5,1174,1,1,1,23.58,1,1
218.97,12,6,1574,0,1,0,36.22,0,0
135.41,14,7,835,0,1,4,29.88,0,1
94.77,13,5,584,0,0,2,1.19,0,0
194.45,7,10,1376,0,0,2,15.12,0,0
64.94,10,2,696,0,0,1,5.1,1,0
27.61,17,6,984,1,1,1,110.87,0,1
56.65,23,4,515,0,1,1,170.13,1,1
31.66,3,8,1780,0,1,2,1.31,0,0
33.95,9,2,83,1,0,1,27.54,1,0
57.71,0,4,815,0,0,1,41.92,1,0
30.19,4,4,590,0,1,2,9.82,1,0
49.01,12,7,232,0,1,0,29.57,1,0
10.04,0,8,906,0,0,2,5.2,0,0
82.54,22,5,2443,0,0,1,3.42,1,0
66.77,7,5,2179,0,1,1,64.86,0,0
29.46,2,4,1808,0,0,4,25.72,1,0
128.93,2,8,742,0,1,0,42.45,0,1
170.3,6,5,1474,0,0,1,19.02,0,0
13.36,3,4,832,0,0,2,4.2,1,0
31.1,2,6,466,0,0,0,11.82,1,0
30.9,14,2,2221,0,0,0,53.35,0,0
26.05,7,6,2149,0,0,1,0.39,0,0
152.85,2,7,2393,0,0,3,5.8,1,0
54.94,6,4,595,0,1,0,7.3,1,0
51.19,17,7,323,0,0,2,7.63,1,0
8.99,10,3,1899,1,0,1,2.59,1,0
125.89,10,7,1003,0,0,1,47.13,1,0
19.31,16,2,1499,0,0,1,4.34,1,0
70.81,5,3,1674,0,1,0,44.25,1,0
88.0,7,5,665,0,0,1,10.97,1,0
259.99,0,4,2123,0,0,2,15.28,0,0
18.01,9,5,1890,1,0,4,15.54,1,0
3.26,18,6,210,0,1,0,31.22,1,0
80.15,2,4,443,0,0,0,32.85,1,0
403.64,3,7,147,0,0,1,25.59,1,0
230.2,10,5,1085,0,1,1,37.15,1,0
82.24,14,7,1758,0,0,0,0.21,1,0
40.79,0,7,1485,0,0,1,17.57,0,0
149.47,8,3,1191,0,0,1,18.56,1,0
25.19,10,4,871,0,0,0,6.84,1,0
107.38,18,7,1239,0,0,1,20.32,1,0
110.55,12,6,1349,0,0,2,15.74,1,0
192.52,15,5,145,0,0,1,15.97,1,0
1053.28,3,3,458,0,1,0,3.15,1,0
98.73,0,6,78,0,0,1,14.28,1,0
40.09,19,6,822,0,0,0,36.36,1,0
65.0,12,6,1024,0,0,1,13.19,1,0
11.37,0,5,1200,0,0,2,16.71,0,0
33.29,4,3,1750,0,0,1,85.68,1,0
44.29,4,4,2029,0,0,0,51.35,1,0
39.48,13,6,1974,0,1,0,66.02,1,0
77.66,22,8,106,0,0,1,2.02,1,0
29.3,13,1,386,0,0,0,24.1,0,0
204.59,7,3,1524,0,0,2,6.32,1,0
66.7,3,4,1957,0,0,2,12.95,1,0
66.07,6,8,1086,0,0,0,28.47,1,0
48.04,19,7,18,1,0,2,21.62,1,0
77.88,18,5,2388,0,0,2,17.62,1,0
152.19,14,9,260,0,0,1,42.11,0,0
28.02,21,3,369,0,0,2,28.69,0,0
34.53,3,9,2406,0,0,2,43.02,1,0
49.22,18,7,133,0,0,1,67.18,1,0
17.36,8,5,643,0,0,2,31.12,0,0
29.39,20,8,208,0,0,0,12.58,1,0
41.42,12,4,838,0,1,3,5.98,0,1
159.87,13,6,1444,0,0,1,7.9,1,0
86.71,22,4,927,0,0,1,12.63,1,0
80.93,13,5,1128,0,1,1,33.69,1,0
156.16,21,4,2087,0,0,1,1.02,1,0
58.13,9,4,1125,1,0,1,42.09,1,0
98.54,15,2,605,0,0,1,35.48,1,0
60.15,4,6,1754,0,0,3,17.3,1,0
86.95,22,8,32,0,1,0,12.76,0,0
37.23,5,5,335,0,0,1,2.99,1,0
5.82,1,9,886,0,0,0,8.55,1,0
58.31,12,5,272,0,0,1,2.9,0,0
276.65,12,2,1393,0,1,1,42.72,1,0
168.38,18,4,1595,0,0,1,17.8,0,0
175.11,17,5,442,1,1,0,7.09,0,0
229.55,18,1,569,1,0,2,0.46,1,1
72.87,0,5,58,1,0,1,18.55,1,0
81.23,7,4,2225,0,0,1,34.87,1,0
35.96,21,6,1712,1,0,1,36.36,1,0
48.61,15,4,2498,0,0,0,6.03,0,0
123.44,1,3,603,1,0,0,132.77,0,0
222.27,7,5,1608,1,0,1,21.03,0,0
58.01,5,4,237,1,0,0,10.09,1,0
42.51,15,10,1985,0,0,1,12.47,0,0
66.72,22,3,223,0,0,1,3.32,0,0
121.66,10,4,1675,0,1,1,17.0,0,0
15.74,16,4,1051,0,1,4,34.99,1,1
6.71,22,4,476,0,0,1,13.17,1,0
38.45,18,7,2401,0,0,0,50.41,1,0
19.67,10,4,2381,0,1,0,16.19,1,0
40.12,7,5,1279,0,0,1,57.72,1,0
57.53,21,5,1093,0,0,0,30.37,0,0
42.38,3,4,1675,0,0,3,1.41,0,1
284.99,10,9,871,0,0,0,1.73,0,0
92.46,7,7,1960,1,0,2,40.25,1,0
90.06,8,3,1286,0,0,1,11.03,1,0
124.24,1,6,857,0,1,1,5.24,1,0
21.35,15,10,1416,0,0,1,50.12,1,0
188.5,5,10,585,0,0,1,102.32,1,0
61.82,20,2,554,0,0,0,41.35,1,0
130.38,20,7,67,0,0,0,32.29,1,0
22.83,18,4,2121,0,0,0,0.02,1,0
14.1,7,7,908,0,0,1,2.8,1,0
151.09,13,2,2182,1,0,1,27.79,1,0
97.16,23,5,2118,0,0,4,13.17,0,1
27.06,15,4,389,0,0,2,0.49,1,0
27.95,11,3,987,0,0,2,33.76,1,0
205.5,4,5,1794,0,0,1,13.57,1,0
20.3,23,3,1171,1,0,0,26.88,0,0
344.7,23,5,75,1,1,0,15.79,0,0
27.1,18,5,1212,0,0,0,0.67,0,0
126.27,17,4,2023,0,0,1,25.26,1,0
48.01,8,6,807,0,0,1,38.79,0,0
121.9,1,4,1826,0,0,1,4.24,0,0
38.7,19,4,1204,0,0,3,55.43,1,0
56.67,11,5,641,0,0,1,5.01,1,0
69.47,1,5,1377,0,0,0,13.74,1,0
24.48,9,5,236,0,0,2,18.73,0,0
139.89,0,4,201,0,1,1,9.42,1,0
39.92,3,2,1639,0,1,1,17.35,1,0
53.06,11,5,1159,0,0,4,31.68,0,0
24.67,8,4,108,0,0,1,31.33,1,1
5.14,3,7,353,0,0,0,63.87,1,0
55.09,8,9,2300,0,0,2,49.53,0,1
744.43,5,4,29,0,0,0,105.17,0,1
146.15,0,8,2416,0,0,1,22.62,0,0
65.41,9,5,442,1,0,0,12.79,1,0
51.27,13,7,1009,0,1,0,6.86,0,0
68.2,21,2,339,0,0,0,6.99,0,0
115.25,17,3,1700,0,0,0,4.09,0,0
20.47,5,4,2242,0,0,0,32.43,1,0
203.23,17,10,344,0,0,1,26.55,1,0
136.37,19,7,1966,0,0,2,8.64,1,1
136.75,15,7,2060,0,0,0,55.67,1,0
103.39,14,4,1997,0,0,1,20.09,0,0
68.01,15,7,2232,0,0,0,1.79,1,0
130.69,7,3,1881,0,0,1,1.59,1,0
120.52,12,5,1614,0,0,2,3.86,1,0
46.8,22,4,1566,0,0,0,5.93,1,0
37.58,10,2,2355,0,0,0,54.61,1,0
73.84,6,5,2175,0,0,3,37.68,1,0
313.88,16,11,798,0,1,1,5.63,1,0
19.32,17,6,651,0,0,0,7.14,1,0
15.37,21,10,215,0,1,1,25.32,1,1
78.63,22,6,2087,0,1,1,51.3,1,0
70.17,18,9,1461,0,0,1,9.52,1,0
79.31,12,5,832,0,0,1,18.64,0,0
85.11,14,3,2054,0,0,0,55.27,1,0
53.35,22,6,2314,0,0,2,36.81,1,0
295.85,21,6,2239,0,0,0,55.53,1,0
13.45,21,3,217,0,0,3,8.15,1,0
29.12,0,4,888,0,0,2,29.36,1,0
60.14,15,7,2399,0,0,1,3.03,0,0
12.89,4,1,1622,0,0,1,23.94,1,1
55.93,2,3,387,0,0,1,9.06,1,0
351.24,22,2,420,0,1,1,30.22,0,0
68.09,9,4,392,0,0,1,3.83,1,0
83.99,18,4,580,0,1,1,27.38,0,0
18.91,4,7,1184,0,0,2,30.82,1,0
36.0,6,8,1653,1,0,1,48.65,1,0
45.82,13,3,2426,0,1,1,29.04,0,0
48.53,2,5,1140,0,1,1,18.5,1,1
240.24,12,2,1172,0,0,0,38.33,1,0
116.48,12,5,289,0,0,2,8.37,0,0
21.95,9,5,2129,0,0,0,28.29,0,0
85.33,1,10,1771,0,0,0,32.23,1,0
109.75,5,4,2163,1,1,1,12.46,1,0
208.54,7,4,2216,0,0,0,112.67,1,0
323.93,3,5,1183,0,0,1,11.0,1,0
24.17,11,4,23,0,0,0,2.21,0,0
29.64,14,4,2062,1,0,3,9.04,0,1
18.96,7,4,1306,0,0,0,2.62,0,0
52.77,6,2,2268,0,0,1,10.36,0,0
106.31,13,4,2384,1,0,1,3.42,1,0
178.99,22,5,867,0,0,0,14.47,1,0
61.81,18,6,475,0,0,2,37.62,1,0
48.43,13,6,1973,0,1,0,1.75,1,0
77.61,21,6,1783,0,1,1,20.7,1,0
28.93,12,5,755,0,0,0,1.12,1,0
538.9,20,6,2234,0,0,2,53.99,1,0
13.36,0,3,1800,0,0,0,63.58,0,0
80.22,18,7,1866,0,1,1,16.95,0,0
504.52,0,5,141,0,0,0,36.66,1,0
67.14,3,4,786,0,1,0,22.47,1,0
55.14,9,4,2473,0,0,0,10.41,0,0
46.64,2,8,353,0,1,2,7.03,1,1
55.68,19,4,1565,0,0,2,35.53,1,0
263.18,8,4,1603,0,0,0,14.05,0,0
7.3,2,3,587,0,0,1,63.22,0,0
309.03,5,6,354,0,1,0,92.92,1,0
16.06,5,3,1430,0,0,0,5.91,0,0
51.08,22,4,534,0,0,0,20.59,0,0
43.41,11,3,1607,0,1,1,19.25,0,0
120.13,22,4,1957,0,0,1,50.64,1,0
13.49,0,3,55,0,0,1,29.36,1,1
105.87,15,3,1944,0,0,1,23.37,0,0
504.87,23,4,1638,0,0,0,28.41,0,0
17.06,4,2,990,1,0,0,12.34,1,0
80.62,8,9,1461,0,1,1,80.65,1,0
34.4,9,2,2080,0,0,1,1.48,0,0
102.09,12,5,1902,0,0,2,0.74,1,0
67.98,14,5,2124,0,0,0,13.43,0,0
35.11,11,7,635,0,0,0,4.2,1,0
108.62,4,5,2263,1,0,1,19.68,0,0
405.19,4,7,267,0,0,1,0.23,1,0
55.1,17,5,2020,1,0,3,15.39,1,0
136.97,11,3,262,0,0,1,8.74,0,0
18.3,2,2,1614,0,0,0,5.65,1,0
25.62,6,5,1222,0,0,1,14.7,1,0
106.95,16,7,2210,0,0,3,48.2,1,0
294.16,18,6,1748,0,0,1,26.63,1,0
95.17,17,4,2134,0,1,1,4.36,0,1
48.76,0,7,734,0,0,2,17.27,0,0
66.64,23,4,2426,0,0,2,67.09,1,0
19.1,4,6,577,0,0,1,14.46,0,0
122.06,1,4,1788,0,0,0,15.9,0,0
161.15,0,7,1187,0,0,0,70.91,1,0
42.43,6,5,2212,0,0,1,3.65,1,0
41.68,10,4,280,0,0,3,33.2,1,0
87.0,10,4,571,0,0,1,8.89,1,0
43.09,17,7,1542,0,1,1,50.23,1,0
62.42,16,4,1423,0,1,2,1.4,1,0
544.42,1,6,2189,0,0,0,116.15,1,0
52.09,6,3,1703,1,0,1,36.59,0,1
46.6,6,8,854,1,0,3,8.36,1,0
34.9,9,3,2322,0,0,0,35.77,0,0
140.36,21,4,229,0,0,2,64.09,1,0
55.63,20,3,908,0,0,1,3.0,1,0
34.84,2,6,2346,0,0,1,61.21,1,0
249.96,11,6,1112,0,0,0,11.16,1,0
275.78,2,4,760,0,0,0,0.16,1,0
36.58,10,4,2377,1,0,1,2.98,1,0
10.31,11,3,327,0,0,0,54.03,1,0
182.64,3,5,1424,0,1,1,101.38,1,1
33.63,15,4,1782,0,0,1,56.43,1,0
147.03,19,4,597,0,0,0,14.56,1,0
9.3,17,4,1851,0,0,1,81.37,0,0
162.81,3,3,2096,0,0,1,13.06,0,0
19.86,21,5,114,0,0,0,3.02,1,0
138.49,5,3,1615,0,0,1,10.42,0,0
67.64,20,4,516,0,1,0,161.28,1,1
25.69,14,7,579,0,1,2,24.58,1,1
44.39,0,1,338,0,0,3,10.39,1,0
132.46,2,5,1724,0,0,2,24.47,1,0
74.14,4,5,993,0,0,2,14.02,1,0
119.63,21,6,2365,1,0,0,1.27,1,0
481.28,16,4,231,0,0,3,5.61,0,0
13.95,13,3,160,0,0,0,0.49,0,0
336.03,8,5,2230,1,1,0,7.35,0,0
74.02,2,6,988,0,1,1,33.64,1,1
27.15,12,5,1578,0,0,2,5.37,1,0
17.63,2,3,630,0,0,3,18.77,1,0
55.2,10,8,2104,1,0,1,30.23,1,1
167.61,1,7,1641,0,0,1,19.89,1,0
58.7,23,6,1158,0,0,0,0.39,1,0
302.22,14,1,1328,0,1,1,11.29,1,0
15.62,12,2,1847,0,0,3,14.57,1,0
65.89,18,1,849,0,1,0,10.49,1,0
19.06,21,4,1852,0,0,2,19.76,1,0
95.93,15,1,1570,0,0,1,18.0,1,0
161.89,17,3,1627,0,0,0,5.19,1,0
43.78,6,6,1988,0,0,1,34.86,0,0
4.93,12,2,1330,0,0,0,4.39,1,0
81.37,3,7,53,0,0,3,15.36,0,0
103.21,8,8,606,0,0,2,35.3,0,0
99.91,9,3,31,0,0,0,29.87,1,0
229.47,8,7,235,0,1,0,14.15,0,0
22.85,6,4,558,0,0,1,38.89,1,0
131.66,14,5,383,0,0,1,31.27,0,0
219.75,7,10,1037,0,0,0,12.13,1,0
11.26,18,6,2081,0,0,2,56.47,1,0
91.8,10,6,1995,1,1,0,3.83,0,0
40.28,4,2,1736,0,0,2,11.1,1,0
61.47,1,4,842,0,0,1,29.92,1,0
94.41,9,9,1814,0,1,0,51.58,1,0
40.97,15,6,381,0,1,2,9.74,1,1
33.93,22,2,1626,0,0,0,20.6,1,0
69.0,12,5,1398,0,0,0,0.3,0,0
22.48,7,6,922,0,1,1,11.58,1,0
22.51,8,4,1102,1,0,1,10.05,1,0
131.55,10,8,1346,0,0,0,46.2,1,0
21.14,10,5,1105,0,0,1,1.92,1,0
129.84,22,2,1279,0,0,3,1.6,0,0
105.91,15,3,767,0,1,1,14.62,1,0
11.87,9,7,1798,0,0,2,13.08,1,0
33.87,23,4,1106,0,0,1,4.41,1,0
220.11,11,5,1897,0,0,0,7.64,1,0
25.0,5,6,2097,0,1,0,91.43,1,0
41.91,11,11,575,0,0,0,18.0,1,0
105.85,9,7,311,0,0,3,2.3,1,0
145.97,17,7,1734,0,0,0,1.28,0,0
51.86,17,8,943,0,0,0,1.07,1,0
36.69,3,5,564,1,0,3,12.32,1,1
276.54,8,11,13,0,1,2,50.18,1,1
379.52,6,7,1294,1,0,0,44.73,1,0
177.48,17,3,890,1,1,1,11.47,1,1
72.63,7,6,419,0,0,1,37.23,1,0
29.72,10,3,1780,0,0,0,34.88,1,0
29.07,6,4,2322,0,0,2,16.49,0,0
112.45,8,5,2072,0,1,2,12.95,1,0
101.33,7,11,97,0,0,1,4.98,1,0
270.86,2,5,2017,0,0,2,8.17,1,0
127.8,16,3,108,0,0,3,10.34,1,0
14.83,1,5,1017,0,0,0,41.88,0,0
190.94,14,7,1650,0,0,0,20.13,1,0
24.58,13,9,226,1,0,1,5.61,1,0
45.42,17,11,2467,0,0,2,2.52,0,0
85.64,15,5,200,1,0,0,17.16,1,0
490.62,19,7,1248,0,0,0,27.44,0,0
1495.06,21,3,1743,0,0,0,42.72,1,0
122.33,3,5,626,0,0,1,39.9,0,0
55.52,19,3,1215,0,0,3,43.45,1,0
113.81,5,7,2287,1,0,1,14.85,0,0
162.01,5,7,539,0,1,3,50.18,1,0
48.39,10,6,80,0,0,0,14.7,0,0
401.5,16,7,1248,0,0,2,4.6,1,0
83.94,23,4,2174,0,1,1,12.66,0,0
109.7,2,3,109,1,1,1,10.39,1,1
129.79,12,6,609,0,0,0,12.45,0,0
101.66,21,1,869,0,1,0,26.87,1,0
154.31,2,2,1698,0,0,0,26.74,1,0
35.97,15,5,2352,0,1,1,6.37,0,0
38.16,14,6,1014,0,0,2,9.49,1,0
22.19,10,4,1756,0,0,0,22.62,0,0
103.49,17,4,2114,0,1,2,2.2,0,0
145.32,14,9,2250,0,0,0,29.17,1,0
105.4,4,9,1003,0,0,1,4.93,1,0
355.84,15,2,1186,0,0,1,47.55,1,0
66.31,15,6,1056,0,0,1,12.84,1,0
130.16,16,8,39,0,0,0,6.24,1,0
22.38,8,7,1734,0,0,0,27.55,1,0
45.28,22,6,2367,0,0,1,20.19,1,0
133.69,2,5,1654,0,0,0,4.72,0,0
155.88,19,4,1386,0,0,1,43.88,1,0
49.7,12,7,581,0,0,0,15.1,0,0
62.08,21,8,75,0,0,0,4.13,1,0
14.62,2,3,2223,0,0,1,39.76,1,0
46.66,6,2,1525,0,1,1,3.58,1,0
162.45,5,3,573,0,0,0,86.08,1,0
118.53,8,6,189,0,0,0,14.58,0,0
110.02,11,8,735,0,0,1,32.57,1,0
70.09,14,8,786,1,1,2,15.04,1,1
67.16,20,5,1050,1,0,1,5.19,1,0
34.46,19,4,2183,0,0,0,35.48,0,0
134.13,2,4,91,0,1,0,8.54,1,0
101.59,9,3,1649,0,0,1,28.68,0,0
109.07,0,6,1215,0,1,1,7.44,1,1
39.41,18,10,2495,0,0,1,6.9,1,0
7.74,18,10,977,0,0,0,15.29,1,0
199.77,22,4,1723,0,0,1,42.35,0,0
41.31,22,4,1686,0,0,0,23.77,0,0
28.14,12,5,1194,0,0,1,1.67,1,0
133.42,11,3,1944,0,0,1,33.09,0,0
45.06,0,5,2056,0,0,0,21.67,1,0
192.47,18,6,566,1,1,0,24.43,1,0
123.59,23,4,1220,0,1,1,10.91,0,0
132.1,15,4,1500,0,0,0,20.31,0,0
17.01,22,5,2298,0,0,1,11.63,1,0
224.07,22,4,1770,1,0,2,2.13,0,0
86.6,14,4,2391,0,0,1,46.52,1,0
46.1,15,5,57,0,0,0,28.33,0,0
76.97,10,4,472,0,0,0,27.75,1,0
11.29,23,2,1107,0,0,0,5.38,1,0
100.35,5,4,2374,1,0,0,27.24,0,0
23.82,10,2,2059,0,0,1,6.6,0,0
17.24,2,5,2429,0,0,0,29.08,1,0
14.55,14,10,1803,0,1,0,10.14,0,0
202.89,0,1,1877,0,0,0,4.28,1,0
35.54,6,4,1043,0,0,0,59.18,1,0
309.12,0,2,597,0,0,2,2.76,0,0
39.02,16,4,432,0,0,1,35.86,0,0
12.09,8,2,1666,0,0,1,2.68,0,0
21.83,22,3,485,0,0,0,28.86,0,0
229.48,12,8,254,0,0,3,2.92,1,0
57.06,10,5,497,0,0,0,17.77,1,0
38.54,19,2,1845,0,0,1,5.21,0,0
78.26,5,4,1835,0,0,0,50.36,1,0
110.14,0,3,1106,0,1,2,12.83,0,0
203.85,6,7,762,1,0,1,0.39,0,0
283.87,11,10,1907,0,0,0,24.73,0,0
46.54,21,7,937,0,0,3,14.73,1,0
17.71,19,6,1038,0,0,2,49.11,1,0
44.1,22,1,1495,0,0,0,14.19,1,0
86.51,18,4,1399,1,0,1,13.24,0,1
25.44,16,4,2274,1,0,0,15.13,0,0
25.61,3,8,1247,0,1,1,49.13,1,0
94.05,2,8,968,0,0,0,22.1,1,0
63.52,0,4,1358,0,0,1,27.67,1,0
68.91,17,3,2367,1,0,3,31.86,1,0
31.23,20,6,2095,0,0,0,69.32,0,0
52.96,14,2,914,0,0,2,45.43,1,0
26.46,7,2,1094,0,1,0,65.53,1,0
162.42,0,4,1128,0,0,1,10.51,1,0
187.78,19,4,2290,1,0,0,6.05,1,0
10.53,13,9,1822,0,0,2,5.68,0,0
26.32,3,5,1581,0,0,0,48.76,1,0
14.93,4,7,522,0,0,2,44.39,1,0
34.81,22,5,2207,0,1,0,26.27,1,0
61.35,12,2,2272,1,1,1,1.63,1,1
15.65,23,7,2456,0,0,1,9.57,1,0
26.53,14,3,1591,0,0,1,33.13,0,0
24.44,5,9,1610,0,0,0,7.14,1,0
82.04,0,6,1969,0,1,1,24.46,1,0
71.47,22,4,2246,0,1,1,19.56,1,1
32.4,18,5,1696,0,0,2,7.62,0,0
79.58,12,3,669,0,0,0,68.08,1,0
38.6,5,3,37,0,0,1,7.42,1,0
50.82,14,6,2011,0,0,3,56.3,1,1
355.47,15,2,144,0,0,0,19.46,0,0
254.8,23,7,1799,0,0,1,2.41,0,0
18.18,22,9,314,0,0,0,44.84,1,0
152.89,15,4,733,0,0,3,39.19,0,0
150.11,9,5,2448,1,0,1,44.44,1,0
21.15,21,1,901,1,0,1,25.41,1,0
151.23,8,8,2280,0,0,0,31.09,0,0
310.42,8,2,2037,1,1,3,59.39,1,1
21.7,16,5,837,0,0,2,3.42,1,0
26.64,16,5,2323,0,0,0,2.17,0,0
184.5,16,5,1353,0,0,0,3.34,1,0
87.49,23,12,2310,0,1,1,51.02,1,0
115.76,11,2,208,1,0,1,20.69,0,0
93.75,12,2,416,0,0,2,4.84,1,0
98.56,11,6,1471,0,1,0,3.82,1,0
17.7,13,7,1784,0,1,2,14.74,1,0
190.06,9,4,1490,0,0,0,42.28,1,0
214.77,22,4,1510,0,0,1,40.89,1,0
53.02,18,6,1380,0,1,1,47.64,1,0
63.85,1,5,495,0,1,2,36.63,1,0
14.42,3,6,372,0,0,1,1.59,0,0
111.53,18,4,221,0,0,3,31.84,1,0
118.16,6,6,710,0,0,1,18.3,1,0
62.67,14,7,925,0,0,0,32.4,1,0
205.28,14,4,1470,0,0,0,16.55,0,0
47.75,23,3,152,0,0,2,16.52,0,0
117.28,5,5,1103,0,1,2,3.37,1,0
24.05,2,4,1881,0,0,3,58.91,1,0
65.13,5,4,967,1,1,0,11.73,1,0
56.02,15,7,1743,0,1,2,21.83,1,0
83.54,1,9,1561,0,1,1,5.8,0,0
46.08,6,0,1343,0,0,2,11.51,1,0
58.47,10,2,874,1,0,2,51.12,1,1
152.33,6,4,1296,0,0,1,5.88,1,0
43.09,3,4,69,0,1,1,5.77,1,0
13.38,23,3,531,0,0,2,7.54,0,0
383.59,19,2,318,0,0,3,21.37,1,1
265.46,6,8,1553,0,0,2,18.39,1,0
18.32,3,8,1415,0,0,1,4.82,1,0
132.91,11,3,2398,1,1,0,29.44,1,1
40.33,4,5,1635,0,0,2,59.52,1,1
86.79,22,6,1582,0,0,0,5.54,0,0
89.5,18,4,2011,0,0,0,27.94,0,0
52.75,4,4,909,0,1,0,22.07,0,0
30.45,18,4,1117,0,0,1,9.97,1,0
33.43,20,6,771,0,1,1,24.05,0,0
26.68,2,6,249,0,0,0,5.89,1,0
29.03,10,5,234,0,0,0,44.89,1,0
62.35,6,2,288,0,0,1,0.56,1,0
32.6,16,1,1426,1,0,0,20.93,0,0
131.9,8,5,1711,0,0,2,9.6,1,0
295.08,20,2,2486,0,0,2,53.29,1,0
37.34,8,7,411,0,0,1,17.3,0,0
84.72,9,7,2103,0,0,3,40.55,0,0
109.91,12,3,1817,0,0,0,64.37,0,0
106.91,14,10,1399,1,0,2,10.17,1,0
71.95,21,8,1206,1,0,1,53.08,1,1
140.15,4,6,313,0,0,2,32.39,1,1
108.01,2,2,2209,0,0,0,2.86,1,0
19.34,7,5,2408,1,0,1,2.74,1,0
159.04,19,9,714,0,0,1,42.5,1,0
161.95,9,5,101,0,0,0,15.79,0,0
31.08,12,6,2163,0,0,1,17.09,1,0
69.26,2,11,1136,1,0,2,55.47,1,1
132.07,21,3,2189,0,1,0,58.53,1,0
54.09,7,7,1322,0,1,1,2.99,1,0
195.0,8,6,467,0,0,1,11.7,1,0
709.01,21,11,908,0,0,0,56.4,1,0
30.39,20,5,1846,0,0,0,42.85,1,0
16.76,11,8,258,0,0,2,31.91,0,0
90.36,10,4,2249,0,0,1,2.69,0,0
137.22,1,6,177,0,0,1,24.27,0,0
52.94,17,3,1607,0,0,1,21.8,1,0
285.22,8,6,2228,0,0,0,4.57,1,0
17.49,1,8,1249,0,0,2,37.16,0,1
133.34,1,2,1542,0,1,2,9.35,1,1
36.38,2,4,1207,0,0,5,24.23,1,1
372.18,15,3,2001,0,0,1,11.23,0,0
489.07,18,4,417,0,0,0,2.2,1,0
30.98,3,8,510,0,0,1,18.6,1,0
38.49,22,8,1171,0,0,2,9.16,0,0
157.53,17,1,108,0,0,0,1.85,1,0
45.28,19,4,2304,0,0,3,5.53,0,0
63.73,17,7,722,1,0,0,24.11,0,0
68.4,9,6,116,1,0,1,2.67,0,0
9.78,10,9,1081,1,1,1,2.29,0,1
65.77,16,7,55,0,0,0,72.07,0,0
33.46,23,10,2453,1,0,0,2.84,1,0
40.73,22,6,1180,0,0,2,11.79,1,0
282.49,23,12,1613,0,0,0,3.58,0,0
18.98,19,8,959,0,0,2,70.03,1,0
150.39,15,3,1151,0,0,1,16.4,1,0
50.45,19,3,2294,0,0,0,2.94,0,0
50.41,12,8,638,0,0,2,36.61,0,0
146.99,1,2,2227,0,0,1,37.94,1,0
93.7,23,4,1741,0,0,2,57.87,1,0
117.99,1,4,2449,0,0,2,30.58,1,0
175.6,13,5,510,0,0,0,1.41,1,0
47.88,3,6,1827,0,0,1,19.98,1,0
36.15,16,4,2231,0,0,3,12.11,1,0
22.53,12,7,602,0,0,0,34.52,0,0
29.21,3,7,181,0,0,3,22.35,1,0
1272.95,2,6,967,0,1,2,32.29,1,1
231.52,11,3,818,0,1,0,4.97,0,0
17.27,21,6,632,0,1,0,14.37,0,0
17.77,22,4,728,0,0,2,14.15,1,0
107.97,7,5,2395,1,0,1,99.05,1,0
115.27,1,4,1444,0,0,0,0.48,0,0
115.46,5,5,1550,0,0,0,42.33,1,0
51.68,21,6,1446,0,0,1,2.55,0,0
58.82,9,3,387,0,0,4,2.09,1,0
92.56,11,5,1442,0,0,0,9.94,1,0
72.67,20,3,1784,1,0,0,30.16,0,0
7.25,9,2,427,0,0,2,28.36,1,0
53.0,9,5,2388,0,0,0,24.71,1,0
28.46,22,8,992,0,0,2,37.24,0,0
79.46,2,4,2337,0,0,2,6.61,0,0
1319.83,19,4,1148,0,0,1,25.12,1,1
96.3,9,6,1243,0,0,1,25.41,1,0
48.74,8,0,456,0,0,1,26.56,0,0
167.64,19,4,840,0,0,3,22.56,1,0
108.06,18,3,1427,0,0,5,6.26,0,0
101.5,13,4,1214,0,1,0,61.42,0,0
122.35,1,4,202,1,0,1,93.25,1,1
521.41,4,7,1289,1,1,0,29.21,1,0
21.52,19,6,1978,0,1,0,14.68,1,0
107.09,7,6,2481,0,0,2,19.26,0,0
26.41,6,4,715,0,0,0,2.87,1,0
116.22,5,5,1669,0,1,0,11.29,0,0
26.61,10,4,2148,0,0,0,93.38,1,0
43.93,11,10,657,0,1,3,19.84,1,0
49.65,17,5,804,0,0,1,20.56,1,1
176.94,18,6,750,0,0,1,76.97,1,0
167.08,9,11,2202,0,1,2,54.37,1,1
19.19,20,2,251,0,0,3,21.02,1,0
70.45,13,2,1519,0,0,0,7.83,1,0
32.8,2,3,1064,1,0,0,3.11,1,0
18.94,17,6,782,0,1,1,49.81,1,0
53.68,23,6,1093,0,0,1,63.17,0,0
48.99,14,4,110,1,0,1,17.04,0,0
755.0,5,3,1788,0,0,0,2.48,1,0
102.82,9,8,2029,0,0,0,23.3,1,0
16.82,11,3,598,0,0,0,11.45,1,0
37.91,6,6,282,0,0,0,4.3,1,0
185.19,16,5,2044,0,0,0,62.88,0,0
538.31,0,3,1511,0,1,1,6.84,1,0
13.65,17,5,2115,0,0,0,31.05,0,0
10.18,14,5,992,0,0,1,14.03,1,0
433.1,18,3,396,0,1,3,44.0,1,1
98.46,0,3,1641,0,0,0,30.17,1,0
27.99,4,5,54,0,0,1,3.29,0,0
113.82,14,6,2348,1,1,1,14.93,1,1
4.78,2,5,1291,0,0,2,7.52,1,0
66.91,0,4,824,0,0,1,31.26,0,0
92.56,7,3,1279,0,1,1,19.67,0,0
168.05,11,6,249,0,0,1,10.39,1,0
24.19,21,4,1161,1,1,2,9.99,0,1
72.65,18,8,1747,0,0,2,3.04,1,0
26.43,11,5,285,0,0,0,6.01,1,0
86.09,12,8,2475,0,0,1,31.25,0,0
27.24,0,3,2264,0,0,0,23.53,0,0
44.34,18,6,1585,0,0,2,10.99,1,0
24.64,5,5,2422,0,0,1,45.21,0,0
127.89,7,4,842,1,0,0,16.56,0,0
157.35,3,6,1379,0,0,3,39.55,0,0
52.74,4,4,577,0,0,0,37.99,1,0
69.29,21,4,169,0,0,0,47.1,1,0
15.66,6,4,1867,0,0,1,47.39,1,0
49.42,22,3,105,0,0,1,28.41,1,0
63.42,3,6,2482,0,0,2,34.6,1,0
916.71,19,6,608,0,0,1,37.5,1,0
21.93,3,4,1340,0,0,0,4.63,1,0
288.35,14,7,2325,0,0,1,8.93,1,0
180.7,20,5,53,0,0,1,2.75,1,0
88.29,4,7,1021,0,0,1,5.25,1,0
387.08,23,1,1756,0,1,1,37.66,1,0
96.75,8,6,1891,0,0,0,73.49,1,0
98.41,1,6,2066,0,0,0,27.99,1,0
63.24,6,6,1958,0,0,2,54.3,1,0
226.69,16,4,1893,0,0,0,9.57,1,0
199.63,15,7,390,0,0,1,46.74,0,0
35.67,16,7,1865,0,1,1,10.34,1,0
17.83,19,4,1676,0,0,1,56.15,1,0
54.44,22,6,2172,0,0,0,39.99,0,0
29.96,1,3,1668,0,0,0,102.76,1,0
62.58,10,3,397,0,0,2,43.9,1,0
229.85,1,9,2496,0,0,1,12.7,0,0
42.21,0,6,919,1,0,0,2.92,0,0
63.89,1,4,1957,0,1,2,51.84,1,0
70.67,22,1,1352,1,0,2,21.17,0,0
155.78,8,10,885,1,1,0,48.82,1,1
7.05,21,1,37,0,0,0,12.24,0,0
36.35,1,4,645,0,0,2,0.73,1,0
82.38,14,5,2025,0,1,1,1.35,1,0
221.42,9,6,1431,0,0,2,27.75,1,0
40.78,14,2,2134,0,0,1,3.04,1,0
10.21,9,2,596,0,0,2,34.21,0,0
123.93,22,2,1219,0,0,0,13.59,1,0
35.33,16,9,243,0,0,2,20.7,0,0
20.29,8,6,1987,0,0,1,40.39,1,0
35.72,17,5,338,0,0,0,7.29,0,0
55.45,3,5,2405,1,1,1,13.31,1,0
36.42,8,4,1292,0,0,0,32.69,1,0
7.35,15,7,2043,0,0,1,62.66,0,0
163.54,3,7,2476,0,0,1,8.57,1,0
238.62,15,5,400,0,1,2,24.37,1,0
127.93,18,6,1895,1,0,1,75.51,1,0
21.38,0,10,1953,0,0,2,26.16,1,0
54.52,22,2,2046,0,1,2,55.82,0,1
66.25,5,3,1960,0,0,0,70.22,1,0
121.36,9,7,1881,0,0,0,66.25,1,0
130.1,15,10,2172,0,0,1,35.52,1,0
32.0,3,6,13,1,0,0,20.08,1,0
72.38,21,1,1161,0,0,2,2.54,1,0
105.35,21,5,18,0,1,2,6.3,1,1
285.95,12,7,2175,0,0,2,7.39,1,0
134.9,15,1,1684,1,0,0,0.85,1,0
146.8,19,8,941,0,0,0,2.69,1,0
72.52,5,7,134,0,0,0,8.73,1,0
273.27,10,6,2280,0,0,0,2.38,1,0
100.46,23,4,2385,1,1,1,4.64,1,0
28.19,2,5,1026,0,1,0,1.4,1,0
271.34,19,3,268,0,0,2,13.47,1,0
134.01,9,3,2124,0,0,2,43.05,1,0
42.82,0,2,981,0,0,2,41.82,1,0
41.29,19,3,1559,0,1,0,58.82,1,0
89.71,10,6,288,0,0,0,34.22,1,0
105.97,11,5,1156,0,0,0,7.01,0,0
81.23,13,3,598,1,0,2,30.3,1,0
91.04,7,3,2329,1,1,1,35.04,1,0
365.02,10,6,511,0,0,0,19.58,1,0
194.72,3,3,902,1,0,0,41.13,1,0
80.69,6,4,227,0,0,0,1.85,1,0
170.94,9,4,2216,0,0,0,22.58,0,0
23.75,18,5,369,0,0,1,16.34,1,0
99.28,3,7,1498,0,0,1,40.9,1,0
407.2,1,11,1674,1,0,2,3.42,1,0
53.62,20,10,300,1,0,1,5.98,1,0
28.57,17,1,2093,0,0,0,20.45,0,0
34.74,13,5,869,0,1,0,73.53,1,1
22.43,15,2,2123,0,1,1,2.17,0,0
30.42,21,2,2214,1,0,0,34.0,1,0
46.04,10,1,1588,0,0,2,5.75,0,0
16.35,9,5,2178,0,0,2,2.79,1,0
67.74,16,3,2249,0,0,1,12.55,1,0
164.4,13,3,1387,1,0,1,21.87,1,0
26.9,21,5,1576,0,0,0,43.86,0,0
304.69,3,4,2414,0,0,2,25.18,1,0
111.14,18,5,540,0,0,5,16.92,0,0
186.9,1,6,489,0,0,3,8.41,1,0
34.54,6,4,806,0,0,1,8.65,0,0
156.73,8,3,1106,0,0,0,36.8,1,0
22.38,18,7,1109,0,1,2,3.03,1,0
162.43,15,2,2245,0,0,2,3.96,1,0
79.19,21,7,2024,0,0,1,31.8,1,0
115.96,15,6,1371,0,0,1,81.13,0,0
20.58,17,6,485,0,1,1,3.2,0,0
27.25,22,2,926,0,0,0,23.5,0,0
121.17,20,1,658,0,1,0,6.83,1,0
25.83,20,4,2219,0,1,1,0.65,0,0
105.98,10,8,811,0,0,1,44.63,1,0
16.99,6,5,2104,0,1,2,17.76,1,0
155.74,8,8,2081,0,0,1,0.6,1,0
19.44,3,6,1369,0,1,1,56.45,1,1
115.85,12,2,1317,0,0,1,19.18,0,0
124.67,3,2,2231,0,0,1,33.4,0,0
33.22,18,6,888,0,0,1,13.77,1,0
119.35,1,2,2028,1,0,0,5.11,1,0
86.53,8,6,239,0,1,2,15.66,1,0
38.91,11,3,712,0,1,0,8.48,1,0
24.32,1,2,127,0,1,2,8.8,1,1
9.37,5,7,2110,0,0,2,25.81,0,0
94.6,4,3,957,1,0,3,2.47,0,1
13.95,4,6,581,0,0,0,12.65,1,0
73.36,19,5,1970,0,0,2,19.78,0,0
51.24,21,7,532,0,0,2,30.93,0,0
131.52,4,4,781,1,0,2,25.05,1,0
49.3,3,9,122,0,0,0,54.34,1,0
47.97,8,4,1297,0,0,1,121.94,1,0
138.64,21,7,1377,0,0,1,69.28,0,1
93.23,9,3,108,0,0,0,36.11,0,0
91.48,15,4,1056,0,0,1,28.96,0,0
106.62,9,0,248,0,1,1,0.9,0,0
14.36,9,7,1296,0,0,3,19.06,0,0
142.14,18,2,1358,0,0,2,27.25,0,0
123.03,9,7,396,0,0,0,13.32,0,0
24.13,5,9,615,0,0,2,12.15,1,0
52.24,16,6,2179,1,1,0,19.55,1,1
64.12,4,6,1333,0,0,0,59.28,0,0
58.29,5,5,572,0,1,2,7.56,0,0
93.12,23,3,2374,1,0,1,12.73,0,0
279.04,14,7,1852,0,0,1,26.47,0,0
196.72,18,5,29,0,1,2,5.15,1,1
17.95,17,4,551,0,0,0,45.03,1,0
124.22,3,6,1333,1,0,0,27.42,1,0
251.88,7,2,1775,0,1,1,10.86,1,0
98.18,15,6,2462,0,0,1,32.02,1,0
198.54,23,4,2169,0,0,0,8.19,0,0
498.83,18,3,1324,0,1,2,37.23,0,0
185.62,19,4,1955,0,0,0,1.83,1,0
85.57,2,5,2436,0,0,2,13.91,1,0
189.63,9,4,949,0,1,1,7.58,0,1
77.08,1,8,247,0,0,0,42.42,1,0
68.3,3,6,653,0,0,1,34.93,1,0
46.93,5,6,2387,0,1,2,46.11,1,0
318.43,10,4,194,0,1,3,26.36,1,1
29.42,13,2,1840,1,0,0,39.66,1,0
308.7,15,6,1795,0,1,2,14.44,0,0
109.93,20,3,1458,0,0,1,28.33,0,0
16.46,18,2,491,0,0,1,0.79,1,0
96.32,1,7,1391,0,1,1,53.16,1,0
8.17,16,6,371,1,0,0,28.86,1,0
124.65,8,5,1069,0,0,3,50.27,1,1
161.62,16,5,525,0,0,0,36.84,1,0
36.88,14,3,1779,0,0,0,8.44,1,0
75.46,6,10,339,0,0,1,7.97,1,0
470.67,21,6,2326,1,1,1,40.19,1,1
40.22,22,5,1552,0,1,1,5.11,0,0
23.13,18,2,964,0,0,3,2.93,1,0
293.44,2,3,2435,0,0,4,0.38,1,0
474.65,0,7,302,0,0,2,8.86,1,0
66.93,3,7,1944,0,1,1,2.61,0,0
183.36,17,1,1319,0,0,1,40.45,1,0
255.05,7,4,369,0,0,1,16.57,1,0
31.74,18,4,1619,0,1,0,7.28,0,0
41.05,22,7,1370,0,1,2,23.04,1,0
228.35,22,4,633,1,0,1,1.82,1,0
359.61,5,4,1575,0,0,3,32.38,0,0
117.08,0,5,1930,0,0,1,17.4,1,0
27.67,7,3,1521,0,0,1,0.16,1,0
486.41,0,8,2401,1,0,1,9.61,1,0
39.21,18,5,1263,1,0,1,34.68,0,0
47.7,10,7,627,0,0,1,5.21,0,0
93.91,20,7,1833,0,0,0,81.67,0,0
315.5,23,2,584,0,0,2,56.74,1,1
156.64,14,2,2011,0,1,0,37.65,0,0
100.97,22,8,406,0,0,1,2.05,1,0
105.98,10,3,2478,0,1,1,10.92,1,0
69.65,18,5,1589,1,1,1,8.85,1,1
116.53,20,5,411,0,0,0,3.7,0,0
5.31,9,2,1521,0,1,1,196.81,1,1
49.57,23,4,2103,0,0,0,3.98,0,0
84.89,11,8,696,0,1,2,9.47,1,0
21.09,0,14,163,0,0,1,53.04,1,0
98.13,23,5,270,0,0,0,3.9,0,0
54.35,6,7,2344,0,0,1,15.85,1,0
385.86,16,4,2042,0,0,1,92.92,0,0
321.51,9,3,1786,0,0,1,7.1,0,0
41.85,5,8,1364,1,1,2,30.36,1,1
57.35,16,6,648,0,0,0,2.09,1,0
61.93,17,4,1302,0,0,0,22.96,0,0
42.45,4,5,166,0,1,3,10.35,0,0
81.05,17,4,623,0,0,1,30.06,0,0
31.24,16,2,2486,0,0,1,14.18,0,0
21.53,21,7,1918,0,0,0,8.88,1,0
124.3,15,9,991,0,0,0,19.74,1,0
125.15,7,7,1285,0,1,0,3.76,1,1
29.84,23,6,276,0,0,0,42.11,1,0
163.26,12,5,68,0,0,0,34.73,1,0
35.46,23,0,626,0,0,0,19.68,0,0
85.9,15,3,1814,0,1,1,11.43,1,0
151.46,10,4,1592,1,0,2,61.69,1,1
64.48,5,6,2228,0,0,0,25.16,0,0
105.08,2,5,1697,0,1,0,8.38,1,0
39.79,0,6,1721,0,1,1,41.09,1,1
54.79,17,9,1352,0,0,1,25.2,1,0
54.28,4,4,666,0,0,0,3.4,0,0
31.61,12,2,846,0,0,1,3.03,0,0
55.88,9,7,1033,0,0,0,69.56,1,1
14.17,4,8,743,0,0,0,8.49,1,0
40.81,13,7,407,1,0,2,27.23,1,0
50.16,16,5,978,0,0,1,0.93,1,0
51.62,0,4,471,0,1,0,20.33,1,0
52.38,1,4,147,0,0,1,6.57,1,0
62.69,6,4,771,0,0,0,3.76,1,0
107.71,9,3,2207,0,0,2,37.13,1,0
159.89,19,2,872,1,0,2,41.46,1,0
34.82,6,8,790,0,0,0,31.4,1,0
20.02,23,2,602,0,0,0,0.28,0,0
23.52,15,3,1610,0,0,0,8.38,1,0
40.97,4,10,2357,1,0,2,11.19,0,0
46.9,11,3,1456,0,1,0,29.35,0,0
30.88,16,3,1452,0,0,1,35.22,1,0
18.24,15,7,1346,0,0,0,24.71,1,0
42.26,19,3,1311,0,1,2,38.91,1,0
79.95,15,7,811,0,0,1,13.93,1,0
120.91,18,6,2367,0,0,1,19.51,1,0
38.19,14,4,583,0,0,1,1.66,1,0
44.12,11,5,605,1,1,1,13.93,0,1
26.4,20,4,2057,0,0,2,14.17,1,0
64.62,9,4,36,0,0,2,23.64,0,0
28.55,21,5,2438,0,0,0,11.87,0,0
118.29,1,5,1353,0,0,2,6.81,1,0
11.18,6,4,140,0,0,2,6.78,1,0
46.54,12,8,1556,0,0,2,3.59,0,0
90.12,2,5,2342,0,1,0,30.18,1,0
80.14,14,9,1230,1,0,2,24.36,0,0
985.39,0,3,746,1,0,1,21.64,1,1
94.61,2,2,1308,0,0,1,18.93,0,0
24.43,9,6,1101,0,0,1,11.45,0,0
60.61,14,5,242,1,0,0,36.6,1,0
11.29,21,8,231,0,0,0,63.78,0,0
61.52,5,4,462,0,1,3,14.49,1,0
28.99,19,8,1669,0,0,0,13.15,1,0
166.57,14,7,313,1,1,1,4.44,0,0
38.49,23,3,945,0,0,0,27.77,0,0
59.34,20,6,1647,0,0,1,20.42,1,0
35.32,6,8,1353,0,1,0,110.57,0,1
379.5,20,7,2321,0,1,1,21.95,1,1
48.36,4,1,374,0,1,3,8.51,1,1
416.78,3,5,1422,0,0,0,20.69,1,0
150.53,21,5,1260,1,0,1,104.49,0,0
107.99,17,2,465,1,1,1,32.12,1,1
96.42,2,8,1773,1,0,1,3.44,1,0
98.87,16,5,1338,0,0,1,10.51,0,0
9.7,17,2,337,0,1,1,8.87,1,0
50.46,17,3,828,0,0,0,48.59,1,0
155.27,23,6,1975,1,0,0,23.61,1,0
63.5,23,8,745,0,0,3,41.53,1,0
16.36,1,5,1477,0,1,1,4.85,1,0
63.28,12,7,575,0,0,2,59.66,1,0
366.54,21,2,1637,0,0,0,1.5,1,0
232.04,14,5,829,0,1,0,11.74,0,0
62.68,4,4,1724,0,0,0,0.36,1,0
172.68,2,5,525,0,1,1,5.09,0,0
46.22,4,5,2475,0,0,0,81.9,0,0
12.14,4,3,1134,0,0,2,2.04,1,0
26.46,4,6,2465,0,0,1,3.93,1,0
318.27,2,12,1438,0,0,1,64.71,1,0
50.7,2,6,1163,1,0,1,30.96,1,0
52.28,19,4,853,0,0,0,13.06,0,0
49.41,22,4,44,0,1,0,1.78,0,0
447.71,17,2,2056,0,0,1,38.43,1,0
338.99,19,3,1777,0,0,3,16.97,1,0
613.25,3,7,2211,0,1,0,9.75,0,0
56.88,0,8,1792,1,0,2,11.19,1,0
89.62,15,4,238,0,1,1,17.59,1,1
14.63,7,5,985,0,1,2,20.03,0,0
292.05,16,0,1856,0,0,1,42.61,0,0
20.74,7,4,1286,1,0,0,36.93,1,0
82.83,6,5,1521,0,0,0,36.42,0,0
22.26,7,6,814,0,1,2,32.67,1,0
37.01,20,5,573,1,0,1,35.45,1,0
28.87,23,5,2072,0,0,1,28.3,1,0
36.31,11,5,904,0,1,0,50.63,0,0
38.9,15,7,863,0,0,2,20.38,1,0
38.54,11,6,349,0,0,1,18.39,1,0
153.44,18,4,2420,0,1,0,30.21,1,0
22.09,9,3,189,0,1,0,4.54,0,0
83.14,6,11,598,0,0,1,37.51,0,0
225.42,11,7,2272,0,0,0,68.78,1,0
39.92,19,2,2055,0,0,1,8.78,1,0
32.53,4,7,1768,0,0,0,23.61,0,0
52.96,15,5,2409,1,0,1,0.83,1,0
216.96,8,6,2078,0,1,1,36.29,1,1
80.97,6,4,1626,0,1,1,20.51,0,0
39.2,19,3,574,0,0,0,27.99,1,0
108.19,21,3,678,0,0,0,3.86,1,0
22.15,13,10,378,1,0,2,41.45,1,1
131.81,10,7,703,0,0,0,7.39,1,0
100.34,6,4,1111,0,0,2,28.86,0,0
49.02,9,7,1152,0,0,1,22.48,0,0
28.83,8,7,368,0,0,2,26.52,1,0
27.48,3,4,1650,0,1,1,1.29,0,0
113.84,15,5,1547,0,0,1,33.86,1,0
227.92,9,7,1660,0,0,0,39.65,0,0
35.26,18,8,512,0,0,0,16.1,1,0
105.47,23,4,2089,0,0,2,13.14,1,0
8.27,16,1,2415,0,0,0,10.48,0,0
37.17,8,5,71,0,0,0,65.74,1,0
64.65,12,5,1130,0,0,0,35.17,1,0
26.85,0,10,1680,0,0,4,29.98,1,0
26.14,1,5,1529,0,0,2,64.96,1,0
34.2,12,4,1643,0,0,3,10.72,1,0
89.32,23,8,461,0,1,0,24.87,1,0
55.29,8,3,2463,1,1,1,28.96,0,1
7.11,6,3,1702,0,0,3,139.5,0,1
8.0,15,7,366,0,0,2,13.93,1,0
36.35,18,11,2188,0,0,2,12.78,1,1
105.39,6,4,1055,0,1,0,2.21,1,0
4.27,5,3,605,1,0,1,2.59,1,1
40.46,17,8,1634,0,0,0,17.93,1,0
39.4,18,2,2283,0,0,3,4.69,0,0
267.29,10,8,1139,0,0,1,1.89,1,0
45.38,11,7,1982,0,0,0,83.73,1,0
97.81,9,4,2451,0,0,1,75.61,1,0
76.8,12,4,880,0,0,0,9.84,0,0
7.92,11,3,2040,1,0,3,39.0,0,0
143.77,20,8,1841,0,0,0,51.5,0,0
82.71,9,3,2144,0,0,1,15.63,1,0
110.86,19,5,102,0,0,0,6.33,1,0
3382.05,17,5,813,0,0,0,3.48,1,1
8.3,3,3,2210,0,0,2,3.79,1,0
374.16,23,7,363,0,0,1,39.86,0,0
50.03,4,4,888,0,1,3,12.13,1,0
88.88,4,5,617,0,0,0,29.56,0,0
63.72,11,4,1906,0,1,1,19.34,1,0
43.63,2,4,992,1,1,1,12.55,0,1
37.72,7,5,2466,0,0,0,3.3,0,0
92.71,21,3,1120,0,1,2,10.14,0,0
14.63,1,3,2268,0,0,1,45.84,1,0
141.26,17,4,392,0,0,1,41.7,1,0
43.98,8,6,1628,0,1,1,0.72,0,0
21.54,12,5,1557,0,0,0,3.78,1,0
42.52,6,4,1038,0,0,1,35.25,1,0
234.43,9,1,1109,0,0,1,10.23,0,0
39.04,8,5,2468,0,0,3,25.79,1,0
95.44,21,2,2061,0,0,1,20.68,1,0
32.11,14,5,1116,0,0,1,26.39,0,0
142.3,4,5,950,0,0,2,1.38,1,0
132.36,11,3,440,0,1,1,66.88,1,1
423.52,0,5,2469,0,0,1,0.53,1,0
55.95,11,5,2026,0,0,1,0.2,0,0
130.15,21,8,2092,0,0,1,6.41,1,0
73.56,5,4,1275,0,0,0,125.88,1,0
243.68,18,6,917,0,0,1,1.88,1,0
32.5,18,5,2137,0,0,1,51.89,1,0
140.47,15,8,2132,0,0,1,4.33,1,0
54.89,18,5,293,0,1,0,2.89,1,0
62.54,2,2,736,0,0,1,37.74,1,0
73.09,22,3,1791,0,0,3,46.88,0,0
85.82,9,8,346,1,0,1,39.28,1,0
59.37,17,9,2004,1,1,2,6.89,1,1
82.66,12,1,1997,0,0,0,52.97,1,0
323.15,17,2,595,0,0,2,1.87,1,0
178.65,2,3,1924,0,0,1,10.46,0,0
159.04,22,6,576,0,1,0,15.55,0,0
42.29,2,7,2140,0,0,1,1.75,0,0
27.41,22,6,1709,0,1,0,21.68,1,0
173.35,11,8,2375,0,0,1,20.49,0,0
160.14,19,5,884,0,1,0,121.29,0,0
290.81,6,8,1661,0,0,2,24.3,1,0
36.45,23,4,1330,0,0,3,12.67,1,0
53.01,7,4,1800,0,0,0,39.04,0,0
12.94,8,8,1375,0,0,3,10.2,1,0
45.04,13,6,964,0,0,1,19.03,0,0
180.65,4,11,1898,0,1,0,1.43,0,0
41.83,20,2,1457,0,1,2,9.74,1,0
126.53,18,5,2076,0,0,0,18.78,1,0
55.12,20,3,1856,1,0,0,30.29,1,0
92.21,15,8,2061,0,1,3,2.61,1,0
21.16,23,4,2247,0,0,1,39.89,1,0
72.62,11,7,1314,0,1,0,57.6,0,1
3.35,20,9,72,0,1,1,8.25,0,0
55.32,3,6,1023,1,0,0,36.24,0,0
13.06,7,4,2047,0,0,1,4.97,1,0
222.74,6,2,1999,0,0,1,18.53,1,0
145.1,14,7,1912,0,1,1,39.94,1,1
106.34,5,9,1814,0,1,1,12.21,1,0
305.21,4,4,1887,1,0,1,0.67,1,0
25.82,13,7,1805,0,0,0,19.41,1,0
382.74,20,7,1035,0,0,1,46.56,1,0
169.39,12,4,2124,0,1,2,2.87,1,0
52.64,9,3,887,0,0,0,0.75,0,0
207.6,17,3,141,0,0,0,41.39,0,0
22.06,3,6,1081,0,1,0,7.77,1,0
29.24,7,3,1002,0,1,1,11.33,0,0
36.29,23,4,1686,0,0,2,2.27,1,0
39.29,10,5,1080,0,0,1,2.54,0,0
23.18,16,5,1769,0,0,0,23.83,0,0
226.58,17,9,2341,0,0,0,20.09,1,0
51.48,20,2,1444,0,0,3,8.65,0,1
94.87,10,3,1255,0,0,0,15.07,1,0
37.7,15,5,1409,1,1,0,12.28,0,1
10.8,11,7,1042,0,1,0,29.69,1,0
87.36,12,2,911,1,1,0,49.53,1,0
9.85,15,2,1504,1,0,0,36.22,1,0
62.26,22,7,351,1,0,0,0.11,0,0
16.97,20,0,75,0,0,0,2.62,1,0
486.52,0,6,616,0,0,0,14.03,0,0
165.9,15,4,1429,1,0,3,47.73,1,1
74.13,14,4,1391,0,0,1,6.76,1,0
235.97,5,9,367,0,0,0,52.79,0,0
28.61,11,6,1425,0,0,1,2.91,1,0
114.83,7,7,385,0,0,3,1.88,1,0
81.44,6,9,1219,1,0,2,61.17,1,0
86.84,1,7,1338,0,0,1,4.42,1,0
238.02,11,6,2121,0,0,0,15.58,1,0
138.72,20,5,187,0,0,1,9.86,1,0
89.01,13,5,244,0,0,1,3.99,1,0
12.74,15,2,771,0,0,0,25.0,1,0
25.53,10,3,2097,1,0,1,82.88,1,1
58.99,19,4,1320,1,0,1,26.83,1,0
73.21,8,6,1292,0,0,1,10.91,1,0
21.54,9,4,1273,0,0,3,31.1,0,0
743.73,16,6,1617,0,1,0,3.87,1,0
303.81,11,6,360,0,0,1,21.69,0,0
121.77,5,6,550,0,0,0,15.85,1,0
71.67,18,1,1632,0,0,2,11.16,0,0
53.94,10,4,39,0,0,0,33.64,1,0
25.74,8,3,318,0,0,0,3.15,1,0
72.06,20,5,1519,0,0,1,19.02,0,0
86.29,5,11,2103,0,0,1,48.17,1,0
19.26,23,8,146,0,1,3,5.63,1,0
93.15,15,4,784,0,1,3,7.68,0,1
57.1,19,6,1608,0,0,0,27.02,1,0
9.9,15,4,1464,0,0,1,37.02,1,0
28.21,5,7,2490,1,0,1,8.33,1,0
44.1,4,2,856,0,0,0,11.15,1,0
440.4,20,2,216,1,0,0,33.67,0,0
116.34,3,4,2014,0,0,2,8.4,0,0
17.54,1,10,1239,0,0,2,27.43,1,0
108.42,5,9,2388,0,0,1,4.32,0,0
14.19,8,5,605,1,0,1,13.25,1,0
196.9,16,2,1137,0,0,0,29.17,0,0
41.63,13,3,2416,0,0,1,15.4,1,0
60.73,6,6,861,1,0,0,0.49,1,0
251.09,21,6,564,0,0,1,13.04,1,0
18.41,18,8,1212,0,0,0,8.5,1,0
16.49,0,3,2415,1,0,0,2.67,1,0
37.2,19,9,1297,0,1,0,0.23,0,0
188.36,14,3,764,0,0,0,1.16,1,0
14.59,17,5,558,0,0,0,74.52,1,0
3.93,2,4,1386,0,0,0,34.64,0,0
42.47,17,6,1397,0,0,1,70.23,1,0
115.79,1,5,1283,0,1,0,3.05,0,0
221.46,9,7,1153,0,0,1,21.13,1,0
41.97,10,4,816,0,0,0,2.17,0,0
44.19,23,5,1937,0,0,2,0.68,1,0
211.43,2,6,1243,0,0,1,15.7,0,0
10.28,6,5,2109,0,0,0,25.99,0,0
45.22,7,8,1755,0,0,0,1.64,1,0
80.67,18,3,322,0,0,3,11.36,0,0
104.5,17,3,1312,0,0,1,2.36,1,0
40.05,12,2,397,0,0,1,11.24,1,0
69.02,12,5,1235,0,0,0,15.96,1,0
5.54,23,6,2196,0,0,0,10.29,1,0
34.53,18,7,1885,0,0,0,21.47,0,0
104.95,22,4,2076,0,0,1,21.96,0,0
24.97,11,3,2378,0,0,2,10.12,1,0
70.74,16,7,104,0,1,1,12.34,1,1
104.26,21,6,139,1,0,0,14.54,1,0
47.34,11,11,1963,0,0,1,11.78,1,0
79.08,12,10,2317,0,1,2,35.75,1,1
25.46,11,7,996,1,0,1,3.77,1,0
54.24,18,10,826,0,0,0,48.63,1,0
122.76,13,4,2211,0,0,0,10.06,0,0
78.02,6,6,2179,0,0,1,32.18,1,0
37.09,12,4,1789,0,0,3,53.81,1,0
83.45,5,8,766,0,0,1,54.61,0,0
136.27,23,8,1177,0,1,0,15.05,1,0
8.59,18,6,1244,0,0,0,7.41,1,0
212.53,18,9,2457,0,0,0,23.27,1,0
47.64,3,2,415,0,0,2,5.08,1,0
102.05,18,4,1862,0,0,0,39.09,1,0
220.8,8,2,2421,0,0,1,31.06,1,0
16.92,15,5,1999,0,0,0,39.7,1,0
32.8,3,10,172,1,0,2,14.2,1,1
49.97,5,8,560,0,0,1,20.38,0,0
30.45,7,2,140,1,0,0,2.71,1,1
378.02,23,4,2327,0,0,3,29.09,0,0
28.31,15,4,1714,0,0,1,16.68,0,0
38.26,4,2,796,0,1,1,17.79,1,0
81.81,20,6,2422,0,0,0,46.93,0,0
20.04,21,7,1943,0,0,2,37.0,1,0
44.89,9,4,1356,1,0,1,19.15,0,0
91.6,22,3,2265,0,0,0,10.97,1,0
47.81,12,5,2405,0,0,2,14.78,1,0
60.74,13,7,54,0,1,0,10.8,1,0
39.28,6,1,356,0,0,5,4.11,0,0
14.67,19,7,723,0,0,0,25.95,1,0
91.98,5,8,656,0,0,0,29.4,0,0
385.65,6,3,2426,0,0,2,88.69,1,0
67.92,4,4,367,0,0,1,15.21,1,0
83.53,20,7,914,0,0,1,147.79,1,1
133.32,17,6,69,0,0,1,5.18,0,0
18.74,22,8,2355,0,1,1,26.72,0,0
365.96,11,1,2116,0,1,0,131.33,0,1
81.64,5,8,240,0,1,1,25.56,1,0
340.99,0,9,457,0,0,0,15.05,1,0
32.04,3,4,2425,0,0,2,18.1,0,0
410.78,18,4,563,0,0,2,46.69,1,0
144.77,11,2,1062,0,0,3,69.97,1,0
115.94,14,4,2334,1,0,2,15.13,0,0
84.27,2,4,1412,0,1,1,37.0,1,0
52.01,22,2,840,0,0,0,67.83,1,0
221.52,19,7,47,0,0,1,8.29,1,0
76.74,7,7,1240,0,0,1,16.99,1,0
9.33,10,4,1739,0,0,0,134.64,1,0
21.82,15,6,298,0,0,2,10.9,0,0
55.38,8,6,1526,1,0,1,24.17,1,0
90.92,2,3,1258,0,0,0,26.75,0,0
63.02,4,5,2085,0,1,2,4.19,1,0
225.65,19,11,711,0,1,1,41.08,0,0
9.48,13,7,2391,0,1,1,13.31,0,0
76.98,14,6,1406,0,0,1,17.34,0,0
10.83,5,0,1860,0,0,2,25.74,0,0
142.55,3,10,213,0,1,0,13.21,0,0
60.68,7,6,2436,0,1,1,9.83,0,0
101.45,18,6,1148,0,0,2,19.77,0,0
28.11,4,3,1053,0,0,1,10.65,1,0
239.72,12,7,1017,0,0,1,14.23,1,0
189.0,15,6,1630,0,1,1,2.87,0,0
119.53,0,1,2453,0,0,1,46.57,1,0
58.59,12,5,362,0,0,0,13.26,0,0
119.09,21,4,1147,0,1,0,2.16,1,0
32.89,10,3,555,1,0,1,39.02,1,1
156.89,20,5,291,0,0,0,0.5,0,0
347.05,7,5,682,0,1,1,22.87,1,0
194.53,7,5,769,0,0,1,30.32,1,0
32.15,23,5,1354,1,0,0,5.31,1,0
95.72,13,0,2423,0,0,0,3.52,1,0
18.3,12,0,529,0,0,1,3.02,0,0
118.2,2,9,119,0,0,2,125.25,1,1
104.65,3,6,962,0,0,0,35.17,0,0
10.28,19,6,689,0,0,0,9.37,0,0
20.87,14,1,1611,0,0,1,10.22,0,0
50.24,14,7,968,0,0,3,26.15,1,1
49.36,20,5,2381,0,0,0,15.3,1,0
19.9,12,6,1985,0,0,1,7.91,1,0
98.39,8,6,2069,0,0,2,1.47,1,0
85.75,9,6,1832,0,0,0,38.29,1,0
54.91,11,2,2034,1,0,0,54.78,1,0
31.32,13,3,1194,0,0,2,5.77,1,0
190.32,0,4,2321,0,0,0,1.64,1,0
349.12,13,5,389,1,0,2,3.16,1,0
41.12,13,3,2137,0,0,0,13.37,0,0
36.16,7,6,1304,1,0,1,8.89,1,0
108.98,15,6,2482,0,1,1,1.91,1,0
46.62,13,4,625,0,0,0,15.17,1,0
58.01,0,6,445,0,0,1,5.7,1,0
139.72,15,6,931,0,0,0,1.73,0,0
9.88,17,9,1557,0,0,1,26.82,1,0
249.21,6,2,804,0,0,0,21.25,1,0
71.71,14,4,1144,0,0,2,43.77,0,0
44.19,23,2,461,1,0,0,9.0,1,0
60.99,16,5,269,0,0,1,3.65,1,0
64.23,18,4,1217,0,0,0,11.16,1,0
11.81,22,6,2232,0,0,0,37.71,1,0
297.36,12,4,721,0,1,0,6.92,1,0
69.5,8,4,1733,0,0,1,7.36,1,0
103.86,23,5,1988,0,0,2,3.99,1,0
172.7,23,3,1419,0,0,2,107.65,1,0
24.02,14,7,2243,1,1,2,85.52,1,1
107.07,2,7,1934,0,0,0,26.83,1,0
51.03,23,6,176,0,0,0,6.05,1,0
155.52,0,4,2200,0,0,1,36.37,1,0
7.95,15,6,502,0,0,1,21.92,0,0
60.39,7,2,2129,0,1,0,34.61,1,0
36.5,22,5,2204,1,0,0,49.23,1,1
102.75,12,4,1371,0,0,1,9.59,1,0
106.7,7,11,1118,0,0,1,61.25,1,0
32.86,16,5,1850,1,0,2,57.21,1,0
32.71,21,3,900,0,0,3,19.8,1,0
59.7,22,3,1344,0,0,1,28.85,1,0
27.2,13,2,1740,0,0,0,13.23,0,0
154.78,20,7,1729,0,0,0,26.61,0,0
46.1,20,4,980,0,0,0,19.9,1,0
3.64,6,3,76,0,0,1,9.75,0,0
45.84,14,6,847,1,0,0,9.75,0,0
23.6,15,2,936,0,0,1,26.36,1,0
13.05,18,7,350,1,1,0,78.45,1,1
19.35,5,4,111,0,0,2,5.63,0,0
74.4,22,5,961,0,1,0,12.46,1,0
251.8,0,9,1143,1,0,0,40.96,0,0
91.21,11,4,916,1,0,2,3.28,1,1
36.36,17,4,1465,0,0,1,128.6,1,1
105.2,15,6,2399,0,0,0,28.34,1,0
42.14,11,1,837,0,0,0,60.42,0,0
33.29,19,6,1212,0,0,0,45.51,0,0
21.02,12,5,2191,1,1,1,37.53,1,1
11.57,7,5,1063,0,0,2,0.84,0,0
45.15,21,6,1005,0,0,1,13.04,1,0
78.1,0,7,394,0,0,0,5.64,0,0
60.54,20,5,607,0,0,2,51.26,0,0
43.99,6,6,18,0,1,1,28.51,1,0
25.9,14,6,145,0,0,3,2.83,1,0
122.52,21,5,1323,1,0,1,11.14,0,0
17.87,12,6,985,0,1,1,1.8,1,0
144.9,12,4,988,0,0,4,33.68,0,1
24.48,8,3,1681,0,0,1,13.55,1,0
31.42,23,5,2100,0,1,1,6.68,1,0
15.38,14,8,1857,0,1,2,18.23,1,1
40.39,3,5,1798,0,1,1,1.07,0,0
176.85,12,2,1252,1,0,0,7.44,1,0
111.68,11,7,2017,0,0,1,4.82,1,0
177.4,4,6,122,0,0,0,66.71,0,0
112.41,6,5,2069,0,1,1,11.83,1,0
22.12,7,5,1373,0,0,1,21.96,1,0
47.9,4,3,2303,0,0,2,17.48,1,0
30.56,8,7,1546,0,1,0,26.91,1,0
252.29,13,7,2101,0,1,0,8.18,0,0
20.15,11,7,1352,0,1,2,3.22,1,0
162.99,3,3,1522,0,0,1,2.12,1,0
162.87,19,5,1807,0,0,1,5.37,1,0
415.56,7,6,1359,0,1,1,16.48,1,0
44.27,16,5,1286,0,0,0,6.73,1,0
135.95,7,5,317,0,1,1,14.23,0,0
653.05,20,4,1356,0,0,2,0.74,1,0
35.96,0,5,1641,0,1,2,24.69,1,1
14.37,19,5,876,0,0,0,52.63,0,0
10.18,1,5,2093,0,1,3,1.22,1,0
136.01,3,5,1650,0,0,1,6.15,0,0
10.14,23,6,720,0,1,1,9.56,1,0
45.96,20,6,1324,0,0,3,8.47,0,0
103.27,0,3,1638,0,0,1,1.03,1,0
80.25,6,11,1522,0,0,0,2.82,1,0
102.05,0,2,2293,0,0,4,60.89,0,0
83.29,8,4,2418,0,0,1,31.06,1,0
239.57,2,5,1289,0,0,2,79.51,1,1
25.73,11,3,877,0,0,3,14.52,1,0
33.89,18,4,1392,0,1,0,52.81,1,0
30.79,14,6,2082,0,0,0,42.39,1,0
152.96,21,4,993,0,0,2,51.97,1,0
164.09,15,8,1034,0,0,0,1.0,0,0
104.71,9,3,2415,0,1,1,26.43,0,0
217.78,21,5,127,0,1,3,20.9,0,1
20.53,5,8,2170,0,0,0,19.7,1,0
353.27,16,5,1228,0,0,0,17.55,1,0
305.89,20,2,1053,0,0,1,39.74,0,0
139.16,21,4,585,0,0,1,86.09,1,0
396.15,23,4,412,0,0,1,44.14,0,0
12.72,16,3,262,0,0,1,51.08,1,0
39.47,20,5,1639,0,0,1,16.54,0,0
31.97,18,8,678,1,0,0,29.33,0,0
137.21,17,7,737,0,0,1,13.43,1,0
23.33,10,3,1467,0,0,1,11.17,1,0
142.24,23,8,1155,1,0,1,56.41,0,0
262.57,6,6,1550,0,1,1,58.9,1,0
133.65,9,5,988,0,0,1,28.66,1,0
88.57,6,3,578,0,0,2,45.48,0,0
24.83,4,6,552,0,0,0,11.17,0,0
28.59,11,4,528,0,0,0,14.22,1,0
232.67,15,6,2069,0,0,1,43.01,1,0
145.38,20,5,19,0,0,1,12.69,1,0
64.13,17,9,166,0,0,1,1.02,1,0
43.91,2,5,150,0,0,0,10.9,1,0
8.8,19,4,146,0,0,1,12.7,1,0
22.85,14,4,700,0,0,2,4.2,1,0
450.98,4,7,1633,0,0,1,10.54,1,0
18.53,12,5,1433,0,0,1,68.11,1,0
80.6,18,5,1475,0,0,0,48.89,0,0
182.63,11,2,685,0,0,2,14.76,1,0
19.01,22,7,1546,1,0,1,30.94,0,0
80.21,20,2,2334,0,0,1,4.12,0,0
170.36,4,7,1389,0,0,0,34.91,1,0
67.53,5,3,942,1,0,1,16.15,1,0
1174.27,6,6,2168,1,0,2,32.05,0,0
12.57,9,7,1077,0,1,0,25.82,0,0
192.24,15,4,220,0,0,0,6.62,0,0
56.1,7,6,2400,0,0,0,45.0,1,0
144.3,8,3,2418,0,0,1,21.23,1,0
103.68,3,6,2468,0,0,0,38.33,0,0
32.04,20,6,517,0,0,1,2.47,0,0
83.85,20,7,241,0,0,1,23.89,1,0
10.4,7,7,813,0,1,0,8.63,1,0
121.91,6,8,1203,0,0,1,49.31,1,0
89.85,14,4,243,1,0,1,74.65,1,0
126.3,20,3,2359,0,1,0,1.44,1,0
192.12,2,6,2157,0,0,1,32.21,1,0
96.31,16,3,2310,0,1,1,2.72,1,0
77.33,10,6,2365,0,1,0,48.71,1,0
27.63,8,4,1733,0,0,0,3.32,0,0
32.71,4,5,396,0,0,0,5.42,1,0
218.49,9,4,1156,0,1,0,7.25,0,0
280.43,14,6,141,0,0,2,32.53,1,0
52.56,13,6,2278,0,0,0,8.65,0,0
69.83,3,10,2119,0,0,1,22.66,0,0
26.99,20,5,841,0,0,0,21.21,0,0
215.46,19,3,741,0,0,1,12.87,0,0
129.72,1,7,412,0,0,0,19.39,1,0
464.62,11,3,2228,0,0,1,3.14,0,0
27.71,0,4,1509,0,0,1,52.22,1,0
45.7,23,4,1627,0,0,1,5.8,0,0
84.05,19,3,23,0,0,0,53.05,1,0
127.29,4,10,279,0,0,0,18.28,1,0
53.75,5,5,1087,0,0,4,23.79,0,0
27.86,23,7,1164,0,1,2,7.44,0,0
161.0,10,7,1806,1,0,2,6.29,1,1
137.16,7,5,1550,0,0,0,16.87,0,0
26.67,6,4,2358,0,0,1,7.78,1,0
258.64,3,6,1993,0,0,0,13.75,1,0
214.91,5,4,1972,1,1,1,14.51,0,1
76.27,15,3,436,0,0,1,7.9,1,0
72.21,19,5,2173,0,0,3,8.62,1,0
116.05,14,5,2293,0,1,0,90.21,0,0
28.17,13,3,1596,0,0,0,22.14,1,0
68.72,22,5,2070,0,0,1,44.58,1,0
7.75,11,4,1362,0,1,1,1.17,1,0
160.21,11,8,77,0,1,0,0.05,0,0
13.99,15,1,400,0,1,2,18.3,0,1
299.89,14,4,1125,0,0,1,43.83,0,0
47.94,12,4,2161,1,1,0,23.6,0,0
53.96,10,4,2017,0,0,1,24.11,1,0
35.6,16,7,1459,0,0,0,3.75,1,0
50.0,20,2,782,0,0,0,96.07,1,0
275.48,14,1,1976,0,0,1,18.86,1,0
5.54,13,5,2361,0,0,2,2.71,1,0
239.12,9,7,2436,0,0,2,13.37,0,0
93.51,11,4,1425,0,0,0,1.87,1,0
19.94,15,7,97,0,0,0,13.54,1,0
22.75,14,11,1825,0,1,0,31.08,1,0
356.52,9,3,1686,0,0,1,9.77,0,0
25.91,3,4,634,0,0,2,9.39,1,0
21.04,22,3,1944,0,0,0,18.06,0,0
207.95,8,5,1282,0,0,0,17.25,0,0
93.56,20,3,2423,0,0,1,15.74,1,0
26.1,19,9,1122,1,0,1,18.19,1,0
82.82,8,6,1008,0,0,2,1.23,1,0
23.91,20,6,2472,0,0,2,16.07,1,0
200.5,23,6,464,0,0,0,120.74,1,0
192.75,19,9,944,1,0,2,36.13,0,0
113.52,10,6,218,0,0,0,8.48,1,0
95.74,10,10,2428,0,0,0,28.31,0,0
388.07,6,8,1346,0,0,0,10.01,0,0
66.67,20,3,1537,0,0,0,5.31,1,0
20.45,9,7,2143,0,0,1,37.13,1,0
104.53,3,0,656,0,1,2,5.88,1,0
537.03,4,2,1253,0,1,2,48.91,1,0
24.17,4,3,2352,0,0,1,11.97,0,0
46.46,10,6,1731,0,0,1,35.35,1,0
101.13,8,5,2036,0,0,3,7.51,1,0
63.19,15,6,2022,0,0,0,26.44,1,0
24.97,8,3,1196,0,0,1,5.97,1,0
204.76,21,6,1160,0,1,0,0.55,0,0
678.61,3,4,126,0,0,2,42.13,1,0
81.14,1,5,1439,0,0,0,48.48,1,0
27.0,13,7,658,0,0,1,53.13,1,0
14.17,2,8,365,0,0,0,0.92,0,0
86.31,17,5,1032,0,0,1,35.77,0,0
201.12,20,4,1183,0,0,2,45.18,0,1
107.25,5,8,2293,0,0,0,9.34,1,0
66.53,10,7,1201,0,0,1,15.89,1,0
36.99,20,2,1528,0,0,2,13.1,1,0
22.37,17,3,78,0,1,0,14.5,1,0
153.66,11,7,1754,0,0,1,46.88,0,0
166.3,4,4,276,0,1,0,13.53,1,0
14.21,8,6,824,0,0,2,9.0,0,0
326.96,19,8,1890,1,0,1,3.49,1,0
118.4,17,4,1558,0,0,1,28.09,0,0
270.32,18,2,391,1,0,0,2.2,1,0
17.42,2,8,1645,1,0,1,1.58,1,0
17.02,8,9,383,0,0,1,28.61,1,0
57.46,3,2,694,0,0,0,29.63,0,0
110.25,16,2,515,0,1,3,5.55,1,1
401.96,16,6,2294,0,0,1,78.77,1,0
135.11,22,3,2382,1,0,0,38.76,1,0
52.32,22,8,1484,0,0,1,28.99,1,0
23.89,1,4,763,0,0,0,35.1,1,0
228.15,8,4,1964,0,1,3,13.27,1,0
25.41,8,8,1961,0,0,1,15.2,1,0
339.84,4,5,1455,0,0,1,51.05,1,1
50.18,14,2,1859,0,0,0,0.64,1,0
327.2,14,6,1249,0,0,0,40.54,1,0
131.49,2,3,741,0,0,1,14.84,1,0
58.15,18,10,30,0,0,2,15.59,1,0
39.67,2,6,314,0,0,0,9.85,0,0
47.42,5,5,613,0,1,1,23.35,0,0
102.34,3,6,1019,0,0,1,28.15,1,0
72.04,23,3,454,0,0,2,4.38,0,0
36.83,12,10,2323,0,1,0,20.85,0,0
56.51,12,2,1201,0,1,2,15.63,1,0
72.14,10,2,1091,0,0,0,38.07,1,0
7.93,4,4,1718,1,0,0,19.7,1,0
105.44,0,6,766,0,0,1,14.03,1,0
25.04,8,4,333,0,0,0,18.82,0,0
21.05,16,2,1299,0,0,0,16.86,1,0
12.34,21,7,1095,0,0,1,68.4,0,0
11.09,0,5,2146,0,0,1,9.35,1,0
17.19,2,9,2473,0,0,0,0.95,0,0
32.82,14,5,1617,0,0,3,27.12,1,0
470.25,20,8,1109,0,0,0,23.15,1,0
39.41,22,9,2462,0,0,1,60.19,1,0
79.66,9,7,2422,0,0,1,3.12,0,0
99.53,7,3,394,0,0,2,18.49,0,0
76.03,11,5,18,0,0,1,4.09,1,0
61.72,21,5,2366,0,0,1,15.21,1,0
20.18,14,4,2227,0,0,3,40.16,1,0
284.56,8,4,156,0,0,1,48.69,0,0
406.34,23,4,1936,0,0,0,44.87,1,0
12.4,9,5,89,0,0,1,19.82,1,0
23.95,19,11,813,0,0,1,25.13,0,0
50.41,8,4,1769,0,0,2,20.05,1,0
25.42,14,4,987,0,1,1,20.59,1,0
110.61,22,4,816,0,0,1,54.1,0,0
32.19,20,4,1588,0,1,0,5.87,0,0
581.18,20,5,1966,0,1,0,14.44,1,0
219.32,0,2,1595,0,1,3,23.54,0,1
82.48,1,6,304,0,0,1,36.24,1,0
186.23,18,12,1163,0,0,1,35.88,1,0
201.52,13,6,1926,1,1,1,3.12,1,1
37.94,7,6,1797,0,0,1,6.27,0,0
29.48,5,7,1198,1,0,3,60.62,0,1
72.11,11,6,622,0,1,0,11.06,1,0
157.85,14,6,1820,0,0,2,0.07,0,0
76.64,13,4,78,0,0,3,5.57,1,0
13.78,20,7,565,0,0,2,87.29,0,0
29.88,0,4,1695,0,1,3,9.27,1,1
61.93,10,6,509,1,1,1,23.78,0,0
61.83,2,4,839,0,0,1,32.43,1,0
479.4,18,4,511,0,1,0,26.0,0,0
16.68,17,7,983,0,0,0,11.85,1,0
110.56,19,2,739,0,0,1,14.07,1,0
295.63,1,2,910,0,0,1,45.5,0,0
646.42,6,10,669,0,0,2,27.18,0,0
44.51,7,6,770,0,0,1,0.59,0,0
109.01,18,4,2111,0,0,1,5.69,1,0
117.89,21,4,341,0,0,0,8.43,1,0
81.08,14,3,968,0,0,1,11.37,0,0
60.41,9,2,1768,0,0,0,21.5,1,0
103.13,21,2,1754,0,1,2,11.41,0,0
5.3,0,6,322,0,0,0,43.58,1,0
131.9,5,3,1865,0,0,1,16.05,0,0
75.65,12,3,364,1,0,1,17.44,1,0
53.38,13,0,1535,0,1,1,13.94,1,0
516.39,2,7,2282,0,0,0,9.29,0,0
33.96,10,4,623,0,0,4,32.26,1,0
44.56,2,5,108,0,0,0,6.52,0,0
488.6,18,3,2364,0,0,2,29.24,1,0
29.02,9,4,804,0,0,1,18.86,0,0
38.47,14,5,2448,0,0,3,2.7,0,0
57.57,10,3,2431,0,0,1,0.45,0,0
154.58,14,3,213,0,1,0,4.64,0,0
82.09,23,4,1783,1,0,0,35.78,1,0
18.31,12,5,618,0,0,0,12.14,0,0
39.17,4,5,1150,0,0,0,40.85,0,0
36.33,3,2,75,1,0,2,17.42,1,1
61.73,12,4,2188,0,0,1,0.83,0,0
102.09,8,6,788,0,1,0,46.79,1,0
101.31,16,6,910,0,0,2,68.82,1,0
11.29,1,10,837,0,0,1,1.93,1,0
193.24,23,3,1419,0,0,1,5.84,0,0
85.85,4,6,2149,0,0,1,31.43,1,0
266.28,15,5,1110,0,0,0,146.74,1,0
103.98,6,5,748,0,0,2,52.25,1,0
200.6,0,5,1905,0,1,0,2.6,1,0
106.33,11,1,2111,0,0,1,23.36,1,0
256.27,20,9,667,0,0,0,27.36,1,0
112.42,10,6,1119,0,0,1,24.91,0,0
60.47,11,2,2102,0,0,0,20.99,1,0
647.06,18,2,1673,0,0,0,8.64,1,0
162.23,11,10,2174,0,0,1,27.6,1,0
118.36,11,6,156,0,0,0,32.59,0,0
18.61,13,4,1054,0,1,3,21.44,1,0
18.39,1,3,545,0,0,0,17.19,1,0
89.36,1,7,1509,0,0,1,6.18,0,0
77.13,3,7,1081,0,0,1,19.67,1,0
36.09,19,9,428,0,0,2,3.43,1,0
76.78,22,7,1143,0,0,2,1.89,1,0
326.56,15,6,1007,0,0,0,37.61,1,0
133.67,9,5,1110,1,1,2,28.2,1,1
21.31,12,5,2327,1,0,1,26.18,1,1
59.65,1,5,931,0,0,0,65.82,1,0
29.82,2,4,701,0,0,0,11.98,0,0
45.25,18,5,1118,0,0,0,12.76,1,0
44.1,5,6,821,0,0,1,13.35,1,0
41.36,18,8,1684,0,0,1,15.65,1,0
19.01,20,5,251,0,0,0,17.98,1,0
58.69,19,2,1097,0,0,0,37.63,1,0
38.07,18,3,1273,0,0,1,6.14,1,0
3.56,7,5,1691,0,0,1,14.23,0,0
519.55,13,5,2455,0,0,0,17.59,0,0
198.1,9,3,2106,0,0,1,4.63,0,0
45.77,2,5,1486,0,1,3,30.26,1,0
67.95,5,3,2202,0,1,3,1.45,1,1
20.66,14,10,926,0,0,0,22.04,1,0
363.48,22,6,407,1,1,0,5.65,0,1
444.65,22,3,780,0,0,0,0.21,0,0
78.0,17,3,680,0,0,0,9.49,1,0
185.59,13,7,1762,0,0,1,14.02,1,0
79.46,18,5,1336,0,0,1,42.5,1,0
17.52,9,8,437,0,0,0,13.1,0,0
44.18,14,5,90,0,0,1,61.76,1,0
76.09,3,8,2241,0,0,1,46.21,1,0
42.33,22,6,2340,0,0,2,5.35,1,0
53.59,1,6,2147,0,0,0,4.23,1,0
60.86,2,8,718,0,0,1,6.99,0,0
61.51,6,8,1991,0,0,0,11.14,1,0
70.26,22,6,1398,0,0,1,21.9,1,0
23.09,15,5,212,0,0,0,3.31,1,0
32.56,9,3,608,1,1,1,18.98,1,1
18.46,18,5,15,0,1,2,21.73,0,1
177.3,16,4,2414,0,0,1,27.04,1,0
8.12,18,5,2112,0,0,1,19.97,1,0
211.37,4,3,1100,0,0,3,43.6,0,0
266.76,22,4,1730,0,0,0,25.65,1,0
49.29,19,6,156,0,0,0,64.61,1,0
4.94,12,12,595,0,0,0,30.18,1,0
46.46,12,5,989,0,0,2,14.32,1,0
62.54,10,8,745,0,0,1,5.88,1,0
24.27,10,9,704,0,0,0,0.26,1,0
39.84,15,5,1129,1,0,0,2.37,1,0
308.03,14,6,1966,0,0,1,5.26,1,0
129.66,16,6,863,0,0,1,6.1,1,0
26.45,21,0,257,0,0,1,33.87,1,0
13.5,17,5,2189,0,0,0,12.2,0,0
48.09,18,4,1558,0,0,0,9.81,0,0
53.87,3,2,2406,0,0,0,1.34,1,0
109.53,21,6,451,0,0,2,19.34,1,0
39.04,21,5,2313,1,0,1,23.73,1,0
111.22,22,4,1419,0,0,2,52.56,1,1
461.81,4,6,1634,0,0,1,17.47,1,0
150.73,6,3,2473,1,0,0,0.19,1,0
63.56,1,10,2376,0,0,0,1.69,1,0
55.53,0,6,2373,0,1,1,7.9,0,0
46.68,11,5,995,0,0,1,3.75,0,0
217.16,9,6,1007,0,0,3,36.81,1,0
35.61,7,4,1695,0,1,0,2.85,1,0
69.77,0,5,2387,1,0,2,4.38,1,0
70.19,11,3,1280,1,0,1,27.47,1,0
40.38,1,5,1942,0,1,3,6.85,1,1
16.9,9,4,1430,0,0,0,86.91,0,0
92.11,21,3,810,1,0,3,49.73,1,1
62.74,16,6,132,0,0,0,34.12,0,0
109.97,2,4,2327,0,0,0,10.51,1,0
39.11,6,3,2065,0,0,2,1.46,1,0
226.06,11,5,2399,0,0,0,10.25,1,0
27.75,7,4,695,0,0,0,11.82,1,0
369.46,19,1,1671,0,0,2,3.41,0,0
11.62,11,3,1930,0,0,2,3.21,1,0
103.0,2,5,345,1,0,1,27.57,1,0
107.28,16,6,870,0,0,2,6.61,1,0
30.1,8,3,2313,0,0,1,28.33,0,0
101.94,9,5,2173,1,0,0,19.87,0,0
239.73,21,3,1929,0,0,1,57.93,0,0
7.27,5,7,2107,1,0,0,39.88,1,0
110.25,0,5,1197,0,0,1,4.1,1,0
5.51,21,4,1181,0,0,2,23.55,1,0
25.39,11,9,564,0,0,0,26.47,0,0
340.08,4,2,515,0,0,1,49.52,0,0
37.27,12,2,1826,0,0,1,25.61,1,0
20.62,14,6,2291,0,1,1,3.79,1,0
54.71,21,12,1887,0,1,0,7.48,1,0
527.37,10,2,198,0,0,2,25.38,1,0
10.68,7,6,1450,0,0,1,60.74,1,0
23.31,4,3,1230,0,0,1,55.53,0,0
298.1,1,6,1669,1,0,0,11.13,1,0
427.39,11,9,1589,0,0,2,44.4,0,0
60.13,1,4,2071,1,0,2,17.9,1,0
19.32,15,5,976,0,1,1,15.61,0,0
542.31,20,5,1597,0,1,0,10.8,0,0
328.47,2,2,1725,0,0,2,28.35,0,0
131.49,9,4,1970,1,0,0,22.88,1,0
29.59,18,7,2490,0,0,0,11.74,0,0
63.5,7,5,2024,0,0,1,35.98,0,0
56.81,6,5,621,0,1,4,11.92,1,0
92.84,0,6,293,0,0,0,21.95,1,0
284.58,11,5,1637,0,0,2,12.46,0,0
160.68,4,3,1621,0,0,0,3.11,0,0
22.71,15,5,726,1,0,3,4.39,1,1
264.14,3,6,543,0,0,1,26.73,1,0
91.21,16,5,691,0,0,1,41.68,1,0
132.56,23,5,1905,1,0,3,15.8,1,0
289.03,20,9,1613,0,0,1,9.85,0,0
21.94,1,6,170,1,1,2,10.26,1,0
64.34,11,4,183,0,0,3,22.76,1,0
39.19,0,5,1532,0,0,0,15.76,1,0
13.9,11,7,1369,0,0,1,0.02,0,0
94.32,11,6,2083,1,0,0,36.9,0,0
821.85,11,6,1799,1,0,2,3.84,1,0
10.59,18,4,2494,0,0,1,28.08,1,0
64.57,16,6,1828,0,1,3,10.55,0,1
126.54,19,5,2068,1,0,2,21.57,1,1
75.42,23,7,1443,1,0,1,48.3,1,0
59.55,23,7,532,0,0,2,4.19,1,0
18.19,10,2,1703,0,0,0,37.59,1,0
84.17,12,9,97,1,1,0,0.98,1,1
31.29,7,7,2299,0,0,1,63.57,0,0
7.46,9,6,1165,0,0,1,5.63,0,0
220.21,7,4,607,1,0,1,39.55,1,0
173.88,19,5,2056,0,0,0,1.74,1,0
70.22,7,3,1655,1,0,1,9.9,1,0
83.85,8,3,2168,0,0,0,25.1,1,0
195.26,6,8,2346,0,0,0,26.88,1,0
83.46,13,4,2131,0,0,0,30.0,1,0
164.68,1,5,1867,0,0,0,10.8,1,0
49.53,10,6,2165,0,0,2,27.42,1,0
247.64,7,4,1724,0,0,0,13.99,1,0
91.91,12,4,810,0,1,0,20.86,1,0
80.97,20,4,1629,0,1,2,19.81,1,1
18.73,14,4,2134,1,0,3,4.6,1,0
88.85,2,6,212,0,0,1,46.87,1,0
29.02,22,4,1274,0,0,1,50.46,1,0
35.22,13,5,2469,0,1,2,5.7,1,0
29.51,14,5,1247,0,0,2,13.47,1,0
22.96,1,7,2498,0,1,0,15.63,1,0
558.23,18,2,1564,0,0,0,19.9,1,0
252.48,11,2,62,1,1,0,0.56,1,0
455.03,19,6,681,0,1,0,35.55,0,0
19.63,3,4,18,1,0,1,49.5,0,1
71.61,2,5,700,0,0,0,3.83,1,0
18.29,4,2,92,0,0,1,56.74,1,0
33.26,2,3,1058,0,0,1,47.58,1,0
26.63,14,5,234,1,0,1,19.54,1,0
230.35,18,7,2487,1,1,1,8.03,1,0
44.87,1,6,1461,0,1,1,5.81,1,1
194.1,11,8,1227,0,0,0,16.79,1,0
122.01,4,2,1151,0,0,2,17.69,0,0
667.57,21,4,1957,0,0,1,26.38,1,0
15.19,16,6,2030,1,0,0,40.44,1,0
234.92,13,7,2135,1,0,2,68.14,1,0
209.86,21,4,1185,0,1,0,39.78,1,0
25.19,9,7,1089,0,1,1,59.93,0,1
182.57,2,6,2414,0,1,1,17.3,1,0
93.33,3,10,1292,0,0,0,0.99,0,0
53.12,5,9,544,0,0,0,1.33,1,0
29.26,23,4,580,0,0,1,7.82,0,0
32.49,21,4,587,0,0,0,23.8,1,0
517.92,15,2,2463,0,1,0,10.21,1,0
66.73,6,6,2172,0,0,0,4.54,0,0
145.78,14,3,1836,0,0,2,47.51,0,0
30.24,20,8,1849,1,0,1,104.98,0,0
30.57,19,5,340,1,0,2,0.42,1,1
196.76,10,3,1577,0,0,1,2.34,1,0
17.3,21,6,992,0,0,1,17.3,1,0
44.03,20,2,1537,0,0,0,10.3,1,0
68.99,0,7,97,0,0,0,38.1,1,1
74.54,4,3,583,0,0,1,26.55,1,0
55.75,12,4,2060,0,1,0,1.77,1,0
99.07,20,4,1807,1,0,1,19.68,1,0
133.33,13,12,533,1,0,0,10.26,1,0
139.02,8,5,1598,0,1,0,83.89,1,1
24.88,16,6,1181,0,0,0,16.12,0,0
50.19,14,2,93,0,1,0,65.66,1,1
220.25,20,8,1431,0,0,1,0.77,1,0
163.15,6,10,2241,0,0,1,2.73,1,0
16.9,21,1,2226,0,1,0,12.2,1,0
94.77,21,2,2165,0,1,2,54.5,1,1
9.22,11,4,2250,0,1,1,19.66,1,0
69.89,22,8,861,0,0,1,43.45,1,0
444.86,5,5,1393,1,0,1,8.34,0,0
25.84,20,5,1128,0,0,2,2.96,0,0
28.95,15,3,1189,0,0,1,7.06,0,0
143.17,4,6,281,0,0,2,25.91,1,0
14.26,8,5,1770,0,1,0,51.28,0,0
35.42,13,8,1869,0,0,2,15.17,0,0
121.08,7,4,915,0,1,0,5.38,1,0
35.36,13,3,747,0,1,3,25.38,0,0
52.67,11,4,808,0,0,0,5.48,1,0
140.36,9,3,1213,0,0,1,21.12,0,0
101.65,19,2,1256,0,0,1,2.7,1,0
87.08,19,1,2173,0,0,0,41.67,1,0
47.51,20,4,970,1,0,1,40.89,1,1
96.55,12,8,75,0,0,1,19.48,0,0
58.93,18,5,536,0,0,2,0.97,1,0
105.4,14,3,458,0,0,4,8.22,0,0
40.57,7,3,2158,0,0,1,3.72,1,0
55.56,22,6,75,0,0,0,18.53,1,0
24.78,20,5,1383,0,1,0,2.68,1,0
64.39,9,1,1861,0,1,1,50.95,1,0
29.64,2,5,129,0,1,3,47.46,1,1
21.89,20,2,2302,0,0,1,4.24,1,0
86.37,2,4,398,0,0,3,29.68,1,0
82.5,4,8,296,0,0,0,29.81,0,0
145.89,15,1,1800,0,0,0,12.64,1,0
43.33,16,7,427,0,0,0,4.15,0,0
100.29,5,6,360,0,0,0,3.54,1,0
115.68,19,1,2212,0,0,2,33.63,0,0
104.04,19,5,1371,0,0,1,6.22,0,0
29.21,15,10,1562,0,1,0,23.12,0,0
77.43,23,7,2260,0,0,0,50.23,1,0
95.98,1,6,974,0,0,1,22.48,0,0
67.17,19,6,1918,1,1,3,91.21,1,1
8.28,14,4,2497,0,1,1,25.93,1,0
78.3,17,6,2436,1,1,0,9.44,1,0
609.43,0,5,57,0,0,0,47.84,0,0
46.52,18,4,2286,0,0,0,9.31,1,0
32.2,11,8,1761,0,0,0,89.01,1,0
96.87,7,7,999,1,0,1,16.24,1,0
91.14,5,3,2009,0,1,0,76.57,0,1
219.8,11,10,1850,0,0,2,5.07,1,0
18.96,6,4,1308,1,0,2,0.29,1,0
138.57,17,4,1902,0,0,1,5.46,1,0
120.35,21,7,907,0,0,1,2.59,1,0
57.85,13,5,1748,0,1,0,33.1,1,0
93.57,7,5,1578,0,0,0,7.68,0,0
186.69,23,5,978,0,0,1,25.5,1,0
159.54,19,2,655,0,0,3,27.62,1,0
21.26,21,3,20,0,0,0,29.14,1,0
151.44,13,4,1974,0,0,0,44.69,0,0
62.51,4,2,1064,0,0,1,4.03,0,0
71.73,8,2,1480,0,0,1,1.29,0,0
71.75,7,4,974,0,0,2,0.75,0,0
57.38,1,1,408,0,1,5,2.74,0,1
219.58,15,1,396,0,1,3,11.92,1,0
61.33,12,5,1363,1,0,1,85.57,0,0
21.77,6,3,147,0,0,1,10.89,1,0
44.99,15,3,1758,1,0,1,15.08,1,0
79.73,6,5,491,0,0,2,42.1,1,1
227.97,13,4,309,0,0,0,62.71,1,0
121.89,13,3,41,0,0,1,88.9,1,0
28.49,11,0,551,0,1,2,43.78,0,0
800.46,0,7,1854,0,0,1,17.45,1,0
86.9,0,6,2101,0,0,0,6.52,0,0
238.74,11,5,556,1,0,0,22.81,0,0
57.3,19,5,993,0,0,3,5.48,1,1
113.68,20,4,2481,1,0,0,1.43,1,0
154.39,14,7,54,1,0,1,62.94,1,1
225.47,3,8,1989,0,0,2,16.58,1,0
191.98,6,3,389,1,0,0,17.74,0,0
159.52,15,4,506,0,1,1,23.49,1,0
48.66,2,6,1925,0,1,3,15.01,1,1
37.65,6,4,968,1,1,0,14.69,0,0
93.0,23,5,2195,0,0,3,61.67,0,0
169.55,21,6,417,0,0,0,42.39,1,0
53.37,5,2,194,0,0,1,5.98,0,0
193.48,15,11,498,0,1,2,8.62,1,0
285.04,23,5,2075,0,0,2,27.02,0,0
26.67,7,5,1730,0,0,1,21.16,1,0
28.88,22,5,1105,0,1,4,36.33,0,0
57.95,21,3,180,1,0,1,32.52,1,0
90.71,5,4,409,1,1,1,30.82,0,0
39.47,9,8,1788,0,1,2,53.05,0,1
257.8,15,6,248,0,1,1,36.37,0,0
101.91,10,6,1350,0,0,3,6.95,0,0
69.37,12,7,1556,1,0,1,51.56,0,0
15.86,5,5,329,0,0,1,10.22,0,0
17.89,23,8,1358,0,0,2,60.45,0,0
88.32,0,5,1499,1,0,2,43.47,1,0
7.9,20,2,768,0,0,2,1.92,0,0
183.58,18,1,2099,0,0,2,36.88,1,0
56.93,11,6,243,0,0,1,17.33,0,0
1708.02,23,8,565,1,0,1,94.43,0,1
670.43,5,6,2494,0,1,0,15.33,0,0
55.62,17,4,1964,0,1,0,1.73,0,0
59.96,12,6,685,1,0,0,8.67,1,0
180.47,6,4,1313,0,0,2,14.06,0,0
366.2,22,2,917,0,0,1,22.41,1,0
12.96,12,2,812,0,0,1,4.12,1,0
11.17,20,2,860,0,0,1,18.09,0,0
35.8,7,7,1006,0,0,1,16.52,0,0
119.43,20,4,855,0,1,0,45.3,0,0
109.6,16,6,2016,0,0,2,9.0,1,0
194.37,8,5,1329,0,0,0,14.92,1,0
20.09,19,4,31,0,1,1,12.3,1,0
6.58,12,2,1720,0,1,1,25.01,1,0
157.28,1,6,1017,0,0,1,45.23,1,1
29.13,3,5,2054,1,0,6,28.15,1,1
8.86,1,3,251,0,0,1,15.64,0,0
77.1,3,5,1427,0,0,1,25.39,1,0
147.4,17,1,462,0,1,2,9.72,0,0
59.02,4,4,1639,0,0,1,3.89,1,0
42.19,18,6,2270,0,0,1,9.63,1,0
56.86,9,1,2466,0,0,2,14.66,1,0
46.04,17,5,631,0,0,0,14.46,0,0
17.32,20,4,568,0,0,2,33.45,1,0
32.63,9,7,881,0,0,1,68.86,0,0
112.31,4,8,1078,0,0,2,12.31,0,0
91.99,16,3,1270,0,1,1,2.26,0,0
78.89,21,4,1812,0,0,0,0.85,1,0
24.65,12,8,516,0,0,1,0.1,0,0
55.62,22,1,459,0,0,2,69.56,0,0
7.56,16,5,1923,0,1,0,135.84,0,1
79.72,8,9,547,0,1,0,1.32,1,1
278.34,23,5,1887,0,1,4,11.09,0,0
15.27,11,3,1242,0,0,0,27.67,1,0
37.12,13,3,1323,0,0,2,4.93,1,0
92.68,13,4,725,1,0,1,22.56,0,0
233.42,7,3,409,0,0,2,42.0,1,0
42.6,22,4,1241,1,0,1,48.81,1,1
33.37,4,9,1456,0,0,1,30.64,1,0
9.31,18,7,1469,0,0,1,2.13,1,0
73.95,13,5,930,0,0,1,10.71,0,0
513.92,8,5,2396,0,0,1,85.54,0,0
88.0,6,2,2053,0,0,1,5.35,0,0
65.22,7,7,1749,0,0,0,15.13,1,0
92.03,13,3,466,0,0,2,10.17,1,0
65.95,21,5,1894,0,0,1,5.75,1,0
29.58,13,2,1444,0,1,2,9.77,1,0
151.91,10,2,654,0,0,1,5.25,1,0
83.58,13,4,2339,0,0,1,52.44,1,0
67.87,20,4,423,1,0,3,4.79,1,0
25.14,7,8,1623,0,0,1,24.42,1,0
245.55,2,9,2220,0,0,2,71.32,1,0
129.63,22,10,852,1,0,0,76.25,1,1
38.36,17,8,1470,0,0,2,22.93,1,0
181.6,2,10,1661,0,0,1,7.9,1,0
40.55,12,2,170,0,0,2,7.12,0,0
30.51,11,7,264,1,0,0,34.41,1,1
31.2,14,6,1103,1,0,1,98.7,1,0
11.35,17,6,2469,0,0,0,2.02,0,0
106.86,4,6,2052,0,1,0,38.95,1,0
10.69,6,5,45,0,0,1,3.28,1,0
19.52,10,4,2023,1,0,3,8.85,1,0
8.37,10,4,479,0,0,0,20.9,1,0
61.19,14,4,318,1,0,0,8.82,1,0
57.38,9,3,1931,0,0,0,26.26,1,0
48.1,14,6,490,1,0,2,13.5,1,0
23.51,12,4,1872,0,0,1,6.18,1,0
20.65,13,8,798,0,0,1,18.93,1,0
106.1,16,4,300,0,1,0,0.61,1,0
38.45,12,5,439,0,0,0,33.78,1,0
91.5,9,6,607,0,0,0,18.47,1,0
27.52,0,4,441,1,0,1,73.3,0,0
79.92,0,5,1567,1,0,0,2.71,1,0
245.5,14,1,514,0,0,1,32.95,1,0
119.84,15,2,682,0,1,1,8.95,0,0
44.15,11,4,1588,0,0,0,11.68,1,0
86.25,23,3,1442,0,0,0,10.71,0,0
52.42,5,2,1435,0,0,2,11.08,1,0
67.21,5,5,50,0,0,0,14.09,1,0
48.15,11,7,393,0,1,0,0.53,1,0
56.58,14,5,1324,0,0,1,46.89,1,0
82.44,3,2,1825,0,0,0,53.38,1,1
24.7,23,8,192,0,0,1,1.01,1,0
24.15,3,4,1905,0,1,1,37.4,0,1
16.63,1,3,1073,0,0,0,1.88,1,0
13.46,23,3,1632,0,0,2,41.23,0,0
19.74,11,8,1318,1,0,0,23.73,0,0
78.22,6,5,147,0,0,0,9.14,1,0
27.31,19,3,344,1,1,0,23.79,1,0
111.45,8,10,147,0,0,3,17.66,0,0
69.04,8,4,1507,0,0,1,25.25,0,0
9.31,7,3,497,0,0,1,16.13,1,0
128.38,13,6,585,1,0,1,37.06,1,1
150.02,0,2,1643,1,0,1,1.16,1,1
24.68,22,7,1179,0,0,1,10.55,1,0
101.51,20,2,907,0,0,1,20.48,1,0
28.32,22,7,2466,0,1,0,22.18,1,0
73.53,11,5,1543,1,0,3,4.64,1,1
18.83,1,9,1118,0,0,2,1.94,1,0
11.1,12,3,1596,1,0,2,0.53,1,0
45.48,3,4,1042,0,0,1,13.32,0,0
58.93,19,5,868,0,0,0,10.03,1,0
44.81,17,4,1122,0,0,0,20.97,1,0
20.41,18,7,1122,0,1,1,14.92,0,0
44.71,15,7,2276,0,0,1,12.52,0,0
87.3,13,3,359,1,0,1,46.34,0,0
63.76,7,5,1933,1,0,3,24.29,1,0
80.04,11,7,414,0,0,0,25.97,1,0
34.12,8,8,52,0,0,1,12.02,1,0
215.23,5,3,1791,0,0,0,37.5,0,0
20.57,17,3,2315,0,0,0,4.12,1,0
108.59,1,8,1888,1,0,0,12.85,0,0
217.43,22,2,861,0,0,0,1.21,1,1
107.87,7,5,1078,0,0,0,3.07,1,0
54.46,23,5,1023,0,0,1,2.13,1,0
39.32,13,3,1227,0,0,0,14.56,1,0
187.93,5,7,1551,0,0,1,29.88,0,0
16.07,9,4,1296,0,0,0,9.37,1,0
25.28,7,4,2492,0,1,1,0.67,1,0
44.81,16,4,539,0,0,1,30.71,1,0
229.9,11,5,1920,0,0,1,5.81,1,0
97.49,16,7,2126,0,0,0,32.06,1,0
25.33,12,2,1058,0,0,1,0.18,1,1
48.9,18,5,522,0,0,0,9.36,1,0
36.08,11,7,2027,0,0,2,24.27,1,0
32.79,15,5,192,0,1,0,51.23,0,0
177.49,4,0,2111,0,0,1,35.07,1,0
16.92,15,4,1114,0,0,2,14.93,0,0
333.21,5,0,169,0,1,2,31.69,0,0
152.66,10,3,2017,0,1,0,19.28,0,0
198.51,16,9,1482,0,0,0,41.97,1,0
41.97,22,3,747,1,1,1,36.97,1,1
57.4,13,5,2321,0,0,2,93.09,1,0
15.91,5,5,1987,0,0,2,2.77,1,0
39.46,22,6,210,0,1,1,10.41,1,0
109.25,10,2,1317,1,0,2,5.34,1,0
243.73,11,6,2204,0,0,0,24.91,0,0
22.04,12,5,1473,1,0,1,27.27,1,0
46.27,3,5,720,0,0,0,5.7,0,0
57.32,6,4,1779,0,1,1,13.69,1,0
16.51,1,5,1948,0,1,0,23.04,1,0
120.46,5,2,1242,0,0,1,26.89,0,0
32.33,5,4,881,1,0,1,2.71,1,0
54.85,17,1,584,0,0,1,63.48,0,0
42.44,19,5,91,0,0,0,0.87,1,0
30.29,7,6,272,1,0,2,90.24,0,0
66.22,7,3,295,0,0,0,9.51,1,0
53.75,7,3,32,0,0,0,9.51,0,0
45.98,7,3,2041,0,0,2,14.77,1,0
32.19,0,7,2360,0,0,0,29.68,1,0
91.79,1,10,215,0,0,2,4.35,1,0
348.49,11,10,1465,0,0,1,7.36,1,0
76.7,14,11,104,1,0,1,81.47,1,1
180.57,3,4,1409,1,0,2,52.36,0,0
16.61,2,5,146,0,1,1,5.97,0,0
78.08,13,5,2208,0,0,2,21.27,1,0
22.26,21,2,2047,0,0,1,5.69,1,0
15.23,22,6,2259,1,1,2,19.97,1,1
31.84,7,6,952,1,0,1,11.38,1,0
219.62,12,7,83,0,0,0,11.25,1,0
172.43,22,8,1355,0,0,1,25.2,0,0
85.03,18,5,558,0,0,0,7.25,0,0
14.4,21,6,1009,0,0,1,12.95,1,0
54.8,4,5,1034,0,0,2,64.84,0,0
90.17,12,3,1977,0,0,1,35.2,0,0
79.48,19,3,1371,0,0,0,12.08,0,0
10.55,0,2,300,0,0,1,6.54,1,0
27.38,15,3,80,0,0,0,26.9,1,0
62.55,22,4,117,0,0,1,41.22,1,0
114.01,23,12,1214,0,0,0,49.29,1,0
7.42,1,7,1843,0,0,0,20.77,1,0
56.71,6,8,1298,1,0,0,18.18,0,0
76.94,5,3,2260,1,1,2,31.79,0,1
155.96,4,6,1508,0,1,2,4.83,1,0
133.33,3,6,2033,0,1,0,47.79,1,0
119.41,1,6,1253,0,0,1,1.92,1,0
29.97,9,3,578,0,0,2,23.1,0,0
9.89,21,5,1115,0,1,0,22.27,1,0
45.01,4,6,173,0,0,2,9.3,1,0
181.57,17,4,939,0,1,1,0.9,1,0
268.66,9,6,1302,0,0,0,31.63,0,0
135.71,22,5,1216,0,0,2,0.61,1,0
102.45,21,8,1975,0,0,1,4.95,0,0
97.48,14,7,189,0,0,0,19.64,1,0
38.24,8,4,481,1,0,1,70.33,0,0
58.55,10,5,1144,0,0,1,1.71,1,0
353.92,20,3,541,0,0,1,21.62,0,0
25.98,16,5,1999,0,0,2,9.97,0,0
335.22,20,10,618,0,1,1,27.67,1,1
48.33,8,4,2488,0,0,3,76.39,1,0
250.99,22,6,1092,0,0,2,7.82,1,0
16.33,15,5,984,0,0,0,78.05,1,0
119.81,5,4,984,1,0,0,51.13,0,0
31.92,21,1,233,0,0,0,23.35,0,0
16.2,10,8,198,0,0,0,35.49,0,0
82.97,22,5,68,0,0,1,50.04,1,0
183.0,16,3,1041,0,1,2,40.67,1,0
28.65,3,4,1517,0,0,0,9.89,0,0
14.89,14,3,834,0,0,0,41.86,0,0
60.83,0,6,415,0,0,1,9.4,1,0
61.1,21,7,623,0,0,2,50.45,1,0
115.39,19,6,1885,0,0,2,7.37,1,0
172.36,0,4,1054,0,0,2,21.23,1,0
62.84,8,1,393,1,0,1,29.52,1,0
426.45,11,5,421,0,1,2,13.87,1,0
83.45,3,4,1952,0,1,0,38.19,1,0
47.16,21,4,2288,0,0,0,64.88,1,0
13.31,12,9,2293,0,0,2,5.15,1,0
51.28,6,4,672,0,1,1,0.85,0,0
47.64,7,2,1613,0,0,0,24.62,1,0
174.22,12,2,55,0,0,3,23.04,0,1
105.9,10,5,231,0,0,2,10.44,1,0
20.5,8,4,761,0,0,0,38.48,1,0
79.22,23,5,2213,1,1,1,43.74,0,0
130.52,15,4,827,0,0,1,10.09,0,0
307.36,9,6,1278,0,0,2,28.66,0,0
161.99,10,6,19,0,0,0,25.68,1,0
142.71,11,7,2146,0,0,1,10.49,1,0
70.82,13,11,2383,0,1,1,86.96,0,1
98.33,18,3,2343,0,0,0,10.63,1,0
232.64,11,7,224,0,1,1,24.21,0,0
17.59,17,6,1005,0,1,0,11.96,1,0
47.02,20,2,1881,0,0,1,0.3,0,0
30.8,16,2,1105,0,0,1,2.4,0,0
97.43,2,8,1241,0,0,2,6.61,0,0
228.2,0,3,1674,0,1,1,41.81,1,1
36.71,18,6,991,0,0,2,14.59,1,0
6.11,3,5,411,1,0,1,22.21,0,0
44.16,22,7,621,0,0,0,72.0,1,0
166.25,15,3,2397,0,0,0,3.98,1,0
114.16,11,5,838,0,0,0,49.48,1,0
102.33,20,0,915,1,0,0,11.92,1,0
50.4,20,4,366,0,0,1,10.29,1,0
18.56,12,3,2435,0,0,0,24.56,0,0
111.64,16,6,1349,1,0,2,57.23,1,0
28.95,7,8,1915,0,0,0,10.71,0,0
592.35,12,3,2132,0,0,4,35.83,1,1
117.98,19,2,1132,0,1,1,0.49,1,1
37.31,4,3,274,0,0,1,24.39,0,0
36.18,17,4,1788,0,0,1,24.89,0,0
60.77,14,3,1116,0,0,1,20.3,1,0
52.48,11,3,1838,1,1,1,69.44,1,0
203.74,16,4,1615,0,0,2,69.76,0,0
80.35,14,5,237,0,0,1,10.47,1,0
32.08,1,5,1998,0,0,0,15.24,1,0
441.62,5,8,2188,1,0,2,39.3,1,0
70.06,16,6,1933,0,0,3,46.43,0,0
143.86,15,4,1601,1,0,0,13.53,1,0
36.3,16,5,554,0,0,1,10.73,1,0
95.88,19,8,253,1,0,3,42.96,0,1
91.02,8,4,1259,0,0,2,11.82,0,0
10.08,4,2,2285,1,1,0,12.99,1,0
500.33,22,6,2302,0,1,1,3.64,1,0
242.41,0,3,1962,0,0,1,19.57,1,0
44.83,5,5,453,0,0,3,9.88,1,0
22.15,23,4,624,0,0,4,22.33,1,1
94.4,13,4,1846,0,0,1,14.86,0,0
72.73,16,7,834,1,0,3,34.47,0,0
95.17,18,2,945,0,0,1,8.14,0,0
80.77,0,8,1754,0,0,1,4.72,1,0
110.64,0,6,391,1,0,1,30.35,1,0
283.53,12,8,531,0,0,0,12.12,1,0
117.7,13,4,851,1,0,2,20.73,0,1
23.34,5,7,1611,1,1,0,70.78,0,1
260.49,5,5,1886,0,0,0,16.55,0,0
343.99,0,5,2215,0,0,2,4.13,1,0
1559.4,13,9,556,1,0,2,13.91,1,1
21.68,2,4,176,0,0,4,16.28,0,1
85.02,22,1,2079,0,0,0,36.31,1,0
8.31,9,5,2124,0,1,0,5.43,1,0
115.95,18,5,857,0,0,1,10.65,1,0
38.54,18,5,26,0,0,0,1.28,0,0
456.43,18,7,264,0,0,0,30.26,1,0
30.73,22,8,337,0,0,1,34.06,1,0
12.31,3,7,2007,0,0,0,15.27,1,0
41.63,19,9,355,1,0,2,19.32,1,1
9.25,18,4,2297,0,0,1,34.64,1,0
141.33,9,6,1506,1,0,2,7.81,0,0
8.46,1,7,2364,0,0,1,23.35,1,0
68.61,3,4,185,0,0,2,83.05,0,1
8.35,23,7,2370,0,0,0,26.82,1,0
48.41,5,5,553,0,0,2,2.03,1,0
344.94,6,5,2392,0,0,0,8.57,1,0
95.65,15,3,1366,0,0,1,18.3,1,0
28.12,6,5,1173,0,0,0,1.89,1,0
64.64,17,4,1816,0,0,0,28.22,1,0
67.9,19,1,1318,0,0,1,26.55,0,0
106.98,21,8,1376,0,0,2,52.25,1,0
17.0,18,8,2326,0,0,1,17.33,1,0
120.61,8,3,195,0,0,3,29.45,0,0
4.46,19,4,119,0,0,3,5.02,1,0
35.52,9,6,776,1,1,0,0.07,1,0
40.92,12,5,44,0,0,0,4.73,0,0
125.63,17,5,1255,1,0,1,1.61,1,0
68.21,15,6,1655,0,0,0,13.95,1,0
16.35,21,3,1779,0,0,0,15.79,1,0
24.9,16,9,807,0,0,1,25.85,1,0
81.34,21,5,19,0,0,2,3.79,1,0
61.62,12,5,2266,1,0,0,6.04,1,0
37.37,11,3,1669,0,0,1,40.03,0,0
41.23,9,2,47,0,1,1,21.48,1,0
133.78,0,2,1988,0,0,0,0.75,1,0
39.74,7,7,2151,0,0,1,47.16,0,0
61.06,20,5,896,0,0,1,24.84,1,0
584.02,21,9,1196,0,1,1,5.16,1,0
16.06,17,3,2299,0,0,1,7.26,1,0
10.47,1,7,2155,0,0,4,20.16,1,0
146.0,15,7,588,0,0,1,20.57,1,0
33.83,11,6,150,0,0,0,40.89,1,0
48.51,8,5,212,0,0,0,11.1,1,0
30.53,2,9,1521,0,0,1,19.92,0,0
51.43,21,5,2024,0,0,2,21.84,1,0
329.82,20,5,2474,0,0,1,20.45,0,0
148.73,3,3,955,0,1,2,1.89,1,1
157.94,1,5,2194,0,0,0,13.24,1,0
16.18,7,4,784,1,0,1,10.35,1,0
21.09,9,5,914,0,0,3,123.26,0,0
3.9,15,2,627,0,0,2,15.67,0,0
29.68,22,6,931,1,0,1,14.28,1,0
173.59,10,4,1806,0,0,2,16.53,0,0
111.83,17,2,1149,0,0,1,62.92,0,0
53.44,21,4,147,0,0,1,23.63,0,0
65.22,13,2,2472,1,0,0,12.32,0,0
33.49,7,5,257,1,0,0,60.93,1,0
81.84,22,4,535,0,0,3,66.43,1,0
143.43,14,3,1623,0,0,0,7.67,0,0
13.25,16,4,234,0,0,1,12.5,1,0
89.99,20,6,1154,1,0,1,84.87,0,0
169.43,17,5,744,0,0,0,19.47,1,0
44.03,5,4,730,0,0,1,14.13,1,0
134.38,22,4,472,0,0,1,5.44,1,0
1112.82,13,6,2297,0,0,0,12.13,1,0
60.08,22,4,30,0,0,0,24.94,0,0
98.82,2,4,1830,0,0,0,0.99,1,0
31.88,6,5,1988,0,0,0,2.17,1,0
79.94,14,8,457,0,1,0,0.13,1,0
105.66,20,5,1973,0,0,0,6.18,0,0
81.03,23,7,264,0,0,1,5.05,1,0
24.05,15,8,1195,1,0,0,47.56,1,0
81.97,15,4,312,0,0,0,5.12,1,0
287.78,7,3,1797,0,0,2,27.06,1,0
104.44,6,3,786,0,0,0,3.15,1,0
174.51,5,5,633,0,1,1,22.51,0,0
52.61,1,2,1063,1,0,2,14.3,1,1
141.16,21,6,1469,0,0,0,13.13,1,0
88.17,12,7,2445,0,0,2,48.55,0,0
25.77,11,7,689,0,0,0,4.59,1,0
91.7,14,2,489,0,0,2,22.61,1,0
24.74,8,5,144,0,0,1,43.13,1,0
35.41,1,6,1071,0,0,1,31.29,1,0
80.59,16,5,297,0,0,0,102.38,1,0
89.77,4,3,1102,0,0,0,0.05,1,0
20.3,10,4,2249,0,0,1,53.93,0,0
191.33,21,4,1153,0,0,0,23.76,1,0
118.16,18,3,2458,1,0,1,0.06,1,0
32.96,23,7,1433,1,1,0,15.66,1,0
14.33,6,5,918,0,1,0,36.46,1,0
57.69,1,7,667,0,0,0,5.04,1,0
42.69,15,5,1749,0,0,2,28.37,0,0
74.67,11,2,1631,0,0,0,3.76,1,0
46.38,22,4,902,1,0,2,40.67,0,0
8.96,14,4,2211,0,0,0,21.01,1,0
45.23,0,2,1203,1,0,1,0.86,1,0
49.13,12,6,688,1,1,2,2.38,1,0
125.67,22,4,2363,0,1,0,49.85,1,0
33.18,5,6,1658,0,0,1,0.84,0,0
357.34,12,4,1689,1,0,0,8.86,1,0
9.86,17,2,2411,0,1,0,20.92,1,0
247.44,2,4,916,0,1,0,6.0,0,0
53.29,0,1,1244,0,0,0,6.35,1,0
157.53,14,9,1736,0,0,2,37.41,1,1
72.23,12,2,1488,1,0,3,8.6,1,0
208.42,4,5,1700,0,0,1,0.98,1,0
45.27,12,6,863,0,0,2,31.92,0,0
22.23,21,5,2249,0,0,2,77.18,0,0
276.03,4,4,602,1,0,1,44.58,0,1
59.53,18,3,977,1,0,0,19.88,1,0
83.23,20,7,1029,0,1,2,13.83,1,0
229.24,23,2,907,0,0,1,64.81,0,0
23.76,17,0,1594,0,0,0,36.33,0,0
120.96,20,5,825,0,0,1,21.14,0,0
36.97,21,4,1881,1,0,1,52.97,1,1
58.43,9,3,1100,1,0,2,23.01,1,0
71.68,23,3,636,1,0,3,90.77,0,0
14.88,7,7,121,0,0,0,48.85,1,0
30.6,14,6,680,1,0,1,19.99,1,1
257.51,20,5,35,0,0,2,64.05,1,0
161.77,19,4,631,0,0,0,10.48,1,0
62.64,22,4,1099,1,1,2,30.18,1,0
85.04,21,6,726,0,0,2,4.7,1,0
49.69,3,6,1751,0,0,2,56.43,0,0
258.94,1,3,378,0,1,0,7.13,1,0
54.58,23,3,1855,0,0,0,74.41,0,0
84.09,5,3,151,0,0,0,0.43,1,0
209.77,2,1,23,0,0,1,28.63,0,0
30.65,6,6,540,0,0,1,4.06,0,0
316.96,9,5,447,0,0,0,36.83,1,0
14.43,22,6,392,0,0,2,16.93,0,0
340.24,5,3,924,0,0,0,60.1,1,0
45.94,15,4,1299,0,0,1,31.39,1,0
52.32,1,6,982,0,0,1,36.55,1,0
10.07,23,8,1690,0,1,1,3.21,0,0
42.32,16,5,2047,0,0,0,2.54,1,0
23.58,12,1,2462,0,0,1,47.52,1,0
36.32,0,4,895,1,0,2,6.4,1,0
58.13,5,5,1693,0,0,2,50.42,0,0
173.78,4,5,88,1,0,1,3.84,1,0
82.07,12,4,318,0,0,0,9.22,1,0
90.71,22,5,736,0,0,0,66.04,1,0
22.3,17,10,1461,1,0,1,45.77,1,0
27.64,11,3,1739,0,0,1,1.39,1,0
402.91,6,4,1723,0,0,3,14.86,0,1
31.97,14,10,1368,0,0,0,60.16,0,0
349.4,2,2,722,0,0,1,0.37,1,0
52.3,15,3,960,0,0,1,2.84,0,0
66.84,0,3,1445,0,0,1,25.9,1,0
194.49,15,6,479,0,0,1,2.77,1,0
237.91,23,3,1548,0,0,0,14.89,0,0
59.69,11,5,947,0,0,0,17.72,0,0
45.23,18,11,2178,0,0,0,49.2,1,0
63.06,7,6,2207,0,0,2,78.89,0,0
93.5,22,1,2210,0,0,1,17.95,0,0
162.6,11,7,1762,0,0,1,17.85,1,0
66.97,14,3,1961,0,0,2,32.44,0,0
123.83,1,3,1680,0,0,1,5.35,0,0
343.22,16,4,1289,0,0,2,70.7,1,0
97.64,6,5,583,1,0,2,0.03,1,0
91.07,12,5,2125,0,0,0,0.04,1,0
14.6,0,6,234,1,0,1,24.57,0,1
4.8,5,7,856,0,0,0,10.44,1,0
98.33,12,4,2304,0,0,0,12.69,1,0
60.65,10,8,1349,0,0,1,6.26,0,0
39.85,9,8,301,0,0,1,13.1,1,0
85.07,15,8,2271,0,0,3,44.0,0,0
62.78,23,1,1593,0,1,1,30.04,0,0
205.98,22,6,980,0,1,1,2.49,1,0
72.68,19,7,1226,0,0,0,1.46,1,0
31.6,16,0,1020,0,1,0,17.64,0,0
179.5,16,8,1648,1,0,1,32.75,0,0
53.67,3,4,1467,0,0,1,27.3,1,0
112.9,4,6,2131,0,0,2,49.9,1,0
41.37,22,4,634,1,1,2,3.58,1,0
34.82,13,7,1296,0,0,1,23.27,1,0
72.54,19,11,67,0,0,3,36.31,1,0
67.55,9,8,1694,0,0,1,69.45,1,0
107.75,13,10,1314,0,0,2,2.66,0,0
50.98,0,4,1640,0,0,3,6.85,1,0
10.63,10,4,217,0,0,1,10.95,0,0
43.26,22,5,1917,0,0,1,19.45,0,0
147.5,17,7,1176,0,0,0,13.13,1,0
49.53,15,3,422,0,0,0,49.35,0,0
52.12,17,6,1628,0,0,0,75.16,0,0
178.82,7,5,1085,0,0,0,1.82,0,0
32.72,9,5,1050,0,0,1,30.07,0,0
14.26,9,4,749,0,0,0,3.03,1,0
56.79,4,3,813,0,1,2,57.06,1,0
41.09,9,5,428,0,1,1,3.83,1,0
25.37,17,7,928,0,0,0,119.23,1,0
55.96,20,3,2258,1,0,0,13.95,1,0
109.02,23,3,1475,0,0,1,12.03,0,0
66.07,5,5,1535,0,0,1,22.06,0,0
90.65,2,2,89,0,0,1,12.54,1,0
408.87,7,5,2246,0,0,1,6.69,1,0
47.33,8,4,1513,0,1,1,24.8,0,0
88.09,4,2,837,0,0,2,32.58,1,0
40.08,1,3,1627,0,0,0,72.66,0,0
28.61,1,6,1077,1,0,1,13.15,1,0
37.15,6,8,1195,1,0,1,30.59,1,0
41.32,16,9,1766,0,0,0,44.83,1,0
95.53,9,5,1694,0,1,1,44.5,1,1
698.6,11,5,1669,0,0,1,0.87,0,0
32.59,1,3,519,0,0,0,10.99,1,0
43.96,9,6,1546,0,0,0,0.34,1,0
62.61,19,4,704,0,0,3,20.47,0,0
99.07,0,4,1130,0,0,2,50.08,1,0
86.8,3,5,2078,0,0,1,42.17,1,0
240.83,12,2,1388,0,0,2,41.68,0,0
5.89,11,6,1984,0,0,0,10.84,0,0
6.13,10,3,1538,1,0,0,1.19,0,0
40.61,9,7,1437,0,0,3,4.73,1,0
199.8,14,2,1256,0,1,1,27.77,0,0
13.93,4,8,409,0,0,2,3.59,1,0
3.29,16,7,2046,0,0,0,3.35,1,0
118.06,4,4,498,0,0,0,10.91,1,0
85.09,1,2,297,0,0,0,2.48,1,0
22.42,8,2,1413,0,0,1,10.0,1,0
24.89,5,10,446,0,0,4,87.41,0,0
25.29,17,5,2187,0,1,0,0.5,0,0
74.48,13,5,450,0,1,0,44.38,1,1
35.65,18,3,1526,0,0,1,126.37,1,1
109.3,13,5,799,1,0,2,14.34,0,0
3.84,7,5,1006,0,0,3,71.64,0,0
28.31,16,4,1278,1,0,1,7.57,0,0
21.63,2,7,2287,1,0,2,100.85,1,0
51.61,9,2,195,0,0,1,49.43,1,0
38.94,16,7,171,0,0,1,54.0,0,0
148.09,10,6,2458,0,0,3,3.49,0,0
10.39,7,1,1489,0,1,0,51.02,0,0
69.79,0,7,800,0,0,0,71.11,1,0
116.55,12,4,554,0,0,0,42.74,0,0
426.94,20,4,2470,0,0,1,2.4,0,0
41.19,3,1,1154,0,0,1,2.21,1,0
92.25,6,5,78,0,0,1,11.06,0,1
10.98,13,5,2350,0,0,1,30.51,1,0
6.1,4,5,1760,1,0,1,0.31,1,0
155.21,23,7,644,1,0,1,75.22,1,1
66.32,10,3,1313,0,0,0,18.63,0,0
216.7,16,7,575,0,0,1,11.09,1,0
16.89,4,1,542,0,0,0,20.59,0,0
112.16,19,4,1642,0,0,0,31.45,0,0
432.17,2,6,1891,0,0,0,7.98,1,0
101.46,4,3,563,0,0,0,8.6,1,0
87.93,14,3,1958,0,0,0,15.79,1,0
67.26,18,3,962,0,0,0,27.71,0,0
13.86,15,3,2085,0,0,0,30.64,1,0
258.68,7,6,1429,1,0,1,9.79,1,0
36.2,12,3,579,0,0,0,9.73,1,0
110.44,15,5,437,0,0,0,16.69,1,0
13.97,2,8,989,1,1,2,19.52,0,1
20.5,0,4,1126,1,0,1,26.2,1,0
280.08,8,5,44,0,0,1,24.04,1,0
47.12,8,2,1747,0,0,1,11.65,1,0
285.22,21,3,2433,0,0,1,8.81,1,0
61.67,16,7,1016,0,0,1,9.2,0,0
10.57,23,8,2004,0,0,1,25.92,1,0
162.73,1,5,1409,0,0,1,14.19,0,0
36.97,8,5,1332,0,0,3,3.61,1,0
134.11,23,4,2410,0,0,1,0.15,1,0
68.39,18,5,363,0,0,0,0.75,0,0
14.25,12,2,988,0,0,1,50.53,1,0
78.59,4,8,2461,0,0,0,15.3,1,0
599.58,8,5,1427,0,0,1,26.78,1,0
109.18,12,1,412,0,0,0,66.14,1,1
62.96,0,5,1524,0,0,3,3.37,1,0
195.46,14,6,1557,0,0,2,14.84,1,0
82.32,3,5,403,0,0,0,19.36,1,0
82.23,3,6,1729,0,1,1,46.06,1,1
22.38,19,10,113,0,0,2,126.75,0,0
84.26,9,4,2068,0,0,1,31.09,1,0
187.81,5,7,1019,0,0,1,25.67,1,0
28.9,23,4,1753,0,0,1,63.24,1,0
277.13,11,6,1258,0,1,2,45.41,1,1
60.84,19,1,1350,0,0,3,50.07,1,0
27.45,15,5,1927,0,0,1,0.07,1,0
180.84,2,3,431,0,0,1,18.06,1,0
50.06,13,7,2330,0,1,0,38.17,0,0
142.52,0,7,2111,0,0,0,5.01,1,0
49.81,9,4,1206,0,0,0,34.8,0,0
62.81,14,5,2304,0,0,1,0.23,1,0
109.24,6,7,627,1,0,3,21.4,1,1
89.2,3,5,1192,0,0,0,47.65,0,0
9.07,13,1,304,0,1,0,14.11,0,0
21.73,23,6,285,1,0,2,33.62,1,0
168.92,15,8,203,0,0,0,18.9,1,0
58.43,13,6,320,0,0,0,26.05,0,0
39.5,2,3,629,0,0,1,18.18,1,0
17.14,16,7,1136,0,0,0,16.15,0,0
22.65,20,7,259,0,0,0,46.07,0,0
8.83,13,2,965,0,0,2,2.43,0,0
60.26,17,5,2025,0,0,1,21.97,0,0
36.66,2,7,305,0,0,3,3.05,0,0
25.37,21,5,247,0,1,1,20.68,1,1
62.29,18,6,819,1,0,2,82.83,1,0
95.96,2,2,2346,0,0,0,1.47,1,0
540.88,11,8,1663,0,1,2,13.7,1,0
14.7,21,6,1775,0,0,1,40.48,1,0
212.59,4,5,2313,0,0,1,11.54,0,0
176.46,9,7,530,0,0,0,18.37,1,0
30.6,8,7,1152,0,0,1,3.05,0,0
81.71,0,5,2176,1,0,2,6.31,1,0
42.2,12,7,1124,0,0,0,28.99,0,0
80.29,2,6,2229,0,0,1,44.09,1,0
301.61,18,8,732,0,0,1,25.99,1,0
122.19,10,8,1954,0,1,1,45.34,0,1
110.9,15,9,1149,1,0,3,23.26,0,1
43.37,5,7,1567,1,0,0,41.55,1,0
15.12,23,0,2406,1,0,0,101.7,1,0
54.14,2,5,576,0,1,1,2.16,1,0
222.87,18,8,485,0,0,2,16.33,1,0
14.48,5,1,2165,0,0,4,5.26,0,0
23.22,7,4,1986,1,1,0,15.65,0,0
75.66,21,4,1606,0,0,2,17.31,1,0
24.91,12,1,1155,0,1,2,24.32,1,0
30.19,11,5,1637,0,0,2,14.46,1,0
43.66,9,3,1868,0,1,3,9.82,1,0
17.02,2,5,1255,0,0,0,1.1,0,0
25.18,3,2,1492,0,0,1,0.89,0,0
134.75,0,4,1675,1,0,0,4.81,1,0
18.04,12,11,1531,0,0,2,14.9,1,0
13.49,23,8,379,0,0,2,13.51,0,0
35.52,3,3,1986,0,0,1,5.29,1,0
138.65,21,5,769,0,0,1,43.2,1,0
54.77,10,7,1234,0,0,1,28.76,1,0
41.91,18,5,1795,0,0,1,10.51,1,0
69.71,10,5,584,0,0,0,39.86,0,0
11.64,11,4,1418,0,0,1,113.31,1,0
109.37,10,5,2121,0,0,3,7.03,0,0
97.85,5,5,2269,0,0,0,11.26,1,0
44.29,11,5,2126,0,0,0,123.69,1,0
182.35,8,2,1157,0,1,1,3.71,0,0
21.6,9,3,386,0,0,3,2.01,0,0
206.01,2,4,1391,1,1,1,18.4,1,1
77.83,2,6,1819,0,1,0,15.8,0,0
47.63,19,5,2125,0,0,2,2.04,0,0
65.37,22,7,1912,0,0,0,8.56,0,0
59.9,15,0,1166,0,0,0,13.57,1,0
225.94,2,3,1095,0,0,0,43.18,1,0
22.72,9,4,170,1,0,1,30.76,0,1
31.11,23,3,768,0,0,1,61.49,0,0
187.97,10,6,1319,0,0,1,10.11,1,0
36.76,7,7,839,0,0,1,9.25,1,0
164.11,5,6,858,0,0,2,15.55,1,0
364.83,19,5,1986,0,0,1,0.19,1,0
44.62,10,3,258,1,0,1,5.81,1,0
131.81,20,2,1124,0,1,1,5.94,1,0
21.04,11,6,1040,0,0,0,1.58,0,0
141.84,15,7,1539,0,0,0,15.18,1,0
81.4,17,6,1354,0,1,2,58.98,0,0
107.02,12,6,2259,0,0,1,0.1,1,0
34.97,21,4,1687,0,0,0,24.75,1,0
12.67,2,2,2218,0,1,1,52.87,0,1
110.31,14,7,1490,0,0,4,2.84,1,0
8.47,21,5,2319,0,0,3,62.3,1,0
48.55,20,4,19,0,0,1,42.67,1,0
170.92,13,4,724,0,1,1,6.04,1,0
80.79,17,4,368,0,0,2,58.94,1,0
467.94,13,3,1309,0,0,1,40.74,0,0
185.88,4,3,1890,0,1,1,2.95,1,0
34.68,20,1,2181,0,0,1,44.39,1,0
68.53,13,4,639,1,1,0,19.53,0,1
63.6,7,8,277,0,0,0,42.32,1,0
13.71,22,1,287,0,0,1,24.04,0,0
26.04,14,3,1033,1,0,1,12.43,1,0
38.06,14,7,85,0,0,1,22.98,0,0
8.7,18,2,535,0,0,0,25.28,1,0
69.93,19,8,627,0,0,1,36.33,0,0
51.98,5,7,1209,1,0,1,44.4,0,0
12.52,18,8,1727,0,0,1,27.21,1,0
99.9,7,7,1990,0,1,0,114.26,0,1
136.44,5,6,1600,0,0,0,37.69,0,0
83.68,19,4,279,1,0,2,60.41,0,0
48.23,22,3,11,0,0,1,9.62,0,0
120.47,14,4,1289,0,0,0,9.5,1,0
131.66,2,0,1547,0,0,0,11.25,1,0
90.69,9,7,1396,0,0,1,14.48,0,0
29.24,14,4,1140,1,1,1,81.36,1,1
87.94,23,6,1167,0,0,0,1.91,1,0
220.41,15,4,1442,1,1,3,17.25,1,1
36.72,16,5,1484,0,0,1,4.39,0,0
543.45,18,2,544,0,0,3,41.64,0,0
39.42,10,2,1618,0,0,1,0.79,0,0
68.88,15,5,2408,1,0,0,15.18,0,0
34.04,4,3,546,0,0,1,12.55,1,0
83.37,4,7,1227,0,0,2,2.42,1,0
11.68,13,7,1073,0,0,0,11.82,1,0
38.63,17,5,473,0,0,1,41.39,0,0
22.37,7,3,32,0,0,1,3.7,0,0
76.35,4,1,698,0,0,5,102.62,0,1
180.27,6,7,137,0,1,1,1.51,0,0
127.23,15,4,1296,0,0,4,8.53,0,0
6.22,22,0,2092,0,0,1,37.28,0,0
513.92,13,1,110,1,0,0,11.06,1,0
89.59,4,5,746,0,1,2,16.37,1,0
30.68,23,8,620,0,1,2,5.17,0,0
78.03,8,10,1115,0,1,0,31.43,0,0
79.53,3,4,1350,0,0,2,4.95,0,0
34.23,3,5,2012,0,0,2,47.22,0,0
81.28,15,8,2387,0,1,2,19.39,1,0
36.33,23,4,205,0,0,0,19.86,0,0
44.51,16,6,2471,1,0,0,67.77,0,1
33.57,14,6,1542,0,0,1,37.07,1,0
15.92,3,5,1514,0,1,1,33.98,1,1
77.16,5,6,2125,0,0,0,48.81,1,0
119.74,15,9,1426,1,1,1,2.41,1,0
111.6,3,4,1306,0,0,0,32.37,0,0
151.4,5,5,1332,0,0,1,6.64,0,0
92.24,4,4,880,0,0,2,8.25,1,0
39.15,15,7,2198,0,0,0,0.38,1,0
154.42,15,9,194,0,0,2,56.04,1,0
17.16,9,5,1699,0,0,2,33.59,0,0
27.09,8,6,1222,0,0,0,3.75,0,0
25.43,3,3,1052,0,1,0,9.93,1,0
196.38,13,6,2138,0,0,3,16.34,1,0
171.19,3,5,507,0,0,3,17.03,0,0
108.56,11,4,1575,0,0,3,22.64,1,0
194.79,23,6,1672,0,1,2,15.98,1,0
27.68,9,7,227,0,0,0,26.15,1,0
94.5,3,5,534,0,0,1,53.83,0,0
58.84,17,5,1371,0,0,1,12.69,1,0
155.54,12,6,130,0,0,0,52.33,1,0
59.43,12,1,1515,0,0,2,6.2,0,0
45.38,13,5,2236,0,0,0,3.24,1,0
114.54,17,2,2168,0,1,1,6.84,0,0
160.16,0,6,2066,0,0,0,5.79,1,0
34.18,20,5,231,0,0,5,105.12,0,1
62.74,15,2,806,0,0,3,11.99,1,0
23.14,14,3,870,0,0,0,26.35,1,0
5.48,21,5,2261,0,1,1,29.77,1,1
81.49,4,3,1707,0,0,1,14.73,0,0
122.6,5,10,2252,0,0,2,6.33,0,0
86.67,5,8,2318,0,0,1,14.41,0,0
9.49,2,4,875,1,0,0,16.05,1,0
46.95,15,8,1042,0,0,0,76.98,0,0
7.25,11,3,1249,0,1,0,21.02,0,0
262.36,3,5,932,1,0,2,87.56,1,1
22.51,0,4,1662,0,0,0,21.49,1,0
234.02,3,4,349,1,0,0,3.92,0,0
171.72,0,6,2104,0,0,0,12.13,1,0
27.1,20,10,839,0,1,0,39.29,1,0
21.48,7,4,822,0,0,0,13.69,1,0
94.67,23,8,498,0,0,2,2.63,0,0
28.66,4,8,1355,0,1,2,2.53,1,1
73.88,1,6,800,0,0,1,6.76,1,0
41.15,11,5,102,0,0,1,20.8,1,0
11.23,21,5,1844,0,0,1,44.32,0,0
7.17,16,7,1285,0,1,1,19.07,1,0
83.65,6,5,1196,1,0,2,34.27,1,1
38.03,10,6,1191,0,0,2,25.93,0,0
38.36,3,8,147,0,0,3,18.56,1,0
133.74,4,7,321,0,1,1,6.05,0,0
215.6,5,6,2347,0,0,2,53.68,1,0
50.78,10,6,2122,0,0,0,8.06,1,0
47.44,0,4,1716,0,0,0,7.29,0,0
109.96,9,2,712,1,0,1,7.45,0,0
17.17,19,4,970,0,0,1,2.51,1,0
83.36,23,2,1570,0,1,2,17.26,0,0
115.8,20,7,1283,0,1,0,9.92,0,0
131.66,10,3,548,0,0,0,18.45,1,0
9.61,23,2,126,0,0,2,15.09,0,0
31.14,16,4,495,0,0,0,18.34,1,0
27.71,7,4,1396,0,1,1,8.83,0,0
73.69,12,2,1059,1,0,1,42.2,1,0
107.85,19,6,793,0,1,0,19.1,1,0
297.89,17,5,629,0,0,2,5.84,0,0
40.65,21,4,1526,0,0,0,58.02,0,0
40.55,15,5,1390,0,0,3,2.9,1,0
210.54,1,4,1509,0,0,2,33.05,1,0
89.71,4,1,423,0,0,0,28.36,0,0
236.9,17,4,438,0,0,2,1.89,1,0
89.01,2,9,252,0,1,0,57.94,1,0
20.97,21,5,1814,0,0,2,9.51,1,0
17.58,16,4,2309,0,0,1,33.76,1,0
14.13,15,8,1108,0,1,0,8.11,0,1
129.29,5,5,121,1,0,2,18.65,1,0
218.9,18,6,791,0,0,1,89.69,0,0
423.84,6,2,979,0,0,1,23.59,1,0
154.95,17,5,1643,0,1,2,8.79,0,0
213.33,13,5,369,0,0,3,15.33,1,0
37.34,5,4,776,0,0,0,28.18,1,0
20.98,7,3,928,0,0,2,14.73,1,0
156.03,14,4,177,0,0,0,60.41,1,0
101.26,14,5,2270,0,0,1,50.52,1,0
74.25,14,7,797,0,1,0,3.97,1,0
98.24,15,5,1961,0,0,0,38.42,1,0
92.13,0,8,1879,0,0,1,71.36,0,0
240.76,10,4,2103,0,0,1,9.53,1,0
243.47,4,5,1051,0,0,3,6.8,1,0
114.92,4,1,888,0,1,2,0.24,0,1
155.37,20,5,767,0,0,0,3.07,0,0
111.5,5,7,1383,0,0,0,81.05,1,0
42.05,1,3,697,0,0,0,12.4,1,0
142.1,5,6,407,1,0,2,12.25,1,0
16.54,13,10,1983,0,0,1,7.75,1,0
191.31,10,4,107,0,0,1,4.48,0,0
20.2,3,5,1929,0,0,0,17.77,1,0
88.75,23,8,2216,0,0,0,32.11,0,0
28.64,8,7,96,0,1,1,20.01,0,1
115.98,23,10,1776,0,0,2,0.9,1,0
64.46,2,3,452,0,1,1,40.67,1,0
13.53,15,5,2229,0,0,1,67.06,0,0
101.57,10,8,691,0,0,2,14.51,1,0
37.42,3,6,2292,0,0,3,11.41,1,0
160.96,0,5,130,0,0,2,6.53,1,0
66.77,20,1,506,0,0,1,8.98,1,0
99.03,21,5,621,1,1,2,25.85,1,1
25.6,15,3,2479,0,0,0,36.76,1,0
36.99,18,2,144,1,0,0,10.09,1,0
42.16,15,4,324,0,0,1,10.38,1,0
157.07,10,10,2126,0,0,1,15.0,1,0
356.87,7,4,2255,0,0,1,4.66,1,0
29.81,22,3,20,0,0,1,65.5,1,0
195.75,0,4,878,1,0,2,30.56,1,0
7.62,20,4,744,0,0,0,14.21,0,0
20.2,8,7,1143,0,1,0,3.26,0,0
25.56,11,3,1353,0,0,1,47.23,0,0
17.24,21,4,1978,0,0,0,16.53,0,0
13.69,7,4,25,0,0,1,39.85,0,0
100.79,16,4,1661,0,0,0,0.85,0,0
53.84,9,9,1234,0,0,0,7.99,0,0
97.46,6,6,1197,1,0,1,24.33,0,0
133.02,18,2,16,0,0,1,16.73,1,0
86.97,5,8,2118,0,1,1,8.74,1,0
128.74,20,5,934,0,0,0,5.61,1,0
62.21,23,5,641,0,0,3,8.98,0,0
20.35,23,8,1447,0,1,4,33.9,1,1
192.06,18,7,945,0,1,0,5.07,0,0
37.0,17,6,569,1,0,2,22.52,1,0
26.16,14,8,100,0,0,2,13.78,1,0
55.82,1,3,1551,0,0,1,36.0,1,0
26.77,13,4,455,0,0,0,5.63,0,0
43.93,20,4,1318,0,0,0,7.87,1,0
94.07,9,3,1426,0,1,3,12.72,1,0
94.48,15,3,959,0,0,0,4.56,0,0
27.17,6,3,1915,0,0,3,15.46,0,0
40.95,7,1,1820,0,0,2,13.45,1,0
195.26,9,6,339,1,0,2,115.34,1,1
109.55,14,3,2016,0,0,0,22.53,0,0
531.16,7,1,1563,0,1,1,1.8,0,0
217.05,12,3,1054,1,0,0,15.4,1,0
209.41,11,3,1944,0,1,3,52.7,1,0
16.65,7,9,2282,1,0,0,50.39,0,1
143.15,14,4,1829,0,0,0,81.63,0,0
63.24,11,5,1765,0,1,1,56.16,1,0
38.44,10,5,1824,0,0,0,4.85,1,0
78.89,18,7,1591,0,0,0,0.09,1,0
171.61,13,7,2425,0,0,1,23.94,0,0
110.04,17,4,1838,0,0,1,30.3,1,0
27.7,12,6,1232,0,0,2,3.52,1,0
140.11,3,4,1032,0,0,0,4.56,1,0
35.25,16,2,1660,1,1,0,82.47,0,1
82.82,18,8,581,0,0,0,71.99,1,0
49.24,8,2,447,0,0,2,4.27,1,0
53.58,22,3,766,0,0,2,7.09,0,0
143.49,6,3,600,0,0,0,55.67,0,0
23.57,0,2,890,1,0,2,14.27,0,0
466.47,6,6,2248,0,0,2,40.0,1,0
10.79,6,6,2154,0,0,1,12.6,0,0
36.68,19,3,897,0,0,2,33.33,0,0
96.56,6,7,2207,1,0,1,12.64,0,0
119.62,7,4,52,0,0,1,57.36,1,1
60.31,15,3,1330,0,0,0,9.85,1,0
62.97,2,6,922,0,0,0,18.51,0,0
100.54,12,7,2376,0,0,2,18.44,1,0
52.93,9,4,227,0,0,2,26.17,0,0
268.59,17,3,2203,0,1,2,9.16,0,0
154.37,6,4,2385,0,1,1,25.73,0,0
159.62,20,2,2316,0,0,1,3.8,0,0
25.38,20,7,128,0,0,0,56.02,1,0
61.6,4,6,1175,0,0,1,3.89,1,0
49.38,22,5,299,0,0,1,45.86,0,0
24.4,23,4,1672,0,0,1,29.53,0,0
95.6,21,7,234,0,0,1,10.43,1,0
38.95,6,5,903,0,0,0,9.92,1,0
128.43,21,6,1290,0,1,1,84.57,1,0
22.87,16,2,254,0,0,1,5.42,1,0
372.05,3,4,2233,0,0,0,32.09,1,0
27.21,23,7,531,0,0,1,5.07,1,0
83.04,22,3,1628,0,0,0,58.95,1,0
147.21,15,4,1172,0,0,1,33.86,0,0
37.69,18,4,128,0,0,0,67.47,1,0
156.41,9,5,1611,0,0,0,52.82,1,0
19.51,2,2,2316,1,0,2,19.93,1,0
284.89,2,6,580,0,0,0,4.13,0,0
67.64,16,5,1906,0,0,2,6.26,1,0
36.73,9,4,1225,0,1,2,5.64,1,1
49.44,16,4,952,0,1,1,6.23,1,0
149.74,21,4,1163,0,0,0,16.18,1,0
37.17,16,6,2215,0,0,0,50.58,1,0
31.52,20,5,270,0,0,2,0.58,1,0
53.43,3,2,399,0,1,1,6.81,0,0
20.55,20,4,654,1,1,2,22.71,0,1
411.8,22,8,141,0,0,0,50.12,0,0
37.85,5,7,417,0,0,2,8.83,1,0
153.18,11,10,2053,0,0,2,12.05,1,0
82.23,21,4,1186,0,0,0,11.69,1,0
24.91,19,4,2339,0,0,2,8.69,1,0
66.29,16,2,576,0,0,0,30.0,1,0
146.06,16,2,1671,0,0,0,26.66,1,0
55.24,9,5,2103,0,0,0,46.33,1,0
219.89,6,5,695,0,0,1,62.4,1,1
185.21,15,5,1989,0,1,1,57.68,1,0
167.15,12,8,1962,0,0,2,19.42,1,0
42.11,2,5,2078,1,0,1,5.14,0,0
22.65,1,9,2016,0,0,2,6.28,0,0
36.1,15,6,1198,0,1,1,22.31,1,0
81.15,5,5,2325,1,0,1,62.65,0,0
115.1,5,7,110,0,0,1,18.9,0,0
7.6,12,2,670,0,0,0,68.62,0,0
66.15,6,3,2036,0,1,1,7.6,0,0
78.11,4,6,42,0,0,0,2.26,1,0
50.52,23,2,245,0,0,3,39.78,0,1
242.57,6,4,2255,0,0,1,52.88,1,0
101.67,1,3,516,0,0,2,14.86,0,0
247.2,16,7,341,0,0,1,2.7,1,0
53.73,12,6,495,0,0,1,1.08,1,0
170.29,20,4,129,0,0,0,1.62,1,0
342.09,20,5,167,0,0,0,14.46,1,0
247.57,15,7,859,0,0,1,6.69,0,0
22.37,19,7,2201,0,1,0,15.49,0,0
51.74,1,1,702,0,0,1,16.76,1,0
47.22,4,5,1061,0,0,3,15.32,0,0
108.77,17,4,958,0,1,0,24.18,0,0
132.47,6,6,1612,0,0,4,28.44,1,0
28.82,10,6,1299,0,0,2,12.6,0,0
71.37,10,6,2108,0,0,1,10.28,1,0
8.85,21,7,2166,0,0,0,11.49,0,0
282.01,16,8,1368,0,0,0,1.82,0,0
39.95,15,3,143,0,0,0,9.7,1,0
70.52,12,6,2038,0,0,1,5.58,0,0
48.93,21,2,2137,0,0,0,8.59,1,0
209.77,4,2,1016,0,0,2,31.33,0,0
3.91,19,1,2395,0,0,0,111.72,1,0
65.59,15,5,441,0,0,0,64.28,0,0
59.99,21,5,1514,0,0,1,43.1,1,0
42.37,21,4,111,0,0,1,33.41,1,0
374.74,15,4,340,1,1,0,72.48,1,1
27.46,15,3,385,0,0,1,34.86,0,0
144.29,13,3,2288,0,0,1,15.92,1,0
95.23,5,5,1484,0,0,0,22.99,0,0
235.45,1,5,773,0,0,1,9.12,1,0
34.22,13,2,1903,0,0,1,0.08,0,0
32.04,15,3,433,0,1,1,10.91,1,1
199.55,22,5,1058,0,0,2,12.97,0,0
102.04,19,2,425,0,0,0,33.02,0,0
14.23,12,8,311,0,0,3,49.01,1,1
38.89,14,1,1133,0,0,1,82.19,0,0
98.14,11,2,1421,0,0,0,10.84,1,0
154.13,8,10,2176,0,0,1,78.9,1,0
33.81,17,7,1696,0,0,1,40.16,1,0
3.62,20,2,1625,0,0,1,0.78,1,0
112.53,13,4,2388,0,0,0,22.61,0,0
19.68,19,4,671,0,0,0,11.38,1,0
8.87,3,3,368,1,0,1,0.87,1,0
3.93,7,6,298,0,0,0,18.96,1,0
150.5,7,4,1735,0,0,0,21.98,0,0
75.84,21,4,2054,1,0,1,7.27,1,0
53.22,21,5,1967,0,0,0,70.29,1,0
267.47,15,6,2497,0,1,1,23.57,1,0
126.13,23,6,584,0,0,1,4.84,0,0
335.73,9,7,726,0,0,1,31.94,0,0
16.56,20,5,1237,1,1,2,17.29,0,1
64.42,16,2,1212,0,0,0,16.02,1,0
13.24,0,9,2403,0,0,1,44.97,0,0
53.02,17,7,1022,0,1,4,3.72,0,1
52.01,9,4,2162,0,0,3,16.88,0,0
124.79,20,4,2370,0,0,2,37.94,1,0
69.8,3,0,2143,1,0,1,27.0,1,0
124.39,0,9,1956,1,1,2,0.14,1,1
134.75,3,6,1513,0,0,2,38.71,0,0
575.32,3,6,1361,0,0,1,72.36,0,0
48.65,3,4,2357,0,1,3,30.49,1,0
26.02,16,4,537,0,1,2,52.17,1,0
85.29,8,6,1824,0,0,1,11.19,0,0
29.9,18,7,1189,0,0,1,10.79,1,0
293.52,12,6,1390,0,0,1,9.67,1,0
50.24,3,4,1561,0,0,0,33.2,1,0
37.88,4,7,1074,0,0,0,71.21,0,0
41.62,12,3,1291,1,0,1,54.16,1,0
136.79,22,6,1399,0,0,0,4.07,0,0
56.95,15,2,564,0,0,0,24.59,1,0
35.1,21,6,1099,0,1,2,137.78,0,1
352.61,4,5,1897,1,0,1,8.75,1,0
28.33,7,4,2302,0,0,2,25.18,0,0
69.1,15,3,740,0,0,2,59.28,1,0
128.04,0,4,1054,0,0,1,57.45,0,0
13.05,22,9,2204,0,0,1,9.7,1,0
107.8,5,2,322,0,1,0,2.47,0,0
23.22,10,3,325,0,0,1,25.96,1,0
151.83,15,5,2460,0,0,1,73.42,1,0
25.47,4,3,1900,0,0,1,17.73,1,0
133.32,15,4,1481,0,0,3,15.3,1,1
201.51,6,6,135,0,0,1,49.87,1,1
157.82,18,11,505,0,0,1,13.82,1,0
85.74,0,6,990,0,1,1,28.56,1,1
52.92,8,3,753,0,0,1,12.3,1,0
37.47,17,4,1632,0,1,1,11.84,1,0
290.33,12,7,709,0,0,1,5.2,1,0
33.13,14,1,2038,0,0,0,2.32,0,0
23.64,2,5,2102,1,0,4,54.11,0,1
129.72,23,4,845,1,0,1,5.0,1,0
30.08,9,3,973,0,0,1,1.61,0,0
25.79,8,9,920,0,0,2,21.83,0,0
15.74,12,4,737,0,0,2,19.74,1,0
41.14,15,1,107,1,1,0,20.97,1,1
61.39,2,5,1304,0,0,1,15.78,0,0
85.04,21,8,1477,0,0,1,3.83,1,0
172.66,22,7,1124,1,0,0,0.53,1,1
112.94,14,3,1687,1,0,0,1.19,1,0
55.1,16,3,2053,0,0,1,71.68,1,0
54.7,13,4,2174,0,0,0,18.97,0,0
111.07,6,9,80,1,1,0,12.76,1,1
238.07,19,3,1375,1,1,0,13.23,1,1
75.66,15,7,767,0,0,1,26.4,1,0
41.72,20,8,735,1,1,1,11.82,1,0
24.71,7,8,116,0,0,1,39.8,1,0
15.72,3,3,2443,0,0,3,7.53,1,0
129.84,19,1,784,0,0,1,11.44,1,0
118.86,23,2,2351,0,1,0,68.33,1,1
118.79,14,2,2233,0,0,0,7.54,1,0
58.64,4,3,1140,0,0,2,27.09,1,0
272.31,12,2,1119,0,0,1,11.34,0,0
41.09,5,8,1260,1,1,0,15.93,0,0
173.34,4,8,2386,0,0,1,1.16,0,0
64.15,16,3,1284,0,0,2,4.58,0,0
36.29,6,6,2099,1,1,0,2.69,0,0
120.61,5,4,1459,0,0,1,46.56,1,0
100.45,1,10,90,0,0,1,81.55,1,1
95.29,10,6,925,0,0,0,1.76,1,0
72.33,6,4,271,1,0,1,2.0,1,0
64.21,21,7,1428,0,0,3,20.08,1,0
726.6,20,2,1363,0,0,1,17.53,1,0
217.95,7,2,817,1,1,0,26.29,1,1
137.39,4,8,1929,0,0,1,33.37,0,0
74.57,17,2,557,1,0,1,39.89,1,0
182.57,21,5,2155,0,0,2,4.04,1,0
111.94,15,9,1178,0,0,2,0.96,0,0
68.46,13,5,1982,0,1,2,54.99,1,0
49.23,11,5,2184,0,0,1,15.85,1,0
61.5,16,5,1337,0,0,0,88.72,1,0
2.8,4,4,804,0,0,0,19.02,0,0
82.32,13,5,1412,0,0,1,17.84,1,0
40.92,5,5,849,1,0,1,24.39,0,0
327.89,14,10,557,0,0,0,4.66,1,0
67.99,6,8,76,0,0,0,7.33,1,0
20.31,13,2,691,0,0,1,59.06,1,0
63.44,17,6,1508,0,0,2,5.97,1,0
23.43,0,6,1643,0,1,1,6.63,0,0
107.06,5,3,846,0,1,1,17.83,1,0
89.21,2,9,1466,1,0,1,25.62,1,0
173.79,4,2,1795,0,0,1,0.02,1,0
30.24,11,5,1335,0,0,2,15.26,0,0
68.99,10,2,584,0,0,1,12.73,1,0
17.03,12,5,1111,0,1,1,50.18,0,0
134.49,15,3,39,0,0,2,45.77,1,0
112.04,17,1,1385,0,0,0,59.09,0,0
109.49,16,7,840,0,0,0,46.14,0,0
66.79,16,6,1148,0,0,1,38.63,1,0
100.96,10,8,1538,0,0,3,48.98,0,0
331.74,19,4,2041,0,1,0,4.8,1,0
50.14,9,1,544,0,0,0,10.42,0,0
76.6,15,5,378,0,1,1,28.77,0,0
22.51,1,4,1759,0,1,4,64.14,0,1
27.99,16,5,311,0,0,1,27.48,0,0
73.54,21,3,1704,0,0,0,5.83,1,0
201.13,19,4,2364,0,0,1,72.36,1,0
51.61,9,5,846,0,1,1,35.71,1,1
52.67,12,8,1309,1,0,0,31.52,1,0
44.39,11,5,520,0,0,3,35.94,0,0
39.07,14,12,896,0,0,2,26.91,1,0
89.57,6,5,1568,0,0,1,0.56,1,0
14.92,21,6,2056,0,0,3,7.31,1,0
240.07,20,1,2444,0,0,3,78.42,1,1
34.28,12,7,804,0,0,1,8.51,0,0
137.26,11,3,1881,0,0,0,36.92,1,0
18.73,11,8,1441,0,0,0,13.81,0,0
130.17,1,5,1810,1,1,1,59.52,1,1
130.57,4,4,286,0,0,1,20.39,0,0
97.93,1,6,239,0,0,4,24.98,1,1
24.67,22,4,1901,0,1,0,6.85,1,0
85.59,19,6,1760,0,1,1,1.48,0,0
20.43,12,5,1190,1,0,1,35.32,1,1
51.79,2,5,2070,0,0,2,1.75,0,0
186.68,10,5,1536,0,0,2,31.99,1,0
147.92,15,4,2254,0,1,1,20.27,1,0
67.71,0,4,624,0,0,1,42.87,1,0
25.16,18,4,2160,0,0,0,5.76,0,0
127.18,10,5,1203,0,1,4,19.5,1,1
67.99,8,6,2166,0,0,1,23.81,1,0
6.55,13,6,2433,0,0,2,1.93,0,0
145.86,8,11,2183,0,1,1,33.58,0,0
65.09,6,8,2442,1,0,1,12.32,1,0
221.95,15,6,157,1,0,1,3.45,1,1
22.3,2,5,445,0,1,0,12.24,0,0
2.78,18,8,1467,0,0,0,2.59,1,0
88.15,3,3,2382,0,0,0,54.73,0,0
89.26,6,7,2214,0,0,1,15.26,1,0
12.3,22,6,121,0,0,1,3.71,1,0
25.07,11,5,1488,0,0,2,7.26,1,0
1048.61,17,4,1802,0,0,0,32.24,1,0
49.13,4,7,1106,0,0,0,38.55,0,0
138.51,22,3,963,0,0,1,1.05,1,0
34.79,22,4,1508,0,0,1,1.54,1,0
8.25,21,5,1306,0,0,0,62.28,0,0
56.25,9,1,967,0,0,1,10.05,0,0
51.13,11,4,745,0,0,2,5.37,1,0
44.71,7,5,882,1,1,1,3.28,1,1
59.46,18,7,103,0,0,0,16.15,1,0
86.86,14,4,677,0,0,0,36.86,1,0
57.39,0,6,524,0,0,0,18.41,0,0
18.84,2,3,1253,0,0,1,0.52,1,0
108.44,17,4,203,0,0,1,16.54,0,0
9.49,17,5,2111,0,0,0,9.34,0,0
8.58,1,7,943,0,0,2,28.71,1,0
139.66,4,3,821,1,0,1,18.53,1,0
110.72,0,8,1621,0,1,1,84.05,1,1
62.97,9,5,1763,1,1,2,22.79,1,1
16.52,19,6,1986,0,0,0,25.02,0,0
32.85,9,2,1530,1,0,2,18.36,0,0
51.28,4,3,1663,0,0,1,9.31,0,0
13.52,17,3,1488,0,0,1,24.9,1,0
31.85,20,7,2011,0,0,1,10.12,0,0
128.04,14,9,1732,0,0,0,31.59,0,0
277.91,19,8,1041,0,0,0,6.76,1,0
43.84,7,2,2148,0,0,2,11.46,1,0
142.09,16,4,355,0,1,1,21.91,0,0
9.83,11,5,360,0,1,2,24.75,1,0
128.95,20,4,219,0,0,1,27.61,1,0
29.85,11,6,2315,0,0,0,30.13,0,0
90.68,0,6,705,0,0,0,9.58,1,0
52.05,3,5,2361,1,0,3,55.77,0,1
249.74,7,5,1274,0,0,1,0.76,1,0
27.81,0,7,1651,0,0,1,5.22,0,0
124.91,14,3,1567,0,0,2,1.82,0,0
50.43,17,2,874,0,0,0,27.83,1,0
56.92,0,6,2302,0,1,0,7.99,1,0
55.49,10,6,795,0,0,0,5.55,1,0
28.63,22,8,1970,0,0,1,16.38,1,0
65.75,1,7,2361,0,0,0,24.13,0,0
62.64,0,5,1568,0,0,2,24.14,0,0
84.88,11,3,120,0,1,0,20.38,1,0
72.57,15,3,1163,0,0,1,120.67,0,0
148.12,21,6,2317,0,0,1,49.19,1,0
167.92,21,7,675,0,0,1,6.82,1,0
23.32,9,10,570,0,1,1,35.54,1,1
158.98,17,6,62,0,0,1,21.06,1,0
20.36,14,6,911,0,0,1,1.83,1,0
120.04,16,5,2247,0,1,1,1.27,0,0
123.93,9,2,1674,0,1,1,40.19,0,0
9.86,2,5,1524,1,0,0,19.69,1,0
73.18,20,7,2201,0,0,1,21.18,1,0
41.74,15,8,1213,0,0,0,10.25,1,0
31.23,5,3,1552,0,1,3,66.61,1,1
257.46,2,5,727,0,0,1,31.24,0,0
34.69,8,6,664,0,0,1,65.7,0,0
29.77,10,7,1141,0,0,2,2.61,0,0
71.93,20,6,2242,0,0,2,21.91,1,0
132.37,12,5,1785,0,0,0,25.37,0,0
57.88,17,4,1508,1,0,1,3.37,1,0
214.08,21,4,2159,0,0,0,10.63,1,0
113.41,23,5,1759,1,0,2,6.05,0,0
7.55,21,5,1731,0,0,1,104.11,1,0
39.27,3,11,2025,0,0,2,19.6,1,0
38.02,21,6,1091,0,0,0,9.47,1,0
107.7,23,4,97,0,0,3,27.3,1,1
4.83,7,3,1155,0,0,3,26.94,1,0
853.21,12,5,1277,0,0,0,10.67,0,0
113.41,9,3,1100,0,0,1,127.58,1,0
77.39,1,7,2351,0,0,1,41.38,1,0
217.36,7,5,2097,0,0,2,12.78,0,0
694.82,5,3,1245,1,1,3,26.97,0,1
159.29,15,7,1089,0,0,1,30.99,0,0
172.23,17,3,300,0,0,0,4.77,1,0
76.0,16,2,1652,0,0,2,52.63,0,0
57.89,5,5,716,1,0,3,43.72,1,0
41.44,12,1,808,0,0,1,35.23,1,0
29.19,22,5,1482,0,0,0,6.3,1,0
33.55,13,7,853,0,0,0,3.66,0,0
17.28,20,4,923,0,0,0,4.98,0,0
61.81,9,5,353,1,0,2,2.44,0,0
12.37,23,6,1581,0,0,0,70.46,0,0
80.71,10,4,986,0,0,0,47.68,1,0
64.31,12,6,2102,0,0,1,2.38,1,0
77.24,11,8,1210,0,0,0,28.33,1,0
39.56,8,5,1658,1,0,2,7.05,1,0
1446.44,3,5,131,0,0,0,0.44,1,0
259.85,6,3,284,0,0,2,8.65,0,0
19.21,23,8,969,0,1,1,14.5,1,0
84.17,21,6,321,0,0,1,0.51,1,0
36.31,1,2,2475,0,0,1,9.78,1,0
24.18,6,3,1362,1,0,1,30.13,1,0
17.46,8,5,1136,1,0,0,6.48,1,0
102.74,4,5,697,0,0,6,16.58,1,0
33.74,14,8,2339,0,0,0,54.64,1,0
175.53,17,3,1278,1,0,0,0.72,1,0
180.15,3,4,1166,0,1,2,38.5,1,1
263.46,18,5,865,0,0,3,12.11,0,0
28.43,19,5,1825,0,0,1,19.48,1,0
107.27,6,4,350,0,1,1,6.56,1,0
125.52,7,4,31,0,0,0,21.63,0,0
41.51,16,5,2014,0,0,0,32.8,1,0
30.82,12,7,979,0,1,2,5.63,1,1
333.46,23,11,2022,0,0,0,10.51,0,0
83.72,20,4,354,0,1,2,20.95,1,0
125.96,22,5,1739,1,0,0,13.48,1,0
29.31,10,7,1494,0,1,3,8.67,1,0
19.7,0,2,1892,1,0,3,15.02,1,0
37.73,1,4,209,0,1,2,8.59,0,0
58.91,16,3,2062,1,0,0,8.98,1,0
23.01,4,4,2357,0,0,2,23.58,1,0
66.03,5,5,1780,1,1,1,16.21,0,0
12.32,23,10,549,0,0,2,28.26,1,0
21.76,6,6,1185,0,0,0,45.42,1,0
130.44,20,3,2303,1,0,2,71.6,0,0
121.97,14,3,2070,0,0,1,4.1,0,0
45.07,18,6,987,0,0,1,24.6,0,0
24.1,15,5,1498,0,1,0,21.83,1,0
23.87,12,14,295,0,0,0,50.42,1,0
45.91,4,4,1647,0,0,1,56.56,1,0
127.04,2,6,2396,0,0,0,35.73,0,0
168.72,2,5,1247,0,0,0,22.63,1,0
40.59,18,5,122,0,0,3,5.56,0,0
21.04,13,4,347,0,0,2,8.1,1,0
87.17,15,4,99,0,0,2,23.08,1,0
29.27,21,4,1509,0,0,0,3.75,1,0
39.72,16,2,1063,1,0,0,5.08,1,0
250.96,3,6,1573,1,0,3,60.6,1,1
152.49,12,2,1421,0,0,0,78.27,1,0
78.1,7,2,1613,0,0,0,0.13,1,0
18.69,18,5,366,0,0,1,49.6,1,1
82.38,4,4,468,0,1,1,69.52,1,1
192.99,1,2,480,1,0,0,18.65,1,0
45.8,14,4,1748,0,0,0,14.9,0,0
257.52,1,5,1151,0,0,1,62.77,1,0
242.92,10,5,317,0,0,0,0.19,1,0
352.04,12,7,573,0,0,0,45.89,1,0
90.49,22,10,1048,0,0,0,8.79,1,0
119.99,9,5,2481,0,0,0,25.62,1,0
274.29,2,5,1129,0,0,1,9.76,0,0
104.31,4,6,619,0,0,0,18.5,1,0
40.4,2,7,64,1,0,1,41.3,1,1
42.58,5,6,1311,0,0,0,5.0,1,0
84.65,12,5,422,1,0,1,27.26,1,0
18.35,9,9,1504,0,0,0,57.15,1,0
57.79,18,4,47,0,0,0,57.83,1,0
199.65,7,8,779,0,0,0,56.14,1,0
7.45,17,6,192,0,0,1,18.27,1,0
309.35,2,6,1246,0,0,2,36.49,1,0
204.87,23,5,135,0,0,1,14.8,1,0
42.11,23,2,149,0,0,0,15.41,0,0
114.82,16,4,630,0,0,0,8.35,1,0
66.9,7,3,1554,0,0,1,8.39,1,0
228.15,9,9,1496,0,1,0,0.96,1,0
178.16,1,5,41,0,0,1,18.95,1,0
16.44,11,8,244,0,0,0,9.23,0,0
119.97,22,7,82,1,0,0,5.2,1,0
54.29,5,7,481,0,1,0,3.24,1,0
72.45,1,4,1681,0,0,0,10.65,1,0
32.2,20,3,1799,0,0,1,57.32,1,0
383.04,22,4,637,0,0,0,18.16,0,0
188.68,23,3,677,0,1,0,20.35,1,0
31.82,2,4,603,0,0,1,1.4,1,0
17.56,16,4,2349,0,0,0,18.34,0,0
45.35,6,10,1966,0,1,1,27.54,0,1
102.98,20,5,2270,1,0,2,4.08,0,0
84.79,4,9,176,0,0,0,102.69,1,0
233.49,22,9,2459,1,0,0,61.66,1,1
146.92,0,5,1913,0,0,0,124.41,1,0
175.84,7,5,978,0,1,0,11.17,0,0
92.47,11,3,2037,0,0,1,43.19,1,0
16.62,13,5,188,1,0,4,9.96,1,0
54.83,15,4,2228,0,0,1,34.57,0,0
192.5,9,5,2031,0,0,2,73.83,0,1
63.34,14,2,2061,0,0,1,4.21,0,0
110.29,20,7,345,0,0,1,3.78,1,0
48.48,23,1,204,0,1,0,2.76,1,0
23.81,14,3,2001,0,0,1,40.03,0,0
58.95,9,4,1377,0,0,1,27.46,0,0
90.84,20,5,1241,0,1,1,18.47,1,0
34.62,6,5,1969,0,0,0,37.17,1,0
52.68,2,6,1536,0,0,1,47.42,1,0
26.06,1,7,2187,0,0,2,74.66,1,0
204.23,5,5,2042,0,0,1,5.62,1,0
49.68,20,6,1705,0,0,0,14.57,1,0
285.08,8,5,1810,0,0,2,64.1,1,0
307.58,9,8,2380,0,1,2,15.47,1,0
61.49,3,2,1793,0,1,0,16.72,1,0
24.33,2,7,33,1,1,0,71.38,1,0
8.28,8,10,386,1,0,3,33.17,0,0
15.3,23,2,788,0,0,1,20.08,1,0
16.88,21,2,1189,0,0,1,11.05,0,0
264.67,16,6,2150,0,0,0,61.73,0,0
74.88,13,6,1906,0,0,0,0.22,1,0
98.46,9,4,1783,1,1,2,9.68,1,1
7.24,12,2,2178,0,0,3,73.0,1,1
20.13,11,10,909,0,0,0,17.24,1,0
161.92,0,4,596,0,0,1,24.44,1,0
88.83,21,2,1064,0,0,0,19.02,1,0
57.56,18,2,619,1,0,1,12.66,1,0
117.31,18,2,2186,0,0,2,27.36,0,0
342.34,5,5,816,0,0,2,36.36,1,1
53.46,12,4,2493,1,0,1,11.33,0,0
71.48,18,4,1640,0,0,0,22.32,1,0
80.85,12,7,1709,0,1,0,2.16,1,1
729.32,21,6,1996,0,1,2,19.83,1,0
8.17,20,7,1361,0,0,0,34.43,1,0
132.06,3,4,118,0,0,2,22.0,1,0
59.45,23,6,535,1,0,1,52.69,1,1
117.54,1,4,1508,0,0,0,8.43,1,0
34.56,14,5,2011,0,1,1,16.92,1,0
63.5,11,4,959,0,1,0,2.29,1,0
135.83,6,6,2449,0,0,0,30.1,0,0
1499.53,19,4,1677,0,1,0,14.62,1,0
149.61,17,7,861,0,0,2,18.9,0,0
28.56,22,5,615,0,0,0,3.44,1,0
