Principal_Component_1,Principal_Component_2,Target
-2.2406887574057324,0.7301685822590782,False
-2.3007838554034294,-0.9009871262830601,False
3.874475452154202,-0.8962080113256656,False
-5.105903264377755,0.44880104391921843,False
0.658390525488844,4.491389729237048,False
-0.640952708383981,-0.7771568818064721,False
4.460192544340272,0.16775873079871906,False
-5.281382992818559,3.563590069743296,False
-0.0337880008219443,1.0015150193874827,False
4.320243853589874,-5.718690186111437,False
1.1294885656417197,1.0724993137018184,False
3.1166926710295586,1.232980967740303,False
2.562239615790138,-1.1612160300466356,True
-1.480920844917819,0.04205458110431112,False
0.7917908221864143,-0.9298395523199325,False
3.099348794920571,0.6677486997047046,False
-3.3645614611281482,1.3902925737073306,False
3.1264204897757706,0.5934420368844145,False
0.7163049275353387,-1.8424522447217038,False
-0.8250180517277511,0.7877652536862834,False
-2.2683715467498695,-2.238549792736038,False
-0.029409116463302677,0.19857899044377092,False
1.297477332003163,1.4535472416353818,False
-0.560569461501027,1.0601076153919933,False
1.875826567050519,1.3375719896375764,False
-1.0314152829161496,1.9608023282797657,False
1.3728906783197365,0.672287356476718,False
-3.6607065485445816,-1.7452421139184038,False
-0.7078238610344842,3.192182902287211,False
6.352189977805551,0.13562676664569268,False
0.46746561873218706,-0.001063918571298092,False
-0.03527775572741921,-0.6304785887165453,False
-5.75406262804328,-1.8240133669051277,False
1.438814144527802,-0.45273021418556464,False
1.6314767460037718,2.6649075396366024,False
2.068674652409069,-3.050338687053328,False
-2.021375162221154,-3.442288592600279,False
1.305223605801745,-0.022893110111888854,False
0.058432566177450955,-0.520942161522725,False
3.9924639888160858,2.5436383313282422,False
1.1942763331602386,1.2703894389760069,False
5.1252871821315855,-3.1737913297671567,False
-2.770782715062364,0.8698669957506435,False
0.9415860735354318,0.1874235872687073,False
-1.8529404364205246,-0.6155456450069399,False
0.7594677027660452,4.002465327715279,False
-1.437126579109448,9.878936265209944,False
-3.480898791181564,5.5198767786866405,False
-3.60123214105374,-0.8195934184912687,False
-2.963581027139634,-0.2509396018917089,False
-2.78267011859368,-1.3779104711334191,False
2.512816554863963,-2.2300170633395306,False
-0.18947733895534827,0.3540392798323291,False
-2.237964468201644,-0.6603733223671644,False
-0.3337676200013636,-2.1285834186592396,False
-3.6685458161812434,0.0140159931218089,False
0.8884922819479539,2.2326791266722643,False
2.1244339913458172,-2.234393279459668,True
3.6509514052141254,-0.1912328378277925,False
-4.472104143791525,1.297088160090683,False
3.253628771169742,-0.13181951860554605,True
1.2213416265083272,0.12510014409495296,False
-1.4413357051859328,0.32583734627208005,False
-1.384056070673218,3.465994567745828,False
-1.4592802636906423,3.709532630302467,False
0.5213728776185218,0.8588245643205753,True
3.807090930935039,0.8118269068052657,False
3.084987044147074,0.6267522243998552,False
-0.620548851690245,-0.4561144492753654,False
3.7657120025296225,1.5011512179944757,False
-2.803328533125544,-2.4782669130779422,False
-1.4710382190924407,-2.1749920277623875,False
0.7884895632748679,-1.9471090917746983,False
1.3673083974596476,1.0346985096257768,False
-1.9047040430294773,1.3786954747847184,False
1.710002264048895,-1.2568112675805503,False
-0.21848493515323994,0.056349785249549124,False
2.381125343511752,-1.9018294760809253,False
-5.675703889556829,0.1509336502923302,False
1.3451433449189019,-0.5948141339876372,False
-0.16299574782617454,-0.7149284406879862,False
-0.5345024210744957,-1.5888595024678567,False
-4.979033333712878,-0.18733006852661205,False
3.47054658737904,0.38961263264213264,False
3.2500989581995077,-0.8728435753237359,False
-2.428722813997339,0.4561406785068695,False
-2.374368041690891,-0.39881951062870286,False
-0.8305660266700162,-3.4905689449670865,True
3.41698912613775,-2.1670704616024534,True
3.9614502533374467,-1.6191514136333354,False
0.08642049567737915,-0.12541575231032528,False
-2.2504892436705077,-1.394887878172919,False
-0.05240065195423295,0.7843568920100596,False
-0.9001606250052664,-0.9743221407261744,False
2.5828905973001213,-1.872892870618224,False
1.1209512240120965,-0.4691821227097066,False
-1.6483938877121116,2.796161120898714,False
-1.3583040756573312,0.3947856223716586,False
-4.370434366089352,1.391949345081997,False
1.6937494710142622,-1.5227445857806337,False
2.069815155822053,-0.6601997312464783,False
-0.8904736358622601,0.39676701253655283,False
2.37909663629184,-0.6736612639951824,False
1.4221880113461154,-5.312235193871152,False
-3.2133044300740186,1.3345922777959556,False
-3.6233989178123607,1.572373318230769,False
1.9763846778697842,-0.43064568118721547,False
11.195219118897196,82.95953417315414,False
1.0293034748069974,-4.233055811720117,False
-3.5277971273834954,-0.4618118160386672,False
-3.3609028446727445,1.7224576829760003,False
-1.0572862573215716,-1.0340525087138295,False
-3.0030491354614135,0.4799059051543318,False
0.2914490194409018,1.0874274220193998,False
-1.802118372619549,2.843803379259792,False
4.478114819728059,-1.688286637853113,False
0.8756162842276733,-2.1876232978080137,False
-3.300448631664924,0.5324810870816338,False
1.7453990907931456,1.4923276370248515,False
-1.1409802666168156,-1.9364391855401837,False
-1.0687154279724251,-1.2018768735281025,False
2.20224993828757,0.20962371865383686,False
-3.9057047241141114,-2.184236163596432,False
-2.5158912877605983,2.4997924804756915,False
-1.2972685489057776,0.11825495277550185,False
-0.9385739294355482,2.3479887036101905,False
-3.3644327821419924,-2.32895568887408,False
-2.446798298872124,-1.6618551118900666,False
-1.2483643769287192,-4.284766041223638,False
-4.657514230974152,0.1762736837289294,False
1.2816646806007859,1.6041213136810644,False
3.7131177105300117,-1.663642460290906,False
1.1946534918360454,-0.4510783432114282,False
1.768589865462218,-0.6179400474690395,False
-2.2181278032783696,1.0134307990120515,False
3.096589564831018,-1.84525114966998,False
-1.6023949644181688,-1.155307019590323,False
-0.23740090369325814,-1.7022107978728584,False
-3.2873667386400784,-1.1604119864590936,False
2.121076651009974,-0.4408110407419836,False
2.070625866644698,-1.0916873852690707,False
-3.8615239041407206,2.374645012772469,False
0.44979236777712306,1.9142023062673326,False
2.5998398775109695,-0.9204654869920265,False
0.0348359969342343,-0.8694430650168556,False
1.9952133024624192,-2.7205796317852236,False
1.651693480528406,-0.17314107521251065,False
-3.9966848980233496,0.8180397196297075,False
-1.487049902760633,-4.167539273225569,False
1.5368736100227205,-2.7848324071283987,False
1.8500827300817402,-1.611723243519705,False
-0.33868099529565737,3.3925728095203147,False
1.607696207562536,-1.0133662898168065,False
2.1611348403112283,1.1106310619166742,False
3.743092758967612,-0.9644717951450387,False
-0.2157017964141856,0.49182632657176817,False
1.1768708679314037,-0.5933316139147209,False
1.6217932610862857,-0.5192741954517266,False
-1.489935021547447,0.013881298139897448,False
-1.6884884322021119,1.6633576918322128,False
-2.73908786915639,-0.42700511472119485,False
2.750927232078047,-0.2810285729481283,False
2.8419530814667477,-0.9865852359996077,False
-1.086024832239442,-1.4039952293601685,False
2.3251538647311256,-1.9048312432228431,False
0.934907135880278,1.8673609385804992,False
-2.148264403816922,-0.45211846525614124,False
-4.735168864536923,-1.8500842799538182,False
0.0814519198122037,1.385393608324206,True
1.6251379040666691,1.2955530824783617,False
-0.306434927407054,0.47520997636104023,False
-1.2042062386568197,-0.46731910861382736,False
1.2102987921310673,-1.4331697051328225,False
-5.919846020959307,-2.6308071098601857,False
-2.8534948686317283,0.07902998598131528,False
-2.322394615686039,0.007418609354601037,False
-0.75477028855991,-0.41910425099454024,False
1.406309737151567,-4.615022877833336,False
-5.098319597996614,-0.8984612654488809,False
-0.9771291045407096,-0.27193092786907164,False
2.942342901252763,-1.3218513001305663,False
2.398686053439822,-0.8766056010073044,False
-3.608726156850371,1.1618718463510025,False
-4.02938246524032,1.2917934743002344,False
2.283073498595093,-0.7411383239353935,False
-1.7141074179473024,0.11791643924621113,False
0.2695920287186317,-0.6525570190767671,False
0.7436327694404644,0.5170418772856623,False
-1.0237040174875194,0.008794830582648733,False
-2.9978162885835022,-1.9401691463921855,False
-1.1068954211125013,-1.014538914088794,False
3.029126296429378,-1.2160632402616673,False
-1.6486404982736902,-1.8490807360381838,False
-6.696012846209998,0.8898374868741079,False
3.2582568817239417,-1.980685979191646,False
-4.334187057722106,-0.97944993398612,False
0.7666238951369816,0.36717932943042764,False
0.7951360905863035,6.166036446278876,False
6.0242507153059455,8.697588096460983,False
3.379781925406324,0.2600945638466281,False
2.909051908523007,0.23244030682903818,False
-0.4285062450358416,-1.2277774139434994,False
-0.7345817226262561,1.4492648858255224,False
2.628222499812642,-1.3122721666294614,False
-7.927761493565666,2.1316867525759187,False
3.754066652015483,-0.31105562072094073,False
3.065220492784657,1.1977767805769322,False
3.4384309945441083,-0.2533291032317936,False
2.8143128737459246,-0.2464581786837388,False
2.045778382502506,-3.3097307796965634,False
-3.2513047657053105,-1.5375816041096726,False
-1.6510221592996936,-0.25262155759282257,False
-4.803111414538277,0.661424586658345,False
-8.19486690999837,1.832726805378319,False
-4.084493953301574,-0.6760071187153802,False
-4.203817492167607,-3.671229518043281,False
5.323663895455808,-2.6497743356594445,False
0.272663079367329,-0.882057202172223,False
-2.077774624232811,0.3926002675514102,False
2.7742602095461812,-1.2066880565049263,False
-0.84908769759827,-0.49293798313744036,False
4.402537182559184,-2.3440420529759916,False
0.5931981645322015,0.7005927579743421,False
1.495541496902475,0.022961575298326077,True
1.307113382295398,0.20739669658682788,False
-4.535323994164542,-0.8028296177466323,False
-3.7109807033654594,-2.547521844047794,False
-1.4063751893241834,1.8388019642139948,False
-0.8238135583193908,0.2228539662130544,False
-1.9426388764606564,-0.027211451067795996,False
-3.922836586129837,-1.9535036266259702,False
2.0419371144089165,6.72931400764242,False
-1.4137978868544265,0.248109227688509,False
2.0965449493648487,0.991900154914491,False
-2.4966861658267416,0.1794444015857246,False
2.881485001595277,-1.4430963712221574,False
-2.170492169037379,-4.720861561923792,False
-3.4625942790576216,-0.891494565306173,False
-4.118160753745005,-1.318052388781353,False
1.8147209068800096,-2.5058629495072213,False
1.2962379103319885,0.7090833306152393,False
-3.27105761378319,-3.373028425429642,False
-3.0586969939375366,0.046665614464451284,False
3.097359876767966,0.5797307680014797,False
2.222594717427768,0.4693718384225598,False
2.912333960358207,-0.5890278955904112,False
0.04155856279256319,-0.3015930468166094,False
-2.7423057613760276,0.2910454147220785,False
-0.2468035272365337,-0.6064034711215436,False
1.391095644929159,-0.20524245939983768,False
-2.254198389962619,1.4488657723207712,False
2.697201655517366,0.611666230606127,False
-3.5889934328243283,0.35402141996786674,True
-3.9305236782932704,2.780439481671395,False
-3.836334568278602,1.7631257252404966,False
0.593486583203465,-1.007998294539238,False
0.21045028362283832,-0.6615636322639579,False
-1.84840563876177,4.951017540019078,False
1.139847072241488,0.05718606119633331,True
2.325747501078649,1.4638606723446173,False
1.357999379924801,0.43173614792986365,False
4.6516992349546005,-2.2200053689756887,False
-0.37671294841588004,0.1715004147109088,False
1.8778251927346623,1.7213419048051124,False
-2.541208528543322,1.6295041434056852,False
-0.8520131171660223,-0.4808985736590364,False
-3.3395097046998004,-0.8049478903071691,False
-1.0536434206413976,1.3139433171463182,True
3.9818774112546538,-0.22356871583988314,False
0.33213223021594807,0.22651971365334603,False
0.4254951417522939,-2.0837968779852813,False
-4.273879169453208,0.9593672152173957,False
-2.0299985504816087,2.519146108893724,False
-3.85164377452828,-0.8831754867793764,False
2.976963306728162,0.14572554043210387,False
-3.6408106106389138,0.9231804888848991,False
-1.970177496932151,-0.7094426662630697,False
0.607930502409647,-0.7296782002673737,False
-3.6587030744722324,1.39590754299705,False
-2.5541628255054096,-1.3828356749349822,True
0.9022516476091065,-0.21390544542635398,False
-0.10016506202966764,1.3330728110414807,False
-1.5716737562806826,0.221122452515872,False
3.0122931718334827,-1.7454036064074991,False
-2.5796942419067554,-1.598040270447903,False
2.3847695634514974,0.6629223649727036,True
1.7885219597781505,-0.031715404292001544,True
-3.592979436360429,1.1910442227217897,False
-0.4858933486289873,-0.5505440548822055,False
1.805595713270736,1.0729833954273176,False
2.917271028680351,0.1729053124767857,False
0.7572925224198469,-2.2142062277902124,False
6.255421092883301,4.7366533931638815,False
0.8603899404317645,1.4792720183001602,False
-3.4328626631908574,6.647442756712084,False
-1.706788927611678,-3.408722961281859,False
-0.9347531137198588,-1.7185973550169584,False
3.0046275894085763,-0.4218107713728861,False
-0.020266926582296025,-4.919400684566757,False
-1.686582660899943,1.7015574684169934,False
3.4231763954015357,-0.14948725647878214,False
-0.5861142699889738,3.0205960421465305,False
2.122024389575942,1.949090427146232,False
0.5385246555516088,-0.9813100490670728,False
-2.2660609387913677,-1.185942507568864,False
-0.18432302023727504,1.6191562857032693,False
2.5320261645923567,-0.1835975946294387,False
-2.7014201888870413,0.2783900849507708,False
-1.3103965671458837,-0.7394756370259933,False
1.4274547588772877,0.5081242078533471,False
-0.8917719301929293,-0.6522631474787033,False
-0.575714771809773,4.543370708162678,False
-2.3775852344660726,-1.6289803163728276,False
-2.1573840499401697,0.4311243092853513,False
-0.5424278522495177,-1.7570650786329534,False
3.06686629409518,-2.9124075305877604,False
-6.007875135498555,-7.5690719951282315,False
-5.417185759274713,-0.8555764319682453,False
1.3796039444971024,-1.7954617590686854,True
2.393519320523717,-1.9997675344592354,True
-1.1194733839811468,0.5448260104655139,False
-3.1773068527963586,-1.2338595066431155,False
-4.9272406792865615,1.4388583706750813,False
-3.1277005392731394,0.42818640805249647,False
0.48038141751552854,0.7715329719190823,False
0.5421856071580711,2.55593948996687,False
-0.45570308986540237,-0.5659597786939391,False
3.3349823969333947,-1.2800006402329478,False
-4.375956002752609,0.27355231905217003,False
-2.9973043498170346,0.2125380032575075,False
1.869261808877152,-0.06334996197406947,False
0.3040753361917918,1.0638117676054566,False
3.7933105642806666,-0.551031886948135,False
-5.0777387468401045,0.37657157409245945,False
-2.060589854717684,-0.04371300842926134,False
1.0876101035130903,-0.3200382120535019,False
-1.094280146844169,0.9820506309867889,False
1.7474647052956527,-2.4695627413756047,False
-0.330682873673227,-1.3544699601275498,False
1.986943388497727,-0.08409371391206635,False
2.1850806063216432,0.07150368289232717,False
-0.8750864027526664,-0.6750309373560801,False
2.4960139135735115,-0.27685440158411206,False
-1.8118144504879743,2.860653699545267,False
2.3769909038018806,-3.1224674681336944,False
0.8416014976082311,-1.142365274001072,False
-3.3331349360191393,-0.6783622038039142,True
-2.1412477805831567,-2.9017844237609713,False
-4.357299607371939,3.3743644381734024,False
1.9570337791708592,-1.2989853604510297,False
0.44599075708114283,1.0325509887157016,False
-3.112677369225614,0.06586516545423025,False
2.598392985761671,-0.940064856408801,False
-1.4756302299145971,0.5366960238067512,False
1.3246983303286395,-1.7485182576488643,False
0.15889125374758312,0.7269177066122685,False
-2.5297644556767036,0.223374234465117,False
-0.5898705923101566,-1.7739651497324793,False
1.6816033203533638,-1.009650706640648,False
4.07894691679231,4.106278567222949,False
-3.85582842087424,-0.14962878447472794,False
-4.712623677066656,-1.138417078080889,False
-2.0330546062360595,-1.3078474287073067,False
2.507999931088417,-0.1032263564334673,False
5.5009308912498165,0.9015212688569432,False
2.7258003701946647,1.7334615739105614,False
-0.7361278185672366,-0.08069435319976598,False
3.443318128007878,-4.240232514865313,False
0.6013388470219805,-0.5654749886020235,False
-4.63886318226619,-1.584294249703469,False
-0.8618572958734221,1.8045343560357645,False
3.0995074059284144,-0.8231035219976085,False
2.3108655460665357,-0.006578694766757366,False
0.8567209986593729,-0.9349992443033822,False
3.3724024692132137,1.568399069370579,False
1.0950207719427394,0.7197249308163103,False
-0.40912971609805077,2.9647203861284606,False
3.1917809857082537,-1.7753054130230146,False
-5.941155173284268,0.5479704366302222,False
1.7864476808097074,0.8428485011110217,False
-0.6278239062683381,-4.0680581915920335,False
-2.4937436165827727,-0.38933892100622386,False
1.4936952824991918,-0.6837423744700417,False
4.396872455748878,-0.17034840656014053,False
-1.1575228185157949,-2.1267459685030023,False
-6.956579499650585,1.0590331173661658,False
2.813763026233024,-2.3864075970001752,False
-4.420967682460361,-0.7219499304603659,False
-4.037690647596582,-1.075816948362024,False
-2.6935723075899216,0.14975351579195012,False
-1.1999881176024416,-0.7645242909689056,False
-2.8026185203027056,1.9492055905651309,False
-3.271750337900576,1.8015081002941606,True
2.7901269146379293,-0.909290104557505,False
2.3852839867924818,0.4034517752195778,False
-3.852423736851605,1.0453263898676628,False
-3.1673881522923377,-1.8375988696105234,False
-0.3620041982616086,0.29453102162821326,False
0.9673524214047697,-0.352709125829621,False
5.127921002565124,-0.5139166928424305,False
4.559580276141067,-1.3182335336353237,False
0.17857432298521286,-0.42274001590966465,False
0.15163165883517368,0.11184791110974836,False
-3.2398289121289934,1.627968309253342,False
-2.198444901009725,-2.1431441808918468,False
3.7434878477233884,1.4289702334748153,False
-2.4501663926977275,2.3694850198327564,False
2.9105443682509007,2.072244509957239,False
0.6846749135126292,-0.39491885725892667,False
2.409880191965186,0.30009816508750037,False
3.770231909150079,0.8833193113666507,False
4.418755452706133,-0.9427705540377554,False
1.8225859296983373,-1.2199156726122287,False
-2.532905619385132,-0.5404813224081533,False
-2.650614519534154,-0.07962307303192126,False
2.6052948660270614,-1.4518584700104207,False
1.6028359621071429,0.06463025840160017,False
-2.3722057027432895,0.17262982366396853,False
1.3022535757573477,0.0019295540145538915,False
-3.9451212503737247,-1.7666976174816853,False
4.560173725905409,1.3419618956136274,False
-6.44673126072127,-0.1479339725285888,False
-0.5509822683153508,-1.6052146656381827,False
0.28085316117430825,1.3033519857168012,False
-2.503864704205975,2.363764444686995,False
4.1132021354544035,-2.8030269172929203,False
2.347184554835904,0.6801567725566736,False
-2.491378196065583,-0.8250680987762006,False
-0.8000781227249399,-0.6092832354151952,False
1.5915461793187957,-1.7395529410538118,False
-2.9150570068087833,-1.8036799510293122,False
-5.279017545102479,0.7741397005099715,False
-2.022086625025645,-1.2743675839740753,True
1.6892516611706698,4.2912524991856635,False
-2.527472894369714,-4.411634611076177,False
-3.5276407256483457,-0.2869766150838398,False
0.2214405950478233,0.6000249312681359,False
0.4337167392962604,0.3132339819533824,False
-3.3794504870714124,1.739049036082977,False
-0.8141748123227518,-3.3276299658440145,False
3.466390621800762,-2.765188432969118,False
0.5410499045785266,-1.7095559691904707,False
1.9788511389250354,0.29777145409930134,False
-0.44490988420854977,0.5181800156103098,False
4.1080322952616015,0.09941175690328871,False
4.99558715140403,-0.8491036645675502,False
2.6679884232495095,2.084287358344252,False
2.378145249560156,-2.9250028408467523,True
1.5145651202499906,1.116336912384164,False
1.8362696335091289,2.7586743839484678,False
-0.4275897814034285,1.7610407852241674,False
-3.0799432829490088,-0.3581095363290668,False
-2.871319015435599,-0.0756762024902423,False
1.7323158651284256,5.197931009295052,False
-0.48913356655664286,0.8401731493864854,False
2.3440705185807262,0.07145623058890832,False
-2.2352271976077067,0.9170890358600453,False
-4.3985798875432005,0.5884656395597555,False
3.049277217526358,-1.2537369851304037,False
3.3014367866481256,0.47399668171442183,False
2.33574915365294,0.39191870999720607,False
-0.8915662742295583,0.6149632598342399,False
-0.712696673931441,-1.968095395151015,False
-2.673421132514465,1.3752640151590414,False
-0.9494647516200331,0.2841234964676729,False
-3.6307760882396756,1.0533295637837192,False
1.396534191388048,2.5795773702712737,False
-5.0357194140240455,-2.570422205953614,False
3.609438233144474,0.5093092128123103,False
1.3353013779012313,-1.5504273364805583,False
4.198174596641183,0.9733287610381022,False
-2.8391520082171584,1.3988896018227135,False
3.786986891384473,1.3127710704831412,False
-0.9994235377590663,-0.9705316796834793,False
-3.6554285808650335,0.2966591095424001,True
1.4048444820974832,6.8863029862868155,False
-3.1662972804978367,-0.7456499883030346,False
-0.07618704721793781,0.1169678656430914,False
-4.4253204884895005,0.9872631366738366,False
4.599941747428282,-1.6251877514372246,False
-1.7910156530574826,6.945169213396308,False
0.9541939784233747,0.3280087813238925,False
-2.597540193172708,3.615817840372616,False
-3.332093953969396,-1.4655110141403156,False
0.5593245945282361,-2.268917421261026,False
-1.4353223498303458,2.8942345937384366,False
0.5066902995797887,0.640191797369157,False
-5.462208899374561,-0.27173761742146824,False
0.27248348952029633,5.251971711609774,False
1.9213175381036944,0.22345731164617244,False
2.9782152161233695,-1.5304263690501834,True
4.65418819228711,-2.220025152768303,False
-5.56867631002475,1.1298326407317085,False
-0.884810925582065,0.7577820108397554,False
2.6154743891362817,0.6886076907684515,False
-3.5233498915937242,12.545797322871609,False
-0.6580534473182721,-1.267833845891897,False
0.5114568171390995,-1.73441576903543,False
-1.2378624036305113,-3.287817920979021,False
-3.3032874003074078,-1.580021740745694,False
0.43455500323394625,1.2015363462563229,False
3.34972438498026,-1.5062197453574597,False
2.130609532018789,-2.0905070771635876,False
-0.12438939928941209,-0.7222829288608916,False
4.738763428490721,-0.33160819895081983,False
3.3664543409583287,-3.2829891749811617,False
1.519320692428348,0.7185219497632217,False
-2.8231842653765677,0.08680559605242992,False
-1.6924138046619361,0.3400511740093047,False
4.521171423870674,-1.6784607870238042,False
-0.21761961139421124,-3.872253034205447,True
0.269240052993198,0.5072399075812016,False
0.4999127894342874,-1.1585438227300113,False
-0.2991166957206924,0.2679598537867802,False
0.6048776961538418,-0.1795762893890813,False
4.37840878538257,1.3071610431047789,False
-2.258907065163277,-0.904072415916748,False
-0.11499878878193377,3.715852786224994,False
2.578706868961646,-0.6061960729223627,False
1.9734512130052537,-0.32119097409821507,False
-3.5002217934855335,-1.4397517239103532,False
2.650087539226625,-1.2536840480705658,False
2.5827690251525066,1.9969445418652167,False
-2.0171720561876136,-0.5200441789887914,False
-2.9644722913492894,-0.5623282924089646,False
-2.7215566908279323,-0.5250098438816669,False
2.701598564058757,-0.07289379663700533,False
2.5229509870924383,-0.6078683257730114,False
0.4822999833366914,0.8608137333745202,False
2.6320097484161127,-2.139179624977864,False
-2.543237866636349,0.3738970905036167,False
3.237272511655826,-1.332126534573313,False
-0.753107755451857,-7.4568990150942005,False
1.7657334328984313,0.5893876327210553,False
-2.574387068507815,0.38192967643280823,False
-1.0138229509080525,0.07602602999529764,False
-3.6791903962684978,-0.572245858981805,False
-6.0364486984741825,0.0016222276649161,False
0.6543585562242716,1.1176476271451008,False
-0.7163240108248997,-1.064765905840536,False
1.1514736176101668,-1.4624371399252374,True
-1.014252254703764,-0.529353624739281,False
1.6663957486579781,0.9957345490035087,False
0.4614433812847916,-0.2654010051374201,False
3.1632509796678003,0.41323322371409255,False
2.9173852396749407,5.015591936111237,False
2.1767727614824537,-1.4116505595147373,False
-3.6498196641035787,-2.788209891380071,False
-2.8440165682185707,1.385577640182556,False
-2.937767029813975,-0.9929473501244701,False
-0.4774841647303822,-0.08583844555292679,False
2.3892740315185033,-1.4761811685877173,False
-1.1574468469942178,1.8164461526790066,False
-3.8777133487986033,1.7901351944238049,False
3.289629074360784,1.509401865146593,False
-2.7868451640731333,-0.8903093626006748,False
-2.847923053984289,0.955522271198687,False
-3.507629283468903,0.9110772236950839,False
2.779286370696695,-2.433982566999315,False
-1.291556246340914,2.4860524070694594,False
3.4015171496708048,-1.066637678678604,False
-4.303631416611357,-0.9792296238357933,False
-0.7656226743455338,0.5283878092790567,False
-2.5324453884101823,0.84830742513689,False
-3.128187255769805,-2.720699195893256,False
0.3396292851136045,-1.5103263173392654,False
-2.8287014850714716,-1.5813474344702518,False
3.4864041389334837,-2.390677821347344,False
-0.5195835014282195,-0.5756906873262561,False
-0.48344337488576256,-1.8326666942597334,False
0.47511216452759153,-2.1128275566686723,False
-3.0587871441878427,-3.724301220858781,False
-2.120726765376445,0.38950689115992004,False
-2.152199235808179,0.9138977950842335,False
2.3102337286324848,1.5875282819972498,False
-0.25659546423720264,-2.269840620392942,False
-3.179581682530476,1.8896777596191539,False
1.0197019805110288,6.92365946705669,False
-1.7398013447957865,1.444978419258411,False
1.5650771740019715,1.725416441319627,False
-2.877250120152139,1.5452540895774614,False
-2.9665508336972573,-3.802383476128275,False
2.50105233991307,-0.43774085634390525,False
2.4570371312265005,1.5453954296272163,False
5.360180950352933,-0.7877367410729699,False
1.3612195636906128,-2.3314323758778284,False
-2.489749789308712,0.15476507437482243,False
-1.2873457190410695,-1.9672414905359408,False
3.2743556595173926,0.41281825591588894,False
-0.35868743163030586,-2.9820612286850046,False
-3.4373970646576146,-1.095347137181045,False
2.501482586083344,-2.1462527837856773,False
3.3005419621515366,-2.17579912961778,False
-1.545835816440155,-0.13400832906872953,False
3.8259380732567894,-1.3312845730722063,False
-3.2953947593232633,1.8726019390640745,False
-1.0174616302686652,-2.0137397715379883,False
-1.9325001650707907,0.5713128167135567,False
3.295893024982938,3.514948301141901,False
2.63407792775793,0.38465458360791777,False
-1.366441280535353,-0.35150069729569955,False
-0.40771417880580885,-0.7436524979718073,False
0.7593027304513414,1.0403194359927246,False
2.0691718314825027,0.18429110278059121,False
0.9170413064370608,-0.2844369251426195,False
-5.319277195324022,-0.5987737322677585,False
2.2346988568774977,-1.2372863373974639,False
0.3631162245069471,1.015816997304243,False
3.938837241175406,0.8790758173018284,False
0.2267199574067401,-1.6768989707433875,False
-2.897978740189029,-1.1061797060886946,False
4.439147983993774,-4.06161955482986,False
4.045715124612148,-0.6593315124207442,False
2.2775239071777085,-0.44340703107395124,False
2.646542695981308,-1.7529238671416958,False
2.331318449195753,-3.0149969478124046,False
-4.258345099888125,4.243048112515989,False
2.2446025974212205,8.303051096578988,False
0.6187332908271794,-1.798081780539824,False
-1.6687589455852467,4.132132147232418,False
-3.5282826995251853,-2.4146644524150296,False
-2.925188753787845,0.2542367403678852,False
-5.680066596271997,-6.318829590618559,False
2.367675272850871,-2.1019713363566574,False
1.3951200438176938,-2.2171361767575584,False
1.664639176496686,-1.5773316473532382,False
-0.3272655083417357,0.5259526440164761,False
-3.093383912539676,0.1307010612167108,False
-0.8393637147970765,0.27151385401812456,False
3.5634310637166076,-0.3202389768091402,False
-2.025698376630942,1.7060661563911144,False
-1.6576606478455391,-2.9124919047519726,False
-4.063119397936621,0.30257529310629994,False
-3.048736490937815,1.0433519201720516,False
-1.0431740652802113,-1.1720517657977554,False
-1.7524789303552972,0.6597506702743371,False
-1.9409826369830396,1.9975009349307609,False
3.5548050961732525,-0.7782544841105257,False
2.6541323564180677,-1.0420377710643314,False
1.1379639605256802,-2.4049000721647826,False
-2.8814761473242005,-1.9948526690315778,False
2.433139624994073,-1.9413922143299032,False
1.2847653721868455,1.0885104751208918,False
-3.137749183427844,-0.9921094626677032,True
-2.1328204945838816,-1.4452585881205742,False
0.15832047516200512,-0.064550262133977,False
-2.810950265725915,-0.1808700964602227,False
-4.339339973349754,-1.9156057282654873,False
2.8426719600546493,-1.4308976515489151,False
-0.8927836493530555,0.34300957192808146,False
-0.1949287936276999,0.8785598537737164,False
-1.9961682697638212,0.08224834074191403,False
-3.3113448512316555,0.720424976472689,False
0.3361526796316573,-0.11936429956829078,False
-2.3623700058165866,-0.6593926181447435,False
0.6810893275736523,0.5783334386518167,False
3.3557210754936047,-2.1564827774475384,False
0.23931542008979606,0.37510283047464754,False
-4.031833261308404,-0.5257638226580492,False
0.41678433384534347,-0.5786493153745522,False
2.7548570415143847,-3.4923128461381343,False
-5.0333067204629405,2.0649782013015177,False
-2.2796921396687533,1.2120398255412204,False
0.5790061954591245,-0.8284664558778417,False
-4.979062067376441,4.402607309690508,True
1.140527470092752,2.4805651223404617,False
3.9954391919366086,-0.7486630057526277,False
0.30878133005099373,2.948184667985535,False
-0.7686217883415819,-0.2649286150602133,False
-2.057132357754351,-1.0027521291117902,False
-3.952346659974224,-0.3359963050413489,False
0.8019112594989682,-1.7498794672274844,False
5.294804189326455,-1.293814041792869,False
3.8872129010954484,-0.5279508431110397,False
-3.3235394617572505,1.6609069200594195,False
0.2854714444141479,-0.5500133538341088,False
-3.175740231311607,2.234069011339375,False
2.2791781184924385,-0.7679254787749071,False
1.759731044981389,1.0364566812116431,False
2.5672880178117796,-0.2204331359296006,False
0.786256825894226,-1.8530680009453,False
3.120830758418341,0.2370753175738288,False
-4.547065339240301,1.3025166519765925,False
-2.175739445302987,-2.8128277222149887,False
2.1492715610344075,-1.5166987791020399,False
3.7564383587468266,1.7024793328907106,False
-0.1378400300830039,0.9343905844972993,False
1.775466158071623,-1.1243758078932327,False
2.321079069691751,-2.9251358203301687,False
1.922720694738544,0.29023021123559367,False
-1.8438219467243786,1.4648194818169529,False
2.0752376419314804,-1.0942290346311363,False
3.235249099443397,0.5418337947545881,False
2.829178608908725,0.4695278060738416,False
0.534626231413981,0.7832069196720101,False
3.404812390451977,-2.02375139877428,False
-0.922240956315704,2.592964216954198,False
3.5418204842486065,-1.988357765057153,False
2.259947991948014,0.5660758356514559,False
5.221806068638356,-1.090894938745336,False
3.141151946440471,-0.6544067343846414,False
-2.8015331560130416,0.45973205336690093,False
-0.14910592936960504,-2.98608437513731,False
-1.6852314641948225,0.5756273244230089,False
4.445940776714386,1.5398438701286388,False
1.8704695484619396,-3.4496701023290486,False
1.0733461242666296,7.394482749393707,False
2.857518123372409,-2.671741170109923,False
0.0475681982179902,-0.1467010966284645,False
-0.454316142854363,-0.972072928054823,False
0.2886278404804569,0.24105572142071824,False
1.5232046717119627,0.142389799128714,False
2.1234060220641657,0.25050926197840284,False
1.7205575094084689,-1.131985415695456,False
-3.906066811539467,-1.343902182126879,False
0.49389305871359235,0.7388612087630598,False
2.808701870955561,0.07565641605860776,False
-4.079949982811632,-1.0094891651734823,False
-0.6331247725461773,-0.1547677661628945,False
0.36426026133534356,-0.011885278317112622,False
1.0992391706596054,-0.3366835415988242,False
-4.348924901750905,-2.01197853683189,False
0.7234123374566058,-1.1285773698192372,True
-4.146912068452224,-0.8333393814531311,False
0.7828195410001345,-2.6053028675709995,False
0.3902495177869878,-1.9705035017118349,False
-4.4815362188019465,-0.7078992476810415,False
1.4113977480301294,-0.29560878731087303,False
-1.3097662100816403,-1.2917390511118212,False
-3.3119408650673923,4.0376315621449805,False
1.477634178040376,1.1350256442533107,False
4.259275417452228,-2.275522500069644,False
0.22208373139156234,2.2964041268645228,False
2.5619279472279946,0.43560118745135507,False
-1.5969135505420815,-0.3608593487020424,False
-3.571580978657539,-0.5599695038099276,False
-0.7015593879060698,-0.7401522544763115,False
0.2903208990340135,-1.1265082199919734,True
3.5428946986203247,3.1161555440952675,False
2.371212544229547,-0.4538790782306282,False
-3.6332744093325404,-2.4121032569382326,False
-2.7717494365681463,3.2348875097549685,False
-0.028410178581342777,-2.0919987829357893,False
3.396740931995545,-2.3702278127266503,False
2.0778239973800083,0.5541858016806332,False
-2.8699549513338005,0.40258024901679523,False
-1.1896257630546705,-0.11298419475281257,False
3.569986636029061,-1.2391837150286256,False
-4.069237202020786,-0.6583595119577753,False
1.3543303210852038,2.3758270370145826,False
1.4074564472175186,-1.698233912773806,False
-1.96463044629392,-1.2026083387435236,False
0.7424911364290314,1.7317199039239581,False
-3.3811185392408816,1.2132129868082022,False
-0.7648922448951009,-0.3304040462819831,False
6.310617861304562,3.3570455193619018,False
-1.387108011488669,-0.04023155872558369,False
4.303084985938348,-1.4453688561789724,False
2.402204897610836,-1.3442123599904472,False
-0.08750451956370352,-1.3308244226060222,False
3.6187120898243545,3.898680981869734,False
3.785081796866618,-0.2671544870141249,False
-4.25162929484059,-1.8084823517682849,False
-3.9912889721496234,-1.1962197476066527,False
-0.7897420666688267,2.125039587706686,False
2.316422222283761,-1.8238630402440301,False
2.928351607253285,-1.3413639523992362,False
1.122609951290042,-0.3228562826276198,False
0.2876255032212743,-1.4495124108536461,False
-1.3325542638492418,-2.218773021769815,False
-4.604419861788901,-3.185378598385931,False
2.826153490973558,0.38108781512910556,False
-3.486204114196123,1.09705119297598,False
-2.372161615625147,1.096616603113575,False
1.6927693911259358,0.6754710326010914,False
3.4093407735948444,1.2921818676904837,False
-2.8034059073196254,-0.26374955206919115,False
-1.6502504032511833,-1.7457427250499986,False
-0.6659936944229787,-1.0557247985408065,False
0.5248966555667619,0.47584737871280236,False
3.134267997478123,-1.5710073526247006,False
-2.2039923271142223,-3.9027699786176604,False
5.105973694792113,2.6208920085182243,False
3.036677626195162,-0.7705070857189598,True
1.464808263337954,-2.111783894499766,False
-2.833200621411757,-0.3070793463189443,False
1.2268979102931055,-3.4062316796067105,False
3.631985674844281,-0.23098410407521316,False
-2.497399716518073,-2.769526677986521,False
0.17348246680965454,-0.22381994667979502,True
5.641284262164366,-0.48233813994972635,False
-1.8969726686583566,-0.4488885468482074,False
1.5182705315626253,-1.187037662997185,False
1.760829247996248,-0.8381287434771861,False
-0.9063945742322087,-0.028703214895211184,False
3.5926031256895348,-0.5551858273326548,False
-0.19968423757493642,0.9089236617371524,False
4.273947688102261,-1.583301654266523,False
-0.3553289753684501,0.3251758904803494,False
1.1797051391252174,-2.6700967395516795,False
-5.645961529522841,-0.4084952160117601,False
2.8193393871840016,0.056485195011424474,False
3.5126589612532846,-1.5338457250751578,False
1.0420633562104424,-2.8328727225426973,False
3.2088598762151856,-2.5510636620728055,False
0.37911129601696425,0.9683507519172344,False
-3.8001437468561066,0.27596857382492385,False
0.48245547311200326,-0.6806457100632171,False
4.492893776543405,-3.6122416750485926,False
-4.456462201595033,-1.1534071479027501,False
-3.676763471620429,0.2968876089320405,False
-2.9685877313657905,-0.7800558038757296,False
-0.9741027806104823,0.11058669147860645,True
3.5554523526313173,-0.8131813715470267,False
3.4253957891684297,-0.5006401649224946,False
-2.4780724116969157,-0.10082596464917125,False
-0.6342273076738804,0.5571767029645933,False
-2.7509970322085335,-1.1405055741904584,False
0.9602218323326026,-2.7215924532515685,False
2.0413816101417463,0.389762185300443,False
1.21160246008557,-1.4180160997783904,False
-4.718593568462412,3.678421508595633,False
-0.5783724251409222,1.010979164434525,False
4.016897367706363,-0.2279692999513665,False
4.1078992668234005,0.3562228126160295,False
3.4620147508798285,-1.6695786155464434,False
3.172693124761812,0.09341413075390455,False
3.92046392564375,-0.8635075097924144,False
-0.5788533842005807,-1.4094245867533532,False
-1.7896961413411956,-0.4983589392599746,False
3.6250829716849937,-0.6326989453880009,False
-0.2750217260838799,-0.6414061085182103,False
-0.630227284772661,-0.7658468204473541,False
2.173999216360048,1.1655878797601564,False
0.6423002355133666,-0.06816297300819511,False
-2.8271182417125416,-2.0485198418564456,False
-2.428294278099319,-0.29520115435905603,False
-1.5887166365145866,0.4640999816916875,False
-4.178520854944704,-0.1965095860013562,False
-3.927988871672568,-2.02911947384625,False
-0.7520629708510596,-0.07902099583681654,False
-3.1311127764167193,1.873729647817784,False
-2.6191219702838406,5.085162205550792,False
0.8194082975385789,0.5809840686173814,False
-4.2194092697484615,0.08847906773224407,False
-2.7610807622574343,0.1553807820315992,False
-1.4888281115291762,1.6792376084069862,False
1.3067875167588545,2.3063237048014997,True
-2.167460309526257,-0.3266986883606746,False
-1.2144963381023448,-0.7432283330009497,False
-0.3664888865943215,-2.9412226349065937,False
3.785302090098543,-0.3738949993148893,False
-1.9565981599255333,-1.195088569636971,False
0.647651556646623,2.5236172659021032,False
1.310360722769359,-1.2819009976438271,False
-4.793120342009727,-1.1890623971625105,False
2.6331847848317036,-6.787731986450428,False
1.9461924391608636,1.0866350098844983,False
-8.127817755824488,2.0128114446416796,False
0.9418141691482587,-1.7010626113081597,False
-2.3737499335967827,-0.5958191634493785,False
1.1548614960253987,-0.3831639630256104,False
1.215045064219889,2.0452415815272222,False
0.01802496436348108,1.6219374113804117,False
2.1683782928165405,0.11204390565890414,False
3.829462047062194,2.4816206976633555,False
2.1046412824964276,-5.433848200391041,False
3.531825714134267,-1.0876924380135597,False
0.7493834710525524,-0.8813634487598573,False
2.7084177864238663,0.8088018052327067,False
-0.38147740549642417,1.6935947645635787,False
3.017108858283261,0.23535099293628486,False
0.4968343580152499,0.13648790242243306,False
1.8495438865509422,-0.7509542951379035,False
-4.674126652006325,0.8962887270751905,False
-1.9991526822436725,-1.8520179432489772,False
3.7534781368361467,-1.140888225605537,False
-4.583860116927282,3.652679190513972,False
2.7235573622242453,0.21547419603863852,False
-1.5945812933799999,2.2214965015446477,False
-2.084331201400834,1.246034280403189,False
-5.104816289660446,0.8537550432273553,False
-3.053084313512033,0.5838599465097499,False
-2.9944322054407175,-1.812022321662342,False
-1.9652412466738718,-2.0525718897847938,False
0.06662991547021047,-1.029404596844642,False
-3.758833714568459,0.9102021540403175,True
-2.2726764654359717,0.6025312818298395,False
0.04980736356563029,-1.0347013074119347,False
-3.969709900982623,1.119185414474962,False
-2.52539742315635,1.5262571206702105,False
3.48105536697246,-2.4470427290052683,False
4.640099961728895,0.6628432804981074,False
-0.1679519804824685,-0.9966677297095138,False
-4.019085955221172,0.05020145108155293,False
-2.562399672392455,-0.16696060312419636,False
-2.6842803625612,1.5874232857214905,False
3.5318346622597385,0.3145024926698767,False
-2.3789142623814317,-1.1780609294814974,False
2.2577491787740196,0.12760058425220225,False
-0.5308819664395418,2.7673099934932557,False
-4.543685824418855,-2.4283117498409283,False
0.26178016546491295,1.5040288744590058,False
3.4008369958203106,-2.545761254296017,False
0.3272149768949983,1.9496401337495846,False
-0.4174885447466408,-0.3127468193806314,False
-2.7572394018005375,-0.34492410314758115,False
-0.04448875593959856,-2.311961739404063,False
-2.927952094595503,-1.2954623440756154,False
3.1759849769078543,0.3541701622746889,False
0.36840558628667613,30.750212484775957,False
-1.6376465859218217,-0.37884423928723715,False
-2.446437962622108,0.6515063734037994,True
5.021778744733669,3.045440597792336,False
-5.987514885446071,0.34946604605301007,False
-4.798687728380133,-0.8950792145591723,False
1.2839799286858988,-1.1293526296165417,False
2.539148727421661,0.06392942879545134,False
-0.6246364100140986,-2.140005590402118,False
2.200968479950856,0.24355346272522396,False
-3.4057205891343454,-0.4331376022890181,False
-0.9092872536839981,1.0207582149569936,False
-1.3148142678610286,-0.6410541014156715,False
-1.049826615452642,1.5023651500311297,False
2.8232537753408193,4.314987270716556,False
2.292457817327588,0.15416776882282698,False
-2.426720451740506,-2.210367691193292,True
-4.499051675617537,-1.3402600198989632,False
-1.3493618611767069,3.9898396335449076,False
1.85866063627973,-1.1533546776925852,False
0.9713541230310045,-0.11937719550916695,True
-2.195300302797228,-2.5125587288609106,False
-1.5418013604100984,-2.0505685438786827,False
-1.0515085018265689,0.9214437127616225,False
-2.0823310279905267,1.452589175688078,False
4.441833969740316,3.329375971220385,False
0.2678220579417335,-1.213984269112303,False
0.01874254114414361,-3.594193775438704,False
-1.0629574929164538,1.158782895787824,False
-5.143792827808173,-0.5211590993010249,False
0.34291675519827536,1.0152054959177197,False
0.009083406081404552,-2.2535539163783405,False
1.0217526393203016,-1.0806669186370155,False
-2.332767235881466,-1.5108841689251573,False
4.553053540493328,-0.5253399262661962,False
-4.898628792582283,2.6469825976998327,False
-0.49977022090327394,-1.3371525961374575,False
-1.1091009789115986,1.1912212368799702,False
0.9602368030844498,0.04816683900780186,False
2.966779450609196,-0.060304031898984804,False
-2.4064635289059138,-0.8958927660126044,False
0.8193676107464609,-0.4584784831758216,False
-1.7612496015926213,0.5702366008586677,False
-1.4984650865923668,0.4848062883639216,False
1.4386136417661635,0.957662487356029,False
-5.587418736749341,0.4277572319775894,False
-3.0428151146969373,0.6376188243496879,False
1.348808667654973,-0.1751778480693827,False
-2.3040508067728904,-2.000625814393486,False
1.8470688833702913,-0.12882273142707318,False
-3.489901820120832,-0.29603134421366445,False
-1.2170895505901773,3.5012238397775723,False
3.253370098143138,0.291426719635698,False
1.4936814361730206,-0.5309305254001401,False
-0.01769399165788504,2.2908552668765565,False
2.657525032527729,0.08504783137626153,False
-2.468355160293762,1.5336426579961466,False
-2.099586238961729,0.9058530097570857,True
-1.1750329039466896,-1.6458320051483941,False
-1.504369012178519,-2.2449499249320524,False
2.3465504909082946,-2.4552489846951455,False
-2.398647971266267,-0.7881044225401254,False
-2.678523033518687,0.27607264160577527,False
0.22191008303696055,-0.6138062847878967,False
-0.47106902485123026,-2.2683964104691663,False
-3.3239029814302063,-0.07686628774977185,False
3.0305498215365203,-4.436958061152995,False
2.1164319940465814,0.9674472371541503,False
-0.2994728197940309,3.216697993582501,False
-3.630453565365552,0.8559963717212048,False
1.715482161468234,-0.9587899209326571,False
1.822392481916494,-0.21741742034666214,False
-2.9025119853062593,-0.34671073918932005,False
3.532942978825264,3.9742012254969454,False
1.411166291039186,0.4116383790227821,False
-0.43801894919142564,-0.07263363238571577,False
2.551717908720877,-2.4660201595572997,False
-3.335436290638614,1.0803490595310028,False
-3.8643824767022283,-0.05782618286785623,False
1.5631641210836855,-1.9627651658397458,False
-1.1615051381496184,-0.852024249566681,False
-1.1742745511300547,-1.2331630737615533,False
-1.0922749863543533,0.4776393355260722,False
0.8803678984653763,1.6264284274909642,False
1.4915661404952565,3.2542685330039833,False
3.901024025595247,-2.283422058805962,False
3.9881857302645143,-1.0253084459652713,False
-1.6443674640801975,0.5322202371128637,False
0.9542447253596142,7.950036475261342,False
1.091488289683583,0.5150571943496374,False
2.92015859585479,-0.1405443496892733,False
-4.412518938363706,0.08610965742655857,False
-1.6934211634169611,0.6991480247855522,False
1.6108364780147817,0.12956820897086765,False
0.5878980137959351,1.3080791145095283,True
-2.8346076794328607,2.1209672816662968,True
2.1942516603233884,-1.9348946879096844,False
-2.7529789124970283,-0.7936966166973569,False
-2.321447721833348,-0.19619372543302635,False
4.439279530242952,-4.313458827325587,False
0.7560112125383333,-0.994088489303452,False
2.3134549962840802,0.03618200097312324,False
-2.7353290958789405,-1.6200351878584949,False
1.7376815832589594,0.9596648701919532,False
-3.598545258555807,0.7468680923667275,False
2.314195202939985,-2.852314624463734,False
-3.634488647620423,-2.124511376522494,False
0.6079784546029845,0.7613438259766798,True
-3.6077364486437054,-0.792351380163995,False
2.7231332203351153,0.3209355331873835,False
0.5003747569678509,-0.04069109393336175,False
-0.37676601136654686,-1.5141040822174427,False
-4.648207722934415,-1.0949320976168195,False
-2.9094043807004435,-1.6547661363946353,False
-0.10178063011830875,0.8822025346612455,False
-2.16852484689486,-0.40042484774068265,False
-3.406625216768887,0.13319362530773818,False
-1.7568647195429972,-1.436657125459347,False
0.6122115506899977,-0.7743629174275689,False
-0.18111986237178163,0.8666529387987638,False
-4.737094733596319,0.6465245563014765,False
-0.6932319987733349,0.6858231247979764,False
4.070023500282965,3.1675294278514694,False
-1.0113063429405786,-0.29499211098827977,False
-4.7479616124317765,-0.9207758840413863,False
0.8806289066077374,0.33959542084342664,False
1.7539413277253497,0.8910629508703188,False
-4.1132556014395645,0.6728173808260394,False
2.4571764984747975,4.376734447290002,False
5.81352357064096,-0.6840039092525537,False
-2.528842544898452,6.4238316523103824,False
-0.7493063754867998,0.16423484146564615,False
-0.2409365743168627,-0.8923358011373947,False
-4.970073356183584,-1.2462776915122953,False
2.8647571065977657,1.1591656092008207,False
4.409711932874159,1.8008442691666344,False
-0.13111986718170746,-0.5779216825248092,True
1.8619614481648599,-0.6850569936296866,False
4.3367091457567035,-1.4487721175041866,False
2.1589618103885133,-0.9039493756712835,False
-0.029142195708138235,-4.364278638063393,False
-1.3579009915762414,-2.54237512304126,False
-1.557956160245718,0.8528092101754078,False
-1.3150579489001153,0.14157675633386055,False
-2.347819949363488,-1.8061831762290277,False
2.4253122966647704,0.9284425432923805,False
-1.8399314213937974,-1.0981801950424193,False
3.3156487997522075,-1.0954403160527642,False
1.9581648726492509,-0.37086616471049927,False
5.415414136298491,-1.659675370837208,False
2.223748064852377,-0.08065276216947358,False
4.8607280742863095,0.9202240241467243,False
2.9367127246760045,-1.1666994404660422,False
3.296580341529887,-0.575828673707667,False
-3.8070740681210817,-2.0565642702923057,True
-0.035619262600454824,0.05545514190131779,False
2.8299778983596493,0.9959657349739081,False
1.1106985661454447,0.2957950937966336,False
2.371693262271464,-1.893198111104842,False
2.745074051680613,-0.8954478803194738,False
-0.2182824211396242,0.8806430343619812,False
2.6460117033649215,-0.5626718694517764,False
-4.364590945236869,0.13587712962028387,False
1.1905311134461547,-1.047524706023651,False
0.25053107302525635,-0.9097553488035752,False
4.333684004286191,-0.06351286638472911,False
5.68615958872707,2.5000618745879994,True
3.8445153685997826,-0.6008395628739547,False
0.7136529164630768,0.036420179044251544,False
-3.206781643262092,-2.189603393412949,False
-5.169646799043128,-1.1229359107720507,False
3.5787220969037277,-0.43499996710357686,False
-1.520813360056803,0.9013996671820256,False
-5.058609307045626,-0.25643896358124063,False
-3.4356920175653265,-0.5165933947625598,False
1.448565958736765,-2.867848989439216,False
-2.7402380474601395,-1.2513116980254368,False
-4.3539793372978,-1.8142267513035917,False
-0.01066321093996012,1.2171230606903654,False
-3.9963686547541655,3.9950777715642434,False
2.1061400805500243,-1.0382146884283567,False
3.8678790914374415,-1.94888921108948,False
1.87971461775747,1.3631710752729331,False
2.791148698264421,-0.9313611500747981,False
1.4122629284581838,-2.0977939278210163,False
2.1303349844685284,-1.523725194931168,False
-0.8179568410576278,1.1129578446015165,False
1.3209953311346307,-0.5746880837700726,False
1.0091438961157901,-0.583733028339843,False
2.6117820229480704,0.4705685638546561,False
1.5693461963933373,2.0064609651085976,False
-5.077710296133745,0.5008637210387934,False
3.275121043123678,-1.0157873648790834,False
-0.20001051055004002,-0.9250703187789477,False
2.8260202527513916,-0.6569880190642016,False
-1.6227267648916588,-0.4888576862456637,False
-0.059679819754065826,-0.4644596598078883,False
0.02461621828854159,-0.6657205179035769,False
4.368784200014238,-2.870274932106007,False
2.5811432639323177,-1.6526895348028365,False
1.3352997920950942,0.6792924813590284,True
2.711995392329582,-2.7193324348354553,False
4.644305342249058,1.2705291638449987,False
5.319578281015112,-0.1333244756223692,False
1.2762317380130326,1.0109203496964165,False
1.6830921100937635,-0.7593713932367222,False
-1.2688209785702427,0.3463771656968915,False
2.773472207929852,0.14691406983671057,False
0.5075467969682441,2.2268849940990836,False
0.8093944426580693,-0.9692922041695431,False
-1.8824486891004697,-1.7216542233208854,False
3.1467638094928256,0.8555492104961084,False
1.6577297699128344,3.297459480179852,False
3.468049843799949,0.4305055856768382,False
-3.9569227599918015,-1.2289759646301863,False
4.805801049672275,-1.607480004921251,False
0.2210800107975421,0.8940435031416135,False
0.6674063202054384,3.0733033833201535,False
-0.11566880404953757,-2.065850481009055,False
0.6600722869071618,-0.47538059907390356,False
0.6308759008103468,-0.4528711393210677,False
-4.115352843796262,0.7899549986535614,False
-0.8607596073411659,0.43978980182146893,False
2.9419421652481703,-0.15760846257138544,False
0.9551147365643476,3.232568764665016,False
-0.23260983287578924,-0.35587859460702037,False
3.390742564778367,-0.9637680510930389,False
-0.35672696221962225,-2.345917338244036,False
2.992246266202399,0.4201058252667231,False
-3.508719883629974,-0.2941347064009429,False
-2.097523995406484,-1.8080518177340343,False
0.48173836481715093,-2.81066622800913,False
3.6674766815943864,-0.7389483343617166,False
2.551948332519658,4.32375934029125,False
4.631455147552368,-3.6143177788396037,False
3.4418949480341596,-0.08773981278021425,False
1.3141897705779064,-1.5446690847789804,False
-1.2653590975542839,2.411295488524082,False
-1.463883029960594,-2.426308092180154,False
1.576340201849847,0.5946130063141962,False
2.820713446471049,-0.03926735595847765,False
-0.2065870600008921,2.5671624035154816,False
3.7985371034948314,-0.21452510429054825,False
3.3349682453587524,2.3771071865505427,False
1.9273042960043292,-2.632457775421629,False
-0.373437626656622,-0.33957539339585513,False
0.17799840650018708,-0.32462129919660826,True
6.054773169431565,-0.06491592260157028,False
2.434448793943442,-2.032591751177967,False
5.17113139791266,-0.9072583025150742,False
-1.4075795071642303,-0.9991730511535263,False
0.09763093310432629,-0.9977310925708176,False
-3.6502229728432463,-1.2127641976375538,False
-2.404358871751147,0.43873908625235375,False
0.30103068777696834,0.0830201030088701,False
1.3551655651752923,-0.769133845741808,False
-5.629529428207707,3.875710979053966,False
-3.0582235126600237,-4.509461485932522,False
-2.4719265847192897,-2.434754969898585,False
0.2004982468014956,0.5380532548819856,False
0.32679622135744907,-0.7479518279973222,False
-3.9621221452397735,1.064985580210274,False
0.21336787151393943,0.19392443959234354,False
-0.11249371528240897,-2.5156197442227537,False
1.4120567412717393,-0.3681222149406552,False
4.713922144307422,-1.5036160090784572,False
-0.8817425873580788,1.6466848196519324,False
4.971457041194967,-0.5804993877213784,False
3.773178566198885,-0.8525688285358879,False
-3.197702728173655,-2.001909164050602,False
2.4507556523927394,-0.21902742133281639,False
2.62686511623063,-2.531407623807368,False
2.2733920213216,-1.3302286156749492,False
2.115676375804795,2.126179426320232,False
7.246303206676232,2.04075515289895,False
-0.28460420683460363,-1.049939219595684,False
0.9382444725820959,-1.3367620875388526,True
-4.015211839641879,-0.19789982831315428,False
3.8170795910431665,-1.1978844562006932,False
-0.09154346563473548,3.3869727061509205,False
0.8415818208443254,1.4558630633746719,False
2.8966164219746173,-0.935595201608176,False
-1.5924397002566713,0.7933656866728553,False
-2.103946751409393,1.7211595649661104,False
-0.3058569895936926,1.0693568236570923,False
-2.4768193158890273,0.03875344400229563,False
3.7245204699760297,-1.9669222284267915,False
-0.31225619599458976,2.156205958096116,False
-1.5495102855549243,1.2065617931854942,False
2.945532151316394,-0.19318455865864662,False
2.2286462839463,0.16160428223539125,False
1.7132693524152047,0.7536197228360436,False
2.6080006358071115,-1.3943049606085876,False
-0.9348367711614233,-0.072753658040079,False
-4.062707210129051,-1.6716745825459927,False
2.3737050174528136,-2.5229631508345056,False
-0.05124078098113103,-0.9858240310416073,False
1.0571891164226357,0.1269206062872908,False
3.491004007916073,0.2155496234885119,False
-4.833162614182158,3.340318900810135,False
-0.9756097035601567,-2.7268474349173935,False
5.096958926698747,-0.3737127618761561,False
-2.0580643097514395,2.0261281085854175,True
-2.5408517987506323,-0.6518234801023784,False
-2.4543746980817587,0.11536284441059055,False
-4.384380065510376,0.46387756884673076,False
2.066429105379224,0.49388196336452844,False
0.6202664773206005,2.873131736933477,False
2.688671499072776,-0.07539234519617287,False
0.6603845065992721,-1.595815858968391,False
4.368846606545254,-2.0423202782857617,False
-0.14664919920348546,10.831814952503382,False
1.1203385317179706,-0.5105921372604395,False
2.442171179379708,-0.5367141691775628,False
2.4928658455305546,-1.2929951023140416,False
-2.571375920757927,1.2241965646090662,False
0.6929641876834828,-0.5868732092318221,False
4.521571191470412,0.7093435716706326,False
-0.5773480429604992,-1.0365286353584147,False
3.6665676497153745,-1.8576451702428327,False
-0.3826837706705607,1.3980650552976062,False
3.624937723480424,-0.5809819715224206,True
-2.0056595477353896,-0.28673806399782586,False
-1.942518765303802,-0.8157390564371668,True
-2.441837302898317,0.08297442586980869,False
4.440508372964584,0.6144252763573598,False
2.3557376878568794,7.120014025813459,False
0.9909445517485864,-0.16880036350645183,False
-5.69271935599518,3.0761853427584893,True
2.333120043791384,-0.7056706095359894,False
-2.678453092373368,-1.2609521922030826,False
2.2633104536186206,-0.36133614793094343,False
-3.2751064552721125,0.7856272697909559,False
4.696896219569983,-3.1026813172856365,False
1.4832191745395447,0.35199646771873977,False
-1.2119167111589537,1.6158680075094736,False
1.805260450422892,0.286476750575044,False
-1.75307597512617,2.228009651625324,False
-0.03266844961920911,2.302774962196103,False
-4.336352336710145,-0.1267741906999575,False
0.11032448629194722,2.0587330616822155,False
2.7721757517091357,0.1591467914677691,False
2.3483481766276393,-1.095183744426973,False
-5.478554166846944,7.959776709793718,False
2.34164075286823,0.5840311211989119,False
-1.8720396864214655,0.9203637466845053,False
1.8462072528822744,-1.003505928549418,False
-3.703169333556819,13.968634420652215,False
-3.872009934796037,-0.07276913334521047,True
-2.0198713911282353,0.030666429994900657,False
-4.422668301169707,-0.6135153418713349,False
-2.53172518845529,1.2821340466443112,False
-1.3954822457172318,-0.6929591230492995,False
4.594936211229983,-0.9167251103122561,False
2.220279164986721,-0.5996918002015452,True
-3.0340680120026366,-1.465031925169638,False
0.9821897665609813,-1.4839414848591181,False
1.9062865174086496,-0.9043356084120531,False
1.2566346913101474,1.3822270600650814,False
-5.325915498409765,0.6328043141112919,False
1.7341975168948887,0.28229915802779976,False
3.2405177288014824,-1.1940507242968377,False
-2.3648164868358976,-2.434324867636044,False
3.9384236598014164,-0.7557347609134529,False
3.096668097662395,-0.12841967516357422,False
1.0804736830960007,0.35290996125146706,False
-0.7337550166790301,3.911646628157634,False
3.291884783295169,1.7174796252819677,False
2.3252181658597117,-1.4388684809220276,True
-2.3771944798515316,1.6985915523165755,False
-1.5591285738287135,1.6655664666864485,False
1.213698977254702,-1.1597478108000092,False
-0.31000762748822597,0.6512649247551567,False
-2.261654975906306,-2.0936301233335026,False
1.0398766775813735,-2.4882109484066754,False
-4.476242454602089,-1.0128682741817903,False
-1.577103279365505,1.3968491224903203,False
-0.07853340307191925,-0.5242295383099569,False
-1.182595850385174,0.76802107910281,False
-2.1979594358578773,-0.3046302316294953,False
-5.415039689572761,0.6687048836790318,False
-0.010839789729870998,0.36338542228914283,False
2.8421772125938607,-1.2011796561881145,False
-3.098834496531576,0.2998264178461317,False
6.667568826048391,3.20005011871227,False
-0.5915399947393073,-2.787111594647608,False
0.6295886317335405,0.9742198474511833,False
-3.2250006062450463,0.23263634312014253,False
1.8837216310006664,-0.10219516010518533,False
-1.4730250409454833,2.643281696521566,False
0.5063280085921235,-2.3387105667394024,False
-3.1459174775964884,-0.4804312442876965,False
0.2235002172772635,-0.32056070789759883,False
-4.385824836471827,0.11087384722941601,False
3.0602446907383554,0.6051594136236849,False
1.780307452546063,2.8688697487943196,False
-0.8497650648990104,0.08452147343732382,False
1.566439421400492,0.8176773271831966,False
1.705337547058217,-1.660323834665618,False
0.6778500340557857,0.709680626975281,False
1.8351056113532873,-1.4035744438694118,False
1.9311699278476546,0.15007358604355162,False
3.302739222264774,-1.2717203172794311,False
-0.06139436718789977,-1.183628059526781,False
-3.2938887661188017,-0.8181210080896396,False
1.3852517531520085,0.010297188055676261,False
3.4546125642369834,-1.2742047258931528,False
-1.0599236005227366,3.563932994333985,False
1.2697594847184792,-0.3562192484284436,False
-3.902965773555429,2.0791526353511616,False
3.0850660581186866,-0.4911342420857994,False
-6.630895057490295,0.9557741702567203,False
-2.524693517873672,-1.2363459350723556,False
-0.0034969437775827384,0.49343126291678474,False
2.59311766129263,-3.097230849563442,False
-0.7572679598538683,-0.127388039023489,False
-2.768830144020995,-1.578870765502863,False
2.495422246957275,-0.2122326778493915,False
2.177435478756286,-0.17227055439764338,False
4.4522877275320125,-3.163550906609069,False
-4.105966112558913,-0.38150803017761425,False
-0.42801734817692577,1.3207864662701823,False
-3.414651104114551,1.1645136951633959,False
0.6762505047174782,-0.033543951890239884,False
4.0705827826015195,-2.7965890862098557,False
0.9611618777142528,1.7574694944224165,False
-6.345460386273662,0.6884009012281526,False
2.829722851814278,0.7576442958178868,False
1.3276149262522676,-0.6303688215364077,False
0.9182989894968114,-0.6557091444047471,False
-0.7522598634186323,-1.9146370406156639,False
0.6248272270437077,0.6261993003948099,False
5.006920843914526,-0.8482652272307759,True
0.25829132624615786,1.6340303793722957,False
1.6013285470894163,-1.4225521477757455,False
-2.467103949054027,2.183787163827788,False
-1.7819298213147612,0.6096469140838843,False
0.6983704481678215,1.5406721185391479,False
2.7415418785270433,1.3813000072257993,False
1.1955851532107178,3.4566923450250635,False
-1.8818496487623404,0.15261106705339603,False
-4.123642003265601,-0.8890000647925428,False
-0.32226388919251464,-0.47112460727687006,False
-1.113393489404781,0.42303485626682774,False
-2.693800152393491,-1.9713434039212847,False
-4.310247533242256,-4.091554863903763,False
-0.4455913676062575,3.4242991789492563,False
-4.231923896104678,-2.215977502915063,False
-1.4246964955079062,0.7481495281836795,False
-1.8261469100205996,-0.8570922048971276,True
5.802008640998459,16.797780990969716,False
-1.7924511475434095,-1.4771944261837096,False
4.579615188084518,-2.035057170085245,False
-3.812097158075594,1.1082756908190061,False
-4.118792568614478,-1.0770751950864528,False
-1.2124883007166298,-0.0036653592422698613,False
-0.6445263285402157,-4.3527407268300955,False
-2.272406550847385,0.5206620656742214,False
-2.0898164696438655,-1.2694911067296535,False
0.9495479858762829,0.9039624265157777,False
0.9691556993508108,0.2619181558839086,False
2.637056545749918,3.0159272976975773,False
-2.924943572945462,-0.20414102724354027,False
0.5032014374401312,0.261859284262851,False
1.7508119249540253,0.02186490747096505,False
4.22193193487387,-0.14713351507355527,False
1.562470563840594,-1.2288479157360417,False
-1.7839686508210526,2.182837424962969,False
-2.115697466615997,-1.2005162484184873,False
-0.8010058272057511,0.16979030736083423,False
-5.3872141997621075,-0.43356240696612636,False
-4.057815922679626,1.1965084102090136,False
0.4055861015570379,2.4078327354282,False
2.618361581311818,-0.14632629867357783,False
2.2725222000714687,0.36871851671505407,False
1.1897325861035148,4.501788544123438,False
-0.43438135068567635,-1.376183031041364,False
4.011180157784636,-2.873445638263591,False
-2.6946728781539577,-2.379080152424336,False
-1.7543118596164462,-1.2753218232474242,False
-3.9681106421083463,4.08996749343592,True
1.146166231110472,1.0616187024120487,False
-0.27470791548987905,-0.4214101012729222,False
-0.553371496012687,-3.2074484100539777,False
-4.473022015438561,0.00882881258733902,False
-0.24503532672745698,0.9712054611123964,False
0.7286474185978028,0.217320189548748,False
-3.594713966651526,1.1522202642998072,False
2.5269770441248562,-1.6846957146598822,False
-1.9094346591025269,1.1357463595182449,False
-3.3918619357374764,-2.835854359523368,False
2.5638431843203526,-1.4809764685402769,False
0.393233743550116,-0.7447936573243621,False
-0.0496652367458034,-0.01214639477979538,False
0.31693440722026295,-0.7982796566169605,False
-3.4352943810811465,-1.3680833515307815,False
0.768031676548018,0.9142649387668742,False
1.8186104272988406,-0.8609218061390616,False
-3.8046305634610924,-0.5651418481278317,False
2.3061827725391013,-2.6526445234414955,False
3.1993602760829947,-1.7569207534833957,False
1.4245174943250527,-0.9160268778317,False
2.6395798450993895,-1.8981432394183393,False
4.632178631290902,-3.166419889252061,False
3.9366081982584604,0.35538489873753165,False
1.4223117186388194,2.477223666281178,False
0.3085126067117434,0.27865446052814175,False
3.8660083717599005,0.051906358891653445,False
-1.0583662678259147,2.590478716991972,False
-2.857074341244714,-0.3560392721271668,False
1.2710799663759875,-2.004313216650319,False
-1.1099951199766191,-0.35594923806427686,False
-3.662636388869792,-1.21000108327468,False
5.267255832863749,-1.8736686802649303,False
-0.3211575499371007,1.5664686232292662,False
-3.8965934288933,-1.7007586671725314,False
-5.341920316747266,1.065160963909291,False
-0.4611013758246451,2.2864060930749512,True
-5.001911551208138,0.7902266612197798,False
1.5549815577390054,0.687243049327014,False
2.8037849141740097,-0.9855596814901287,False
0.36044953539269303,0.9589085433569638,False
-1.7648814375491808,-1.559778051626439,False
-1.1319754814487417,-1.8641789366793176,False
1.7248667371049151,1.9717845433045895,False
-5.164669861823594,0.4184736528314473,False
1.7356661916811353,-2.5160831859919566,False
0.7913952836635285,-0.37817494700316184,False
-2.535955679694793,-0.7531596049034567,False
1.140797605811639,-1.5095368648288499,False
-4.077476072327561,-2.784669337964156,False
4.6747088393669,-2.2360685063075536,False
-0.7861441281136425,0.877416685436939,False
0.3342625462577938,0.5321977957092451,False
1.3193537207309902,-2.508411862086222,False
-3.137768781538525,-5.658410620611668,False
2.682780507073287,-0.2767251387365878,False
-6.2489440020826565,0.2846459487709297,False
-0.16851519789944136,-1.637417934648291,False
1.4753552207216003,-0.9321952316546518,False
0.8204898148585518,-1.3636660772200606,False
2.2925497461129356,3.564951018822808,False
0.6429501074833313,-0.3232338155809995,False
0.6062604839716578,0.5902988900201178,False
3.429400728093457,-3.3404469153715963,False
2.2031594445108276,-0.04451239882387022,False
-2.7807400288336543,-0.40811814297893856,False
-3.320687120196132,-2.362006078710413,False
-3.773722334120719,-0.9770864724524738,False
2.069374294024323,-0.2777051645197229,False
-0.6199639157758368,-0.3900273389868043,False
-0.7076037527869514,-2.3491876043764544,False
3.3632910013158357,0.6873361853614457,False
-4.5338784000320835,-0.7909560418935198,False
3.224887235425903,0.22718207335013332,False
-0.5164834273213219,2.377118689377684,False
-0.5849058146942854,1.6279725846973088,False
-1.2127582531938472,-0.07490395552003663,False
-0.4786235059670514,-0.7999253274627465,False
-4.524654752369139,-0.9077066075166521,False
4.4168460404075445,-1.0352115988807769,False
1.2805414112152047,-1.9780647819138129,False
-2.2422881269875394,-0.8100006110323957,False
1.300417064020864,1.0122650795973662,False
2.94339079802656,-1.4373639151769366,False
0.7529247828807236,-0.8079877420610543,False
0.2702160162630569,2.1766716592370274,False
-3.4910238828969296,0.6331823812841951,False
3.851877297426572,0.019231387844675735,False
-1.5473564502078005,-1.8583687220070504,False
-2.808646916064056,0.27680080544343555,False
-2.5612160704892037,0.13259477961616048,False
-3.3903466484148983,1.5474728160199258,False
3.0082795572442627,-0.7505180126285015,False
-0.6067107675634303,-1.3975846711560966,False
5.060741524852471,0.5874704265102054,False
1.3709223498982386,-0.4664560624318576,False
-3.3819515646698486,0.2967211993596231,False
-4.372607581610691,0.6809431409192496,False
-2.5439734431238055,-1.285766206837554,False
2.975546721103074,0.022490324518095756,False
-3.165406957705978,-1.6755759137600332,False
0.47977068446123594,-0.7619534847029998,False
0.9104878070981959,-4.345646113116976,False
2.7307649978945734,2.9963918680828807,False
-3.466930071766894,0.4072852192009201,False
-0.7701503031951067,-0.8519349066227994,False
1.9628547097969866,-0.5286353768167205,False
4.054046889428327,-0.8623957013252045,False
-3.249410203680806,3.2185306558495017,False
-3.2871394000700818,-0.17787937531816297,False
0.7121600640538635,-0.4064242721229438,False
-1.51249198293784,-0.4216257185069158,False
-4.846473308814191,-0.6041687026413227,False
3.9313804033742703,-1.425229482889399,False
-2.5887313688271902,-0.5174621215516454,False
3.3474749985897656,-0.8230166374510077,False
-0.38404154857982953,0.472465617307344,False
2.217393531942597,2.5046098881927996,False
-3.95707527443517,-1.7019939284686618,False
1.018719687284772,-0.5194752056375507,False
3.9862058948050247,-0.04285875736043985,False
-2.8457947694744576,-1.4513571306471087,False
-6.4893333270621385,1.7146253716659248,False
-1.0720897074718512,-0.5910294813122235,False
1.2447770133317468,-0.8562086764432898,False
-1.1345789089460798,1.6502953423954398,False
-3.221455170478614,-1.221582264378878,False
0.8843247139285764,-1.8440884582250736,False
1.6245162360462861,-1.0645585604933316,False
3.2589711063281412,-1.5986348190330213,False
-2.7978981314260847,1.8714774644103198,False
0.03178557792427217,0.9628989607695392,False
-3.291995974368535,-1.1721522447279273,False
-3.1273005165918053,-1.805785924334276,False
-1.5932456265847181,1.9125661420675464,False
-1.7167751305665473,-0.9531369099402889,False
-5.376662536139492,-0.07904733824421202,False
2.5520446364137555,-1.2312807278712585,False
3.1093829689309715,-1.3906178066577524,False
1.5167979701641487,-0.851023350253471,False
2.6988355281109984,-0.44558297967431354,False
-0.7794030610976481,-0.5310881710631291,False
-3.5510300261399643,-0.7693238352381438,False
-1.6092267463058725,-1.7965120720352732,False
-2.367896951268966,3.6174264351372503,False
1.1297568160222762,-1.4546180945666438,True
-1.1384202127538334,-0.4278831630190599,False
0.33406574365160563,-0.11055007418195255,False
-0.8417751589432524,0.2799392995374757,False
0.36313200813433466,-2.2558856645523537,False
-5.64568415964051,0.4136302710126019,False
3.7374225574330113,2.2753271976584677,False
3.2207053728654147,0.042419892579169796,False
3.8647157340719334,1.7626746457828038,False
1.737029998422196,-0.5829609362764704,False
-0.45319590832875767,-0.6118310013944681,False
-3.733403151122259,-0.03870177426485435,False
0.4706748207506533,3.703996580792611,False
1.4987406593012544,-1.6749646683354127,False
2.804896925336279,-1.637473048483231,False
-0.18129096788094104,-2.0496639469328994,False
2.3529988807109423,-0.5808396789829372,False
-1.3302268894083251,-0.6407894075518692,False
-3.061959069160751,-3.712218562212667,False
-1.3919029840783654,-0.012284713475810954,False
0.21734897332511544,1.8260204760815686,False
1.8308641847118736,-2.1704638252761845,False
-3.291778455310545,-1.6913159941248794,False
-3.610567227603527,2.212588780205603,False
3.2442346427271818,-2.291038108983646,False
-2.2718025008722016,-1.1894766055966102,False
0.9321270297003617,-0.2484358806016465,False
-0.1895773624116116,-0.9163133165404348,False
2.23815909754404,-0.012177649969626052,False
1.5771821462057762,-0.0074124163968876415,False
-1.7016754935337735,-3.553806807128128,False
0.055892807717118624,3.5343382698440604,False
4.120643864789491,-1.3737771541836126,False
-3.0594309702998954,-1.641044401191069,False
-3.114352045722826,-1.5320169987513812,False
-3.875566290111967,1.8778048544090913,False
0.6378493190668322,-2.4629175793035842,False
-0.8151567047438455,1.3111623255678073,False
-1.9172838233324323,-1.9719695022222195,False
2.08810105495104,1.1720012300135991,False
3.4544123442277472,-2.120401905343553,False
2.2979403410194306,1.6957223485201987,False
-3.03476237427171,-2.5768695883883415,False
0.043447533934882786,-1.9242456025478312,False
-3.650691363110767,1.1513342765463812,False
-2.3205256099151095,-2.33896636083335,False
0.07127942346928758,-0.8597442249057407,False
0.39870298165631823,0.8418911625329044,False
0.48211542215283965,-1.4356478410407991,False
3.240563092743044,1.12451770628988,False
0.0062636703223337906,0.013945310418244332,False
-0.8734884032014905,-0.616648246717069,False
-4.278345971846973,2.1496239752271458,False
2.2345369096950227,1.9554918819152527,False
-0.3645364116426138,0.4216072540719232,False
0.5703010000971005,0.3216490954451718,False
-0.8577651796939852,-0.5445377070176692,False
-3.9870958125033282,1.620728698046937,False
1.4117157193456644,1.144797911228336,False
-4.023829517522293,-1.6397580428602465,False
-0.3600283748673687,1.4893720383707674,False
3.5674968237014966,-2.7081159702150184,False
2.886184391116578,1.6629538803728836,False
1.467958268813931,1.626317161340201,False
-1.048523228596038,0.18547783513859714,False
-0.8069644700706841,2.0742147433904967,False
4.560834471365248,-1.6960689962682989,False
0.8776422048894847,-0.7460824800765621,False
-1.974833639997777,-1.6203699946266426,False
1.7806604896424192,-1.5344249408061499,False
4.1454847429045865,-0.6348798769054727,False
0.34628263217523975,-1.316314278919412,False
0.6656602720090916,-0.7942019980347851,True
0.16391469153435592,2.85740117576707,False
-2.191848220552986,-2.291853756073053,False
3.064139910159362,-2.839177484026471,False
-0.4420032985664475,-5.668592045041653,False
2.0512618517527157,-1.658036725816788,False
0.7135630440766286,0.09968464046002433,False
0.09093245712618876,3.8835475440690357,False
0.947674739737603,-0.13564300882201796,False
-2.655173029508923,1.581518928591197,False
-6.001833002975993,-1.6332541092541504,False
-2.1555412763478987,-0.8090318290250437,False
-2.9725319256918072,-3.291691895615895,False
-2.9547993399655414,2.379215217707275,False
-0.19606267755829157,0.066398206053177,False
-5.44494844036965,0.9340013634211941,False
-0.8037590966113027,-1.0773156020338297,False
-2.97075177735992,0.18918842282503848,False
-4.15130447505732,-1.6567625805608504,False
-0.8726058840133097,-0.5809890040903843,False
-2.1925243384781816,-1.561479264621645,False
-1.9414818796647073,-0.27231475724123005,False
-8.861556427219488,3.189166134082325,False
1.94498612075953,-1.3417789426467033,False
3.2402675249153834,-0.540845456198773,False
-1.000814966836694,-0.396583257657081,False
2.265048644966973,0.9742475044058161,False
-0.14435458126148046,-1.6672460148355464,False
-0.47408221828023706,-3.7927958269879425,False
-3.6818448864118825,-3.64666252050111,False
-1.8118197527140356,0.39351207902191093,False
2.1074987634351765,-0.1801205403545796,False
0.9206134084468581,2.416097161230456,False
0.6556685919794634,-0.3028818710554024,False
-1.5385521728553024,-0.2878839597411633,False
-1.7058004752992972,3.6865331798712027,False
2.49166712380147,-0.5068076824255212,False
1.2995717084160794,-1.215237421737314,False
-1.3707008495606796,-0.5179934566779937,False
-0.6457878109915288,-0.08177424807893134,False
-3.2644001733793298,2.2832355739262793,False
0.8304483497708504,1.175994628246428,False
-1.5597002738014945,1.088196055800183,False
0.29406306356641126,-2.855226251902285,False
3.6094784814279106,-0.41298991520511397,False
1.132139786868643,1.2178031083326808,False
3.085193305230206,1.586754821709668,False
-1.2910923901113376,-0.8217368212060586,False
3.046376087756691,0.6507364753422763,False
-0.006279595130015138,-1.895958135290014,False
2.042065614472158,0.43190568903825644,False
2.8350400293868816,1.1267949469936918,False
-5.959541800925991,0.665815992795412,False
-0.8161214561847546,0.19568015886597032,False
-1.4123649300367977,4.0517608008022075,False
-1.3557994055773388,-2.3295360916984245,False
1.7436733295585267,-0.7987304256934358,False
6.2004248740290215,0.1060006317942161,False
0.36245680929619156,-0.7600422503817877,False
1.752659575047731,0.008573010870604487,False
-3.3728630994836117,0.9472190841018374,False
3.0488569473197504,4.3067988972646125,False
-2.2421125570698615,-0.32155116861450517,False
-3.7144718777490793,2.1755459267052237,False
-3.234235132148862,4.299268174430542,False
-1.6163444093707449,0.1974229089993317,False
-3.9298339926693093,-0.8961235260034591,False
1.2218246617516446,-1.023776109707597,False
0.46562766523058036,0.8459583771897997,False
-1.521655804855921,-1.488061692303747,False
-2.984425820046144,-3.8053895284423387,False
2.73781844222038,0.8924296646771455,False
-0.28888359134738917,-1.0400411605329256,False
-2.268769974471615,0.7889717804315031,False
0.15357588967568922,-0.12220761724760859,True
-0.9241629385311865,2.7779917222279757,False
2.1764844270589316,0.01714674188399619,False
-4.665562303528669,-0.5217850644862304,False
4.378721478333703,-0.3192524157234875,False
2.810342498309699,-0.6161801028206747,False
-2.7452066051294897,-1.5187635225994482,False
4.008074989560781,-1.4378059517813506,False
-0.34179557801887517,-2.938847573853337,False
1.6549091951913306,-3.330269630065122,False
4.330798796209563,0.88433996716454,False
-1.4521012562693252,0.32365708714113384,False
1.8515461230864938,-1.8183619108191946,False
-2.1568192245857145,0.9936021345885329,False
-1.1666825492226474,-3.032487574600363,False
-2.628237079853521,-1.2003380893028877,False
-1.7208756024345573,-0.9573389829862499,False
-0.45199417737378295,-0.5181520706017146,True
-4.710638097051041,-0.12799341321265179,False
-2.4759989569740144,-0.5386842621532262,False
3.816427174407377,-1.7618986517697925,False
3.312828228064039,-1.7387060712283877,False
0.6982098258911229,-2.770011505858758,False
-0.6686825122952503,0.30799089761697,False
-4.516879340513627,0.2526642228317561,False
4.305662711480065,-1.765886241129396,False
-0.38908409057819315,4.335043012923825,False
-1.7413186939387113,0.7054013488090817,False
-2.4344928699960686,-0.6546216558350612,False
2.7645537393723667,0.14449582380245782,False
-0.18877899389454614,-0.5279163146646579,False
1.2280846696403935,-2.0218389499152973,False
2.107209549227737,-0.3882760830449674,False
-5.717277621736757,1.1444978816313194,False
-2.0678572797256938,2.889787421079808,False
3.2686766654374995,1.8734818027721112,False
0.545549576348422,-0.4118054957540198,True
1.310708794606651,-0.5724221144709275,False
0.1307388674186793,0.9906380400785878,False
1.6671044250200235,-0.027657859842459172,False
-3.403290842672031,-1.7184873864436125,False
-2.339804657758558,0.6528476797660621,False
-0.7615847498311477,-0.7880298302689568,False
0.35383340712317535,-0.5200329988706802,False
-1.1056528864823574,0.4157594899614528,False
-1.7729668707424353,-0.7737942208320261,False
-1.136847522743055,-0.2983760900492503,False
-1.3604619535248077,1.358806174712556,False
-0.2440848139162945,1.2680824120306806,False
0.9692378154941549,0.7653343828149988,True
-2.4206277973972363,0.33322299137554423,False
2.144494796613414,1.3894197444955325,False
0.6146131154400795,-1.3726795275283286,False
1.941955253695315,-0.7744776334975618,False
-2.519076289048738,2.1784462611216195,False
-1.6365241029263782,-0.10486999124744723,False
4.176121098825395,-1.219601940340097,False
0.1181530898780224,-0.11608056488011567,False
-0.04204085382940698,-0.7307997669236012,False
-4.037898266466662,0.031578533196416694,False
3.029804434511825,-0.09987895975599272,False
-1.9673881622071265,2.1606474585374706,False
2.8740102422599767,0.21398762913665118,False
4.194182031473983,-0.3919326391462079,False
0.9645323170803369,1.0548575679511802,False
-2.839718766312908,0.3105252349775207,True
-2.986093739247119,-4.059976100742673,False
2.110711502072639,-3.160543081290235,False
4.783214876084128,1.3341446368419543,False
2.2124330026842722,-0.3849130634848416,False
3.584490690900847,-1.6353467598771176,False
-2.232923699911546,-1.0235916762793584,False
1.0999824614610596,-2.0737912989875085,False
2.1089423612196687,-3.273193063224499,False
0.14515621392559078,1.440911622889022,False
0.3854323570545892,0.27129482434502267,False
-1.3730560868590125,0.6410766094589678,False
-2.742606658178356,-2.3263548004805363,False
1.1031537998427827,-2.471155317700483,False
-2.8200730190711116,0.9405499683904702,False
2.5056652667032266,-1.7181505133465336,False
-1.9358125666874704,-0.16731370920896382,False
3.622794594271707,-1.9005192989637747,False
-0.26492748094534263,1.645569542091804,False
3.306857221366012,0.27703208012453434,False
3.081553201128949,3.1261907208745847,False
3.2962788895311737,-2.14662325930728,False
0.3890778262152382,0.15852339697929238,True
-2.6655710775348167,1.0072478683215809,False
2.7964040581874174,-1.0352826939,False
2.5629064448996632,-0.650851035746645,False
2.6700646999368254,-0.7843651246691881,False
3.459624497697809,-1.3978950560434145,False
-4.075499154642471,1.616342346106807,False
-1.1884623080537482,-1.0718657165942462,False
0.7112910104851067,-2.0771690748745177,False
-4.245014869883668,-0.05901790325262815,False
-1.4456096852632943,1.3897006722337033,False
0.9204189492881333,1.124867991447002,False
-0.6301480279975171,0.20623696496402638,False
-3.812715400245066,-0.45879288477811475,False
-1.35711634030481,0.2492216296322333,False
-1.211321177711602,-2.023272622026605,False
-0.41336027669224507,0.33413847512308165,False
-2.0284517759762326,-0.2430619482690461,False
0.2746329507445176,-0.6495535510162951,False
2.531889601916411,3.404886963540262,False
0.9241070252241873,-0.47471059311839847,False
-1.743061052971933,1.8557433806548584,False
2.7064601905396666,0.7637760197845451,False
-8.715007970459858,3.613431053889627,False
1.4047296778161669,-1.016935820732671,False
1.7020446454117812,-0.46182230940088265,False
1.0517115696814996,1.7581132513606939,False
-0.4093976616076051,-0.16957715730336623,False
0.9570486890107566,-0.8258711934519213,False
-1.484695372283603,0.5907902524523334,False
-0.49205130073390196,0.5192429047583589,False
1.5491721056854504,-0.32581816073398373,False
3.1354029793295854,-1.3137728975792127,False
1.3755513963738062,-0.5141820632871221,False
-0.15985675577754996,5.903433862592073,False
3.118705300114402,1.7565077857831952,False
-3.8628316849020408,0.4121903540785231,False
2.474860675481935,2.1333612882564097,False
-0.4478427550964827,1.2595852394121458,False
4.373805487796867,0.6044471406944042,False
3.6059647950818703,3.5492593527377063,False
2.140684251352494,-2.0876369688067573,False
-0.9591615829895126,1.188393203211654,False
3.614924672403313,-0.7773335386968844,False
-3.65900382464276,-1.7452691306604795,False
2.729150286093929,-0.10642187797830477,False
-3.696527858167339,-0.8416825166093699,False
-0.031467139056391,0.9553630526115271,False
-2.4845331647145583,2.7286851698288603,True
-1.1542929877926074,-1.1090207254412328,False
0.7124026718639717,-1.132570873187129,False
0.36331765899828106,-0.24247865154968729,False
-3.1445789214625197,-4.0471931663547425,False
1.578238659885259,-0.3857099037589109,False
0.3981232120052412,-1.2052406733706993,False
1.006665186342416,-0.05044150129427542,False
-3.59297272656314,2.2191555911479153,False
-4.894678313929671,-2.556992322209336,False
2.9420183856180397,-2.1415778099855762,False
0.2874430527926747,-0.23044671692562083,False
-2.5436017065434102,-1.1786163308389737,False
-0.4545441862169285,-3.2182996673677913,False
-3.6940800395712237,-1.7565865419381281,False
0.6321462678192863,-0.49491725457094177,False
-1.3825819019054384,-0.07891917094246723,False
1.1545269908817526,-2.9241006762377038,False
2.794763716931318,-1.4033492591817693,False
-0.19834926747304343,36.3503474134063,False
2.0413495795062597,0.045208432065906926,False
4.377457466786918,-0.862202973727856,False
2.911199306373262,-0.4319206421772237,False
-0.3319432508791206,-1.1745789333576973,False
-4.0805163042532655,-0.5234812507505996,False
-2.9043011398582093,0.9564050445101537,False
0.8423426265137562,-0.5250803178537823,False
1.374632475327971,2.097490104343558,False
-3.4364501047977725,-2.7655505278427017,False
4.584457398861592,-1.3629072941483173,False
-3.523417952024822,0.7670470331816998,False
-3.17243439811965,0.5066935617026613,False
-3.709832948773475,0.3373439614869982,False
1.458216246053415,-0.39727544813550847,False
-0.5382492420808433,-0.5987902587996722,False
-3.4512041042652335,0.766569779731201,False
0.47740663120817906,0.5593532093878465,False
-2.367946480217506,-0.9758428886728654,False
3.504419880637606,0.19717915747848705,False
-2.1826814412505398,0.9168068845378045,False
-6.15784876488991,-0.616319633448318,False
3.176484040956483,-1.1684972483585487,False
4.1377355011030135,-0.020618477061682402,False
-0.5744570339870775,-3.721323723715995,False
-1.151347563964347,-1.5810092081888478,False
-0.2340426211837357,-0.5430532622616878,False
-2.6115511220224086,-1.7247503515633744,False
2.1197389907904896,0.8106472983346856,False
-0.3102436943210957,-2.428064266827506,False
3.2877793898350984,-0.8676316374417563,False
1.725660419442185,1.5951407032675338,False
-2.7938132333105457,-1.8583520768580604,False
2.082264092007035,1.8903365340294227,False
-3.201952554321703,1.354858706787395,False
2.223969481433229,1.799521864871805,False
2.7545667289347118,-2.199361462026946,False
2.1426691088271146,0.17455731256417814,False
0.9904638201868836,-1.4129634634766477,False
-2.092516708879117,-0.09552448217664906,False
0.8488766538274938,0.021463792056335355,False
-0.31819347370115286,-0.4867661130576665,False
-3.694481657383109,-1.0236530531585322,True
-3.3196959167681523,0.18507407933331615,False
-3.8396940714179206,0.26949631045758454,False
2.563799613951912,0.9535725175497851,False
0.8253559250562618,-0.11754795201815539,False
2.9540341315661265,-0.799680216920797,False
-3.755427321102867,12.834767019391913,False
-0.8961153601866761,-1.947787420452683,False
-2.6640527796558784,-0.57351708337871,False
-2.991417901731323,-5.162157165931794,False
2.950955869708234,0.48796797329659175,False
-0.2775453971620867,-0.8154955308132781,False
0.1457010708276328,2.192671022868203,False
-3.6529238377227236,-1.1340945770126984,False
-0.33574528815927684,0.953764798400632,False
-1.4064214371742951,-1.3221204738062742,False
-0.5478672026590117,0.7519977166617487,False
-2.773431498486135,1.1843307436278805,False
-0.7053348723007009,-0.6389626209790318,False
-1.9509073050543528,5.39678497139421,False
-0.8978325973274108,1.6498074078458336,False
3.5676176754216313,-1.2467687050481666,False
0.6394877760023581,2.1454814892781426,False
3.2339644823757303,1.0749148422747854,False
-3.609025594327744,1.899683699313826,False
-3.5799270850287743,0.533697197386311,False
-5.035127802635264,-0.834081598973426,False
3.0630087443271505,2.4922612531444965,False
2.9498066353844354,2.3031404140844427,False
-1.3271226154278029,-3.131666033006357,False
-0.6788550422602078,2.5078439282983616,False
2.0558862933936646,1.3303043427885735,False
-0.24644406527945764,-2.876061672689498,False
-0.30975028489689743,0.6557285741370246,False
0.5790221766443138,2.3936720667190086,False
-3.0643953989461368,0.9697107252488522,False
-3.8474587990942766,1.231298740166984,False
3.5312233156677064,0.985382050444602,False
-0.736999672350698,-1.3439714638480948,False
2.7186513356147888,0.8043408181383532,False
-0.004941108762904899,0.7024684577238752,False
-3.6321197279205197,0.8961086947958348,False
-2.3909701002289783,0.11596306197525802,False
-2.152948851483559,0.10041992114729315,False
-0.9464047455486886,-0.0506705600018645,False
-1.545518239413156,0.1890248216762006,False
3.725632704065868,0.8924506399950413,False
4.42569271805869,1.8969992274738054,False
-1.6821897261646013,-3.0064999251473417,False
-4.023852506818604,2.157915408400341,False
-2.473871047534001,-0.6150337876482284,False
-0.09288379214442219,2.3022373143882837,False
3.8185475499534607,0.7424111161523058,False
-2.4146486133300726,-2.1303788115122724,False
2.6770626314684765,0.21686315779676335,False
1.7317247532163305,0.3645458119051847,False
2.270844291387041,-1.6072408397172793,False
-3.5442896282393597,-1.7129741514574304,False
-2.5652898118084004,1.5622087138706533,False
2.4051180597350044,-0.7960388000091355,False
4.602016670611549,2.1873969020594055,False
1.828720620245264,8.139393335832757,False
-2.7733821347345895,-0.1625012937416852,False
-0.07509676601519674,0.7685437390434469,False
-0.028554257759679572,1.4297694357355606,False
-1.1502881835177214,0.45059531653148743,False
-3.9152600598292304,-0.08576675945861727,False
0.265680373515783,1.8375005385963894,False
-2.952145772059927,0.11282180005827275,False
3.494008886042748,-0.20625681046268854,False
2.589849536688032,-1.9623945066444484,False
4.9106765333052635,-1.2130681207087617,False
2.0971975820101982,-2.3624742688450913,True
0.867063899255929,-0.10395309901669639,False
3.264965230596611,-0.24163843600694263,False
-0.2161061871353687,-0.9679368291325208,False
-2.3304012845595774,-0.3119094451574245,False
-0.007182249164027845,-2.35320350459095,False
-3.146656131197959,1.8884215123519337,False
6.633028985595223,-0.5584977428970207,False
2.3843353579373123,0.5551198896267584,False
-4.607098799629103,-3.8552072351464224,False
3.246337510890089,-2.1883780772733514,False
3.100120647443833,-2.5637806917146913,False
-0.9494043250622831,0.5467957832299218,False
2.471264958267408,-2.029653125762987,False
-3.0840587787073432,0.2179012524848288,False
-0.7070870442483244,3.2008164154685925,False
3.178558876385949,1.973352840294096,False
-0.80815337125322,-2.6168463119705367,False
3.3251149027377704,-0.4353226373271306,True
4.1311369860288565,-0.5114697733003698,False
1.402201025929875,-2.3663944488204605,False
-0.7620587225353724,-0.8514031523129663,True
3.541809563025268,-2.220778907899523,False
0.4031015047524647,1.0284966472058723,False
-1.8761335955416036,1.3091691134279089,False
4.464743562270338,-0.7992719295923648,False
0.6098880638898786,0.36847329800559736,False
-5.067625829761498,-1.5752833074779926,False
1.1823002605570883,1.2567438564645343,False
2.6747456484285625,-2.316345621463843,False
-0.3426909011659488,0.38256696006368934,False
-1.425163226258241,-1.9898276320098633,False
-2.523689971056587,-2.387071160012035,False
-2.667500691967313,-0.8115569485284075,False
-5.492059048309846,0.38208809027317875,False
3.0099971548223206,-1.4999680075716464,True
-1.4708509126994755,-0.3337001010725142,False
4.2669063981319075,-1.1493607256375153,False
1.153330729598594,-1.1955704947291736,True
-3.579910825562174,-1.502830076665906,False
-4.950495206920489,-1.4599457071878508,False
3.5844974839044306,-1.25042262506988,True
2.680942051184083,-0.13790298519466943,False
0.4352198935774802,1.0227105033888912,False
-2.7863599384596855,0.7163567451800243,False
0.7677782941221515,5.2796112798857315,False
3.4679821912795696,-1.654843216035183,False
-3.595926148639396,-0.03995132212290819,False
-0.025458145071071404,-0.3795412825667522,False
0.48936926585551405,1.3762333903029214,False
-1.6036479994841746,0.1431480314672958,False
4.860940445561359,-1.3482421089193921,False
-3.8056686293355315,-1.042884850356074,False
-0.5358570069101827,0.2001229046407031,True
-3.6188947558415796,0.8927516491387333,False
1.6936561847709095,-1.9830065827766787,False
0.5617787546719548,-0.15838399875903086,False
-2.828497935622792,-3.4636797346593893,False
3.880739450697316,-2.9221139352833907,False
1.3611210083408196,-0.4040635349434927,False
3.7989278422598227,0.6565162936196008,False
-3.5741599805573534,1.6035895153741573,False
-5.836549297165662,-4.4038857100422,False
1.6117363655560766,0.5445519651297867,False
-3.9728324341517007,4.752137079362815,False
0.20721333679811046,-0.8595288692171509,False
0.09247073424386476,-0.028338980620134832,False
-0.13276032945827057,-3.3991973791270302,True
0.7395695232417824,-0.11337748451476204,False
2.9414369069633644,0.4115250724604698,False
0.9000659314998386,-2.520971834667602,False
0.0499286116429399,0.07174743171501215,False
1.9238425316029577,0.4807029269768034,False
-5.279880289099847,0.7735504938538593,False
1.8959805574753288,-1.0548315373280772,False
-1.689798670044704,0.04062452524056499,False
2.2514685347476795,-0.31077414464555936,False
0.24552268673324495,2.2990020903747617,False
-0.18589859121083874,1.772533859023446,False
-4.683343548084879,1.0316846667740196,False
-3.2984324225803396,-0.7542379823263389,False
0.7365102419036019,0.4642147222465792,False
-4.350743721190415,-0.9466412756965145,False
0.8862014794749237,-2.515758683300113,False
1.9425813485823038,0.4552558787331765,False
-0.08104270765946314,-0.22756128670914944,False
1.2735528645768892,-0.27724868196467917,False
4.1119432889233405,-1.615071663513185,False
0.48641426621783207,-0.928896299717005,False
4.105361465660827,-1.9998126668937886,False
1.9867039185558173,1.9574342186313787,False
-4.816460697269183,1.038397335148688,False
0.7233675003955086,-0.9308391782891043,False
0.1350626065267352,0.6638751867620643,False
3.042743278086684,0.7161505391614933,False
-0.06305999984587038,2.4590122235338705,False
-5.347911037608185,0.22888210252876057,False
1.3628762019631846,-0.06447137061372049,False
-3.5092612713242195,-2.1439140689442295,False
-5.757264903497654,1.1104621638096768,True
1.039622624942609,0.39834910909376126,False
3.781483315048731,-0.3263408874925778,False
-1.18617075966482,-1.5164447950531377,False
-5.6132425209086705,2.756140434772064,False
-3.588064531045122,0.7470510495041885,False
-0.7555966088628963,-0.14088036861664063,False
3.4576792955901987,2.276921508990128,False
0.6390404497975657,-0.09557786358871506,False
2.227297805705457,-1.5825081079652674,False
1.477293535377214,-1.1807496038490177,False
-2.1274686721041114,-0.2140701184739782,False
3.095664175127541,-1.6422990782368254,False
3.5078489754078928,2.114366100946537,False
2.119033847473095,-2.163493372428696,False
-1.3689155399819521,0.4774997943180051,False
-2.6978546407694934,1.9270504524494014,False
-4.097867871441677,-1.5048933211054751,False
3.27318966158378,-0.2824823436097265,False
-5.430601875438622,-0.5971658891995608,False
1.8307491762479702,1.9436472415552017,False
2.1406717467088456,0.7540959583083261,False
-0.6683593487730106,1.0301620210915832,False
-3.5667885682691876,0.4952290064084424,False
-0.98821805618051,0.13934431457542643,False
3.746024297164869,0.36120855186712597,False
-0.8445499764351356,-0.2975631652004424,False
3.509819335842939,3.0971386411769957,False
1.8898556375466136,0.5473553903924647,False
0.13225192871596023,-1.9237999164627926,False
2.9660637369514533,0.13946692278993936,False
-2.634165741548866,-1.956749795212237,False
-1.347864845321501,-0.18055199307347747,False
-3.6963116344591955,-0.7388637859491703,False
-2.2455808275914806,1.7843035248585934,False
4.926342526097437,2.306277103983042,False
-4.875425573616741,6.487736970583901,False
0.7564119955092286,1.3058321485197268,False
4.217433357398348,-0.021888688510705988,False
5.145182963006429,-3.2952742318530954,False
4.518472189023001,3.490775963123092,False
-1.1651602736740092,1.0710426296420419,False
-0.25025353128200967,-1.7119117891149935,False
-3.7353615910149522,1.0076228727988985,False
-2.299998767742786,0.42370887231945203,False
-1.6101322044442437,0.9255432503408281,False
3.0201024963250043,0.3436993296204829,False
1.0056301111096089,-1.2514907868074066,False
3.236088580036261,0.9869339494380647,False
-0.24010189984229746,-1.3199365408688621,False
3.3572933301405,-1.265950377440347,False
2.9831802019963845,0.4876271997110194,False
-1.8531926633818505,-0.8899176532064023,False
-6.256162569719022,-1.2490419528969423,False
-1.7277678472932951,-1.2531600462931434,False
-2.012592179328396,0.3565279707038105,False
-2.0052681258591294,-3.2587444115814184,False
0.5461597526558629,-1.2431503352951756,False
-3.19541894185031,0.7686923795448038,False
3.351733933730493,-2.755739106764124,False
-4.039628434855218,-2.116838134558835,False
-2.720231145611693,2.217535229008156,False
4.556893975262763,-2.0025056990123637,False
3.38480120190837,-0.971224892894902,False
0.41079583114926926,2.201897387621413,False
-4.755026792153854,-0.18204266777236103,False
0.5197524761288768,-2.6518103512814055,False
-5.303532191081116,-0.0038403937448483593,False
-5.199061673626476,0.7328589174623749,False
-0.41827672656496995,1.2538153229730782,False
1.6019629272682716,-1.7230478853624733,True
3.34077873923988,-1.6857290565523624,False
-2.31833687519262,-0.12061155974235209,False
3.985706458089881,-0.98345384414534,False
4.045707882512701,1.6040597477835834,False
-3.1291808362319955,1.0961602233543095,False
0.15298747293904602,-2.2816840184760587,False
0.11136565573750119,1.364412887764006,False
2.080736033507011,2.6645684398879643,False
-0.04421839872519028,32.38457710027618,False
-3.818621458770388,1.7885577124345842,False
-3.0821550031125895,-0.5392298903880524,False
2.8818707598696602,-2.4156993649131824,False
3.008936031368419,-0.9848291538191752,False
-0.42890052755658786,2.5380472878568145,False
4.343138920939213,-0.5108502258917794,False
3.083569085188327,2.111074165541379,False
-4.122163024512916,-0.9440422357927394,False
3.207440648048976,-1.252567914127238,False
-2.400284361222984,0.22423932910904426,False
1.6611318411088292,0.20163771387186288,False
0.9509575668617339,-1.053889869871461,False
-3.467552157341004,0.1495803533349419,False
1.344650348977389,1.0777416680189322,False
2.810012874366968,1.387275075657309,False
2.3137698530083903,-0.9076982754156173,False
-2.320311692177008,2.5522813898162764,False
-3.7358681677004544,0.5913152184968608,False
-0.10427580659350422,-2.2631191206099603,False
-4.4355412922212984,-2.084512133667504,False
0.30388050282640294,-1.4490082165553142,True
-2.43141182380889,-0.5012291560090607,False
-2.4917418429081426,1.596055709934434,False
-1.2964233171062582,-2.6171180930250277,False
3.28798579437316,0.1759628180806966,False
-1.9156885321827226,-0.1326877575299559,False
3.2225018335702575,-1.2677877607723833,False
2.1486286770257568,-1.783976891851885,False
3.0460946134918014,-1.0982058653911828,False
-2.5826379144541214,0.2988316194951857,False
3.5227958435950093,-0.36802196730680536,False
2.293028785658285,-0.4493861563805508,False
0.004435831626847955,1.7590374869241407,False
3.7078289421944257,-0.016529117440487573,False
4.532753813724888,-0.9676197072873758,False
-3.7496113106978437,-1.445310166760559,False
0.19590662689377078,0.5917002904806428,False
0.5724550262677714,0.4470794372518913,False
-0.38342955113705945,-1.405488174309772,False
0.9072651741107078,-1.4487572569275868,False
1.1903106395336225,-0.788287127167595,False
11.944177671243501,8.67130323376327,False
-1.1499515581525603,1.3573150782707242,False
-0.5588337508121951,-1.5221702417917198,False
0.31264564134407186,-0.2311728543609161,False
-1.1464933837344096,-1.79244740898402,False
1.7570448283211086,1.1214865045573221,False
0.7558781449243047,-1.1314911815180408,False
-0.016813620753794573,-1.8976483176416912,False
-0.14286616975704095,1.1033588917648651,False
-1.6570266445066983,1.7179620428218119,False
2.7261057017882755,-1.3313530364628088,False
2.444139650926486,-0.5628404356224332,False
-1.9510494806551784,0.1607717279010325,False
-0.03616391668831617,-0.7237311692269349,False
-3.0373423075110937,2.5100488749969005,False
-1.6011209211842938,-0.13366418928210416,False
-3.164312282636259,-0.10442932711778978,False
1.7742919802079455,-0.250945397974366,False
1.399940154439321,0.4999090187368416,False
-3.2909975424364877,0.7701307552684646,True
-3.8592996641552926,-0.13162245593300945,False
-3.6269029970719133,0.9845473660710647,False
-3.8266934928802634,1.6304243565093544,False
-1.0568647626125325,-0.37653986333612277,False
1.875156753541105,-1.1825044247353227,False
-1.8803883152071421,0.17579759919752697,False
-0.687250095147006,1.1399467473089961,False
2.054464296813862,-1.9239557831477234,False
0.2748718539679572,2.2888884803948892,False
-0.8051060620880038,0.7067149867013259,False
-1.5755094104211724,0.9715583279226538,False
2.0031951539489277,-0.05952391832186784,False
0.6584867956612835,-0.6853302226306662,False
-3.2371170323486442,-0.8129678622862798,False
-2.273943479294168,-2.8231223715811957,False
0.003919866466836503,0.45175055746040055,False
4.236710731897184,-3.78338698505855,False
-0.12437962798332515,0.5454724348013831,False
-5.16849638269903,0.21201181229462784,False
-0.6533966443226484,-2.0886878823629855,False
-1.1621402222084047,1.099286268548709,False
2.1701880278506747,-3.4407200693731284,False
2.549839895114093,1.357590502529805,False
-2.677267576231688,-1.0914490540688688,False
4.229664347564495,2.302949818417191,False
-1.4062939928095508,-0.6457454540760383,False
1.7214144448626028,0.34305914035327684,False
-3.29654002374849,-1.1717395369868924,False
-3.182778660947779,-1.669762234437564,False
-2.5518445848356426,0.33492163623226473,False
0.3722659201811609,-0.7112711635555833,False
3.7555214674348667,-3.453040536954672,False
2.667347182461072,-1.2546271194698873,False
-4.857491622209607,-0.22355170558259038,False
3.331330630150708,0.5570543580887045,False
2.5626469243169336,0.96768066696058,False
-4.051232544000592,-1.6798850028401626,False
0.07208504209079152,-1.0187673142635707,False
3.181552955879655,-2.0865951512846204,False
1.089783550713446,-0.4020777266348414,False
3.758197134796926,0.22492395896783876,False
3.051542969962665,1.0201221151859186,False
0.6335484885026899,0.7973591339505333,False
-2.529666294429161,1.2559367534513404,False
-3.118753508739293,4.341528215408203,False
3.4596587323791392,-2.060494382587465,False
-1.9283683692243372,-1.9626056951706252,False
-4.175116922703865,-0.8983524378089462,False
1.9211582038028332,-0.9257380530035634,False
0.5758546405516783,-0.2646740043096516,False
1.441083257451864,0.1840913153687242,False
1.3017205607642128,-0.7538942759486998,False
3.457150620160003,-0.2835464874175859,False
0.1020770195587459,-2.0166498283392316,False
2.0906596509678455,-1.3204853060650077,False
-2.1903303723816476,0.6289231822627852,False
2.7662244730638528,0.05637441273123902,False
-3.0550056115083177,-1.779484501119218,False
-3.0778572883485804,-1.3925822389422686,False
0.07543828437526305,-1.6108423912892336,False
2.75750964946311,16.82500012041255,False
-2.836908430469881,-1.0673121207558427,False
3.078776794921559,-0.8696911740671689,False
3.2977459350313594,-3.0613710781921544,False
-3.8884965671661997,-1.672070821729839,False
1.3234307524536966,-1.8033114122001974,False
3.5510835902383384,-0.7892052166007743,False
-0.9823123051290678,-1.535549653793083,False
3.0772227126032843,-1.012414788554671,False
-3.355643342430922,-0.07592246789690997,False
3.288489428896484,0.8573197386307738,False
0.9927853794766377,-1.4850112143601537,False
2.6136459868138933,-0.7665050169110106,False
1.8746298409548894,0.7627552273565991,False
-1.6755055607985974,0.2923720615738909,False
1.9581124328502126,-2.106746805809638,False
-2.9453450660042417,2.659904288401956,False
1.0654316979279708,0.1269638487129459,False
2.564367669915208,-0.5616534381174288,False
-1.2836135855615585,4.805223274275294,False
-1.2118552756123295,-4.830450770147453,False
-2.0051769372779797,0.05682255628300443,False
2.7255368370280326,0.14848929249210166,False
3.6979394888481387,-0.5887082052123512,False
-0.3442933377266515,4.8364349947700696,False
1.919940411415118,-1.6750056894886043,False
2.0390893286097933,-1.5961494701026435,False
-3.0470473189303844,-1.0107361059066904,False
0.864562832688966,-0.4623359810624777,False
0.010994350183707995,1.4698628292610671,False
3.36731746807894,-1.2941893844902925,False
-3.587238240061869,-0.5943278003615451,False
-0.5222600481621542,1.5951753140305067,False
-5.127544764651821,-1.9034644669056922,False
-0.20447555005272658,-1.0170679941635155,False
-0.10905381792235899,0.7903301178254939,False
-1.169922605616341,0.2937104573997263,False
-4.137954379619007,-0.621259426318884,False
1.9034067455406023,-0.7682314387429758,False
-1.8342102342925304,4.817821225974946,False
1.219324370351003,-2.7508058528161126,False
-0.7489807487215733,-0.5059840783997938,False
0.7395326772469633,1.9588369086104627,False
-0.37048293128811177,1.2231460531424518,False
-0.8076869251816486,-6.8469722404928595,False
-2.6522277327611,-0.5527223658295624,False
4.842387287749974,1.4153034632363497,False
2.1241265074064803,-1.8841620190511952,False
3.451553325676017,1.203355988823518,False
2.204490603917602,-1.6920562842463625,False
-3.347510117731497,1.3587290172649915,False
2.321270603104824,0.269294419021254,True
-0.47671576263582965,1.597800252983923,False
-4.481077905137449,1.6742856838301392,False
-4.2408181892808345,-0.10299091140649418,False
-5.24819988254572,-1.2892685289859869,False
-1.5610800311346866,0.6598545722452103,False
-1.055423583338945,3.0686709089826527,False
3.0763947065560826,-0.9984475338097207,False
4.565474848790096,2.648048712458511,False
-1.46612390168496,0.5963425154882358,False
0.372694852208603,0.0020868721002502266,False
2.418627909896031,1.3025943749239501,False
1.9473982394901914,-2.022806854907256,False
1.8215566731632271,0.9051307715609787,False
-2.483075949986878,3.4053411293288374,False
-0.42660929783029683,0.9113451364574636,False
-0.6564478886527126,1.2066432796768924,False
1.3363188776576191,2.091744792581172,False
1.0915272587875346,-0.6232773402511748,False
-4.832419824574166,1.7587912232390102,False
1.411806766875974,0.44252012358527104,False
-0.7546695275358377,0.5839781132297214,False
1.2302452630271232,-0.4524647542287263,False
-4.539439045378476,0.07331812937054448,False
-3.240915997648452,-0.9090972273226137,False
-0.6736146589761616,-1.615827760528863,False
1.7496894833283383,0.023658266204817202,False
-3.8120817186066507,1.3047620472805272,False
4.168052562851958,1.91268484238539,False
-2.190431943748344,-0.6271951923377677,False
-0.9021092511851354,1.226850934971606,False
-0.7782089343723267,-2.7313331564953365,False
-4.510480731673527,0.4650652228928,False
0.71637117677635,-0.10754587613996697,False
-3.2296142033247666,1.4302080981280059,False
-4.670633578269655,-1.5119062551877394,False
4.453868638900437,0.7373148032093099,False
-1.7651137477752274,-2.405449072978333,False
-1.1351616323598193,2.5392869426560107,False
3.3618000202338916,-4.351761194694803,False
1.8163637425066717,2.157204375077222,False
1.4138370752779046,-4.244459322335498,False
-3.70156570928908,0.715885937183368,False
3.012020898783867,-0.7883356073475745,False
2.048770640216252,-1.3167441112204221,False
-3.13092895973161,-0.8382609744105606,False
0.9919922719032405,0.1987638403137038,False
-3.9397543760657445,-1.5106961521695166,False
0.8211126860085333,2.0959699116752835,False
-0.6086029608891099,0.9722593319971062,False
2.6538651152868167,0.8605385021620596,False
-1.0856407353553434,0.903199450558827,False
-1.7807194301497637,1.3071088822968668,False
-2.216745151840785,3.0685848286885076,False
0.6892739431728383,-0.0010445862332853202,False
1.0695382448559687,0.3197763759158126,False
5.230797490015919,1.2105765256464425,False
-1.499131186755821,-1.1958847831856505,False
1.4819579965618532,-1.3638795370487276,False
0.5879176818041175,0.9312745380920686,False
-0.0798713748950262,0.39825190103013164,False
0.33212002580762967,2.8186827403824566,False
-2.1837415208009956,-1.4990365529381677,False
2.6780703874463625,1.5316745121601385,False
-2.705694539561971,-0.5281700942313501,False
-0.22616198941284188,0.03565262068853736,False
1.7987388892549712,-0.219545055117596,False
-3.1921767069018236,-1.3760408463763463,False
1.0328378280448338,0.8589768177164888,False
1.1192804387878028,-0.3556313522048045,False
2.1269041764421295,0.6056817919729854,False
-0.016222129676196673,-0.9147796524462412,False
-3.3376857949275527,-1.7062409141832222,False
-0.03551985650585809,7.806750309903628,False
-0.6136196117674833,1.8427305095549165,False
-0.14825554701169888,0.67414215436225,False
3.883932909328512,1.3131822426996336,False
-5.456362122718525,1.8733589644663458,False
4.178038898446418,-2.709750439456519,False
-1.5781796227661085,0.6345669487672485,False
-3.5304191630804804,-0.2540982125373089,False
1.3172864244425821,-0.03452355201514498,False
-1.016706965857213,1.1955014680577865,False
3.7878291218978988,2.3316194712677647,False
-1.0868342713971457,3.2386611003863504,False
-1.613998560137673,1.6550297625500772,False
0.09006864503816146,-3.336285792220739,True
1.3637536147019187,-2.554954311054069,False
0.9412292432324384,3.2821296469851764,False
2.7059224326738764,-0.5628931344404121,False
-2.0231485366008566,-0.38847046172136973,False
3.682888554213388,0.3239339395786355,False
3.265473042651506,-1.417880495817386,False
-1.6678170462001622,-2.9118859029819104,True
-2.5974563040845013,-0.5200266818305663,False
3.869074381358873,-1.7385172847352133,False
-4.480384677915891,1.3280365825359353,False
0.2611713401987957,-0.431237923140262,False
-1.9513794199741183,-0.03721067621786235,False
0.3843633251498133,-0.7598114456855227,False
0.9048951018874563,-1.782879978419563,False
-1.0892887385383456,2.1999822803868647,False
-3.047674447178776,0.5478561076326807,False
3.125499253027986,2.3469597562201945,False
-0.8431649300856519,-0.5249146908041527,False
0.6588185707284736,-2.6259884433765355,False
-1.0833118787794023,5.5475763846270825,False
3.0716115801101793,-0.7096341444986242,False
0.9771608247802552,-1.9207902053454555,False
-1.5174535315292872,-0.9396209757348561,False
2.9536106246049605,-0.5456029124012773,False
-0.47319832261654343,-1.283074587168029,False
-4.443672333573413,0.41868800220852515,False
-1.098334691669609,2.509486596114639,False
1.1290346312494655,-0.9756916533463836,False
-2.5906847554550794,3.020495744727205,False
1.703939877351335,-0.9705767200413613,False
5.020074676104091,0.754461778240107,False
4.1874957936818555,-0.8992401748342497,False
-4.74936475845024,-1.137024605313616,False
-3.5985204700786446,0.7928987841206425,False
3.160545187059342,-0.5507479177778183,False
3.4887723564109527,2.2340120384442703,False
-2.559344879127776,0.9289198598050977,False
2.4458535199792926,-1.7780691259867796,False
2.8677614642530487,-0.5025346991690504,False
3.6055449237810357,-0.24857064487086786,False
2.31423187181644,-0.878525812750088,True
2.523287998764722,-2.2759967172959175,False
1.0223610427997587,-3.451037815948526,False
-1.6889052918153997,0.6367885922878901,False
1.97822971408929,0.10736681533208108,False
3.0846556434583143,-0.788427967896779,False
0.13594427623439928,-1.6868086001275235,False
-0.33255147618302955,2.1523023091852127,False
-3.3859006579090543,-0.5876432724581784,False
-0.8590077274736787,1.3356862578655748,False
-2.888539379749623,1.2041980287699157,False
3.010207058540461,1.7796956979282512,False
-0.4092956167267277,-0.08346461807521877,False
-2.3497147937738454,3.8345751299914905,True
1.5230347779563147,-0.029090272035462654,False
-7.341833020891952,-1.323699692578899,False
-4.3216758033829485,0.4184802834096775,False
-0.44446191577815813,-1.1349403890946146,False
-2.670896335020068,-1.6488309770813119,True
2.3442596892016976,-0.16717629974651252,False
3.5376630725700817,-2.221825271888073,False
4.361410560597257,-5.786515313611028,False
-5.983682653603151,0.8837442353846517,False
0.027214132181728315,0.1417239288864652,False
0.8052081701849004,-1.803519620454039,False
-5.890553535440096,-1.1456308374235007,False
0.7670127183508303,0.22573236702484548,False
-5.274634544146092,-0.6314860705850041,False
3.0676353796467555,1.9432659849128855,False
-3.1090790334265637,-1.8323547931680662,False
3.5847536086821132,-1.3932917571824783,False
2.2971126469806817,-3.4371773357491593,False
4.15613931395024,1.494747388594383,False
-0.9203821259745799,0.7829897368308758,False
4.450466406891489,-0.43357066006853656,False
-0.880439270345232,0.833379669716963,False
-0.6698999198693879,-2.2942498416169896,False
-2.7394343729839883,-0.5414128553256545,False
-4.566012571428401,-0.7062994660851251,False
-1.0583428847721017,1.107797972605283,False
4.540207344713352,-1.1516553057977394,False
-0.676173353785998,-1.161506061293977,False
-0.8451994822451048,0.47216662437405155,False
2.0883927497125856,-1.8831217947551186,False
3.4124977675624892,-0.7388863042864958,False
-0.764321662097904,-0.32108372133080804,False
0.6098563936907401,4.051530199725613,False
3.732163881748771,-1.9345096187630109,False
-0.9578652864618634,0.31316572926165887,False
3.1803496212208717,0.8107840419286068,False
2.3659379806432104,-0.8556093298091436,False
-0.5736540607074844,-0.2660769931425215,False
2.727401339519102,-3.614528306782677,False
0.825320505011883,1.1822444463816553,False
1.3141492703422817,-0.33164939733270543,False
-3.513111525777293,-3.0437744249608043,False
1.3652642005111897,-1.9547201556654037,False
1.3702328532431254,-0.5392253883157678,False
2.374992593602932,0.28792221315424354,False
3.3622779385204162,0.790463543542125,False
3.2152441012320483,-1.5688946128029833,False
3.947945008982091,-1.8310729328407742,False
-0.554932909567231,1.541456378453356,False
0.34215382923746157,2.388603183648921,False
-5.330671337647883,2.6940045291256394,False
2.2369496955482426,1.0997333051017328,False
-0.37611557735519635,1.4999601759556962,False
2.2650181715029087,0.6752517979606054,True
-1.1974716046629745,-2.3723412221615874,False
-4.277442876191842,-0.6818853657141898,False
-3.4831499505224177,0.5732691534180845,False
-0.485525987118379,2.683797982069257,False
-2.117006087149576,-0.6234538902431154,False
-4.699183325267088,1.8386558331606218,False
3.3785591987670553,-2.327521537365615,False
3.9413052822606445,0.08092750649204028,False
2.6557084795950585,-1.5356248662190028,False
3.743756796854699,-0.7465867462746771,False
-2.1914510984015254,0.6525111895604822,False
1.1415715304881322,-3.5215225741870495,False
-4.059890621054761,-0.9895496300476353,False
-2.9703365086775664,-0.11276613461260991,False
-0.3839339677032038,-0.9342428573777891,False
-2.2441265233441436,-0.8070911097508432,False
-1.8186797440984037,1.0748221459488723,False
3.9876931297839335,2.876999293155515,False
2.0998251888963426,7.354437592380234,False
-3.3061098369659034,-0.05426589272898217,False
1.384411358916797,-3.24236443314903,False
0.9751393417192398,0.5779998108238444,False
2.834148891236757,-0.235614300169079,False
-0.4297522805652744,-2.846801085403256,False
-2.4853035786337356,-0.17265776646941983,False
2.3361788940822765,-0.7753704949463038,False
-1.6371867581852375,-2.7351981804908823,False
-1.4385934000515521,1.256379866198709,False
-1.4079400917095422,-1.9367596306197814,False
-3.975192120550986,-1.1385408226106224,False
-1.1511393139531678,-0.5228612923624321,False
3.855445726717478,-0.7034115424579006,False
1.419080322237919,0.7970594556879359,False
-5.449095276792696,-4.177318521451003,False
0.7005622396270241,0.5024717179328937,False
1.3030273026084893,1.1106538302162827,False
-0.6001616639020843,0.626645181777642,False
-1.7353251998906365,3.3860565941294274,False
-2.851688418236264,4.766479882931093,False
-0.07773983524422273,-0.8413757351943238,False
2.0852170044553078,-1.0751999650101738,False
-1.9601298030764944,0.084670112330323,False
1.204673291119458,-2.4610966642400247,False
-4.8194224441654985,0.6046049219710145,False
3.0224861301031494,9.913600616932097,False
-4.738830131616835,-0.28847455487342544,False
-0.46032648275894883,0.5309022997075428,False
-2.521532279983767,-0.6673052989238598,False
-0.07975115810842319,1.7918044066327372,False
-1.1697306329531445,0.05821172008393345,False
-2.392549937140327,-0.19564588666672314,False
2.3602846203722456,0.3988088537609994,False
1.7846917359356977,-0.1743537358659991,False
3.1962219512072223,-3.199848739877624,False
4.397902454856382,1.1343570128070484,False
-0.9962251280564673,3.3637298443075867,False
3.3449648794689755,0.4830103959750424,False
-1.341368568580641,-1.6041575657033618,False
0.3494662144484104,1.496975120802824,True
-0.7147727431795812,-0.07302469875738776,False
1.4688396733335036,0.30583986538197505,False
4.251303889186924,-2.214518265706527,False
-0.06641195720164812,-0.4503535490256306,False
-1.3884365567103012,-0.6419346265983323,False
-1.7906735475537756,4.141181968618355,False
-1.769777125505281,0.2672142746421986,False
4.493766043075583,2.1601888257272055,False
2.387150088421829,0.2953468046195224,False
-3.19690612491373,2.199729335006259,False
-2.6992781071777276,-2.0229151579108016,False
3.1784990848861807,-2.995461141011034,False
0.34231694227607934,-0.9688553720057195,False
-4.086572068553709,0.7799859041097764,False
1.1133232384549716,0.7026460436982667,False
0.5246312409331182,-2.056505267843781,False
4.246758052481832,-0.9161794331509225,False
1.6455678414713142,-1.847701604520733,False
0.26684773399185263,0.9218142190473716,False
0.9916957839808344,-1.6233908776928971,True
0.09309285623280021,1.4830404160182327,False
1.7136674164190564,0.22732642805790004,False
2.2037747414397786,-0.9530078609825419,False
0.7854164995723136,-1.0637937890402374,False
3.5219694093550102,-0.9143857300134687,False
-2.686234610790141,0.20864616362745403,False
3.2716858115671026,2.0673631965357586,False
0.3308491575205596,0.11945537695698426,False
-2.3158517762968645,-0.7028923950970899,False
0.45664166123197236,-1.4571265291716011,False
-3.7263579354115692,1.8248468377904488,False
-1.2899521450032283,-0.549694346553747,False
0.3043542261924648,-2.2072088528137024,False
2.5003861714216016,-0.2120454604511989,False
1.3851812065972362,-0.039772737686006185,False
-2.4043770561302615,0.22147071638856403,False
0.2646233579152303,-0.6911627844311508,False
0.4811966581907914,3.1232044822244784,False
1.2606733209159706,1.1691965283866117,False
-1.4874844658907098,-1.6218234263055193,False
-1.6017784342574708,0.8737533296885632,True
-3.213586024331364,-1.0632242225867459,False
-1.8218337038342012,-0.46052860715340094,False
3.5629690990876286,-1.2384381556558157,False
-1.3461276798724113,-0.25531309037859373,False
0.927254534443787,-2.6209689303952985,False
3.180678586013262,-0.7933602876186749,False
-3.1519863713605,-0.5590998001221312,False
-2.029978034126955,0.3660655016230755,False
5.925196260000962,-3.0577574761138595,False
-2.7990806503660925,-1.4107129630420516,False
0.9320886892964183,-0.5896680573501997,False
2.324432307912966,0.8332275298899886,False
-5.968653654917674,-0.7282561163527332,False
1.6410255790856532,-1.4067717465180414,False
3.295156005934988,0.673468200491371,False
2.6311649388777107,1.8473039967966598,False
-2.7690863897280873,1.602873774151188,False
3.124186373390939,2.911102787821184,False
-4.249871137639374,1.3617842077023088,False
-2.996598976412073,0.38966295847863647,False
1.195486581267345,0.7431725642018838,False
-2.8094997543632436,-0.12131137189950351,False
-0.216173804245926,0.7564891282627066,False
-0.9900876591562696,-0.8619932493098638,False
-0.12923114959029264,-0.9715707249658561,False
3.0213243424193514,2.0493116033887415,False
-1.1909948491423108,-2.201118950932129,False
-1.991783293838554,-0.7136341772244147,False
-2.987937049940507,2.273686441109314,False
-1.4383653377386778,2.0815264344547373,False
-2.8040373272655024,-0.5787506398814566,False
-2.5187936390703807,0.3420815841852269,False
-0.882724780148377,-0.38253497044483165,False
-1.5808436051091546,0.15956604649105366,False
1.2071575839735758,-0.5131669637575229,False
-1.7290967621592916,0.8352138588209805,False
-0.08972074946444908,-2.069698831115077,False
3.938671023050729,-1.9958293641202747,False
-0.11031181301733461,-0.551810584196469,False
4.694154368774438,0.11015251391798958,False
-1.4069228613475666,2.8374645257263245,False
2.123859280227087,-0.5428503052547151,False
-0.8058400057753591,-3.770833094370997,False
3.8371185854061274,1.541569309778299,False
3.6151211753829005,0.5976741763803378,False
1.397338073153626,1.5386257113966326,False
-1.6232041028288668,-0.3413950972087119,False
2.119898060613458,-2.7809643405289357,False
-5.379978641433342,2.5381010516776668,True
-2.9942839405478243,-1.2063255157547157,False
0.9504390551363425,-0.2932987558903254,False
-0.13829643990367196,0.791951261684197,False
6.67618658791553,0.17679878585582137,False
1.4275318304890638,-0.5208997508673753,False
0.4577036618326618,0.8790162954971702,False
-2.822471346720875,1.8572579806108203,False
1.4981298432431154,-0.5358032414081699,False
-0.9876016521756789,-1.0543319160017839,False
2.1733788489745254,-0.4976130305850953,False
-2.278268818293218,-1.1812253389942755,False
1.1525223845882702,-1.5267799702497173,False
-0.7333789669944043,1.6508842291893395,False
-0.11696921647265361,-1.6916542774248327,False
4.452824121020772,0.8151125548899557,True
2.4133291935265917,-0.7703923017636012,False
1.2459637297657624,-1.8077477176646548,False
1.4980204091662734,-0.785179277703919,False
-0.28875415509767577,0.9638507967623432,False
-3.922058056720975,4.358672967666166,False
-2.748809486890782,2.2836961983444017,False
4.319460847691926,-0.48270869171830333,False
-3.4759937403233123,-1.0253094710060324,False
3.0265982867153385,-0.010504153947374972,False
-3.542621029466288,0.27896216866528073,False
-2.9620995980010743,-0.7448032621419612,False
1.2176065418795892,8.264244806878308,True
-0.5448019743908487,-1.619239842246806,False
4.688979057995645,-0.7709643837501752,True
4.529249853282331,-1.610214334429342,False
2.957087341159755,-1.1013289879618118,False
3.001807399653022,-2.163651546284769,False
0.7577048203094817,0.5739102608675638,False
-3.0664899504680223,-1.0705901621907359,False
-6.156589497115461,0.5286976759941802,False
0.5819423065988312,-0.863078773903781,False
1.4521377557894173,-1.106727844723969,False
-0.5105993736861673,1.1499439650478878,False
-0.5964107981666268,-0.4142851812788464,False
0.7212967399586996,1.7697660852107935,False
0.2865329482448502,0.4472480979733938,False
-0.21306750333900004,0.228802594789598,False
-1.6356797271158896,1.8584940843980187,False
-1.7624004660647123,-2.6780946680857287,False
4.189500546571823,-2.12934293977,False
0.6388166162596408,-0.7448400310686865,False
-2.2123756629506164,6.386085549705625,False
-0.39314903468697426,-0.6240094541062629,False
2.0048076915712243,0.779905230610359,False
-0.0661152674009656,-0.8707484908106307,False
4.627810459921168,1.340056907110326,False
1.927588672291824,1.1049544466182388,False
0.7675777616112961,-1.9232935157961042,False
-1.4236865365775442,1.3727789726383526,False
3.2428041496875477,-1.2582242314796805,False
0.9500418168360596,5.13991398253456,False
-2.2790374939426417,-0.9153223348989432,False
2.9156679876091736,-0.21532306179379196,False
-2.036453771313398,-0.9946252647229916,False
-1.1782529504982113,1.039188656628359,False
-2.063601001421493,-1.7193575874284392,False
0.5741847243208469,-1.1747076510554484,False
-2.1674712105981295,-0.3719047965012592,False
0.7705907518201573,-1.0740935527917186,False
3.26037755824107,-0.245805156925429,False
3.9601937309148765,1.040962979461407,False
0.21645615563309994,-0.7718960969630337,False
-0.3691893078232414,-1.4941509935778137,False
-0.36293355769181745,1.2549995427429044,False
-1.902070934032997,-0.023001987848194638,False
3.325377431564505,-0.12350922962112998,False
-0.04564497978541538,-1.428040881115954,False
2.8730532074117816,-2.2689629278993695,False
-0.6388042843576692,0.7550479932953458,False
0.44694305334548273,1.836840702473609,False
2.880903314057917,-2.4511179396403184,False
2.5187490323935613,0.48536857487776186,False
4.377432348328596,-0.1193185489639907,False
2.7612605779059476,0.7732571477632274,False
-3.82445196959473,0.25203573273597246,False
4.677246289397319,0.10326773169766812,False
-4.276549324534211,1.2585954535583161,False
-0.3712764740771033,-1.4411163640731615,False
-1.1272959018096962,-1.2358840659322403,False
-1.5143082442985627,0.4407575670398385,False
1.055203897029603,-2.2189804050547,False
-4.602491011300104,1.5860395250674506,False
-3.8486168657618536,0.3508317686307472,False
-0.8148239198927578,5.989733362593691,False
1.2872453085797524,0.4255156642298202,False
3.2356367254841203,-0.41242572476186756,False
3.419307965423634,-0.9604833544975997,False
0.11799017090177828,0.6939132607697075,False
-1.8668624690329485,-0.9889051582296814,True
-2.7187671254734935,1.7692902374295572,False
-0.46022431096297284,-0.021868696001727944,False
-1.205099564257131,-0.7946906501097619,False
2.7661821998906673,-3.1591810342159032,False
4.179438321611505,-1.2660205196803462,False
0.6961797266788092,-2.5530318786526123,False
-0.7879941349292661,2.201825023798365,False
-1.1999768926433798,0.7302437686620536,False
3.5059786766868486,-0.24880445603588955,False
0.6721601961938684,2.2500974663200477,False
2.8521986596698206,-2.0130880732645893,False
-1.4503306835620562,-0.39657119392132756,False
0.6977377941907394,-0.051065102066570216,False
3.633283134943828,-0.6660301638641614,False
-4.766770233462654,-0.6693255026406292,False
-5.3193498096607215,1.2312465126261538,False
2.278711905166096,-0.9976643072276032,False
4.474106000661517,5.414770266981944,False
-3.960041998033543,-0.5169168834091332,False
-3.192662343688475,2.8320637375976787,False
-3.6141942754958523,1.8800422241737496,False
-2.5125100046851263,-1.6262206537739206,False
7.907319768711341,2.4092369729541567,False
0.7197537333959432,-2.400009350926581,False
0.06739367857891924,0.8973053939833711,False
0.3736114223443895,4.027696865922222,False
0.7144471932668941,-2.0197284152412522,False
-2.153890105212404,0.4927118051671844,False
-0.015821562717570695,1.5155204744722308,False
2.7214860088489266,0.1338275151969317,False
3.8725104471198346,1.2680684072484232,False
-0.7375394911953419,1.560955600037475,False
0.3189896387122524,-1.3087657361395049,False
3.1499910081289992,1.3637313442228391,False
1.8940096739357883,-1.0208959855515618,False
-0.5836817029030055,0.857211275587313,False
-5.262372899918082,-0.7623850646291318,False
-0.4320891039950501,0.903477199902482,False
2.53242727286425,1.2289700958050436,False
-0.06648277817940962,-1.1505405294032278,False
-4.464216368560281,0.5034259813847768,False
-4.4258062470569675,-0.2366969643968904,False
2.8215156972401276,-1.0725098983376158,False
0.9506581967392985,4.987893442711117,False
-1.0015497663656339,3.8374435681563956,False
0.9799854280667346,0.5912096865681838,False
3.7778600709757426,-2.072715925778111,False
2.8735195615999882,6.950035968693371,False
-1.7517687253171905,-3.028326793759011,False
3.7321186163894646,0.9339196984584719,False
4.427901931553495,2.2654767703448506,False
-0.2716631380820026,-2.448944206971219,False
1.4297982616310612,0.4910683930415111,False
0.5336042251212211,2.1460828026761725,False
-0.3151449265271004,-0.41242916399133084,False
-3.160369921656159,-1.4360571546419618,False
1.3158808486119908,-2.006377986170953,False
4.407981304201648,-0.05393576744939943,False
-4.397850642526802,1.8485861241743093,False
-3.547786913102652,-1.3338022976660542,False
-3.578654616860003,1.6957003690619428,False
-0.7816932655891363,1.1810209033784538,False
-0.42178510022413784,0.5323268592539013,False
4.053619463861439,-0.4955869969240987,False
2.552108276402889,-1.4899432385741667,True
0.6688597651119841,0.20689712299334992,False
-1.2456938729651892,0.46467206632780766,False
-0.27869582040439617,-0.565545355256008,False
-0.5525408558001923,-0.31245416315349134,False
-3.6936440409616766,-0.17296248184634605,False
-4.104936351785675,-1.08427107430534,False
-4.184194764142397,-2.196921722980137,False
-1.1387660432660374,1.1385100270497146,False
4.597877695479604,-1.685231210327022,False
3.693789000170176,0.8119971176873575,False
2.4193793020245105,1.3797545301527794,False
0.5160053930624713,-0.39969551329190545,False
-0.2913305871266799,-1.0746172501457734,False
2.31295030347955,3.0058416263781758,False
-0.43640770100667087,-1.1296853499896407,False
-2.16105793261515,-0.19642217808331358,False
-1.0221539916793259,-2.017629720183123,False
-1.7558209435157721,-0.272589106958683,False
1.9471156257684878,-2.5506163662474433,False
-3.939264556095407,1.6930902782782473,False
-2.0211220408155333,-0.5998593775621209,False
-2.2748620854383663,0.22280302976270097,False
-3.8148734157680244,0.8836308569956873,False
1.7151135676597837,-0.6993484212465214,False
-1.8564089365812237,2.109913513160912,False
4.835054696469554,-0.28718115004303835,False
0.7386533371199651,1.7298838507199001,False
2.503500183161105,-0.09851438781741964,False
2.1115731659095784,-1.8933441394314108,False
-1.202465264939937,0.3775859218513109,False
-4.476321893697657,1.768132471510744,False
-0.25119101301759666,-0.07989158555991259,False
-1.2888465622762821,-0.30847402106726257,False
-4.270081166507022,-0.9388500177242208,False
-3.706477501153881,0.1606260127281905,False
-1.446499377193842,-1.0646179514278535,False
-0.7616447406379783,0.3689560642757964,False
-3.4816284443669345,-0.05354540898451515,False
-0.18842730931704463,1.0838116958274915,False
-1.7316725032176434,-0.17015678642425125,False
-0.9025449811074869,-0.34171900968582863,False
0.6528302218028065,-0.3343243821470593,False
1.8807016318763357,2.1530946011093195,False
2.1598761916305143,3.20798476502401,False
-1.5850805800515653,0.5188418031625495,True
-0.44633788691819076,-2.531269712376422,False
3.8441693166431707,-0.0583474525784357,False
1.3942884629139387,-2.343959053003137,False
3.256591530830531,-1.419330589173213,False
-0.8665103762730195,2.4938808703608766,False
-1.69435561330318,-0.8336105761438218,False
-0.8804975001455362,2.5442821383471546,False
0.5095513178910996,0.18718304794112461,False
2.6988059922094325,-0.09939684437715027,False
-0.25987867779777724,1.1815221252177301,False
-0.37523099078364847,-0.31780766517107917,False
1.2270317975064102,0.8235722533441688,False
3.089372777710535,0.5871068707716616,False
4.092698233527144,-0.5274740695040187,False
2.230458852427089,-0.6788726522324647,False
-0.7005674589971658,0.12454813208338551,False
2.8785700378495673,0.5729777016484711,False
0.02264741903986605,2.4297431003329537,False
-4.005013710781398,0.38144130841928253,False
0.4350623662079482,1.0101843415332787,False
5.697681633349787,-1.880386776052721,False
-2.61643168351834,0.25857902214379236,False
-0.15763191533943002,-0.3704795998078577,False
-0.825585494842147,1.4336928284998331,False
4.152150444071108,-0.6407625821736118,False
-3.4468997281316525,0.0014733365043404759,False
-4.793238201175946,1.363930223694953,False
-0.8589998554610869,-0.8839028659592862,False
0.3228940395166035,0.0348840839773755,False
2.8863682667113304,0.6671645946693933,False
3.7534272964384283,-1.2506608446105432,False
2.071629633873126,-1.0441366240698213,False
-4.805983700823085,1.8645691680799361,False
0.873783587122232,-0.16493358721642074,False
-5.980489098624651,1.92358323062992,False
0.07913281890103639,-0.4551343511973927,False
-1.3349287414938569,1.8501243105212506,False
0.2606385056141442,-1.3121758216012063,False
3.106275912750976,-2.0629373505778146,False
-0.14270631581389728,1.2937614359924,False
3.014341621839762,-1.3407752537368631,False
-3.285456698597215,-0.9102954948021882,False
-3.643514456547072,-1.9913870951655215,False
2.988586337501414,-0.13495667391576133,False
-0.010099413094388034,-1.4719074706676767,False
-1.0923593528748154,-1.7486277842457496,False
-2.5009505831552987,1.4216773605957045,False
-2.115328503454748,1.5330977940394825,False
3.3910435291463763,0.30368225790494047,False
0.02783172616452606,-2.695320240301155,False
-1.0673487649795268,-0.8692427492906682,False
0.5028812870201894,-2.2007476812025053,False
1.6838355652335886,0.5412749542389259,False
-4.479960726690407,0.8567629990406562,False
2.743485490966388,-2.1781574578545104,False
-2.1591675265897616,0.5857677825980165,False
-5.037200736039833,0.9374042238186976,False
-1.4277859766931107,0.3191921630712598,False
-1.2650232353172557,-1.1407517181067997,False
1.6069416448011051,-1.8079915088446001,True
-0.866328095531889,-0.7288198643523485,False
-3.9582723876712276,-0.7416609874591829,False
3.295240921713898,0.3068191217941137,False
1.7247553900783505,0.3110203603537796,False
3.0023739148759825,0.8725510108771644,False
-0.2848839619984754,-0.8516665645268641,False
3.293075141057939,-2.112538788401653,False
3.4680171066220065,1.2544517494757816,False
6.694430907163523,4.536372258259327,False
2.232468548940513,0.21960137715446512,False
3.477693088202223,-1.7284733400520762,False
-0.7266691817110952,1.3355985380330315,False
-1.0918459451802252,0.07841518837003916,False
-1.7918882252952835,-0.04303852479043994,False
-2.219553650541473,-0.01306344052916075,False
-4.698199815713759,-2.1233399047463433,False
1.6840622857029195,-0.14518444678738973,False
-1.2584706890205228,-2.4363001547199103,False
-5.635959310179285,-2.5764827376276074,True
2.8113504847865163,0.8682323236914582,False
-2.688917500434318,-0.13165049932445683,False
1.2945642015896421,-0.9384187968906911,False
1.4516088244345917,2.3716829132938786,False
-0.6057389224087267,2.186627929975267,False
1.758251709971634,0.1646733656327619,False
0.9933643136700916,-0.15607724633379444,False
-5.202331721835233,-0.7237708035739941,False
-1.3689935677115443,1.2478469158516714,False
-2.1842565132066643,-0.1627117620577821,False
-3.718483211020323,0.6662648247239562,False
2.4063356764088466,-0.26179528552461717,False
-8.374359422612551,-0.6995419517147125,False
-3.3574481125840423,-0.5364971610727772,False
-0.02533156419323089,-4.966138878065521,False
-3.2398431564571886,0.16140393122524427,False
1.8917835378391148,0.7385567769457297,False
-2.445770909457387,-2.441432801339911,False
2.5879190298008403,2.667591465956591,False
-2.896144058059541,0.5474837516669371,False
-1.8269206502445705,0.03916805881038662,False
-1.4588208194178633,-1.0693600851053358,False
-2.244248455263871,-2.3628962107976417,False
-2.6546663287850993,2.5768007426355166,False
-7.808186941016855,3.2669703377595125,False
-1.7854885084641225,3.4783859037539275,False
3.841372916271071,-0.5701870987318002,False
5.127781908900503,-0.006974621489637448,False
-0.9057306048788178,0.3236105652289058,False
2.913128349466203,0.9402638962492513,False
-3.1267671540388426,-0.6254937021723722,False
3.7534991285010597,-2.2209424116523895,False
1.4480858231964437,-0.320462886786257,False
-3.240921216159009,1.2221784342203066,False
-2.4499858665183085,-0.006272705547977855,False
-0.832371882943529,-1.475901519948845,False
-2.2311115663751364,-2.6592418445782497,True
0.5699711452048435,-0.7500932787845417,False
-6.101804792859097,1.0440670101531746,False
-3.800203654939983,-0.15555445854523062,False
-0.4327233492984554,0.8962753684671743,False
-4.797254228911435,-2.0251913038598017,False
3.254359096562377,-1.1812285277800483,False
-4.5744469569466215,1.2222663266676321,False
-0.2574417672506246,-1.4103109746628728,False
0.957330244391891,-0.40844433940233466,False
-0.6915876723991321,1.521406792595448,False
2.0620751213063193,-0.7460828553111436,False
3.2549458711421106,-1.5003680079044848,False
1.0243469561098377,-1.2727852633310073,False
-2.274959577309548,-0.753749138533426,False
-2.1949738983503804,0.37686349857311513,False
1.0696175885299801,0.540248294759566,False
-5.261447710582568,-1.3444571488543477,False
2.93620780156309,-2.6770074707884732,False
3.1706000074008864,0.026130053112274298,False
-1.2278237011313802,-0.09295301229060349,False
-3.588560881727053,1.016918564557008,False
3.3072726623085376,-1.6371429386291299,False
3.2136595888928468,-1.3569369008963936,False
3.0808446618790972,0.3667039158697506,False
4.359429985453739,0.002550298947226625,False
-0.05340325644111699,-0.9218394445841549,False
-8.583019489646086,0.7184361162259654,False
-6.8603525364656495,-2.022405689444681,False
-2.9857136340326003,0.9539698076313586,False
3.532263286963561,1.2260853003201155,False
-2.0261300656029593,1.0473318641910605,False
-0.49610414753640836,-0.2538461320795959,False
1.6359739397117246,0.5736846152985471,False
2.5126202356248797,-0.5365462241999935,False
-3.2271265695494495,-1.1135411382870266,False
-4.226611906955996,0.02047752981689176,False
2.1491805014018857,-1.2647809747750913,False
5.42709447501365,-0.3022416206433363,False
4.089562754918577,1.9233662319368683,False
-0.23038009910772275,3.21122537715751,False
-2.411390206699287,0.7808564356087826,False
-0.26017920606748207,0.3036116272538775,False
-0.25937578832250696,1.3958734492394622,False
-1.0744700571486363,-1.801220292018011,False
-1.3645386485467457,1.033260723193773,False
-1.693662408809531,1.1528858020804817,False
-2.2085507750132694,-0.030058165189834566,False
-1.166365867586952,-1.5916791044348415,False
2.4437962857628124,0.038821416454155065,False
-5.7825579838955825,-1.046620200923162,False
0.11657218105150399,-2.322788988622735,False
1.3431333207121097,1.4576065260335147,False
-2.5616597501959975,-0.21567841879530866,False
-2.7040247122435823,-0.60123140743532,False
1.776604202324612,1.2883899371582177,False
-3.1586505273547925,0.3517252593239553,False
2.4471785154806307,-0.41543936162386863,False
1.5300829186180498,-1.6933592763387164,True
2.3389379401705117,-0.8369317549870879,False
3.0939583326881697,-2.831087955174488,False
2.4781502287480612,2.161707130174103,False
-0.045977780361582156,-2.4393693098583564,False
-0.7261912534007837,0.8291901019013483,True
0.053609746205874574,1.4991507254364853,False
0.6001111811782437,4.699785412952364,False
-0.048942150624543365,0.5893724158640753,False
-0.35317178776621727,-0.2723370621853279,False
0.9470335194392171,-1.975377657009106,False
3.6807968329641017,0.6237380683038283,False
0.21983411477236017,1.3062526236623868,False
2.770241978581426,-1.028840400636876,False
-2.041075457465108,-2.424589691088959,False
2.86991293456101,0.38058174244501847,False
-0.634116874367782,-0.5933934663711765,False
-1.2132006864107545,0.2669248397906035,False
-3.7083239989513426,0.8344244432975063,False
-2.6735103136110694,-0.48188670320296384,False
-0.1877107817025237,-0.6412610903073267,False
2.513591111482117,0.05332312600725576,False
2.3819338947192725,-3.087053627208917,False
0.710875410472211,3.0210643874680656,False
-4.001532113277845,1.0650207308580364,False
-2.869416510712352,-1.2793423694181696,False
-1.2064851497013716,-1.555227213375485,False
-1.1462134932804022,4.678170812513181,False
2.685149767943914,-1.0024882404665114,False
-1.9049422172876707,7.691176103478175e-05,False
-3.5573207157936784,1.083792196138324,False
2.471836217914234,-0.7845209646485417,False
0.9323794791171315,2.0562865654303377,True
3.0037564551826734,-0.7869543188127309,False
0.2260802227863728,-0.5150729610340292,True
1.6864855204287534,-1.596658977935657,False
2.85169866405629,-1.6980126818993873,False
-0.04653257658676855,0.39897840340127383,False
3.007060595568358,-2.009372825429904,False
-0.14315464409381157,1.0614501659953577,False
3.165715907972363,1.2610079632766937,False
1.4552432572426415,-0.6366078656402245,False
-0.4403554610643782,0.5732560711375392,False
-2.9643268644130214,2.692458805708317,False
-4.5409877414071325,-0.4268429239931953,False
2.545698866681207,-1.9058652978623216,False
6.662442375319453,1.8401784459417843,False
4.597889550706558,-1.5203454443696605,False
-0.7026312795339891,0.9631570938038887,False
-0.32539173314370345,-0.4999455460188233,False
-0.18842969282673463,-1.576029433950617,False
-2.4964087074620043,-2.983780525660463,False
0.19730188401571166,0.029523016422546882,False
3.5455629478845228,-0.7364432102158485,False
-0.33088504574450534,-2.051058166541574,False
3.5493223367767373,-1.0040787924152168,False
-2.461379872460503,-0.7805449109824414,False
0.07805932586876849,-0.3565708628764807,False
-1.6837751253332356,-0.07418889968755929,False
2.269115999387023,0.420962612742555,False
2.943666465165426,-1.2912597117129028,False
4.22155135643543,-0.9275785657615223,False
-2.8992782231125083,1.34287422146034,False
2.0206894792186043,0.6874291245678247,False
-2.76488327292784,0.1300943422824715,False
-3.0697664735357706,-2.3206473116300494,False
4.371139471947135,0.6192893265698244,False
-4.698004013072837,-0.08120140232881969,False
4.294155237393303,-3.8869131542901525,False
3.5733029074391083,-1.9912546532058337,False
0.796696344325128,0.2621838196874438,False
2.308436078677119,2.123316919814652,False
-7.894033132327105,-3.2180119547079613,False
1.3263110299910696,0.08299541642201758,False
-1.394093596447223,3.459200749011526,False
5.200612908412909,1.2355629376310913,True
2.951871020238992,-0.9658511138949191,False
0.8515666735477131,-1.6943017783236285,False
-1.9362692107748751,3.7994344369171946,False
1.8081657403170175,0.9434050214462022,False
-0.07054219217927313,-1.0682352095799288,False
2.048672392664368,0.8361409952286759,False
-0.41725069045172464,1.780616907288637,False
-1.629971905230048,0.6071293380479721,False
0.388906561334027,0.39752672290520097,False
-1.9112834178163822,-1.8236751155533686,False
2.6711039875816778,-2.037727882485705,True
-0.24527081688212668,0.04151363435997351,False
-1.0202689794891067,0.022033581040138597,False
2.1802757612879007,-1.6524115000634911,True
-1.408546066299786,3.7016440802632804,False
-0.6174737238756145,-1.7644602164439076,False
2.851905205669844,0.09649176773786751,False
3.1232208544778985,-0.7072909342667654,False
3.970840744311124,-1.874386467527188,False
2.3123219087683613,-0.5815061621023113,False
-4.68786171138098,-0.7534391565490092,False
-0.9162741346875893,-0.41816563734483636,False
3.6975998663337712,-2.074467511018434,False
5.170047464891125,0.9709261439549106,False
-0.6959888260783924,-0.6973767849870554,False
3.974618423446335,0.5020144205614172,False
4.477518197312835,-3.25910947714564,False
-0.534898028523011,0.042894408185331016,False
3.728945664835636,19.510343152291263,False
0.3807346153457016,-0.008798767692956424,False
2.903589421609213,-0.5535412759625227,False
1.0993272362269468,-0.24675973531516068,False
2.3511497871531395,0.7594569549548206,False
-4.4784262618243424,-3.2941466514733633,False
-4.412581546143346,-0.637625899149513,True
2.5243595973647697,-2.053026492060869,False
-3.3369786442802174,-0.5776371224939019,False
3.0013134222463442,-0.26297630183868764,False
-3.718947612652846,0.3988127895528618,False
0.46195376169140406,0.3258851388317751,False
3.1251108238110046,-2.706470742399078,False
-3.566801062007317,2.174960162653663,False
1.548939146381486,1.8671622653218738,False
2.0098080225223,0.5397066583015869,False
0.5460444043140178,7.037588411733269,False
-4.258569901380258,0.7756032008290339,False
0.1746344970269183,-0.427159879986336,False
-0.02259279538917867,0.45862399196882936,False
-0.8616222480355865,-2.4646928740289353,False
-0.6744071520898064,-1.1011661276387559,False
-1.2678067423498327,3.0758323877192817,False
3.829957637441069,-2.264511212366754,False
-1.9405083852471718,-1.8243540260148496,False
0.9048820363613952,-1.3389306291256298,False
1.1568223842462688,-1.1986272240894436,False
4.716252034396421,-1.0045894277762897,False
-2.2161462829568945,6.501249349050165,False
1.9969550099414675,-0.731137079966155,False
3.8841872621538176,-1.7778523179798627,False
3.2185030509485064,-0.28761547642172036,False
3.871487426161288,0.7373061697157578,False
-4.449461297842721,-1.8126518057536194,False
-3.838496494585035,3.2752773408084606,False
0.920098772558133,-0.19261586775875503,False
-0.5846115395078465,-0.6361595716983206,False
-0.24047048512123248,1.2379113840235836,False
1.8548698632065714,-1.2083271054716351,False
-0.5941329589838037,-0.4013993758504061,False
-4.204035508043665,1.5864860761005948,False
2.8720265862057803,1.0054957783421155,False
-2.5672897223151208,-0.21556340603471724,False
0.9426124089054694,1.5251002931063373,False
-1.8411844568260711,3.6196171931285708,False
-0.7401145603447273,1.390441173356127,False
3.347810838847108,-0.3761262153654786,False
0.9624825581699219,-0.38532485941595557,False
-1.5836298329015386,-1.7510578188955972,False
-3.5355049632024,-1.141799174262872,False
3.736937502688577,-1.3179810564622179,False
1.654825012141796,0.6981564903663376,False
3.2547879772057717,-0.09440665807261384,False
5.232529651055705,0.0802266223034573,False
-1.7519228009111738,-0.5926632890141271,False
0.7849900715768412,-4.327529460086909,False
-1.5394580246137999,-1.8002671955369474,False
2.0427708693964086,1.2034033939069366,False
-2.2023435781599803,-0.02910198549823668,False
-1.4319303723807677,1.9608435481083175,False
-5.67066122105453,-1.19740015060893,False
-3.3146683438681888,0.2116264981925141,False
2.7341149882998583,-0.658720803900109,False
-1.6544212969912695,1.7807057072420118,False
0.5711844030718093,1.6127536674306493,False
1.6336232478634378,-0.4475242077530581,False
-1.2139386227066737,-1.7223846214110519,False
1.5222632236855231,-0.28496214014703064,False
0.6163492360076074,5.680844409272892,False
-0.16251917774356736,0.23608199329499818,False
-1.0799082840259298,-0.7612400539538507,False
-0.1325034250962085,1.5078861129570411,False
0.3926146904919952,1.6677239513719415,False
0.5988169076693235,-0.12432104365897297,False
4.356728993853898,1.8609018923021634,False
1.3680916404261796,-1.4599719542215277,False
-1.1328526190507133,-0.1986880871519373,False
1.4914983072280315,-1.2021845468619214,False
-1.4767641442428332,-0.10879019669337874,False
0.32577967747697456,0.6706172300228147,False
-3.2298816940735744,-1.8172338867723072,False
0.2725524467408994,-0.429089293758518,False
0.7474656276775227,-0.6480712559394278,False
3.1921728889671943,-1.01857889438224,False
-0.7834103785223708,0.5771762455136359,False
0.32166054840069813,0.730021846430102,False
5.362942418826363,-3.7633414723033107,False
2.5087868386631724,-0.0008782604464777848,False
-0.08586141793671043,-0.5877212317763921,False
-0.1595183957975056,-0.773030156504965,False
-0.8451108127459905,4.076033415587588,False
1.6426792513224695,0.9239501682040219,False
1.7496659670855181,-3.400927813394106,False
2.3640902400304094,-0.3679287433277405,False
2.1010016305873944,-0.503214953550784,False
-3.745042522001568,0.4654883708642927,False
1.529444940179844,1.440194499254589,False
-0.9629275609506889,0.20703665406903404,False
0.46712175754869156,1.8355169780739191,False
-2.2091630271407308,0.5676516902972295,False
2.4580498976835736,-0.9195579682619365,False
0.664447986762567,-1.1426251979775406,False
0.07887157170047115,0.9842009034133866,False
1.8328771165184206,-0.4300614094448809,False
0.18760624496802716,-2.2376710278682403,False
0.29238724043252884,-1.6951716262524918,False
0.7876985036453283,-0.6087228696636766,False
3.579908936240841,-0.7133615637737447,False
0.18695569262481548,2.784328866835445,False
-1.7817886119846875,-0.6872372268566292,False
3.3826896547279097,1.5085637261876654,False
-0.3354514754384131,1.7117655339276576,False
2.9322705330432366,3.076156811108747,False
4.176094826807787,-0.7807485992707415,False
3.179603274112687,-1.223132491419936,False
3.425758266439647,-1.8074324651013547,False
4.110714744056964,0.21617457901393894,False
-0.49138329625980026,1.1373022255907885,False
4.157916736955835,1.1033971132910705,False
-0.28954765439476865,-2.0917171619168426,False
3.04752707844524,-1.2760723292095868,False
-5.099372556105683,-0.6124517825952227,False
4.654978454548785,2.718360854590674,False
-3.2934678597560665,-0.8419946749524946,False
0.40716201828968457,2.294522280988321,False
-1.1729561941852051,-2.0562330921810523,False
2.2306804333748125,0.2818253373329788,False
1.8229989484361853,0.31515608199719547,False
2.8325433084273834,-0.06318224736583672,False
-4.5427614111843955,1.8301264231293617,False
2.7839868889549995,-0.20826315417444052,False
-1.9467714330675772,-0.3424018542082542,False
4.815284097289422,-0.8581194235337781,False
2.1044948466199163,-1.5147899480132008,False
-2.09556148700847,0.5248993643785907,False
-3.581430452447049,-1.6361882470190545,False
0.8731078838521799,-1.8353626861327046,False
3.3913082983895286,-1.3470800564544145,False
3.88053848081651,0.02794932841434954,False
2.606337094070478,-0.3296338644292023,False
0.8736877507566106,0.5402798876349236,False
1.7690434952992944,1.0480810952433035,False
-1.3665991115159644,0.45136837912330513,False
3.0109252487554645,0.3548200889145741,False
0.2530159446924412,-0.037179668517956926,False
-0.08898830660258268,-1.9443819900842996,False
0.24801938445486607,-2.2426904539797823,False
1.5757861611663606,0.9566174320779769,False
-3.8600924326423103,0.7589650197571659,False
1.5293494647327452,-0.954288557511595,False
0.9375914360864133,-0.653530510669605,False
3.0604110761218672,0.3910851871902989,True
1.8261251325920351,0.25262024004742384,False
3.1999952610819764,3.1213990177161737,False
-3.633562363068694,-1.1577992266648043,False
3.6347839936663893,-0.5137432310604054,False
-3.4736593800830295,1.4500423972594614,False
0.8022024048728621,-0.7165536632806697,False
-3.6197099316576486,0.10932506100824767,False
3.131861004777168,-1.1349616109643221,False
-1.8428153008745694,0.3306563377767731,False
-0.3575941203535997,-0.6782226337018508,False
2.479058232053945,-0.27432379119206046,False
-3.248481380787641,1.2369549591013211,False
4.920454822717939,1.1580168417107468,False
0.7838604071195455,1.0770518692364446,False
-0.6692420836199271,-1.5618415146138194,False
1.23932071310537,-0.9447684366365225,False
0.7707659088299673,-0.9782424208195322,False
1.2775124790549592,0.5707740348406724,False
-0.6497981320831692,-0.3486126450528641,False
2.1359673120402585,1.8401374528118306,False
1.2170816085444303,-0.40965914169888945,False
0.5092147319921333,-0.6720859509101516,False
0.5224159729400928,7.0458580433318465,False
1.2620782121655092,0.48823628757803134,False
0.9187513456846237,-0.8671763814045718,False
-1.5345413094086202,-2.600191155620432,False
1.9191401310616367,2.8887531938317164,False
-1.8042520135054219,-4.694425973189398,False
2.0750971420770714,-0.20698397913643826,False
0.688225101632407,-3.2180438573342762,False
1.4562371414400155,0.6308261789590308,False
-0.20865219453089,0.1474668678268555,False
-3.0771558120623212,-1.3601942573235066,False
-0.9331659860104697,-4.137929951746895,False
1.7854857561266388,0.49492459572227143,False
2.8498881992478307,1.3941816731163212,False
-1.61635326699877,-0.620158731885595,False
-3.706916065978814,2.2208610779343174,False
-1.5912732508075438,4.295710392571118,False
-4.378442483731599,-1.1021400031874595,False
5.88954386340071,2.719188365422045,False
0.5153270050292887,-1.0218051624518,False
5.780776247038379,-3.2051083665297124,False
3.224025570201281,-1.9885334867177507,False
3.9083774015263666,0.5286223182056734,False
2.6195557835171255,1.6037957930524795,False
-3.9927146375236275,0.5713908826664974,False
-2.008660891249281,-3.8398877864712406,False
-0.5575681012729389,0.34609169847456583,False
2.593668399466399,1.843734531280234,False
-0.11702434063892525,1.1994159161359144,False
-4.145684760251756,-1.4303501251639779,False
-2.0333976078365197,2.821021511432798,False
-2.0786537823873794,0.6601190579583017,True
-4.5090829560133,-0.7243183916003746,True
2.2053075990111495,-0.6057160006455728,False
1.5231255709385207,0.7927994016157266,False
-3.570962507258488,-0.018058550089824193,False
-2.4825870367052523,0.26624360499035543,False
1.962396313811348,-0.9119021993333323,False
4.413408118339485,-1.2391973087609505,False
-2.0387640788505457,2.596812261578446,False
4.2633148807418975,1.7937202973336444,False
1.1539770108767788,-0.3900183789993491,False
0.24589390392567467,0.6353634068605497,False
3.770238590208398,0.40049648154989936,False
2.8562614530962023,2.418841805675495,False
0.8743700232559671,-1.0593699478833396,True
4.600810183533229,1.7267549590179103,False
3.2179169592708337,-1.3558428566323422,False
2.323180757020641,0.14871249848636287,False
0.6284681173884391,0.6064196559148335,False
0.07014819084615245,-0.37075282292759054,False
4.7759048732126335,-0.032773301299389684,False
-4.553184753021441,-3.127132866052825,False
-0.6761548458337349,2.995186102616313,False
3.3558191829693973,-0.23588663302612878,False
-0.03275100667047563,-0.6645933456497539,False
-2.179192612964206,-1.3572623792838658,False
3.667865028257478,-1.4501707455761164,False
0.2957956944048321,1.046696453223217,False
-0.6268268308419854,-2.7694550956412343,False
2.800336819331948,9.706848904424694,False
-4.766180297056,-0.7886015776051274,False
-1.0566572283347735,-0.7010780800866826,True
-2.346937658334929,0.5106188043256144,False
3.792193970887218,0.15096687451988428,False
0.6025889787232543,1.4306981596398682,False
0.839970169342146,0.20929054886324241,False
-1.270152470842607,-4.1109240592522545,False
3.6632009268824657,-0.0260839221237712,False
-0.594563824512457,0.09250072643596345,False
1.605128192705914,1.3488411227246946,False
-1.875417327020081,-0.6727862815544965,False
3.396437461977116,-1.767071796687742,False
-3.9990620189451804,-0.5463208316411974,False
2.1061259436392312,5.412352847992964,False
-0.7988864967253528,-1.6493960676724193,False
3.490765332182051,-0.4192946219371671,False
-0.7260255228332257,2.008923528572538,False
-2.7640969183186046,-0.0010945326019331024,False
2.8441836049652283,-0.4604132043344265,False
-2.9826152336707623,-1.184817812161112,False
0.3275967475083996,0.7261676952921511,False
0.9646538757792439,0.4679861843371537,False
0.3374430595521279,0.23146922682205925,False
-1.7877245861957662,2.831820833004715,False
-2.0901228670550904,-3.335349292856571,False
0.6870674697952557,-1.0826490345329947,False
2.773536171477739,1.7362567832940825,False
2.261532982522901,-2.89601727637449,False
2.807812487917655,0.1260415120411647,False
-0.2085645412053264,0.512056934997936,False
1.0056615345685993,-0.3181661660565044,False
1.869000428997382,0.4837127832554066,False
0.8444113062663897,1.6029749049452435,False
3.4696838483870813,0.2971401798211377,False
5.7132878663021796,15.329361415729455,False
-1.813353406986549,1.1583094292838039,False
-2.8750524471012473,0.12345743234429823,False
-4.98931003266004,-0.18681419885275247,False
0.1889614604650877,0.21919938066466774,False
3.2104340391089754,-1.6499768395866894,False
-2.2428524725759345,-0.15175695580305698,False
-0.09757610126015291,-0.14272438442992472,False
3.9746122390434393,0.6080904649367529,False
2.794054628631628,-0.30521782364804423,False
2.100404610432102,-0.034636272842342865,False
-2.734578921982214,2.7469508527634297,False
-2.9337899119163198,-1.320388191103367,False
-3.8717312076807504,-0.030496346491450273,False
2.8400316669242,-1.2651211186013647,False
0.27428801607558645,1.0483782759545313,False
-3.1889787537086165,0.3417983937746151,False
-1.2921259562183587,0.6561096719837336,False
3.2396323868653467,-1.495379380909828,False
1.2471677457078862,-0.44570718604738174,False
-3.2807981779609663,2.8747013857457118,False
-2.582115376489417,-0.936438490221546,False
-0.5832168496286702,-0.05187220738472165,False
-3.2621840088061886,-0.039990177355036925,False
-3.797515313928321,-0.7613675084841742,False
1.4177618667330674,-1.7645308837750857,True
4.6227304886731,-0.04897418693756288,False
0.4666964715089076,-3.177630382841901,False
-3.9656841252276593,-1.283392015487795,False
3.6515640597597945,0.16272504436371268,False
0.9825386957621559,-1.0244990195184498,False
0.04186790666338156,2.3744151305468537,False
-2.371745165752983,-1.5869848125528414,False
1.6285162861765345,-0.899408945132129,False
2.8826269347536773,1.0958163927528006,False
3.2249221461111057,3.652597454134331,False
-2.20465858215758,0.43818068888406286,False
1.420108494959335,-0.6431832432603806,False
3.1956715982376385,2.1681062309959565,False
-3.4367564110206255,1.8549450778091703,False
0.2039884622398973,-2.907630320008901,False
-2.4903848099010664,-0.8182770312727072,False
-1.2321226195230728,-0.371000060737597,False
-1.2073106878556759,-0.3274278092841203,False
-0.5423272086341557,-0.683135155106128,False
-2.924475356313034,0.715096194570554,False
2.1691259325396164,2.967278874883703,False
-1.3349031230652795,-0.4821287772320669,False
0.8116744160850035,1.4891498555387344,False
2.3760946292193874,-1.7258692820962969,False
-0.880502642269007,1.8610148213408033,False
-3.2602151454907915,1.7544867156216313,False
0.26390349636447885,-1.7528542743864235,False
-2.023805522660149,-0.17948883399905602,False
-5.04735124252912,-0.948382948066825,False
4.503892677628635,2.5464130321629566,False
1.241443182011777,3.042874387695719,False
-0.07155839162083662,-1.504493745923178,False
0.7826733840657173,0.3367822660535435,False
-0.08742122771682667,1.0130745702767292,False
0.4269337582090387,0.22435656020022304,False
-3.5480702343643165,7.139965506962244,False
1.6645080877663305,-1.4072582354440282,False
0.16597395522483827,-1.7097088647004723,False
-2.659085277458408,0.5234793710065941,False
-3.1735044724341663,-0.7917088650494166,False
3.5930586518585255,2.2033504706955673,False
-0.039156349317473166,0.2301722613460291,False
-0.14029472263811182,-1.0909388314152861,False
0.9111780535216248,-1.1783985472374607,False
3.806555677078129,-2.2714287330689604,True
-1.888168928752524,6.139649247487372,False
-5.170120011131798,2.200482566135779,False
-2.275631733797245,-0.6865796538577797,False
-0.9090006414875302,-2.385974802942958,False
2.757884847265044,2.635894783400032,False
1.6433131857000438,-1.5225317975441381,False
2.3921015412565554,0.7648087360270144,False
1.3506086037957619,0.4164276256737203,False
-0.15319986449342396,-4.153103136930769,False
3.90070389760064,-4.039207671255774,False
-1.7328374325223086,0.015026771943089,False
1.1686836379479586,-1.0547158843028737,False
3.93236748063753,2.4437919500837086,False
1.7227452726374444,0.9216020034364251,False
-0.9365454048978331,-0.5634024578017621,False
-1.191158764062997,-0.3673967412843293,False
1.6704954856546912,-2.8650256158923386,False
-2.100922727729768,0.909951351150693,False
-2.8393111776671547,0.7831924737132824,False
2.5569205132561232,-1.937398023520429,False
3.661616083837956,1.2593040706488203,False
0.10509682410596147,1.3633735415112176,False
0.0028855434985727247,-1.3958009587109885,False
0.5584772092852628,-1.7946902536991862,False
2.0528797238163574,0.7121862099995702,False
2.067473176673653,0.8664828120436188,False
0.581984075147934,1.8625929211025036,False
3.788934097669403,-0.33892109261307174,False
-3.9750609979399587,-0.7521677723827416,False
-1.3393993849430146,-1.7446983565709506,False
5.116015385141172,0.5351089847424841,False
-3.32286078326824,0.10512632779754422,False
-4.19427709317113,3.1834150179452316,False
-1.7855656589171052,-1.6445694472649761,False
2.356948502829293,-0.8768664819089756,False
2.0889085664111033,-0.208562940498158,False
2.8976853617949625,-3.063514892767627,False
1.546968701566514,0.037563268216526766,False
0.37641059965748186,-3.4267331775544605,False
-2.9070877946265288,-0.3600565503082035,False
2.873181775980325,0.5855859452190205,False
1.45135810378831,0.3675640886769876,True
2.3913500818222917,0.4308255852787838,False
-2.9117309007991277,-1.3467268234474665,False
-0.4929329447214732,0.45983099708742553,False
0.7093604428930116,-1.7301773092063795,False
2.3922514707466553,0.37052296020226533,False
0.0922642870015355,-1.2806485562663028,False
1.674236742944774,-1.5894576023627012,False
2.3610671526164837,-0.4635965256788604,False
5.333136847328551,0.6894897386979738,False
-5.10166200956646,0.5782958339498646,False
-4.624853368846522,-0.8006757557359986,False
-0.4707818794133926,2.301842538069146,False
0.5842229934124934,-1.8569666220102854,False
-2.251510277306472,0.13237229569090897,False
-1.8616743922220085,-3.7517257440899443,False
-4.648273897292039,-0.2593960744449653,False
-2.5149794131126755,0.1095346174902896,False
2.2983766083716275,1.6490315878009822,False
-2.108100529160781,0.43374973109312287,False
3.054090796015369,0.4721784369830028,False
-0.6188140620263546,-0.769960344777804,False
-3.101627142549215,2.169615676256933,False
-0.7066907139055161,-1.5451451100527942,False
-1.1662107375284807,-0.26998722538304115,False
2.9251230053699393,-1.9034886824091997,False
-1.6503047165202704,-0.8207674542379589,False
-2.915343066237954,-0.29321909836156607,False
0.17517685354925147,-0.4525084771563527,False
3.2192095180937716,-2.7535750124314244,True
1.394201502496393,2.107176587211957,False
2.498828508480937,0.29979470051574963,False
2.7409029091949915,-1.8607098050118331,False
1.6172633875272207,1.8809307125604122,False
0.9336690411838396,0.12943490748658748,False
-0.11428108623314079,0.17799532142226174,False
-3.367393386859092,2.325639810070171,False
-2.90976671409108,0.467062217095038,False
2.0695864598964326,-0.9397303346123231,False
3.3135153512601985,-1.7519228245516392,False
2.5443424530074883,-3.101493909957908,False
-1.6635000610269013,-1.1881520805842338,False
4.269222732160333,0.6446932675552002,True
1.2264322267980983,-1.9058963304190322,False
0.4994984100728346,-1.3516365378457103,False
3.494479508947908,-1.8410152466978,False
0.8880900294918149,0.005122145339930027,False
-3.1662691879100473,-1.1436818430118592,False
0.681982722683002,0.33569396071933394,False
4.411590640499597,0.5036652321680143,False
-4.0357545419086875,0.8438937605436214,False
-1.1881666759639775,0.8327035111357122,False
2.37210559238961,-0.30531241284365307,False
2.154941361358174,1.598408767182886,False
-1.3487383593771796,2.1671692513622514,False
-1.1724305334753753,1.1914478584257944,False
1.7756428454873063,-2.696275681900455,False
-0.6084951524355925,-0.7288748057073483,False
0.326237950824111,0.3427852765750044,False
-2.2021054000326004,-1.6952945960099237,True
-0.6427053178401101,-0.47724410241915743,False
-1.1801182249407192,-1.171146510257648,True
1.6529377217599328,-0.6963232079741337,False
2.0816476278138283,0.7833537107895215,False
-0.9714803628465037,-0.6568462472829434,False
-1.6396977266843662,-0.5864939128677049,False
-5.49382388433175,1.4658951883643274,False
1.9972354138964368,0.3053058991514541,False
-1.1043898987681022,0.05461329857879538,False
-0.48549868421544873,-2.0007024152638975,False
-0.17736950890591033,-2.344769948655306,False
0.634412036802373,-0.4975772351846779,False
2.699542503253022,-0.4363615343660584,False
-0.8585089775556487,-0.6674954579761304,False
3.1599146193375804,0.9776931398380421,False
-2.235478674307875,0.38947841605637357,False
2.1735291726752712,1.0026074605252548,False
5.3096418202321916,-2.0036002509526525,False
0.35986953449422615,-2.235762358820673,False
0.5241567141254234,-0.92327790184614,False
0.19420076443491016,0.46203726593477923,False
2.669790361500393,0.12833214907258014,False
1.6692378950823843,-0.5712896588530965,False
3.083522211399582,1.1358256085980747,False
1.8169521037811647,1.5021814808820688,False
-1.8914664888353963,-0.393955024833279,False
0.19991850725923413,-1.9093534535927539,False
-3.880665696943996,-0.26803974926354696,False
0.007061551216927591,0.590768313829709,False
1.0252750088617881,-0.23529508633785173,False
-3.6930034112987755,-1.5728781195872943,False
3.1902561409289425,-0.6833638774938381,False
3.2220523065116806,-5.04547346526156,False
-2.772893973204815,-0.2314440286141725,False
2.1834070720510237,-0.809695062588449,False
-0.888641524953753,-0.7940485144724987,True
-1.9889659759562544,-0.6957038099191023,False
-1.189080577696957,0.2896484552465428,False
-0.598979583110559,-2.758184944628607,False
-1.0760251373857748,-1.291981820757244,False
-1.823451019257037,6.917352274095694,False
-3.084227648733905,-1.4202204469939048,False
1.8415293678710598,3.5307537891974636,False
-1.099162995515565,0.3762981949411785,False
2.3737335853131607,-1.4399473676821914,False
2.134118807681559,0.30982628430631487,False
0.11882138248206967,-0.2724135692140617,False
0.824236892773322,2.451043111009955,False
2.9856404636942715,1.102805213637177,False
2.4381283744934117,0.1757497874474342,False
-0.47109017451217017,-1.4172437846159731,False
3.3609527085893522,-0.6919125062977152,False
-3.470698691554419,-0.8253482157351413,False
2.150427588206758,14.321270574333399,False
-4.1130062174657915,0.007943999102464041,False
0.7069728430828633,-1.3462546027472193,False
2.9231623535017945,-0.5841058433257931,False
0.41719166728833795,-0.7747196439407715,False
-2.3235149272885005,2.4667430173415172,False
4.1989744266456395,1.774081524118288,False
-3.228571534047336,1.0063597222968594,False
1.486704080568158,0.7808224848218352,False
-1.0922172663411487,1.8508897615012907,False
2.727966933759517,2.3044233793046,False
-3.2574813869956216,-0.16217647493426204,False
2.799201750585981,0.32951683717630736,False
0.9834812127987099,-2.379846476993348,False
1.610711992884481,1.441987397625334,False
3.2135083917429164,-0.8302405324801816,False
0.22663772476015998,-1.3738393951292505,False
0.5850172261230433,-0.0478320934173374,False
0.877845842768572,-2.4876198437667933,False
-3.1255605575172165,-0.3766499989729138,False
-3.2941513263605313,0.9959254548362706,False
-2.065777089050884,0.6286174319321068,False
-1.9585347984863821,-1.422821357977992,False
0.07165948873654333,1.8936355322245941,False
-3.2589103886714503,-1.2204984903355585,False
2.250750010726409,-0.6802105122620647,False
-5.561844952616632,1.1780776772875976,False
3.8205312639969953,1.267554825964607,False
0.01714717715500009,0.8712153219071904,False
3.6014847598480952,-0.15450069501453753,False
-0.7779523000406665,-0.6515054214835244,False
-3.6179383118043904,1.0665208005344002,False
-1.9658934110578494,-2.250018253598765,False
3.6198027979186644,-0.27660330719382153,False
-3.856839358807565,-5.114048397769466,False
1.1961073363740105,6.518394635877482,False
2.786205534879313,-1.5177122323751346,False
5.144026894239496,1.5049344338937558,False
-3.3701673035974014,0.6838423127244126,False
1.1572993483308984,3.532626527468988,False
-1.3832444679521756,-1.836698802716982,False
2.3235236136212984,0.28587613931293676,False
1.3295792122391625,0.5800876201756633,False
-2.3553537419384236,-0.4460137823149134,False
-2.9990287782106866,-2.447286790779437,False
1.166592302075553,-2.2979470326210807,False
-0.7401653298651414,-3.7775280567809317,False
-0.5989597715287592,-1.0225999854266545,False
4.712492034917775,-2.836861812505846,False
3.4790480140573017,-1.8954352563405548,False
-2.844099793316568,1.8292150668410385,False
-3.119505144108979,0.015340540358582564,False
-2.634347365364245,-2.7650557765158896,False
0.2707322838290732,0.6897050483490653,False
2.0265233091846264,-0.09332374829693105,False
4.260469458885991,-4.221451667965077,False
-0.046715416652033055,-0.02944795377528063,False
-0.716780937754438,0.17328512877908608,False
1.496368334630343,-1.3974653454611767,False
2.454755671870389,-0.9272925851060719,False
2.3038124311442583,2.349347555762705,False
4.203623210421806,-0.365516552869044,False
-1.7488250800405214,-1.7880319703612249,False
-1.6001322936629594,-0.24028087321592584,False
1.3928618196020652,-0.39640381521519585,False
-2.356455005939756,0.37761832433949594,False
-2.852939545588951,0.9857190621356948,False
-0.02383083052667239,-0.9759493481972416,False
1.0470489549275408,1.2633934700166267,False
0.6919016222878421,-4.776520203471601,False
-1.9491869478947386,-0.9495895381905542,False
-0.24668048415965363,-0.8684428010885321,False
1.519980202820184,-3.1391935285507846,False
-0.032794079298312996,2.117968873210004,False
-3.725230623884629,7.300802450128213,False
0.5637458168695924,0.960439610379313,False
-0.839604443224149,1.6759149493546297,False
-5.660304309727802,-3.8247776101172084,False
5.0175716194299005,-0.5570970338159639,False
-5.555383971796057,1.4221679587453948,False
2.049815632205043,-0.165851607542093,False
1.0749140239621753,-0.08178138948231366,False
3.1176301880721167,0.08892369158289432,False
2.7306255675970976,-0.3036289073695816,False
0.6352155022933627,1.0864649947218032,False
-1.4395098281493246,-1.9922055729689907,False
-1.7300764430643394,0.4979637314543914,False
2.539984413549897,0.21354045797113677,False
-3.6906354297631494,-0.8919481408906181,False
3.8889053351597083,1.639130122678849,False
-2.475150547548022,0.44043232466191906,False
3.8990439903224146,-1.0601030258493207,False
-1.1827672152090045,1.747351465931376,False
0.516629790226893,-2.7581911273703597,False
3.0740195188760433,0.2574442759660083,False
4.299159260727939,-1.2958167768284354,False
0.7200616617602961,0.6055696512935772,False
4.185842591538405,0.8726248237587019,False
4.798844988307308,-1.3161658456324805,False
-1.1443068728283772,2.1153052312095224,False
-1.23721754177595,-0.31018398018269944,False
3.11413596114785,0.5776309885421163,False
-2.7059227425885872,0.6849283441700379,False
-0.5367393067290765,-0.9281090446216234,False
3.2867550680902524,0.7718450122055766,False
0.7377321538600545,-0.4518471425841915,False
2.8171221706236196,1.2761474157805308,False
-4.425210433631822,-0.8494257273561622,False
3.551620219796994,-1.9887821651049855,False
-3.4951693796663443,-0.05872495920875015,False
2.7733195580922123,-1.561891871662732,False
3.8037876349253064,-2.6161543349538277,False
2.896747918713689,0.35754679039489057,False
-4.58395986520821,-0.06238306467816332,False
0.6364718121698065,-0.13921616529300476,False
4.078072809043497,-0.014152498151384802,False
2.4945860206608113,7.094465224566946,False
1.002069000915304,-0.6838287791591153,False
-1.7939208570601979,-0.1786932043695707,False
-1.205594630602059,2.5115084830107683,True
-3.390668491815881,4.503823135156219,False
0.9161629766600816,1.1101882919079942,False
4.687917812902113,-2.8141315795170336,False
0.7133601707704699,1.6939247853761543,False
3.80801749545502,1.5989092537623844,False
-3.3197363763656473,-1.5902717435098135,False
-0.5274790402653419,-0.8413307787583236,False
2.4525854829025193,-0.37909457331153446,False
2.128839795991497,2.3566811554521117,False
2.811914981988509,-0.7106730463073285,False
-3.3686230832669835,-0.15681241221306189,False
0.8435516003088851,-0.18820623524173882,False
-0.08583370044866453,-1.131670802805656,False
0.860163002752754,0.8582451323730357,False
3.0932254235133674,2.3212660295874334,False
2.1690317753260957,-0.6452170149503477,False
0.8994601442523701,-0.21059040067907328,False
-3.403164683643353,-0.025893865643122297,False
1.8197920138518708,-2.170482534120932,False
0.4355629640702557,-1.9055571772784206,False
-1.9758553664354213,1.5986156953659354,False
1.5124552122135728,-1.4042755751148461,False
-0.1501957727506199,-0.03310615144623835,False
-0.6083342701685847,0.21615820308112796,False
-5.712804491872101,-2.4636253903930694,False
1.7782588363620389,-1.0782075568938212,True
-1.7451031357607807,0.994930595740584,False
3.3273473677657197,-0.6779507903621202,False
-2.1184991830487445,-1.3100393686240726,False
1.089044232398984,-0.4203502027866797,False
1.83105753507086,1.4923919183497045,False
-1.9262090122022588,1.32600761624523,True
-2.101118428655047,1.600976194548524,False
-2.929453448445547,-1.39524867190221,False
-2.7688505526547864,2.952190436743064,False
-1.44723783918059,-1.6415985963586617,False
-5.4687299020940365,-0.33025423254032016,False
-2.8177646747922034,12.27188654115007,False
2.6806367289068516,0.9279096472817138,False
1.0912820717549838,0.5416536938797105,False
-0.49530988450841795,1.349728795841088,False
2.17399696109928,0.24576269592121525,False
4.18294279186554,-0.7099338797373357,False
-0.6236490317018999,-0.43214058173110464,False
1.7294678231566494,-1.5280759909160149,False
3.320597208058021,-2.317868904151196,True
-2.04586893160687,0.7787545744254367,False
-4.062562583679405,-0.820637737936059,False
3.8800465841184995,-0.2279947375268316,False
-2.817874866098999,-0.18534597832285474,False
0.49661329538826104,-0.273091131891404,False
-4.146071756009872,1.1666174421383873,False
-0.2931181401804734,-2.1909405124949184,False
2.9678949423841097,1.5556361453992666,False
-3.1411168848217463,1.82331053108968,False
1.5614017209081934,0.8437566107587119,False
-0.35483306655686675,-1.0885424382667577,False
3.7063702364111615,2.5930890881473414,False
1.6716005544481973,-0.8889752337966076,False
-1.3335940757533544,3.241793061486128,False
2.453051417236366,-0.6793451168559156,False
-1.3269636146091117,-0.18648879492452092,False
1.9503151506132375,-0.9053326464903226,False
1.2046671131636053,-1.460206944152137,False
0.4654095453261248,-2.311530573042072,False
0.6943693649649617,0.6505962057065372,False
-3.646188092583677,1.3408367693504617,False
-0.3968055196052981,-0.621896209118874,False
-0.6651944399911912,1.4521404542517804,False
0.9401033689428506,-0.2912603101465149,False
4.112412654971946,2.4333158308616776,False
0.4509903394545181,1.2206622936910803,False
3.0787034793120145,-0.24011761064300308,False
-1.1268851118485606,1.2409983500461357,False
0.5956381255709667,2.5281817082062905,False
3.7099426024387254,-0.5047540512680723,False
2.979695105353957,-1.2698723848552633,False
2.360457249475534,0.5213124921570008,False
2.486748219894894,-1.517914948311643,False
-4.175961266967795,-0.7091182695041999,False
-3.78483479671138,-0.8670733575310688,False
4.759700200421788,-1.5705204304797504,False
-0.9888357962248426,-3.10867711279282,False
-2.0179271107598367,-2.125759641292437,False
0.1089967629135559,1.0389333017074633,False
1.2888598773725677,0.9286648435239281,False
1.193460443660668,1.6493718481349997,False
-2.602261107724223,-0.8250465480838433,False
4.39873209443552,-2.6466419657217446,False
2.700637936178177,-0.715085416273221,False
1.800201202121115,1.9325666612851338,False
-0.3003261101941107,-2.530142136839849,False
0.5791317679741462,2.556324279572812,False
2.5607287563424923,-0.16636413618225349,False
-5.290008786513871,0.2485125672344292,False
2.9583175808332856,-0.962558419781109,False
-4.142928724760119,0.5830394006292248,False
0.5313294765339376,0.715813395110097,False
-2.833437880468969,1.8277211845273245,False
2.1266797922357297,-0.25222800293841713,False
0.25425797873206346,1.6953746842289263,False
-5.782169492957095,-0.6169052741791727,False
-0.3944997974532148,2.9541857122503323,False
-0.5660822501076241,-0.23237660007306152,False
-4.534744295915773,-1.2468741117003421,False
-4.195397276924665,-1.4953148365386768,False
2.0702135916237756,-1.6503538759229508,False
-0.9797464626177633,-0.02007498014651814,False
2.098487605343882,0.4502910957989285,False
-3.8669006374977775,0.3127977506230293,False
2.918783070688466,1.5223839167355033,False
-0.9317898450911937,-1.0853849045766553,False
-4.141926482081734,-1.0185257077273766,False
-0.041784141839617345,0.1927415450897793,False
-0.35635688364168727,-2.311070437783688,False
2.934039806626908,-0.9397512739691852,False
-0.35289607357797254,-0.8361086539688791,False
-3.4061611919033665,5.022832158968045,False
-2.2923584332668883,1.1479114240913417,False
-4.622464902490851,-1.9006558250981191,False
-4.00609907558047,1.0348934010459008,False
-0.4974053184388482,1.5517346499109292,False
-4.720661396366192,-2.7235848709555617,False
-0.10432902120989505,0.4173114831724,False
1.7483057369067414,-0.7959886923200469,False
0.014399780712448124,0.1950363842248058,False
0.20869409345539097,-0.3310727610933371,False
4.628059460060773,-0.6471240878350851,False
0.20844613134026663,-0.5618812521527979,False
0.6461850559500547,1.6106038894503336,False
1.3032888319016664,0.05503634713154385,False
3.3525719708939543,2.1164766809076077,False
-3.149539830460327,1.1365063212412103,False
-0.13646961782981767,0.026586477371950055,False
0.6626201430271327,1.9983931826432326,False
3.425302269617508,-0.40663061959760527,False
2.3042656224448543,-0.5126699053810115,False
4.042739781931848,-2.444969123091118,False
2.0554932098666163,0.7567189724415049,False
2.2333120006700304,0.3905149861579394,False
1.0168155658374334,-2.4182362111147353,False
-0.32256546977154904,0.2474070330451242,False
-5.485546810315024,-0.6039689317168158,False
-2.550629029868306,-0.171820004588265,False
1.4446690321325475,-0.6765502854889092,False
0.9912225705515754,-1.462269539732079,False
-3.597724279621523,-0.3274484332030475,False
4.193858135428741,0.8832630731538587,False
0.5545212873263403,-1.675848933862915,False
-1.4537218901543725,0.5932389020423856,False
-4.796049869337591,1.1692885631516323,False
-0.7563611575343542,2.452340693268433,False
2.0908754114569184,0.351252783989678,False
3.3874795979467898,-1.2718269457792317,False
-2.957312060442524,3.2887041434962447,False
-0.7830425523348394,-0.9808691913675992,False
3.827414138311908,1.4140036919122119,False
4.324302303043778,0.4190079283418587,False
3.265605707635468,1.12310790461108,False
1.6946035292117883,0.1607332301636664,False
-1.6232478671726522,-0.14485408772706157,False
-2.552050290816546,-0.18304590994729136,False
3.6464282315368974,0.516822271945432,False
2.335090666996826,-1.2799567505810883,False
1.359166298683367,0.6232691204947586,False
0.31899499733898157,0.3825630804807021,False
1.6762800101272017,-0.21325277231051365,False
-1.2023934889907328,0.59110878314913,False
-2.3295149981399876,-0.8552492223345699,False
4.548958642962202,0.10532125578059572,False
-2.158881403745721,0.015180881431385126,False
3.695289351829544,1.6787850632976518,False
4.749716982607869,-4.6013061628724135,False
-2.148305444991543,-1.0889657917751123,False
-2.0312113464641715,0.23368080547711076,False
-2.8603791688309483,1.2650728568053302,False
-1.420429596955673,-0.6501459503250872,False
-4.7400603109368245,-1.9222246016787776,False
-2.637662414534194,1.7139500389098794,False
0.18911903178184752,-1.6276275847588302,False
-2.6382503797780483,-0.4477326379027092,False
3.491097978787728,0.08059476374289161,False
-0.945800776069188,0.6260600391820839,False
2.4615516708261485,2.154306962075594,False
0.6509015040905655,0.845721675834869,False
4.700387572241903,-0.09445397868493456,False
-2.9935423102166427,-0.0027616775373614294,False
-2.9635670781812236,-1.0226168989815732,False
0.018757362666045926,0.607217094971431,False
4.139013026333807,0.9237831437392879,False
-2.1567498596467614,-3.1693184394177014,False
-1.3417752659727127,-2.1524184591977127,False
3.1797893097694705,0.03717319256104436,False
0.5827488124848986,-0.5997138379805165,False
-5.396084213230645,3.4821295682697544,False
0.25741811250075025,-1.4978906448779594,False
-2.9294562109423463,-2.2970252458474802,True
-5.609117458072111,2.9382497881140144,False
3.9882527651086788,3.1441620527205396,False
-3.3098136023290157,0.614152640665238,False
-2.6467118585422234,1.5480218510132964,False
-3.573322845749575,-1.9568832796223836,False
1.0185507254986064,-0.2723668873779678,False
2.9364481779724496,-0.9521420957950485,False
2.581245723703699,-0.34726864458019896,False
4.60098348935031,-1.578451280190899,False
1.7688528705578583,-0.6261689966968158,False
-2.9873175498636186,3.0345105838702007,False
2.6760789841835115,-0.32542062204364125,False
-3.675738459500182,0.6524377922751403,False
-3.780374140940055,-0.32361735674769554,False
-0.5538846296091724,-0.2073956180515418,False
2.4276122539483294,0.8666072775608119,False
-1.316139856370537,0.325597385830061,False
0.9977015864797073,-1.4501390128910208,False
-2.4001632438119955,-0.8226726695502725,False
-0.6277428395212994,-1.8289749716524766,False
-3.352647570655959,1.2424921709929517,False
-0.684163134161514,0.14531043436143698,False
-0.5069524527269486,-0.501710813610669,False
3.9748534149042194,-2.2237441288430766,False
-2.051103042851339,-2.682980081841149,False
-1.2296286728115313,3.029291592462735,False
-2.492115389894125,0.35288356287041744,False
-3.5250040177976993,-0.07450931495118081,False
-0.9396522429211928,1.9324124276694612,False
-0.659401771579798,-1.6248303976929583,False
1.157187655688308,1.6357066209839124,False
4.679719625096386,-2.841587418857635,False
1.0415785232315937,-1.4418307220082496,False
-3.9154449283937804,-0.3786405183817341,False
-0.09998354390111418,-0.6105002771777934,False
-2.592934116471942,-1.8050441439527367,False
-1.2244102391892835,-2.793962491707783,False
0.20965160144270367,-1.5638822389212486,False
3.669167298069969,0.023630669259991525,False
-2.5487156439924283,0.4107548213620159,False
1.5736660220409902,-0.3747784984971024,False
2.8658947907818817,-0.360803917999241,False
-3.4167269106973537,2.7933395941441885,False
-3.4546311365522864,0.318881098154687,False
-0.9580515727548954,0.2300378083042959,False
3.832027601333896,2.0997785141809024,False
-2.569754564044126,2.64088247533486,False
6.251114943423487,-0.2181031341917084,False
-0.07193822665824368,-1.6316318656837314,False
2.751229921873451,-0.27122563168485464,False
-2.9093145126248614,1.8454196467411974,False
-3.60724375038662,0.18277482458004818,False
1.871984598384895,-1.7315878172155523,False
-0.980765956976997,-0.3606661233997067,False
3.162836046801127,-0.5069005295770063,False
-3.3906088802755434,0.5758675771650904,False
0.6974723805946362,-1.6417994874758712,False
2.37994057190214,0.7921707123982138,False
2.8711517631102588,-0.2995424040648259,False
-2.8329705362390456,1.1192454578169775,False
-3.881793408467101,-0.3311344047507937,False
-0.6709206844664606,-0.5789799288632334,False
-1.1715036784142843,3.146412781817367,False
-0.7053544802206706,-0.32888126050117883,False
1.0314214571749112,-0.7342857455829775,False
1.886201488083443,1.3796090512125978,False
3.8865938097167883,-0.8852222732945645,False
0.5336578774582711,0.670630633100313,False
3.1371515499341864,-1.5974238353258279,False
2.6589451627697187,0.61914415587692,False
-4.5579893898548045,-0.5925584224552866,False
1.245663369917335,-3.0267185438215938,False
4.314018128003097,-2.6854789775547094,False
-1.6170280615238921,-1.4838070699444994,False
-2.2194954171848096,2.4208131745209047,True
-0.9639440571786456,0.845531462466399,False
2.095407182384718,-1.6091674508170617,False
4.769052046973933,-0.30073062147783747,False
-1.0518028343526937,-1.3759956934561255,False
-0.3427654665248226,-2.500538846536603,False
2.2890748644878656,0.9609302460057221,False
-1.8270429733022502,-0.5616725135712921,False
2.6656625058746606,2.9866172667235045,False
2.7096571607401327,0.2964239905017653,False
3.7926280725978683,-0.3633114215414094,False
-3.1491559008843506,-1.1598785213943597,False
1.1230627894006355,-1.0158877858024389,False
-3.882688003297784,-0.37912511150973066,False
0.5583839028106818,1.2310771228502806,False
0.24350213849868985,0.2500646109863483,False
0.44351815404913664,-0.256642948137828,False
-3.010707628990875,-0.9453353013670973,False
2.7241030545937677,0.31119299438876713,False
-2.9121198200709326,-1.4570619528317805,False
-3.431990541790372,-0.43147132196001026,False
0.655393501087221,-0.42036419812265147,False
-2.1184614596203177,-0.015258890523229702,False
0.5843103114938983,0.19949322991242308,False
2.881298234445926,0.008280032096542479,False
3.199174737497799,1.0153252788758726,False
-2.246705066647063,0.8868860643232033,False
3.0710619807047417,1.5919730362128812,False
3.639318518624465,-0.9581590117490499,True
-1.6557285236126151,-1.1511138181221627,True
-0.5220187540220532,-2.2482791587433595,False
3.597037202935293,-0.29516832681487754,False
-2.1513884913522547,-0.6179473378360444,False
0.2442737283610439,0.39114023673528475,False
0.702383222481913,-0.03469988454496346,False
1.3732399376969644,0.6128583867918928,False
-0.949007898915935,0.07699936530873926,False
2.499193588321024,0.5333961155071456,False
2.9138469239154743,-0.30849743013647113,False
1.423675529064927,0.6273117947772529,False
-2.116527267146601,-0.35868306310306663,False
-0.3752012380116824,-1.7786704953733652,False
1.7501137963511637,-1.2107122373420054,False
3.5271966499946346,-0.4933044767841121,False
1.7597231756155693,-1.321740510251764,False
1.4110209272653378,5.712045415494281,False
-0.3562262014626665,-0.5181858938510515,False
0.7639276469228539,0.6525647267945324,False
-1.0113885969164014,-3.787229394975053,False
4.314972469023519,-0.9743591308499482,False
1.1461730977402331,-0.7111740374803814,False
4.071879888730389,0.12413393306672346,False
1.1616080471518657,-1.4534709496963534,False
-0.8033747673772396,3.0432156056922053,False
3.600153944269985,1.7584799143247547,False
1.6981795845998935,-1.5712010266516363,False
-6.127455095431239,-0.8358174996661315,False
0.06301411051273899,-0.24223998774816802,False
0.5574913668789928,-0.971422177817802,False
0.8045044315132295,-0.419961066757762,False
0.7018374770088199,-1.1695221162089902,False
-1.4197106828018826,-2.2077783090212058,False
-1.3949850742800436,5.320790655022254,False
1.4363253460798473,-0.9788841807609941,False
-0.6751477815573677,0.13238036457267063,False
2.290921924120968,1.3368616195999121,False
3.6777448189079682,-1.9653714582182575,False
2.132738415932619,0.9030578697257328,True
3.882342360587472,-2.699491594584346,False
-2.737486231759447,0.021890131911461285,False
2.9059168290694855,-1.498708571957933,False
-2.251977866663558,0.22868432531359925,False
-1.4149772090550068,1.153562031415004,False
-0.3414457172629905,-1.6718376960810886,False
-4.5640525393912075,0.5495896390577508,False
1.759122518723159,1.1907275364674337,False
-1.7986801024665102,-1.1497226965519625,False
-4.318550488493863,-0.369640438865702,False
2.985842117574473,-0.9119397101409774,False
3.4089799062289936,1.3553289382543448,False
-2.8611747812962607,1.9125997772455379,False
1.4690636226319829,-0.4555332752601913,False
2.157279132894604,-1.178356606201593,False
0.4912912080872864,-0.8778762823175374,False
-3.816870654487011,-0.6426712504354355,False
-2.625808249159554,0.4273336611508688,False
4.496320811565398,-2.117666788881539,False
0.14344221127094392,-0.043584255683732774,False
-1.168804003972462,0.6388051223669111,False
2.8939007101437135,-0.5923294430729098,False
-4.074758303282781,-1.341217130499617,False
3.2586998659911153,-1.5902969496861383,False
1.529580214641628,-0.34832631121721047,False
2.7842147982021883,0.7409534161158577,False
3.5027090711726183,0.8902994937051619,False
2.7421015862895053,0.7718056214193233,False
-0.2748754041851803,0.9572116834386294,False
2.6726104531452086,-0.27817516635107675,False
2.1272457095758606,1.228861677216331,False
-1.01408757912941,-0.8177976562618703,False
-0.588313300257511,1.676847291617423,False
-4.213834960489934,-0.944071747313312,False
0.11696906436707788,-0.433590732142083,False
0.3256930277212524,-0.47939046298895244,True
2.657381105358506,1.2943229028887897,False
2.5604958295443265,-1.1038119185614235,False
-2.109601218973261,-0.765562672103056,False
-0.38572195251444147,1.4934582864766262,False
8.300475451246449,0.07099616203648018,False
0.3934619611388842,-1.521495088431966,True
1.5174730303252717,-1.37170724255909,False
-6.178174480689464,-2.5456271014992318,False
-2.4069270681797557,-1.660517091464511,False
1.6291733390414893,-0.12664503578550265,False
2.1661447794209887,0.056413914554618826,False
1.5675839137904417,-2.473473517891705,False
2.643278213662261,-2.2101330544276307,False
0.6405587078121696,-0.8853987460487494,False
1.0420095079159597,0.7482848255404205,False
1.5743387252724723,-1.9377687042944785,False
-2.0621168390281954,-1.0407838178409043,False
-4.092915149664875,-0.6811681918736865,False
-1.4699660745793917,1.9116344886343373,False
1.7016575770984368,1.852949970292944,False
4.204803391684448,-1.7663519329914463,False
4.0156339611953165,1.8546755094586225,False
-2.8161817704971335,0.5946048674204352,False
1.2766123476760172,-0.7184145943226012,False
-1.9091692241477949,-1.2842493524066863,False
3.7404494553429672,-0.9285766270643425,False
-5.555048385210783,-1.8107224496176308,False
0.432266221077593,0.8706509299759362,False
-1.626839464231612,-1.625150057241871,False
2.889649670945646,0.7349070071989443,False
2.856330665805485,-1.2296332142786321,False
2.237916218151112,-1.5955667159025189,False
-2.1815656266465147,-0.25209712894149444,False
0.8228862320503066,1.1792627426345645,False
-4.49654488511989,-1.8376776263771977,False
0.022374232496566317,0.87282242096934,False
-0.6684350370835307,-0.8258867283228252,False
-3.560184979518524,-1.1802192164942609,False
0.03062414911672985,1.8575055382432266,False
0.7345526862680876,-0.7139841742765424,False
-3.4589101005896308,-0.05978996598606256,False
1.3312387905253122,1.492761793785232,False
2.1820857454823104,-1.077098380865673,False
2.106877972789893,-1.8426624306053465,False
0.135711894469258,-2.8750443879049334,False
-0.8180365603065006,0.7946151184354667,False
-0.003238442684098863,-2.080044101316186,False
-0.15259746073247926,0.11217605670350153,False
-1.435418076561803,-0.4902035661518885,False
-0.018018601711719432,-4.569111535567058,False
0.8901690669573886,-0.40673136888903194,False
-0.9746209357716922,3.279217201798749,False
0.6299341875262275,-1.746460107873753,False
2.2321562904126893,0.1967165019237847,False
5.38993651404466,-0.41445572687688537,False
-3.6595846304086366,-1.3004186488979999,False
-4.660976852162158,1.1890078471345773,False
-1.8233831917113195,-1.7122194558536237,False
0.8706882751468225,-0.8295727262320807,False
4.900589320927479,-0.652579992534122,False
-0.7132489161506433,-1.6702333212074147,False
-2.1747826384225912,-1.1939597354705276,False
-3.9551327444048807,14.850803508621533,True
0.5359286889987026,3.2844558726301285,False
-2.3418599834093956,0.09161138654139656,False
-0.04624932856810357,0.10777720698619733,False
-1.3230791221927964,2.6943553380949057,False
1.8657252869970913,1.4528137258750482,False
-2.537766233012958,-1.6963454329617542,False
-0.3911960314695392,0.04162020304882925,False
-2.208439286399979,-2.015327360594143,False
-0.22737732426501048,1.5281076579255795,False
0.16139940490871915,-1.424441831273328,False
-0.2649760490185097,0.2631341648901572,False
-1.4244818747929164,-2.1103766655020704,False
-0.9580954251247382,-2.263163568865182,False
-0.7128792263098402,0.10093388140176013,False
2.9130524476623743,-1.1188033596725648,False
-2.7272444058484897,-1.2702557296972758,False
-0.4811683378663434,1.8215389396197,False
-4.3346439318602705,-0.6307369528581022,False
-4.93699125280676,-2.122047970785807,False
3.765597573591785,0.21628777219100148,False
2.2246714169264807,-1.0919263180620271,False
-1.917128663245515,-0.36464477999104755,False
1.1055589161192692,0.5064012223434968,False
-1.2953264896554826,-0.11857944078688805,False
2.2618802105191658,0.4477301637112492,False
3.5801459822761212,-1.6210085561217205,False
-2.78319443026074,0.3434466316327601,False
0.64697529783083,1.4163912851585287,False
1.0777487926027618,1.138914550280299,False
2.100251817555733,-0.5512463901595179,False
-2.297037078348099,-0.1848822894063298,False
-1.3861480473116616,0.5595813869960063,False
0.11014873989405884,1.207277800894241,False
-1.2925241518096908,0.5932818989979941,False
0.08671910248678673,0.0916750884726213,False
0.4732337426670275,-1.7357476334417918,False
-3.00705467692734,1.9584764118289246,False
-2.409174885116565,1.465715069701049,False
2.5024830942341305,4.533467020416033,False
0.5409568420378834,1.7921930628545921,False
0.25486874642959617,0.36463566165919054,False
-4.070796431409353,0.7332867468269035,True
3.3809898708072974,-0.5214829219915961,False
-0.3363245408201272,0.7149325217020952,False
2.262496627005887,1.7966917092538734,False
5.0343940772914735,-2.1239750830044537,False
0.22695676568617498,2.5125182326964586,False
2.7907778394494622,-0.666289448425727,False
3.3091966839040436,-2.4061009491138896,False
-2.740107207572963,2.4938963652966586,False
-0.17901629781317863,-0.04189363732771542,False
-1.985541738003836,1.7258950288654462,False
-1.1634514782325351,0.8989280388009081,False
0.5902569824149781,-1.3599947195636686,False
2.288209509177333,-0.02582742092560982,False
-2.128402176999283,1.5653061076806436,False
1.7111165472424945,1.770950427815215,False
-2.3158471509411216,-2.2293642570391747,False
2.809248865750765,-2.560264454144094,False
1.6090162165122124,-0.7105808453398573,False
4.261874116673585,1.0273925220615339,False
-0.9435217495397039,0.47611309047671296,False
4.903421102987643,-1.4941709163520058,False
1.566558062770059,-2.16330642128076,False
-2.9100032935462536,-1.05533449290426,False
0.1157496064519672,-2.220446185514715,True
2.8265889301895117,-2.816804483554139,True
0.40471627219483514,0.6894275072315871,False
-4.227562580168592,-1.5237068552931068,False
1.887996578116669,-0.4004863181375025,False
1.4710080344553298,0.4094502663866947,False
2.4316930558068806,-0.8209268915218297,False
-4.735794494422512,-1.1701470938848406,False
0.2124945710270792,-0.8810008630188418,False
-1.536059675718187,1.1648171418171025,False
-4.7912629223257355,1.0763662210693308,False
2.5162652997827855,-2.01770702255389,False
1.9194015868354966,1.3774689697787386,False
1.8104526658433344,-2.3025472123199724,False
2.433574395447848,-1.8217687002455478,False
0.8223580911368784,-0.29820275908633903,False
3.2220934656359947,0.08244251042554145,True
0.7288779670367498,0.5475454840028446,False
3.1087467360489494,0.3381292166014143,False
-0.8297626650268436,0.3866600178258806,False
-1.763277489817721,-1.5904057637512423,False
-0.41570248627653994,0.9563371020494326,False
-3.314123823559219,1.5834246136215808,False
-3.5673428091484056,-4.253996217350207,False
-0.9159728576920612,-0.7649718324858914,False
-0.7848612014627107,1.153671849992981,False
-2.0946449792428856,-0.2669367673412072,False
1.3827781107582022,1.164134329980753,False
0.09384780880395852,1.1815469660745241,False
3.176003838513451,3.115301917860076,False
2.2933543394865854,8.191425928180408,False
4.216651638534895,-3.709697741146396,False
-3.877708350397872,-0.7807512412702663,False
0.8996819954840044,-2.393867247134909,False
0.632297750147126,3.8324434311175968,False
-5.552579914766993,0.9713860546436268,False
0.6794035520564229,0.649104845318611,False
1.67415327965426,0.2338619126851749,False
-4.4722526050565,5.52561592177786,False
-2.2700720568601476,-0.8265577338501561,False
-0.34048980073251434,-0.3559952818446113,False
2.4501790575729654,-2.698192479693353,False
-2.696600775374023,12.602321642427793,False
3.6864879268190185,1.55963722943505,False
1.8255502422265408,-1.3016959410906281,False
0.4958141299358866,-3.156542407650616,False
2.783549542497987,1.3242130576619855,False
-2.986963630769208,-0.6079088109562859,False
1.0380969822170147,1.5617967775883894,False
-2.4076141982219506,-0.34208920304345986,False
-0.675670951803511,0.5737219726312911,True
-1.5329408235719035,4.071388194575595,False
-2.491602052496228,-0.0903188445621918,False
-4.100132369356236,-0.8127435813935122,False
1.4050937847105802,-0.2141475294648826,False
1.153047797481775,1.0590447986128408,False
-3.4203560772359958,-0.17218097002548532,False
-2.8711206043497497,3.905055306526159,False
2.8530066701344765,-0.0723141483779459,False
2.00827555204903,-1.0333820481400504,False
1.0696234615111284,-0.27463460881331264,False
-3.534068849865548,0.028105285856740096,False
0.1274617829718808,0.6158892278968083,False
-2.887347428266335,-1.1939994541358516,False
-0.20889372115599103,1.0430533409152587,False
2.586793084441054,-0.23356148029967272,False
-2.2414235994157874,0.653205241404836,False
-3.8564953570797544,0.030615065206730636,False
2.973947246319895,0.8314059707009123,False
-4.036133276759923,0.3586190156030026,False
2.4818088382735275,-0.6874438348504732,False
-2.3746404458807264,-1.5399045096989488,False
-0.36567005581830125,-0.036689908331593635,False
2.4440784812252807,-0.023680246453315474,False
3.180239114310249,-4.0535414822690266,False
-3.8385822725896026,1.4452865561124733,False
1.6912274022148426,0.9138104959015317,False
-0.41065251493192567,-1.639258704747082,False
-5.218173418577077,0.23446401364646235,False
-1.4292876857076318,7.353023063988782,False
3.3476212910778997,-2.651537699589662,False
1.485511652849324,-1.2015546210354746,False
-4.686563387047501,-1.2619089512053552,False
-0.8595626447733858,-1.7269801583201152,False
1.9003745246117787,-0.3275780228480615,True
-5.071782383723267,0.8847788652749354,False
-0.27065682723301393,0.19691036416210794,False
-0.8253459219259881,1.2336504225042244,False
2.595970271692764,-0.3946224234572656,False
-0.8476107467036584,-0.9768861253882183,True
-3.0295913718137455,-0.49756393625554995,False
1.8509109790583265,-2.1326333364842447,False
-0.6869628515646233,0.9921717530277934,False
-2.722777143083511,-1.5132664382330097,False
4.147237301856521,-0.6674606177949843,False
3.3268764616162385,2.5190338864986037,False
2.079576598152329,2.4770748105978524,False
1.6734542616754942,-3.3355419400404607,False
-0.9250299583126717,-0.48932889332117707,False
-4.031326522823356,-0.89120663199704,False
-0.46157647366497706,0.4763648025082752,False
4.367507083306794,1.0666387486802547,False
-0.7491944823994158,-1.8277671238220183,False
0.8529987615648548,-2.0669583264989777,False
-0.3263955711973208,33.136387226689344,False
0.9550404625043977,-3.1836709710267206,True
2.2077362677771006,0.09905195939038289,False
2.020996431472563,-1.5694667217982523,False
1.7257120339626757,-1.02482142851945,False
0.20826186906999877,-0.7195613822421663,False
2.685212792181921,0.02446306122887933,False
3.5960340008696967,1.0614504808612957,False
0.14671880303313206,0.2336138644400273,False
4.895464822066576,-3.445709218005323,False
2.296008620486189,-2.240852974407622,False
2.3180375293269706,0.6221975227663916,False
-0.5986411479111398,-1.9658040904608745,False
-3.0024735552482626,-1.633438001630491,False
-1.4749399632635236,-2.877994189904368,False
0.6632700659901503,-1.1417674963056788,False
-1.2071193352683318,-1.9167879676779067,False
-0.37594586056691937,-1.3080801582446269,False
-3.100179416477871,0.8535552750254936,False
2.018232704647923,-0.5275618699020712,True
-0.7797945541929635,2.2476275005539814,False
-2.1096014582134357,-1.2788584108758876,False
4.133980036290228,-0.7846071888872386,False
3.057101698948083,2.294345321177493,False
-0.45815290611833964,-2.4122079039742643,False
2.672011727241836,0.1138661422790821,False
4.49733081825126,0.9605109613128655,False
-2.144283903311645,-0.7855786589784054,False
0.3025783898548794,-2.8267328301869568,False
3.7931703977700906,0.4527735059116395,False
-2.3024863864180163,-0.052752890105059964,False
-5.294852930123445,-0.8871319057421696,False
-3.902728153307382,1.3598750285406376,False
2.275989698117111,0.14944315010858422,False
0.6184806580846705,-2.6468848054678267,False
1.0726705573805821,-2.1466457030815356,False
1.228023453392039,0.7250492092530915,False
1.0268264567684222,0.493068273202912,False
-0.7036683313404474,1.3886850556597057,False
3.284995904487892,0.5202829271961943,False
-0.05455889716181637,1.7640673320226545,False
-0.3842492436788627,0.3914532035452837,False
-5.0423793543321045,0.9811732112844189,False
-1.2377534547918283,1.3779025781772603,False
0.11799424352822953,0.12259363487252037,False
3.051717616577645,0.2630473288788866,False
-3.418495237614487,-2.754302344316195,False
2.0560109085765625,0.28206613530160396,False
2.027164724714382,-1.4893169566197952,False
2.0871174995133877,1.3398462246564014,False
3.2739382687559595,-0.9706938488787237,False
0.4186717493028215,-0.22320392618554208,False
-0.24489214696076356,2.0579511520195073,False
-3.628067746358515,-1.0543385153013314,False
2.170151844778456,-1.8120775364393131,False
-1.6489757410567532,-1.471583018507085,False
-0.20901372965259385,-1.4304870781122767,False
1.4111412006509674,-1.5475379084286476,False
-3.6078963022992743,0.937398730527402,False
-5.467127553561253,-0.5489436404147188,False
0.47593867406399476,-0.5040378608064467,False
2.627001710007142,-0.14077773408012026,False
-0.7271500320949256,0.16765677207857774,False
4.838627425708221,-0.8304479637947485,False
3.7852285252505777,-2.4969718455493743,False
-3.142342726204078,1.8803420333334433,False
-2.5892850669812635,-1.3921205991463068,False
-0.2630325533132008,0.5437709546342575,False
-1.4542591526441226,4.901714284270306,False
-4.085255505341093,-1.681061351835241,False
2.0199296868198258,-0.019917120751719357,False
0.07946579541110173,0.5496242677923728,False
-2.7924239128829926,-4.512781135703379,False
-1.4787799889566127,-1.5278994706369797,False
3.565180550457145,-0.9186334221159839,False
-0.04363241718613009,-1.4316664532948247,False
-0.003432685623634943,-1.6306692134280718,False
3.282726240747948,-2.245563782144526,False
2.872648780203717,-1.2190391551278073,False
2.6170026161398954,-0.24887497523323351,False
-4.969012847743974,-2.6110904751068693,False
1.8913766681322508,0.3749491459827056,False
3.1635540987694357,0.5842759134350136,False
-3.786137900366132,-0.8317577062685922,False
1.8987870860654952,-1.1443428480548694,True
-2.992066234590576,1.904400147772691,False
-3.442469502354621,-1.062381892399515,False
0.9262219748477132,-0.2875897143876832,False
3.9285239416927413,-0.8083310074236191,False
-0.7890439801955019,-0.6123823659670143,False
2.988093432335093,-0.2893230422109313,False
-5.37907680404486,-0.9856235609079294,False
0.31071335811969564,0.4707735285005689,False
2.23909506428681,2.754084506978993,False
2.4974444932215425,-1.8811907455300958,False
-1.1647655299174473,-1.066778488780104,False
3.0615977082713393,-0.9355555797335604,False
-2.306644016496161,0.7064429658673506,False
2.9639442082145244,3.0315218140047246,False
1.2841242351948687,1.4457263274358017,False
-4.408496456328043,-0.9096264850656569,False
2.29266733663969,0.15535794476771422,False
-1.3705140310201407,0.6105043457534894,False
5.03875972711856,-2.7773611600120534,False
-0.9833450108025495,0.9787560152986232,False
0.8404080057704769,-0.21743272160166952,False
-2.379572602225438,0.6624092641542336,False
-2.615571653401001,-2.1167357887414586,False
3.775347764861222,1.3353644348167426,False
-0.7829157144178966,0.3686105752779635,False
-1.7496326187410234,-2.1193578185718605,False
2.0463064419019346,-0.5922487297503622,False
3.4020692840862283,1.4436606226646669,False
-5.056986541557886,-0.18071993565746047,False
2.946317056312745,5.156045253822161,False
2.129117708787417,0.5024861038097815,False
0.6980851824590087,-1.8132865765998303,False
-2.2226049261913654,-0.07081508465655705,False
-5.6181325774542294,2.84243655104316,False
-1.5736578322580894,-0.45421318597152477,False
-5.0805232957725615,-0.8196481408537407,False
-1.059015467813598,-1.4594668613066375,True
-1.1726446808497126,1.437167273296025,False
-2.5875624230306515,-1.6530915600065306,False
-1.597194260642977,0.35904137307086714,False
-1.7798111351391122,1.7195390873509255,False
-1.251231472804936,5.966233003493096,False
-2.839977408944531,5.179210438324006,False
-1.8810943671615494,1.7349615213439362,False
2.773309122060159,-2.9700826283937256,False
2.106262982586891,0.5349173931921671,False
-0.24201185209714407,-0.4999660231953855,False
-1.84027939798237,-0.6732885114902378,False
-1.9459030382577016,0.9425619609397057,False
3.093505659643601,-0.41351371990052366,False
3.069984548904325,-0.6900912856667353,True
0.8485476170568496,0.4230551544018892,False
1.54702772084749,-0.2372433621101612,False
0.38892160390511665,-0.47446116785913384,False
1.3835930310379496,0.5653152895511583,False
2.815650723384782,4.4098966729663625,False
2.8703895326659254,-1.6801596685738056,False
-0.041841758648002624,0.9450720848582638,False
-1.9676979434625617,5.988735403061055,False
4.744884822778816,-1.7919531916735858,False
-3.6750303497976744,-1.911933552975451,False
-5.481144193262629,-0.16553768326159518,False
-2.7290321145556486,1.485787046734613,False
0.8627271273576425,-2.7971467716642566,False
1.835246577496891,-0.9097587244189347,False
-2.213717720437478,-0.6378504610333424,False
-2.555806063584928,-2.152285521073532,False
1.660436257297252,-8.297435370610325,False
2.067657762109521,0.25408183589307387,False
-1.1392407945582996,0.005539533742747413,False
-3.5595136000308094,-1.6323472958886642,False
1.1878969447743988,-0.4907372185808005,False
0.7359450271516924,5.430466205364567,False
-2.155622590454978,1.401132054357843,False
-1.552249206178246,0.5161455053055295,False
1.9713855667337645,1.8487270638752393,False
1.4942736232532472,0.27874249222250674,False
-3.3833637213365746,-0.694420462461977,False
-1.2859008268731646,-0.8703603861920197,False
-2.2797209789917043,3.7738822446495837,False
-1.250867689905481,-1.8152907558856044,False
-3.534856110138339,0.4213677716860482,False
0.27167116303353867,-4.6197431109330065,False
2.9398948597122985,-0.4353392845176362,False
0.9270562565484461,-0.12665877321356914,False
-3.810899810863432,2.4231978259903,False
2.955490181832034,-2.162824514537463,False
-3.3783509087786077,0.8365385373494174,False
-2.7611360020035587,-0.8178813334300852,False
2.0446459702245905,-0.8737654316523267,False
2.3518044964649385,-0.8081602450037206,False
-2.1501209815385693,0.05824422245134036,True
3.112301048576437,-0.5915511394919295,True
0.8312621839122157,-1.0987479836318463,False
0.346848574068292,-2.0619340572440006,False
-3.6526334287091955,1.4054801942522857,False
-0.2598504411428315,-4.453457121798024,False
2.668140717583072,-0.1032687637673972,False
3.228932118673069,0.08821853961920982,False
-1.9111568946218653,-2.34453428086024,False
3.0552974381600975,0.6557719374870709,False
0.013060549648702957,-3.868431198545596,False
-3.9341876194180525,0.06419641212766447,False
3.4171925544395028,-0.5503077228357529,False
-0.8204885103521458,1.3775324556826476,False
-1.3798149766461096,-2.104186887566151,False
-3.8689811845475672,0.04006493505128399,False
3.563415945617178,0.4839869790392916,False
-2.256703808316484,-1.1903487285792989,False
-1.6705072085908086,1.0735692750517918,False
-0.6487808867218157,0.4267233111963039,False
-1.225748530900236,-0.0844189643636773,False
-1.2853907136622704,-0.04994406433350133,False
-3.0607723023016904,-0.7721150975246934,False
-0.2788966719993378,-1.1294727254330374,False
-0.3915948821989903,-2.7726320110892186,False
-2.025324165909205,1.3377108567539322,False
2.092717180227883,0.35457801825768154,False
1.6457635260406343,0.04731392763892358,False
1.8652304492509335,-1.145016567371775,False
-0.48147790216342706,-1.080892766208887,False
2.873070425915281,-1.7620077861577628,False
3.7843532450194584,-0.15197874761297925,False
-2.5975631807011066,-1.5870590670453755,False
5.228149626299655,0.09948378194109876,False
-2.8193349783058808,-2.7687634711283287,False
-1.99598758245454,-1.596002998565884,False
0.11031005061212608,-3.170374046411274,False
2.01006014942742,-2.864307338920256,False
-0.3269271213116712,-0.23567757821993035,False
1.1803482593047148,2.0819711016737505,False
6.229310914722696,0.5361450571273363,False
2.753084480862752,1.1058457330993618,False
2.235032592122137,-1.5320395343691964,False
-3.5958522746725357,-0.08262473775806257,False
-3.503376487938719,-0.7302389379212735,False
-2.8216987323862934,-0.5730065415956092,False
0.48052872364602484,-0.11770861245756645,False
-3.6345947410649706,1.5657390699323313,False
2.976723539980685,1.274940013839623,False
0.7092750462878278,-0.1476277461782054,False
2.0318568253109737,-1.0729340868037687,False
-1.3721382308237131,0.07930416982991602,False
0.49503360652010087,-0.052796616164397105,False
-4.228736226379933,-0.09220944390535231,False
-0.581800167681855,-0.0662297941617019,False
0.08327596675099998,0.6242286403044526,False
1.798087706159837,0.4065113421107813,False
-3.8659676952414364,-0.5796277638661724,False
1.3838622567280243,-1.9546373727037136,False
-0.25060029303923076,0.1039901557266521,False
-0.35941420988319805,1.4851201153541882,False
4.300512539926483,-0.8116977297625428,False
2.7786152212722754,-1.0597424524294545,False
1.5744101397005674,1.8746000199427364,True
2.2770159698546557,-2.888343473234454,False
0.6836328373562919,-0.8787370245745555,False
4.343553592599817,-0.8426919904758666,False
-0.6407350069931202,1.3473865654362631,False
3.9293495182828884,-2.661707735659435,False
-2.6332711680180854,-2.6626903505347297,False
2.6539480620465628,19.59171863661311,False
2.4645219120252557,-0.7156559539561945,False
-0.23477557218569367,-1.358287130441782,False
-1.5343685079927158,-0.13907300120680063,False
2.534585705724052,-1.9131567891160242,False
-0.6720160266189248,-1.2869935923084372,False
-2.399922792148859,-1.5773651018889143,False
-5.22146013198358,1.0155898360277513,False
-2.1073847733499935,-1.2324506964226467,False
-1.949287931713264,-0.42749697951612375,False
-3.2606534518386505,0.9139590479696817,False
1.3948885736177903,-1.647057019087489,False
3.019300367751487,-0.6382466911922918,False
-0.6328976017521467,-0.04599831619992319,False
5.003187109389063,-2.233649658437414,False
3.2198163901781465,-0.63240677898043,False
2.2669457598716667,-0.5664309231799016,False
-0.24630456025741632,1.9972316856603696,False
2.9462134687513664,-0.3008741322406714,False
0.27268877241752165,-1.0378079036635863,False
2.9651666042824916,0.9138931980266849,False
4.359824065447035,1.8725898374472132,False
2.902115980354424,-7.283984746385553,False
2.3426699479991866,0.26109340865114533,False
3.775611503139452,0.423334608051489,False
-2.190257614687,0.21773217324739594,False
-3.1154980562697285,-2.1152439898378836,False
2.242653872273799,-1.1768963643535577,False
-2.828415139295249,0.9113442636394473,False
4.135684200515907,-1.8873530125941982,False
2.2943625638539724,1.420312346267194,False
-0.06565217646993368,-1.19535895602476,False
-0.8593636507659002,-0.1870311966819538,False
2.0392629770604818,-0.38261236924860437,False
1.8116891458117652,0.42173412976051067,False
-1.617321948080954,1.5507464225559207,False
-3.9365761084996604,0.20240616911717335,False
-1.971692565916949,1.941000547109685,False
-0.8980449140130652,1.0814923583266605,False
-0.6240209953245964,-1.200439126057745,False
0.8174742132737899,0.633874200126828,False
0.0066523329437321145,-0.13207659874666686,False
1.379600872574673,-0.31368443586333006,False
2.589855389046276,-0.11191659753396066,False
3.198341307878446,1.3387443923229703,False
-0.09623270579694139,0.3722900847372405,False
-1.5988539621975046,0.005248727329025139,False
0.8855014537417113,4.641679204270767,False
2.950677751268196,1.762329635020491,False
0.7930872418696859,-1.4321920997134974,False
-1.178622716729009,-4.137161146126983,False
-1.1232263486281129,0.938557792168196,False
0.21973759656724803,33.116162089349714,False
1.956550416006505,0.2032320755782375,False
-2.7655444996909955,-1.033218988957884,False
4.7366142678847405,0.2758706877487639,False
-2.8008605276596477,-2.5246781959088755,False
0.7514967212788286,-1.171492186684837,False
-5.625945745428449,1.5113815971186713,False
4.485225858811539,0.4689686353214878,False
-0.9676254153492507,-2.3988841134274743,False
0.8007332116973737,-0.625680677327222,False
4.458866001532644,-1.0716418227271611,False
2.126282484437721,-1.3714392591773368,False
2.530120386054263,0.8757271953793122,False
-1.7440188325374146,-1.879912536392512,False
0.1765981587037879,-1.769638420240036,False
-0.037882316849665955,0.5473569584001842,False
-1.1494780096146708,0.9106606043345566,False
-0.9117376943643406,-1.5132550738999815,False
3.2324167617837642,1.1265374691365198,False
3.1728259828966348,0.06195575418361526,False
2.522426089083324,-1.55363658032351,False
-2.7905456351681672,-5.396776877768154,False
2.4873208626934065,1.4703515581946807,False
0.3656784301581431,-0.032892771519348364,False
3.1642351583778274,-0.47568236754228527,False
-0.08275845044834361,-2.5945124835269864,False
1.2474311494810542,-0.48875340362744657,False
4.477241641610775,0.49372687338361537,False
2.3858961226393895,-0.44796865979568506,False
-0.3477331990534051,-0.6721576124445955,False
-2.546387934576687,2.6605171795176816,False
3.3829107157483507,-3.7765399458538265,False
-7.123143641572365,1.283153611576115,False
2.9963304812216083,-0.3930942668348026,False
-2.007141927771553,0.7977620806131671,False
-2.7205445207402956,1.8539644542889409,False
-1.9607885305965427,-0.3759462718238042,False
0.6935681130535946,-1.176140791789265,False
-1.671564541462354,-0.23094663607660193,False
0.8525005864879722,0.9511848293931936,False
4.011479240935744,-2.45842961182614,False
-0.11133451070742682,4.661030550137633,False
1.6482882846569227,5.221155714936467,False
-1.9510302751733206,-1.9281181008273136,False
-2.232872748822152,-0.715404659596814,False
-0.6027572831842459,0.2413281414041516,False
1.8911008061783947,0.9505537619859048,False
2.1456236022329747,-2.6759223802220897,False
-1.5627440713538199,0.26473436968507935,False
-0.8431586655256029,0.7264544022089362,False
-2.5239890884049356,-3.7070733145499766,False
0.5857830891040304,1.2378557697736292,False
-0.9054853200276475,-0.8213471763481068,False
2.5552305753973323,-0.5662620281147355,False
-0.3391380345980939,-1.0177813892741756,False
3.026965623612109,-0.41896704762412373,False
-3.406851016596209,0.04491613848322448,False
-3.9297031433937284,2.4721621341923465,False
-2.9301397142690058,-1.4321195352033411,False
-0.30235827070926063,1.0213129959627958,False
1.1268260895912434,2.6103713149538277,False
4.280070318898641,5.977220929242653,False
-0.16117427202378254,-0.20325609949132675,False
2.227394950219949,-0.35594487497772487,False
4.1239976067581985,0.9194498421085007,False
-4.010587105047726,0.7863140217186078,False
-2.4397930534700767,0.4368896750163835,False
3.957389896472119,0.1516556378178397,False
-4.560882463178241,-0.1131181254153143,False
-4.50221130302748,13.180170356221648,False
0.08708505818268629,0.21647160466823503,False
3.399075527513373,-0.7198642474276107,False
-1.6909127778658828,-0.024541722584996647,False
-2.225583507575415,-0.1371556799372947,False
2.247028053375212,-2.6731748716689796,False
-3.9580982967443887,3.843372198909545,False
6.218525526136113,-2.3338645874181485,False
2.6013074288127975,1.3227976184311416,False
3.2764537362684565,0.9556956211821435,False
1.5068563002082294,-0.524380805324471,False
3.5684563048066056,2.262021465468969,False
5.678226433877839,10.34267028328278,False
3.185174982377905,2.548081048068579,False
1.017880256329301,-2.247870200268095,False
0.9418394257235501,-1.6263637342994388,True
-2.0410349196595825,2.85414886372264,False
-4.011008405252393,0.15551070047862736,False
-5.227490369223063,1.6090977953110495,False
1.3133551320126848,0.1927862950365231,False
-3.3835557196808264,0.15044998926853057,False
1.9719528686837886,-2.085223884254522,False
-1.1734032854620393,0.38455071743580105,False
2.4422696907722625,-0.6899805463689466,False
-3.5800342263780482,1.0326158424186593,False
-6.357833699962518,-0.8911560657004544,False
2.1983034972769926,1.7348797614536973,False
4.747902840553106,-3.565696289762541,True
-3.0093712305272855,0.33416047950365724,False
1.389615776915119,-1.457220229732873,False
3.7513854606284824,0.23138708697675128,False
3.7423870618822335,4.033182894490035,False
2.1719974164438165,1.0898325641290845,False
2.521242240385066,-1.5325723421063058,False
1.0485708329493644,0.4549148324931482,False
3.141423429543235,-0.0804634370635268,False
2.4748206448319143,-0.8733590255416573,False
2.321125116682862,-0.8429154685512096,False
-3.6209411670979117,4.068895499157523,False
-3.6463070533009136,2.368392196303361,False
-2.6229905901881057,-1.0645490144627479,False
3.6350625252238014,4.1010795771315784,False
0.4354749799322243,0.1483223662093485,False
3.9848891963234943,-1.9460490678197955,False
2.3772227148204936,-2.1888388993813246,False
-3.0634372461414494,2.8855596524182956,False
0.07977755389858138,-1.5294911463734542,False
0.40177620302595507,-1.8605536854841602,False
3.886148291977847,-0.6832531079981019,False
-3.908260157392364,-0.45999192387622584,False
-0.7736193374796356,-0.9733338415592794,False
-2.046335973657259,-0.9195877365182639,False
-1.0917890752843336,2.0306395323760933,False
-4.043303398742917,-0.029036113802221063,False
-4.1644482730020504,2.0969570782251217,False
-3.8117992121724034,-1.6256430937214355,False
-0.6779423841920671,-2.1228635109701264,False
1.4754094694085713,1.3921598445929002,False
-0.6681706418380261,-0.8024496627007055,False
6.419038906202431,-1.5849428038651883,False
-1.212237161838781,1.3725502452123663,False
-3.9602499497305383,-0.7602404938625684,False
1.9862117444732317,0.12556843094375217,False
-2.364820361117424,1.765854609934262,False
1.6443016536841695,0.979285164670856,False
-1.0690034618600432,-1.3632122105950477,False
-2.8274256590573565,0.4175550121658275,False
-6.640038356342438,0.9852776688680164,False
1.7895923883802016,-0.9453938628887189,False
-1.7656020270566954,1.0657333496757901,False
-2.8277152956717355,-1.5505975574046202,False
-1.4534161254410538,-1.0113714582763655,False
-0.26509797585473166,-1.232351976696312,False
1.1287405465917828,-1.140247933689267,True
5.67387000281371,-1.071895188151535,False
0.022273953260353203,-0.6611062971617192,False
2.07985739345165,-0.634221524760337,False
1.56322126261735,1.3219631498494144,False
-0.7658238497204801,-1.2455065825908191,False
-0.5607954831421964,-1.1299535676341137,False
-4.407326846146773,-2.8000941995626025,False
4.492128901614039,-0.47642516215089387,False
-1.4181995087789643,-1.4993714026877196,False
-0.694958171717205,-0.39841431137885236,False
-3.0687184918839367,-1.9016506676906697,False
1.104803479418249,-2.192817052071937,False
-1.3742238595035636,0.4827214828253942,False
-2.297486255342424,1.013350811341457,False
-2.0683671943812105,-2.028830908184202,False
-3.2160761832845868,2.920613357103747,True
-1.502463290745305,-2.1195018971707036,False
3.1327398649022826,-0.8604977342386796,False
0.8998584520730167,-1.7209387265911307,False
0.17106261665472133,1.8119780687209155,False
1.3441154498501648,1.1360269201165512,False
0.939306130443004,0.9494347026287366,False
-1.426441828560217,-2.189309976034909,False
3.9220821043002854,0.6704554880517398,False
-4.613273867281848,-0.2498805686613159,False
-1.0925182691769173,0.2972878447264874,False
-0.172438107290442,-2.8256757866384543,False
-1.655696809266125,-0.7629572660453049,False
-0.20192139615368995,-1.018317129336587,False
3.1976503676118404,-1.3524939000666585,False
2.885291938105678,0.9652033184190134,False
-4.099724893463686,-1.1110269991010133,False
-2.970796486772327,0.8143890347504404,False
-3.9735587953687914,-0.4584349677987062,False
0.6365997577261444,2.191345514886686,False
-0.9718222026464375,-1.1929272801658335,False
4.286050213662216,-0.3537985755473696,False
-5.132647322964745,0.7539247662810027,False
-3.7152050436937363,-0.9178389441804317,False
2.811739951106283,14.69813141488952,False
-3.470090722053657,-0.41187739246221117,False
-1.847238209621866,1.6190339470701722,False
-0.9122419240041395,0.1936959728581499,False
-0.3258070159988065,-0.8719073056624786,False
-0.3795722393146822,-0.6653505096634021,False
4.0813479870588925,1.126012084668084,False
0.08921000534318364,1.085183201335989,False
-1.1377729194871378,0.0006187194763084661,False
2.225274020044688,-0.28120162456932657,False
-0.8189172750510683,0.9568908707590238,False
1.1969026566565701,1.6336820986787164,False
-4.877235820558037,2.7073078240652375,False
2.6550650826590654,-2.302487384287554,False
0.8974227090053705,-1.4521323401039399,False
3.2406877813159056,1.3373105859101333,False
-4.037345937509362,0.978283515716433,False
-4.844167353177114,0.09136952087303445,False
-3.5394767736304273,0.6640693921794028,False
-2.6641995611101885,0.40970774026417045,False
-3.2708541914121394,-0.6352916169816881,False
-3.298427246309043,-0.9157350381153412,False
1.3698664787480077,-0.3154930541634676,False
1.7420440570079365,-0.017084522927228483,False
-3.0116510315782596,-0.596707397100809,False
-3.860971746340199,-0.9105454390827425,False
-0.5336670853312189,0.7269607873474203,False
0.26561530247087556,4.301258160243353,False
4.661028434040414,0.7078885606372275,False
-4.25112224980814,-0.9981476036043986,False
2.864548511005441,2.2517446291123826,False
-1.681337446963423,-2.842402382797565,False
-1.124755834337779,0.846616307245181,True
-0.3894909332289478,1.269711725767024,False
-0.34639064903696154,-1.757386171173882,False
2.1705531835780962,-0.8687518571111164,False
-3.5542535562436908,1.2443547744482661,False
-3.614807115432248,0.45527896956131914,False
2.289397893270251,-0.9701384031409526,False
4.7049860950026625,-2.325047623803249,False
-2.110637126919196,-0.225519326251408,False
0.722309819060504,3.0592141883225574,False
-5.274576056116167,5.02748157943405,False
-2.0789854034018456,2.08088954315348,False
2.185031107711134,-0.6579753213482471,False
-0.8395089188707572,-0.1085807629404114,False
-0.9057564725895562,2.66890568554209,False
4.257143767335251,-1.0685674773176872,False
-0.9640140906735182,2.985628497059335,False
1.7265455677295483,0.9009960938512277,False
-1.260049375167441,0.2985615142630103,False
1.139172131407738,-0.6342533011083568,False
4.088628529094073,-0.9642729090509169,False
-2.5600195927335463,-0.14689615225680203,False
0.2691291383445989,-2.477758496887811,False
2.5327389484935763,-1.3433406615736556,False
-1.8671433376280717,0.2248278138973065,False
-0.2721575035342499,0.5736189923616654,False
-4.232557624067325,1.6357624901874086,False
1.1910321404356752,-0.03076923673747832,False
0.6489669873412826,-2.25194871693038,False
-0.23355743756145678,1.7353395715189412,False
1.5031025108484302,-0.7550897480583475,False
0.33998204964386797,-0.9205091128801559,False
0.5888833934237842,-1.9869954258222557,False
2.0593568616793734,1.6552585465263219,False
0.7141467966086571,-0.8764276138373619,False
0.9618744079182824,-3.237470973319395,False
2.3391804921415944,0.4088678657376703,True
4.8322997029551695,-1.0314680209908766,False
0.5219315215321003,2.4591672557159705,False
2.5793316558698662,-1.4289566878317075,False
-5.11961946769442,-0.6896276265500892,False
-1.8364248553709746,8.684164560614704,False
-0.3730842972405156,0.06744966584658411,False
0.5041458835705261,-0.43445494427867437,True
-7.209662719126927,0.8311292518092812,False
1.9463556427398576,0.36257866213973194,False
3.112058208567825,-0.1701940587307224,False
1.891959093818777,-1.366274337458477,False
2.1064386772217696,-0.43602805779819376,False
-0.34341801298516816,0.6896681168969243,False
3.4990516094585864,1.2961435099436969,False
0.5046377786010391,-0.6952520311810249,False
-0.5114376459670031,0.8612844874781739,False
-1.6388956173587514,2.425110421001449,False
-4.29409822347576,2.328703770703328,False
-0.36276145889467754,-1.2359825032332334,False
-4.722648407112871,1.2146688928309681,False
2.8664728746925987,-0.5917607412816968,False
-0.6757593432482695,-1.6010485834200618,False
-4.395574409219525,-0.9891510686691737,False
3.5061230084991197,-1.0113200359574228,False
-1.3780895545170797,0.6092606583800858,False
-1.9964076955964911,3.799297513858663,False
3.500192449765913,-1.198746204895653,False
2.471520105397567,-2.341194918871787,False
1.6129811522222253,1.3521191527698675,False
-1.0185655738281287,-0.26380409499231644,False
4.655792104095675,-1.7504990125350732,False
-2.408310542481967,-0.31720284128219073,False
1.6549781481874508,-0.11148322196511794,False
-0.16825949531939507,-1.658249362890134,False
0.442156495713935,0.33653990375305504,False
-4.312799039980738,-0.7148297826759962,False
-1.6830233436089816,0.03332030061393875,False
0.4122966661395204,-1.1926661864559527,True
-2.0683347936703793,-0.16737196270720356,False
2.3842825769209535,-0.5088118359932131,False
-3.541732261113938,-1.8972906677827328,False
9.546604968405777,63.55150056978599,False
0.0772262514513556,0.877049109094897,False
-1.489178760016545,-1.6224054753734771,False
-2.9684400704466105,1.2991136779334076,False
-0.9830952896748181,-0.5547451350575752,False
2.3244515937692922,1.077016540462016,False
0.6855609620079535,-0.3783607800438827,False
-2.3128023676470435,1.0240066079849774,False
3.0436394129297026,-1.2437543275952507,False
0.4871880891898446,1.2085529076418184,False
2.145580219006689,-0.5088370978734957,False
3.9907988582881466,1.8810777881951097,False
2.1867100679968803,-0.09318950058199514,False
3.278477004272892,-1.4174581296060773,False
0.4925880512781027,-0.5811062410471649,False
-2.6596080339126797,0.8718772649622617,False
0.493574762583831,0.4319058040243602,False
-4.051222866375231,1.4588191224388978,False
1.7417928652997252,-2.868159276691206,False
2.850003832922076,0.9515060466747385,False
-1.4757027885338327,5.7474399755534,False
2.6842125744874163,-0.13483830846476633,False
4.120070157776286,-3.0640999865381584,False
5.079254186224731,1.1769198530766505,False
0.05451300776466214,-0.930622287396325,False
-2.054045172590333,0.4891628368174162,False
0.5487836282018143,0.2340330836604199,False
-2.979804995177013,-0.34461652399979054,False
-1.470330961062317,-1.9856378826885983,False
1.3345403587157711,1.8825398332933485,False
-4.34835709243391,-2.3536569291084186,False
2.120559449306799,-1.2422183504727518,False
1.1316208046164942,0.4484799920510286,False
-7.076480812948155,0.7254887679228554,False
-2.1838549059909504,1.416084466986587,False
-0.3469641749887878,-3.09224312122883,False
2.4757953786346882,-0.3872731539245096,False
2.8216735014997703,-0.9588394437928205,False
3.257756383414641,2.6476279634266997,False
-1.4164467883238276,-0.24348826754728412,True
-2.072366243677078,-0.7178988810381065,False
-2.9011070421468657,0.5253705251332182,False
-0.7097430601675121,0.13917412299614162,False
-2.280941249363934,0.6714623631142809,False
2.620728758072926,1.7318591170541229,False
3.5291253786842764,0.21411022327468066,False
1.5879270163850558,1.2393443328202012,False
-0.4302083656843936,-0.7645560836399004,False
-0.23035766324029333,1.2343167193982896,False
-2.0033611447205804,-0.8140635200364637,True
-0.0037509427525084407,0.5194463356699531,False
3.7785321615845393,-2.7780815618332175,False
-4.894825785144818,2.4134785581263354,False
-0.3433669253631413,-1.4834961672348426,False
-1.5868362484477445,0.5064333955271083,False
2.0426516466957167,0.5350178689452915,False
0.4738517383797256,-1.248851494523831,False
1.1714140309486922,-0.0003841608620634023,False
2.8787809848221406,-0.0850497728290788,False
-1.303304201913119,-0.18609078203460008,True
2.2087520582241655,-0.6620324719865156,False
-0.5925309022726678,-1.427649674226529,False
-1.5473537172974585,-1.0944837570552268,False
5.892743928540385,-0.9695812198546301,False
4.411356348820107,-1.2677977757706878,False
0.25997895983258484,-2.494976191887508,False
0.6955261387816556,-3.5586864323495897,False
-0.9291053538924883,0.9060521121969152,False
-0.6661107781782114,-1.3259523032777036,False
-3.6402158985086874,-0.939308046994379,False
2.6812999312622434,-0.2499749179726321,False
-0.6855904388867186,-1.3317184005056182,False
-2.223524103754456,0.8362724113968079,False
-3.3588351253289814,-0.18646507250762465,False
0.8748148889855216,-1.275666812668544,False
-2.2637394901834536,-0.215018284098613,False
2.734654267984075,-0.579221766889952,False
-2.0390656072179074,0.21082463004542662,False
-0.2562308413906819,3.058095853544712,False
2.681632491660637,-1.6200275744779227,False
0.07082351610530115,4.196890531494708,False
5.2230195116778395,-2.022314145349742,False
-4.180192370800856,-1.5843410078759017,False
-0.9713910990685577,-2.1321025288804356,False
-2.369136479055005,0.5317436253247946,False
0.040250284881915566,-1.393694827917462,False
1.9995259515368897,-0.8561829765585034,False
0.15945832851282626,-1.0374533575741505,False
-1.920261563944601,-1.771641386012108,False
4.2010463692544935,2.3875478106336034,False
-4.890930373175207,0.7390051256593918,False
-0.5998577308028131,-1.2583612639323758,False
-2.321269874989152,0.4492995357475115,False
1.2564233652684225,0.13601731927391703,False
1.8844543425432463,0.3401932295987856,False
3.964152302641092,-0.07906558206509094,False
-1.0960163185360416,-3.0451314658274593,False
-4.7940836731824135,5.23449579167562,False
-1.3925610467252645,2.089400257887077,False
2.8104895480653793,1.280852980210206,True
3.4932700629171,-0.9980728599308908,False
3.908182695410096,-0.9181490258000533,False
2.5741517173215387,-2.2138454307025413,False
2.5962926519730636,-1.3370910471684925,False
-3.8624233117180156,0.7310433851312679,False
2.054489260200252,-1.6421371920745338,False
1.7564307286606518,-1.275146353376245,False
3.012281271409804,-1.9320882757571434,False
-1.5838434711489369,0.17949605093074464,False
0.4369710053530869,-0.12583535169515178,True
2.855308457579596,-1.0868916667700277,False
-4.376554802691628,-2.143978366103572,False
-3.1203611689936763,0.43594334276255586,False
3.4927030552982368,1.0724426203285256,False
-0.9752851543821326,-2.092346352556078,False
2.8260378575194753,0.7043247045594881,False
2.6765604233687528,-0.23765540310345204,False
1.4270184071802616,0.5719071785237565,False
0.5682206118049238,-0.3705138023071854,False
1.6082416070306351,-0.8036292437134163,False
0.15807470013539748,-0.44273024315897613,False
3.7133339044870004,3.509944041664387,False
1.1346007980559971,-2.3571048134938364,False
-4.687281889333086,-1.6366547662026636,False
2.9013457352804415,-0.8827258414744891,True
2.3496271135426374,1.1159728242681861,False
-1.408535663735362,-0.09876724623337355,False
3.568659510585497,-0.13328494303648308,False
2.3517567106189383,-0.4240111751813895,False
-0.6761140009885556,-1.269361520355946,False
2.131969174624338,0.5099926391838541,False
-0.6279692242211085,-0.7551336781883117,False
4.856882873361244,-0.6595788071287643,False
0.43086885434975203,2.1429307681766385,False
3.509403177774273,4.517865254721819,False
1.8182085544827253,0.8353945716860568,False
2.6390125719897606,-1.2165244302789786,False
-1.0158425130631243,1.5685713873840677,False
2.394479916895507,-0.5786909418775614,False
-0.30356697878442995,-0.7732107277194332,False
2.6665138053916673,-0.1809458411183994,False
3.292488530088116,1.8376925138450027,False
0.6353160581791202,0.32831096111413294,False
-2.59783156879321,-0.24259893553187567,False
-2.403541005998872,0.0099933066886919,False
-1.6590418096776285,0.6634243829774892,False
2.7543472154442243,-0.5989633899175038,False
-1.4913527580779358,3.8760586388578075,False
-3.2267635594690725,-2.8269099690189354,False
-0.5818033661084082,-1.9596585274460063,False
3.5126827379347274,0.4472708738579727,False
-2.2978483606269475,-0.23867975161188082,False
-3.739451852099926,-0.8390828348043207,False
2.5776423618084157,-0.8441655176014026,False
1.9847646517209103,-0.00528358521982594,False
-0.1433943806743187,-0.24460747571804428,False
3.9222304878155536,-0.24221245741531372,False
-3.0134337250279493,12.080453216095483,False
-1.883354839304574,-1.0649484350484848,False
-4.993825784619607,-0.05616898285374177,False
3.0190296279992683,-2.0782697319226786,False
-4.570766519512388,1.0032921457529635,False
-1.5051417945480685,0.49873590654034067,False
1.755754664222351,-0.6922899470761621,False
0.8174931687612039,-1.3398968421770974,False
2.597866349105819,-0.601446276083799,False
2.810559502312084,-0.03238614188510958,False
3.288900925014378,-0.41030257611876614,False
-1.3294022779707357,0.01342719696551904,False
-3.107155918995478,1.5018289211369051,True
4.864881832998294,0.15507600429179558,False
1.5696783329782307,3.215404380213871,False
-0.6991611618451655,0.5350540321026166,False
6.895584583900332,1.3852658884490698,False
-0.1057316260109424,1.0506519391981324,False
-1.5577496026112088,-1.1399089874566595,False
-3.2497430672817513,-0.4845159774718502,False
1.7063601949136236,0.9218727926914716,False
-2.0263949275555238,0.5300916953375712,False
3.7159715063732737,-1.010901493663652,False
4.496430810473663,-1.461055991539162,False
-3.4084106627464927,-0.9118245494174656,False
-0.03385091894657532,-2.0307205785683746,False
1.561565415678357,0.3666662060429094,False
2.3680568879642565,-0.7874055255215052,False
0.625510341488874,0.506720988334785,False
-0.5780940544630765,-0.8930639392526274,False
-2.4638683650846294,-0.8454894067978009,False
-1.4828640712135726,1.627900603475461,False
-2.4484127776848132,-0.5246512791344958,True
0.42712912464953623,4.985929502422092,False
-0.1060634851447091,-0.15418706940734558,False
4.229813716125833,-1.0145470128590577,False
1.5327735273717114,2.3131803097404764,False
0.6338434135252741,2.345730915443507,False
-0.034499322509209084,0.7509265316343542,False
3.4434064461253673,2.5583934245878313,False
-4.310569421503437,-2.8841128507399865,False
2.587526479258655,-1.683763177436868,False
-2.5817649746158455,-1.2044539053302994,False
-4.034916220399045,5.280412164509371,False
-3.078218401077684,-0.1518534058782338,False
0.1132102457916374,0.9984275002165254,False
-0.13909291504851384,1.6351471606808206,False
-0.7095157959349424,1.906298576256126,False
-3.9130670511136607,-2.4625620716400105,False
-2.2606728837377843,1.3421983860866555,False
3.856978522099748,0.46158282819056085,False
-2.9428109581029482,0.5894964650012906,False
-3.298542851497713,-1.1044100727595059,False
2.475146490983253,-0.3501267970314528,True
-4.762480124122003,1.4933720474958971,False
-7.3724733412617,1.6351956330490938,False
2.1613738668376192,-2.6198901329496724,False
-4.545699415353413,3.1364702097631136,False
0.2728799146483278,-0.7603918877326257,False
-3.4315778494069558,-0.6150942062083139,False
-1.3326101574426974,-0.8659776322948685,False
0.03882444622936572,0.97569788271919,False
3.551404694553324,-1.4451433517780667,False
-0.19329241745849404,0.0014824542817682249,False
-2.9200001888135834,-0.6138068883504653,False
-1.467536302024121,1.7362065882764344,False
-1.113065599593659,-0.46840085598352005,False
3.170902880969813,-1.8236799423117878,False
-0.24453771096187438,-0.25196970259491047,False
3.5925150466142055,1.3060534262632029,False
2.167369649266683,-2.0987599659592915,False
-2.0093596908405438,1.9682928935984976,False
-2.488844771235951,1.0834811602841405,False
-5.481806430381023,-0.7682690079243412,False
-1.7657584431976476,-0.4200413847630121,False
2.4150428573459837,-0.15890851772771203,False
0.4302529656258291,-2.895196359867423,False
3.9554613724139895,-0.11285966628622529,False
1.165368548867966,-0.6290257150284451,False
3.6431659300047223,-1.4057106859173452,True
-5.902220996512574,-0.7172312223621669,False
4.761910599657874,-1.5961246915671505,False
-4.6741227505019065,-1.0109742839359313,False
-2.1841218642433216,1.358298605840574,False
2.437818404806984,-0.46453619575385774,False
-0.6135068230526846,0.9953784165800754,False
-1.903685413507115,-0.06377723226503362,False
-4.424591449008668,-0.8692243619695994,False
1.6115744636497165,4.139451345080876,False
0.20742509347115667,0.08423971528444897,False
-0.10462107985808701,-0.7836022868377701,False
2.901244815086714,2.381184530438537,False
-0.22070997047703111,1.0675603442815618,False
-4.367735667913986,0.5138542672332143,False
0.1443197854543913,2.3011986553994825,False
-0.21207018064380992,1.385462809962666,False
-3.54555689334,-1.9891614427986024,False
-2.678550561766141,-1.5656896198313661,False
-0.11894671554621168,1.605671902018835,False
1.310788098158025,-3.4702377950346754,False
3.13328600770603,-0.551996604525093,True
-3.334035821774281,-1.145697161127193,False
-3.9549584666425797,-2.254124815935651,False
-1.100012702963867,1.5941900597549936,False
-3.810061446593374,-1.0765812014382452,False
0.4100309680735577,1.0864199746951066,False
-0.6452110464467079,1.4621438676682574,False
-3.927647389033764,-0.2294294827829444,False
-3.2443299493306212,-0.6404194344882085,True
-4.4677274539837,-5.122480997661778,False
2.067383073853042,-0.37360258057481194,False
1.7649023027229869,1.7244465685548724,False
4.78554676839583,-2.072363915741766,False
1.9823457770346022,-4.18626124404524,False
0.8483626345571516,1.6581043406512868,False
2.547709661994707,-1.3668645805334936,False
-3.436970518919567,0.9110233670754141,False
1.6087276841239249,-2.040786641096485,False
2.7969260527348148,0.7493569204963147,False
-2.8123527184625106,2.327676268853003,False
-1.9485119534423552,-1.7383212797486232,False
-3.3925699312555264,-2.0455354439358127,False
3.5835542886377567,-1.202157545177061,False
-0.28542515274480107,-0.032918035184541124,False
1.4899836030939104,-0.6764308301762856,False
1.0444357121111525,-1.507001388738528,False
-2.98763463867266,0.34860982469354823,False
-1.5342439287432257,-0.1683739148495413,False
-0.00976826849016538,8.332777179955857,False
-1.9832634979939707,0.9960481910613904,False
3.2255274646167966,2.591677501375944,False
-2.120968586112058,-0.35144212206011904,False
2.007043147212994,-2.068039567088615,False
2.5296258866541375,0.015572475100583247,False
0.6692655823516193,-0.0719848695379672,False
-3.0626312627928005,1.023719724233655,False
-3.9762163734284792,-0.9544613829168481,True
2.4725637595926804,1.0837936725366724,False
0.23476358347528842,-2.165126375760981,False
2.3042773406603105,1.54123488078512,False
-4.835044778682655,0.41295535664417343,False
-4.905643953504109,1.1372697375861305,False
0.7616470458139355,5.829059662409544,False
0.6472973140642674,-0.6151924860860754,False
-0.04073428995954739,-1.9580004913574285,False
-2.2433096961091064,-1.7000997362111796,False
1.3642251439043391,1.1387506202501556,False
1.3386045875079704,0.14980916633980648,False
-1.5122956769689535,-0.12170843146811126,False
2.071776390201112,1.8679275440551282,False
-0.28488325793364433,0.49989870214886634,False
-3.7284914253084547,0.5051007949216028,False
0.8274659647516892,0.5209832821652278,False
1.0463198193295837,-1.5394014980812893,False
0.101360204599357,-3.1443223738839703,False
-2.9646136878585168,-1.6029095785952308,False
0.4745832910677457,2.1977639571738483,False
0.8115306210788609,-0.01954164138817611,False
0.5394197784588299,1.0797765142101543,False
4.51053776193463,-2.4375673685929224,False
0.7052453591354604,0.5580514427232621,False
-2.7511593370623673,-0.9128740766079119,False
1.8496677813416034,-0.13072382767871157,False
1.0855068085144552,-1.371305896443502,False
-4.984169799561924,-0.7228048991340711,False
3.078227923651086,-1.1285527327520866,False
-4.676674035030604,2.9301249642112275,True
2.812126882363013,-0.3546162845283275,False
2.2152388088077224,-0.18628383452523975,False
0.9612885523819954,-3.269621625688443,False
2.5176643094849873,0.15239384615928697,False
-4.472036157745247,1.9744180729141234,False
2.504622161139004,1.2068840627405641,False
-2.511749622026527,1.8210892413970612,False
-2.8373205528244907,2.742133864331832,False
-2.6407882899988784,-0.13033243710402137,False
1.6182686799048553,-1.7340880833630736,False
0.1984265013665703,0.5185650728098412,False
0.188099295752,0.216048045510457,False
0.5022070742931125,2.8801951855006735,True
-1.2383172101141808,5.409464927221144,False
1.3798678568468825,1.6291715514990335,False
1.220222576344485,-1.4352953299937148,False
-3.9130718324808287,1.4919327997243448,False
-4.036561619920874,-1.2004668992927587,False
2.4147620764367086,-0.40758304108543963,False
1.3157868576231582,-1.764482425550548,True
0.5041705062642524,-2.682284444405135,False
-0.2441787744396535,0.20630428892106498,False
-0.1857000348517914,0.5989295476047819,False
4.737764298312949,-2.187608033095686,False
3.284520113974242,0.10052654770371747,False
-1.2996007882322762,0.033281789318767525,False
-0.7517607070327202,-0.5671295986708041,False
-1.6214629869820347,-0.41116485330741787,False
2.165820868822949,-2.187617457669193,False
-0.9294822580912812,4.079148746841668,False
4.057595828514154,-2.505376401914743,False
-3.410778445661943,-1.9420677518987266,False
-0.821294969697516,0.7887461895561156,False
-0.03721808201076422,1.2934156415904576,False
3.6644207149601997,-0.7755087552842083,False
-0.3064758429257392,0.9114228638058357,False
-2.4213799584509377,-1.9483315039275415,False
0.36782171920862866,0.928802448037518,False
0.8717290529563287,7.030043715650018,False
5.899903250866907,-1.0533811680303409,False
0.28043031513586164,-0.236862430070262,False
4.142419454053967,-1.9097152235261639,False
4.546958879976059,-1.6198854758079853,False
-1.8669872412723907,2.2381550020955783,False
2.5086117970318695,-1.125323978829361,False
1.197088406277046,0.3400383403512438,False
-0.19363398841260562,-2.200013189337546,False
-1.580095141807222,-1.4724211079742409,False
-1.529954499543201,-0.9115242012499327,False
1.419993966860597,0.9491798301873947,False
1.7497316148587252,-0.09599060057687554,False
2.671052109337169,1.3516228360015143,False
2.188977565721977,-0.374106083469636,False
-2.522336200928591,1.4286569950320231,False
-2.1170125024037625,-1.6618463808183037,False
-0.0020891467302540647,-0.6629649190576654,False
3.88558050851531,0.6244551645167332,False
-0.22409760997912545,1.1372560529990134,False
1.738481115328563,0.702253731470979,False
0.1506898036651887,1.9764969301068014,False
1.4821355777780743,-2.061511017735204,False
1.2979599135569977,1.346516001530478,False
0.5839825715808389,0.15690243062010756,False
0.5706519963537475,1.88836317471871,False
0.8482333439531572,-1.113360762547571,False
5.233234537609706,-0.9807257545242605,False
-3.6498718132935637,-0.07913782250616765,False
-3.2257727999843997,1.2756917979630746,False
-1.7890188095626298,3.4368239568235,False
-1.2217345555735124,-1.4860585263238488,False
-2.021901244718209,2.259599996014113,False
1.5856656626341719,7.24623857498176,False
0.8610800287990208,1.3067250920940914,False
2.6578105085950563,0.5131402962811568,False
-0.4666860310292402,-1.1665596648175751,False
-2.045705864602413,-0.4088516254010071,False
-3.446999841891047,-2.3609543158324047,False
-2.1003307076372133,1.3057460899521167,False
2.337005801920436,-2.90990814281695,False
1.6393616424599982,5.756361598282107,False
2.022938323561312,1.7665028566281362,False
-1.6592940400617817,2.9714569178145074,False
1.1867497778245426,0.026143115531067136,False
-5.162192267455614,0.10926922240630779,False
3.3432329547135273,-2.733522787390823,False
4.8000153123004,-1.8151848928016332,False
-3.76944748826447,0.10969113891981662,False
1.7648196160620955,-1.9655798606853168,False
-2.253611967273783,-2.9667099274033037,False
4.860438979701516,1.4959940076555638,False
-0.03233456494073456,-1.058237136570381,False
-0.5759579786252017,0.14420257493780653,False
-0.09451930286316003,0.24158778047501353,False
-3.2810345861907813,-1.7227038546437097,False
0.6496471649651967,0.49123970743613676,False
-3.0734113510499435,-0.5676471388535543,False
3.154311250739274,-0.6543344568713959,False
-1.1265238670121256,-5.240464027364003,False
-2.9227699589776965,-0.19378338921122013,False
-3.1645157560775132,-1.9096081972119991,False
-2.0926126364095063,2.7446259135961246,True
3.4293318971200013,-0.6487816957881055,False
-3.3369874328273967,0.19622865338312823,False
-2.841628397078349,-0.4792865310442802,False
2.6500085771243915,-0.4521707903845158,False
1.204450931977107,2.40883637040604,False
-2.4814337679450778,0.44960731179783225,False
1.1987285630951523,0.2655687224844689,False
1.5123651538390972,-5.669030022130314,False
-2.196837241313624,3.627326170159714,False
-1.2473543588386586,3.7671946498294226,False
-3.4140749733376126,1.8420885479517046,False
-0.38931701092183724,0.581524617256845,False
-1.0976492566024705,-0.3310155232057294,False
0.6366203433082246,0.956414317208556,False
-0.28850759969321743,0.029694410220470403,False
-3.42937782337258,0.2609882324719385,False
-0.9075016587238184,-1.7518589832003737,False
-4.484380883950654,0.2285009800228278,False
-0.05178069079426095,-0.7554346986311257,False
-0.534814416613654,0.00498084780331786,False
-0.4467266983247666,-1.7863865917284152,False
-8.966855086715414,2.8931258844527097,False
-3.159529712306958,-1.1925817872102036,False
-2.7110050499203697,0.37926318174173695,False
1.6036767549802353,1.564696201041039,False
-2.682800343492204,-2.515530425643472,False
1.9442583301984213,0.456648785336061,False
3.314717893081614,5.565198699136325,False
3.2683795247411056,1.211372540583027,False
1.5763707028027094,0.6568899348739584,False
1.6129176657721356,14.913866238461907,False
-0.31862147815242553,-0.3584198716932768,False
-3.98545185689218,2.3269324407112424,False
-4.299653908943713,0.5674435870539243,False
1.9411151211120439,7.124543099837566,False
1.884727832043615,0.08240527940599472,False
2.1185099126944738,0.6081261531619049,False
1.3768734153019007,2.0094401080933655,False
1.7145866689151275,-0.08859201842130798,False
-3.7795021065724694,-0.05859416104644316,False
4.392575269259039,-0.5150571714111493,False
-2.521697994617761,2.1797010834159387,False
-2.8874101791249,1.340596674806233,False
-3.5584765578082944,-0.46350815459646605,False
1.6376139665458083,-0.1835567544539759,False
-1.4068603488788034,2.291640280909787,False
0.7922569311517863,1.082252573881648,False
2.1057301614511137,-2.794060951108418,False
-1.2385556583852628,2.924745412497206,False
3.683661217868234,0.4540472904919936,False
2.7236978315504143,-0.9690025494354372,False
3.8436415238660713,-2.3639636453084876,False
-0.8729783613118094,-0.2733139145126144,False
4.6946190408942305,-2.04474740615328,False
-1.5312986436198404,-0.8868398540090436,False
-0.35467181301346584,-1.3108661448199337,True
3.614877808502785,-0.3845598319943842,False
4.712483042912742,0.4081580188701655,False
-1.3956698656460047,-1.150871946507151,False
5.2452206642853225,-1.4412157581433656,False
-0.6425702805984728,0.029180315770353557,False
3.0128911213259286,-0.9778778601116646,False
2.2421662540111806,-1.273260883126735,False
2.91021556837251,-6.141806205529248,False
-4.534818017064538,3.10896144819675,False
-3.297627593223302,0.6826715626808526,False
1.4672632516487225,2.388970292320556,False
-1.0171095937746375,1.2926422860392472,False
-3.0830268653032387,2.700634886169376,False
-0.9097850557969813,-1.0756222115274827,False
-3.1427338669634843,-1.7847437035563491,False
0.6224006315341168,-0.35403348899954185,False
1.1050080415916577,-0.7243802768840615,False
-6.735404057010133,2.185621370995468,False
1.2505851833113053,-1.8723341720775866,False
-2.8769280053432396,-2.013920403056696,False
-2.8657220820706746,-1.328922919445998,False
-6.868202554231115,2.6202766252867047,False
2.61506949492699,9.971732832632341,False
0.9090146982190417,-0.31446663260030683,False
0.7557032314285291,0.20868176142944006,False
-4.815988058310942,-5.8472464936132456,False
-2.3009866219622346,2.738245322946628,False
3.839762582094457,-0.9124647793568682,False
-4.0886629681703575,2.208748896416913,False
3.765167034063447,1.789848013553929,False
-0.2193238932658114,-1.1600740270301346,False
0.48054256394520095,-2.027672904690044,False
-1.0311661803741308,0.2656731508671298,False
-2.996878628349389,-0.045682417821220025,False
-0.7059990631517498,0.7575839861380798,False
4.3605187230048585,-1.7766980043812897,False
-2.9529397434873865,0.36740048392499675,False
-5.395694704229408,-0.7693560022395097,False
1.0293754499893217,-1.6235457413443626,False
-1.57587194467649,-0.8301497500277929,False
3.547118224743909,-1.1418173930717381,False
-0.47661175809184214,0.021890620398411442,False
-2.46838622260782,3.2688337926610695,False
-0.3950053291325292,-1.4729642539728183,False
-0.020215276029996294,0.35308542099115253,False
-6.142429828972162,-0.6884806009182755,False
0.5588886255307625,-1.137052182388785,False
0.28395402022152416,1.673634013459104,False
2.02253511579095,-0.058421191630865704,False
-4.771796526566628,0.7565421295293872,False
-3.313112839028105,-1.471647008226019,False
0.5060600084195928,-1.1942857222119614,False
1.2556007195501915,3.9644712289251363,False
-1.6876379160707753,-0.30985078260372967,False
2.8210646215464115,0.10085881613180891,False
-5.384385292169461,0.4495721053555666,False
-0.27932086111539994,2.6601640192776834,False
2.4747727967096873,0.1345439019306076,False
-2.321859788150257,-1.1183587044751389,False
5.623112375075872,-0.48412621193810584,False
-0.38764062234074737,-1.2617113141416842,False
4.763637569683409,-0.13536989400251384,False
2.335787781621315,0.13540926828272143,False
-1.7592194170048319,-0.08786672179724238,False
3.099557975930219,-1.6686355739564958,False
-3.4112620755169996,0.7383712796181354,False
2.828232349747172,-2.7029933241720934,False
0.09004367219170599,-0.2848247336397726,False
-0.2424100562758735,0.3938216249747619,False
-2.49834692953159,-0.5796637875956271,False
0.1983081558180217,-0.009327701049307932,True
0.01568638906422397,0.4992050988153939,False
4.977318677913071,-0.25368502229858186,False
-1.9317404318532772,-1.4524855702755812,False
2.8067653641718775,-0.3742416869628308,False
-0.7758626569613872,-1.368763732568175,False
1.1247583499930405,-1.1950018422723583,False
-2.682587274509878,0.4251272885107553,False
0.3033146963428365,2.4327049291852765,False
-0.46423436810765106,-1.1578716531678468,False
2.6855505659220396,1.917213170533491,False
-2.650312276249809,-2.1182292948563863,False
-1.1136599075333373,-1.2883161262698974,False
-0.6357344269722719,-0.6136138410652359,False
3.420983732232618,0.8962386018251484,False
2.995946523384339,0.5293580633466568,False
1.9137279042380737,-0.3677373260525631,False
-2.520583697838244,1.1780272164816417,False
-2.743696663099725,-1.7733858340020499,False
-1.1798410454347297,-1.7223658847783265,False
-1.202218183089148,-0.3017769026856435,False
-1.670246559523829,-0.2123940389073224,False
-1.6044874666007871,-0.21634750544703765,False
1.8419863939716865,0.7389379165709674,False
2.8654196156443685,1.0844992814275436,False
0.41219833450518173,2.396069287689031,False
-2.1471702879994963,0.3682721732757558,False
2.4234158984840555,-0.5410492193593934,False
-0.807570169756906,0.1813619679182882,False
0.8452211956770803,-2.0447735869769574,False
0.9887925944037795,1.194124296876842,False
-3.1710060630879813,1.6507101624942313,False
-2.0404749525040344,2.9593564248296476,False
0.3835305528621638,-0.8824604424260674,False
4.536855908690813,-0.07227455525156205,False
1.4811877941672127,-0.6654060616841675,False
-0.9132832688062517,0.7073736817371461,False
2.2410362439697917,-2.312103343755495,False
-4.545731030726706,-0.21476048206736897,False
1.4532330545233614,-0.36012958783012344,False
-2.3234094007963235,-0.9009641982943192,False
1.4645931591327008,-1.9033141668359277,False
2.2743019756255913,0.9296096144631987,False
2.076995183111049,-2.035218525351048,False
1.601542768060562,-1.6341281097014286,False
-0.33200590702775457,-0.2623601305796523,False
4.017498892347595,-0.25088265910262497,False
-3.6629312909725344,0.013592294846120553,False
2.8973339646576015,-3.6355517539377873,False
-3.315643395739266,-1.2311090190754819,False
4.668961088520482,-2.010988701455951,False
1.3472552632505028,0.9955204847750804,False
2.451977085173963,-0.3758374336039582,False
0.07076526110714834,1.3804140528346622,False
1.8279352547519845,1.2979005775761878,False
-2.712450033047949,3.998527780076537,False
2.648163180409851,-1.7361882208378678,False
-2.9343916034676587,0.12918091164251747,False
0.04173207355020475,-0.9236035243358209,False
2.5161565628698983,0.2766680886093069,False
-0.8225772105465609,0.7330155241611804,False
5.32090487320375,-0.34635712082005427,False
1.203352120351099,-0.3374755444498384,False
-2.446167129873395,1.171633072061656,False
-1.3193850529502067,-1.5291059715034085,False
4.6474861782741845,-0.9069665956309624,False
1.4247531435233352,5.613924220548585,False
-7.071391828282935,-6.229617843946946,False
-4.641781960371364,1.1689190992351746,False
4.676026619394449,0.6642151034018764,False
-1.7912124798391988,-0.9043713080837534,False
3.696116842987497,-0.6713421868684205,True
0.6768080410008142,0.6704438935671669,False
-6.781170889815329,2.387266806227232,False
-1.9702993329397656,-0.04800186770569654,False
0.33034147070225095,0.996601638746958,False
3.1496448477720356,-0.0770972234913133,False
-2.5687468932116073,-0.5584398619339225,False
-3.358994845221559,-2.092740153849288,False
-4.728497661814817,-0.7481347503254213,False
0.5291454075396357,0.5764304594502551,False
-0.2393528430717381,-1.6175485842772503,False
0.4620624006188011,-1.2379563965182199,False
-3.24373400171733,-0.7342982919315327,False
4.037056660731611,-2.2260582576793957,False
2.3727176751376686,-1.2527548832535842,False
-2.7994668341778217,-1.358011603343234,False
2.098050137573015,-0.8231472016831068,False
2.0503657096433163,-1.2104022708065372,False
1.866579143758012,-1.0768758200885296,False
2.528086486667475,-0.7407812444373847,False
2.5245673255909016,-1.5583680064583538,False
3.7566024652756607,0.1017435666590257,False
4.840509762997242,-0.058374224874483384,False
2.6435967748098004,-0.11889970942980913,False
2.7954652722824807,0.5033773845954898,False
-1.2553547406651453,-1.8962750629540082,True
3.2507595731820667,0.8994342687790324,False
1.0933234985202778,1.0444287860515526,False
3.021781528089526,-0.12952667565934384,False
-0.5258908194471661,-0.41733296146265303,False
-0.48031770658035355,-0.18211999617800945,False
3.2720225241990417,-0.8356321523630921,False
0.3826445507233322,-0.7453094231006484,False
-4.094431853976266,-0.299289265563186,False
-2.517807961924668,2.2605386017286104,False
-0.993812030522203,3.880033865464175,False
0.20371970114568236,-1.1352486135474242,False
-0.8259525548413024,2.34102011556312,False
0.3865443776354173,3.9154400172325414,False
-1.8383690361576794,-0.1742935723532237,False
0.8078558091211107,0.04013047087755424,False
3.8999462846904933,0.5569048130934877,False
-4.198761645170864,1.7407735453491455,False
2.168052934651026,2.6968904019827376,False
1.8293625762403376,1.0840479714095714,False
-1.6817475552714385,0.8791492234068428,False
-1.8087365903207606,0.35570588628047034,False
-2.4531930517349196,-0.34627631568070966,False
-1.5829258755418305,2.740366816949544,False
3.1177737433362203,-1.0568051254514008,False
-0.5143802148277516,2.341204712859468,False
2.2524258258914913,-1.4778069570371537,False
0.44158633989860596,0.0852061787791018,False
0.7772063730916082,-0.04444657118268692,False
4.076014136083741,-2.499105352823674,False
0.5196943845381311,-0.38883190442937127,False
-0.2005718042727898,0.7915771507160777,False
2.3944993408334727,-1.899749529977578,False
-0.1495373157569951,1.3915391122247087,False
-5.438782562988396,2.7945200322003743,False
-2.1472468222537966,0.5532269091781945,False
-0.5059300930790612,1.3944098901973214,False
-5.399609005049098,1.028227388620133,False
0.0056198614461947976,32.76259378535953,False
-0.09043290913832355,-0.040331581135375175,False
-0.7184321216375388,0.31086931090972536,False
0.25250758671213874,-1.7307292531176663,False
-0.8120758605742251,-0.3757715560743167,False
1.2803527021749248,0.6476904298373931,False
1.231715816232741,1.417528368133053,False
-0.5241694451456014,-0.6236786545414107,False
-1.5163900115665594,1.2696198076492067,False
2.708118541067835,1.2158661300356925,False
2.808549674634967,-1.9586263221673441,False
-4.426080891935749,-2.196415794404503,True
-0.5840135932578708,-2.4889380996019406,False
2.9566399932899863,2.4936664537344813,False
-1.8002110965437723,0.8783506304263217,False
-3.8558107857572543,-2.10536185713669,False
0.6084911207898698,0.4081321058356731,False
-0.2813858594340333,1.4265028045974186,False
-2.3626525901027233,1.5505222118125643,False
1.8907838511436756,-0.3848377882272185,False
2.074066303681498,-0.44129808734965104,False
-1.2294289912290728,0.21583463030763264,False
0.6140200788918392,1.2094823949077675,False
3.015147063723016,-0.041680256905326604,False
1.3419507202445535,-0.5205934798947962,False
-4.8908806597059975,-3.241954923782655,False
3.218059079000558,-0.09646059853854759,False
2.4116382008120687,-0.04971879122796331,False
-0.4676173109092633,3.53818619983706,False
0.019644268195314337,0.956810856974209,False
-0.8188039111363546,3.0021845794031017,False
-0.11028315934532033,-2.902031670962215,False
0.26990705123733694,-0.8433193549714585,False
1.0634954121705098,-0.10366727307709372,False
2.246583141503347,1.2210620658210534,False
1.5798672370683402,0.30773555880723674,False
0.6635273749374772,0.9153310778529619,False
0.2719094470024437,-1.5731265006512898,False
-0.5207084540911996,3.0832462188209573,False
0.29859065402278495,-0.30960624881555804,False
4.330850362851081,-0.7126530371198289,False
-1.5475575311776295,-0.6281493560266034,False
-3.138878808695442,0.07708278494834549,False
-1.8969302793703555,1.3746095192324383,False
3.45734143399494,0.7449004429227664,False
-1.1232999220813011,0.6811401411699787,False
3.3045955443911423,2.823271963244609,False
0.768781540053912,-1.5890498430882316,False
-2.742601400885375,0.39652160941392006,False
5.95979931724494,5.0361181518246045,False
-1.9810598637631467,-1.05741506319675,False
1.1147710909840916,1.776394440822906,False
2.328174285009864,-0.9971535098168901,False
-2.6203253408069522,-0.18364702391814586,False
-3.3713274647341858,-1.1897269488389384,False
-0.11993556813161119,-0.14822661453343236,False
-1.5171168365093723,-0.7573171774124766,False
0.7568060998063768,1.3604851783658334,False
1.642278541751044,0.023223952247898416,False
-0.358082481806003,-0.4726985199189629,False
3.5810430150083805,-1.5546519451705183,False
-4.8039289205052045,-0.7529738336365766,False
-1.8025187351961538,-0.8623417020298533,False
0.5723795157866604,-0.38177349835634006,False
4.403383675319016,-1.593683058626195,True
1.3069973749101245,0.4798575448487622,False
-2.771324133760029,0.48442914713024854,False
-1.5319062585529741,-1.1761954151718994,False
3.2761728918280806,-1.1019531158935032,False
0.5402805820165718,0.7997587522556311,True
-5.721758310999185,2.2787254763831335,False
1.3674218832856702,-0.19347933563859726,False
-2.50144595579116,1.436054289830881,False
3.2361246489564084,0.24292919067835275,False
2.8397951442730274,-3.081920648867305,True
2.3410632326127545,0.08538379974155706,False
3.352201107527129,-0.8247663307947376,False
-1.9743238034610189,-0.22200862622554188,False
-0.8564062946891364,1.8491134979538788,False
2.7386422961011387,0.5058496060478666,False
3.3753488579079023,0.15523330129526805,False
2.4338274242874194,-7.9687677050205,False
-2.7783402286008383,-1.0367190088112703,False
5.36061310692788,1.6876144551390408,False
-3.0567417662028404,-1.3678259089158618,False
-4.3283822778874885,-1.6354454361513873,False
-1.6776948976987416,2.1675021733410103,False
-3.7433140171931463,-1.8745297972516186,False
-6.181874002306895,0.18349228873345322,False
1.976501495512539,-2.792107754275988,False
1.244029460480927,-0.9813911546155717,False
-0.2521334418353595,-1.0935024269983495,False
-3.238996013745507,2.3402853083403063,False
0.22824440617394134,1.3878679807980825,False
1.5831561364176658,-1.245976743330117,False
1.87477519445265,0.4659649814816336,False
-2.121094916621141,-0.32421954523169233,False
-3.294632043765943,-1.7536984256513943,False
0.15372806688026527,-0.639379649099509,False
-4.577519439557829,-2.9658263006554693,False
-0.07817913217653401,-2.4222290622506466,False
-3.166091292016139,2.2338910213019174,False
-0.8115234872987444,0.1666493462548218,False
-1.1663405085897152,0.20945271810975163,False
-1.4786404314712207,0.7715638241065975,False
-1.513382062575247,0.4641519604588152,False
1.8137046848984746,-0.7799344381771748,False
-2.795545770483304,0.24159295743543643,False
0.952445181408411,0.07035813619863221,False
-2.459635056102892,0.6110700491833544,False
0.5353475839823181,0.19474473643082754,False
-4.251522729135354,4.746674743616504,False
0.41532585668484584,-0.0826945221573998,False
-4.531684319336074,-2.0460929377217036,False
2.9778023466366155,-1.5465957098133636,False
-3.685251956415829,0.5460367900909197,False
-7.232710754091247,-0.1572958379168255,False
0.31751079848906183,-0.8690266091289574,False
-3.5607852264287323,0.9282329570730639,False
0.7935654980955363,-0.46125630391711236,False
3.754429477260744,-1.1379211405990226,False
-3.36225174033632,-2.0959211301317553,False
5.014646245725382,-6.226586530361092,False
-2.1901041237051433,0.8333514291943384,False
1.3120193463514216,-1.9018181017169915,False
-0.31465783824215104,-0.33955238375638624,False
-1.064616025994236,-1.4356386335277471,False
2.9887138211683855,0.19915837231547762,False
2.5613055244814737,0.7110309737907103,False
0.9464973372521357,0.8666369231269513,False
-5.177663510285896,0.8972150029743302,False
-4.469468665891782,-1.6603206576677627,False
2.6849758605875205,1.7400599361490372,False
-2.6391693808993986,2.108255558127985,False
2.2763942656878733,-1.4437821236630595,False
0.6187443061316987,-0.3613625439359248,False
3.9541008396777113,2.578327954770004,False
1.3460654407624335,-0.8011749564978115,False
-3.5161169861348736,0.8910532605825794,False
-1.736177502995027,-0.25022935773229377,False
0.6601248427991968,1.0590454184286189,False
-1.136332675685992,-1.6290401445435294,False
-3.1519284801429146,-0.14895347412715818,False
-1.5516991363456407,4.989627131009164,False
-0.7744674202968691,0.3463689139924741,False
-4.600954058639927,0.4307216514322558,False
2.6231393837395007,-1.8117575875394512,False
-4.09100569392731,-3.3918298960111812,False
3.4462189332551056,3.281174472897502,False
-3.5263551400892275,0.6455640809826287,False
-2.9098094471131786,-1.4197747446047992,False
-3.2109640655539757,-0.7767704169567371,False
0.36914244559091375,-0.3821610320961121,False
-3.1911638693192566,-1.505717950024347,False
0.5637629368955559,-1.9302803734526324,False
-3.6722149654073912,1.1165073589454024,False
3.03834242075079,-0.6142253419535705,False
-2.9612095767993836,1.5583452845057988,False
-3.5746010761352496,0.8959409336679648,False
-2.1312205011768293,1.8965360204242978,False
-0.381701421720051,-1.405503964356408,False
3.0623112408080666,-0.30830160567168274,False
1.4689209968306642,-1.1894933622039774,False
-0.6428511181030868,-1.020167054233083,False
-1.4220078318860925,-9.224398760066434,False
-0.11119804111830578,0.08895463247380889,False
0.7503897258137812,-2.611987238549019,False
-1.1584995963716536,-1.272236516791537,False
0.5729267435417291,-2.0378775886568383,False
-4.108609458971977,0.2455566049197598,False
-0.4295675789927814,-0.844586740106243,False
1.9138615169505093,0.04003261670753414,False
1.0762824326783957,-1.237347956540475,False
-0.997124071425797,-0.09736239745565826,False
3.5814857110042047,-0.7492005662161627,False
-0.15654227913915705,1.9209363823957102,False
3.290202080093287,-0.5134317100759043,False
0.07498562261144452,-1.3449814506794493,False
0.7204916327115163,0.4359088704701745,False
-0.04507151225640502,-2.3111823820894783,False
-2.879740839889199,1.0618896519535925,False
0.593152531957627,1.1447493327119531,False
0.7495311411522746,-0.6121441590562262,False
-0.8736935459874315,-0.5644708399706647,False
3.713013284850109,-2.456412397665454,False
0.7029730088167168,1.1152155278187468,False
3.221695584462858,2.0727112894635766,False
-0.2889520061736185,0.23314163616504044,False
0.13074871671076713,-1.640002146210644,False
-4.187811112076209,-1.1465963935017125,False
0.9217433134423207,1.8390734725149118,False
-4.182992967494979,0.005054981676483859,False
1.3701778255319832,-0.9877058236969919,False
-2.7403634000108537,0.26601726557707484,False
-1.5995790475759195,0.6469374331583111,False
0.06095748836208314,-0.1321178576573543,False
-5.729608413751068,-1.3160237321452068,False
4.847857906299773,0.8072521095224552,False
2.1797994242416676,8.340392966759296,False
1.4098619568380684,0.7836760257966207,False
2.2792058507413175,0.5086849055180072,False
-2.8273752025445837,-1.7448691787580726,False
3.749872129546061,-0.43846719832949244,False
1.0954563981984753,1.3630595767223934,False
-3.957058737857435,-1.9861570041433265,False
0.32926936018823827,-1.345044342810351,False
-1.6189489637244545,1.3242142059632085,False
-1.6813220491042056,0.5307253582776139,False
-3.2348756193891317,0.8312393844015965,False
2.9962023741615784,10.953277646822555,False
1.7724215815196869,-0.9966151493604083,False
3.6212042437791987,-0.8804876557201603,False
0.09373159282117943,2.2854703243826,False
-3.826423585353397,8.458910238998532,False
2.8065561757072075,-0.12748367259141105,False
1.3903226051971227,1.0018109899528245,False
1.5034191710641585,-1.54772458550821,False
1.3816398441775413,2.4562200663932154,False
-0.41012655763022743,3.558918082104847,False
-2.1497429681262767,0.4081026180863451,False
-2.0496076403681784,4.722982306100906,False
4.405023263540327,-1.7375323131655833,False
2.0502908629790495,0.6822030022640255,False
-3.0764385080662935,3.458026490390503,False
-2.778651957028636,-2.2658878518973724,False
0.27586074810551386,-1.5043239431827373,False
-0.19263664761759405,-1.4136905018975015,False
-0.6049794313308806,0.9883177958133386,False
0.49076811865041925,-1.2602727000021496,True
3.5588030590270425,1.3368756486995677,False
2.738001785488318,-0.09740480195824945,False
2.613853608999873,-0.2907661220475739,False
-0.12401735418670568,-1.3335044430903844,True
-0.9148781696842745,-0.3299323614890419,True
-4.9351937411989795,1.343343559284257,False
0.40792956348989606,-1.9386407984566099,False
0.4787584586536775,1.2605719251936391,False
-1.6360442139126556,2.634769725246846,False
-0.8163077468070697,-0.7211706251534254,False
1.6239995255139565,-0.7679441901354858,True
0.4838907586833792,-0.2910476878043187,False
-5.342998313945761,-0.5595545964018497,False
0.016503335554143746,-0.5254359879342614,False
1.1650407147252486,0.16072595285414576,False
3.6110177309124047,-1.2051305912373986,False
2.8006106935496393,-2.8281325588477597,False
2.1196308548196776,-1.9441726999994071,False
1.1194687396696499,-1.3181902069016151,False
4.00382595483501,2.124945772646005,False
0.29396271511950234,1.233281788726329,False
-1.825349742414244,-1.2983134431334429,False
-3.001257502867304,0.14108192953666274,False
-0.3038397998354615,1.090683823715726,False
-3.0777800439672554,-2.5552007276730024,False
-0.2539285557609906,-0.4393046516283352,False
0.05616938234671795,1.1318550603079658,False
-6.220198945703829,-1.0730629041970694,False
4.2400531103997015,5.373301704740128,False
-0.2539520365669953,-0.4150640628189389,False
-0.4288938620679867,1.5832336583719138,False
-3.163149990034469,-2.564285802707928,True
0.7079465955156542,-2.03377068462838,False
1.6370489103827202,2.6478163364264375,False
0.22387305999500165,1.329991181796059,False
1.4606571168264386,0.11777761266761726,False
1.8428610852734746,0.9121045648772265,False
2.189272641447441,2.2873138808293136,False
-4.763067395004196,-0.4250607889774676,False
-0.5256503448187347,-0.33195867561244813,False
-2.323997270644251,-3.86011068841524,False
-0.5146324471083772,0.3174160046534202,False
3.4644305349289097,-0.3812142936525461,False
-1.0872257945567618,0.4014573642086782,False
-2.664925705713018,-1.6821095154219912,False
0.6829035320946047,-0.5498970816519103,False
-3.6115162265959717,-0.5062259306548434,False
2.6754139644213075,0.02140009299535626,False
1.7978293175033009,-0.6070988970118837,False
-1.589688943034977,-1.9920038450536899,False
3.3691376323427584,-1.5034259268212355,False
-3.5459020347639796,-0.23528513294161874,False
2.437642951741904,-0.13126723013252248,False
-4.303373063493435,0.3723181452166253,False
3.057864987422236,-0.41491197653421563,False
0.7098675940883955,-0.9647991332882393,False
-0.24326590922369296,-3.4694290101607708,False
4.861366577035225,-1.6520322211518796,False
0.34257403513046736,2.1846367153367856,False
0.8706953062078961,-0.7050243606657499,False
-0.9349783686804997,-0.5007091867196531,False
1.049455584588846,-1.9656293938231149,False
2.7465724969243577,0.8480794830162444,False
-1.9313775779803375,4.19745530579643,False
-2.8398304662891007,-0.6466981941206114,False
1.7102768171101446,0.6113736027487447,True
-3.0114586496779867,2.38226284873763,False
2.764062929309123,2.042702134513004,False
1.411968313647953,-4.522558075953875,False
4.0470706164945325,0.36885948205623,False
-3.924299114089517,1.295179731790309,False
2.778183244723664,-0.1804034119462815,False
1.862894148962362,0.5182519127827618,False
-1.6656417652572848,-2.2606279017995012,False
0.9020602719672717,-0.12260061042603694,False
2.9002532211710235,1.4933034616790013,False
2.836992624241071,0.43946574468354643,False
4.035770252529696,2.6191923779854194,False
-0.4263526159569838,-2.1651861297740904,False
-7.342878160130034,1.500426839186466,False
1.4612612706426982,-0.494847901027588,False
-1.2242591417577484,-2.7353664446049506,False
3.3069707618126483,-0.5167574947581851,False
1.608588317865993,-1.9036616660033896,False
-5.371346873633844,0.7780520350030087,False
1.1863398674184484,0.1983988401155211,False
-0.524646651923767,-0.6353245468271256,False
0.7009878782334734,3.031816507115952,False
-1.2356449400993668,-3.6827007763331476,False
2.0818987398387767,1.9610268750915683,False
-3.4284610286430577,1.649465424511045,False
2.1778115060460435,0.06953284420575191,True
-0.7880887746653956,-1.3783166491543444,False
-0.8775045068394456,-1.6063709455879454,False
1.3059358999899848,0.03002417703641309,False
1.8028328640277569,-1.1925364950614559,False
0.6917308906403394,2.0690502449658017,False
0.9886486758348155,-2.624430970289166,False
-0.5748060899330909,0.9032490761912457,False
3.2816331110286985,0.14392548195659427,False
-1.3937223336021753,1.6473679062293343,False
-0.636565377051925,-3.073580114206774,False
2.4380223566787103,5.050006724198724,False
-4.4907633291081135,-3.201273379293331,False
-0.8559025809284692,0.11453415485381763,True
-2.6607018224971535,0.6558537960627879,False
-2.9236360662327905,-0.5233769977618918,False
5.00118449102805,0.32977586974146716,False
-5.119351963424207,0.2780668815264396,False
-2.5582770721226518,3.0556548743968057,False
2.9309996846047044,-1.8500631276602393,False
1.509285967068984,-2.8967136210745474,False
4.606056639302831,0.6001412409056487,False
1.2366046487042601,-3.3555635293610004,False
-3.773629073370047,3.7536941438176994,False
-3.4546914619826716,0.18266185960280618,False
-1.1119997708675544,-0.13311310864464396,True
3.039869896390376,-1.5178133535682847,False
0.005429996986183431,-1.0219293325085226,False
5.36557053288537,-1.3233073359740484,False
2.6391395985881507,-1.7167015565349468,False
3.3721382633394623,0.8331636643131797,False
-0.3206445463211777,-0.020020852347601842,False
2.6213226579203734,0.6590548676610598,False
-1.1126529619438275,0.390481109647619,False
-4.016566264635602,1.5751270622739004,False
-3.0448929448334865,-0.5384364405265353,False
-2.1076234413367265,-3.1895548513958025,False
4.145274282818481,1.6128159380935791,False
-2.0350968615640967,-0.35121919841483673,False
3.473970838683684,-2.10107608842046,False
1.3434139833535756,-2.4223810931008014,False
-2.072957688999824,-1.6584736479698827,False
-0.06574479409657928,-1.3008610675388061,False
1.9016007690552694,0.3126717968258517,False
-1.270048105186184,0.2928234849401496,False
2.8722038876037237,-1.3616944827825412,False
2.9403793785015293,-1.219256808277982,False
-2.07489622969943,-1.1644983113163159,False
6.670321687540841,-1.2348121534219643,False
1.6238480164336038,0.895420620187517,False
-0.5364179188082291,-1.2932518007613556,False
-2.7437836129803084,-1.7926689263483278,False
3.082300904108882,-1.3993239738178151,False
-1.1761771220809518,-3.2415926434817925,False
-5.057538472547867,-0.20981743229303854,False
-1.2679787339406468,3.6312238389787614,False
-1.175866972587188,1.9491517050815796,False
-1.9909060666965215,3.7475669281077164,False
-5.371218134130023,0.7115685990531679,False
-1.6246783416987123,0.6115594528417588,False
3.39495083350821,-0.9057561319243063,False
3.271612788637567,-2.034301747895843,False
0.7636378830576963,1.2261540022896826,False
-0.24478698831574627,-2.102448440153953,False
-3.260749458682741,-1.1799942870802689,False
-0.05468307622521362,1.3529196370042944,False
-1.6826787906442173,-0.33960870449045116,False
-3.418463942709641,3.0359500131505635,False
-4.586005703337325,-0.9869508731284178,False
0.9197728565927892,1.8931299477220849,False
4.875241470300937,2.014241824849552,False
-4.225161709894321,0.47263784843744505,False
-1.929866837403753,-2.353691879863937,False
2.790245448413364,-0.3083695989850119,False
0.23784670866014992,-0.1198977175460559,True
0.9642425518245561,-2.8270271534297344,False
1.9941828233458232,-2.511149863197595,False
2.6372223219644804,-1.8083705705771949,False
-3.2741814785857786,1.2249369746260508,False
-1.7220108958681708,1.2232112752116981,False
-0.9816170914307458,0.1039419351687565,False
4.361691285394873,-3.4834974387879023,False
-1.7871821258839293,0.88749997223066,False
2.882008350712547,1.1169839055698243,True
2.714606077475495,-2.379527123982876,False
0.2799861313996934,2.306704145025361,False
2.449702695311033,0.6208359557606888,False
-0.706959149616831,-1.6478351562401161,False
-0.36145625403214565,0.9903085970067275,False
0.9530797249561976,1.0294313352968845,False
3.130717626920362,-0.8350393048547995,False
4.355732782288723,-3.127829946196165,False
-2.8965943172572115,0.042963237317149384,False
-0.5711242578265124,2.114795230145255,False
-3.6681531521564206,-1.5775220914741286,False
0.7725521618812615,-1.94956671963116,False
-0.13698363353128298,-1.520164255498719,False
-3.983484124071604,-2.1062307328129783,False
3.727438887121201,1.0258536570765489,False
-1.4803336378020717,0.9613033946693329,False
-4.271555199206772,-0.5933428956971268,False
3.949220173778986,-0.9310057866022684,False
-2.3334709475022932,-0.36698334642811614,False
-1.9215381375426743,-0.1588961722128028,False
-3.0979338345898655,-0.8156416581084004,True
-1.184972280242516,-4.466607782398547,False
-4.249890568123076,-0.061707799683032534,False
-0.9414174313780738,-0.7139741605413826,True
-4.173511230754165,0.08595988311222517,False
3.4462017695463314,1.3252167575879912,False
-2.250047504466936,4.561090518864557,False
2.588554324280624,0.3682246364571036,False
-4.2003611682029875,-1.1900528952296874,False
-5.157694212554151,0.6755127431298484,False
-0.3894427699825721,-1.0434271778418684,False
-3.5561703957514785,3.1814277613705997,False
3.857643874701757,0.24978710964532835,False
-0.9548190041529246,-1.1947266199840576,False
-3.9821013259960187,0.18002106427359083,False
-2.151749955899798,-0.7770513543824268,False
-1.3776221497781815,6.186149588974736,False
-3.133146134349394,0.5154532462167586,False
-1.8389045583499097,-0.7593475594749765,False
2.765470268119581,1.9974788410779991,False
0.8550723415355779,1.4874859088549133,False
2.625385401637875,1.5469737186082633,False
3.0964231789203245,1.3262540842061803,False
4.452572461487297,-1.535451327755986,False
-0.6698871993113222,0.18051285423025393,False
5.903026903856171,1.1122781094603684,False
4.47163341265762,3.065763285492575,False
3.5390513746456898,-0.7414329505703339,False
1.9920173589386454,-1.1893146475929055,False
-2.712302167939874,0.24919226488522467,False
-1.8550474503756398,-1.0871054829508646,False
-4.283850466148111,-1.2702255414811616,False
1.6309602345642231,4.787093021131071,False
-1.34940787783189,-1.2473461439927636,True
-0.37333442156005775,-1.134204497208491,False
-3.2315072393364916,3.259328057216367,False
-0.5681145009338903,1.277778273147788,False
-1.7291572785086065,0.2484993981467777,False
-0.4605922519950988,-0.7867257022146615,False
0.004963534354181993,-1.8350534466591308,False
0.4097851265585366,-0.4814965678068152,False
0.1669678030921692,2.5980690741471957,False
3.097389346814973,-0.45055538721999283,False
-1.8442301315090468,-0.6930686560051559,False
-4.032733228407395,-2.7874882060563038,False
-3.0191529087441626,-1.7388559237838812,False
-0.5473329005864052,-2.2635880871810743,False
3.7180150999795143,-2.4342964566613277,False
2.8545890030379493,-1.7062191035839023,False
2.447354303581137,-1.2094268455441866,False
-0.42822962541409054,-0.9259619891425619,False
1.1512963523694126,2.3442447438886553,False
2.384869499666515,-1.7315005830635797,False
-1.4794168932570528,-0.30034827453816293,False
-1.7681313302689396,0.5318051791453189,False
0.32010128389671816,1.600193742815505,False
-1.0034279917201296,-5.053185952146454,False
4.326791003139387,1.3520054811354825,False
-2.8260871558651672,-1.8675866034044615,False
0.47727616100655385,1.805811925519331,False
1.2598482827690265,0.46013477867991,False
-2.9550253640523128,-0.18274457453453966,False
2.695078671147657,-1.2450545306692973,False
0.8355993898017738,-3.607707563927713,False
-4.406639809798318,2.167545304484876,False
0.3969570665743629,-0.7036152711618121,False
-0.9401192849245015,0.048902231273107936,False
-0.05034553454639293,1.589677341314071,False
1.9615698995158328,9.094892081862051,False
0.5097470348061593,3.7336104774322485,False
-0.4944542613642972,2.2080956436988166,False
1.8750629400744658,-2.0058129112086904,False
-2.801682259782134,-1.3818432527444173,False
-3.622268315664238,-3.471921630760352,False
0.36317400708869524,0.9802123246568838,False
1.8098450353487017,-0.8077039897845448,False
-0.19487117011711752,-1.3867498895610433,False
0.504549501684596,0.7944997963806046,False
0.43250956545199437,-0.8017103806479535,False
-0.9666915375985232,0.12923108472750147,False
-3.5275924821682083,-0.6837534038966351,False
-4.998610797489791,-2.1846131324266214,False
-1.9795514366267932,-0.44333469471484555,True
0.928066027063464,-1.4281300818065534,False
1.29959648493248,-1.8282140930011035,False
-0.04120493074857542,1.3309678542495789,False
1.8032058492425855,-0.2511755719018409,False
2.8196593596152617,0.38358065290824434,False
2.783956710637677,-2.225321343847814,False
0.4373366249255697,-0.9436606283951634,False
-1.9503487677329823,-0.08175084254455915,False
-1.45313051257998,0.6820272249314241,False
-0.8000241174552837,-1.5025413734489832,False
-0.8700963804874371,2.9719119456979497,False
-1.9830608891878423,0.18815945366128384,False
-0.5320250139887174,-2.0271195563606725,False
0.2428292080160753,-3.8157888619045677,False
-0.9041523354340296,1.7165046357511595,False
-0.7250268729032169,0.9028118937663887,False
-1.4606358192888187,-2.1468668110898004,False
-1.5848054332800516,-0.5755488429219905,False
-2.7628785959144238,1.1072357526497356,False
-4.7129847971968095,-0.634095441662673,False
-3.279562583968596,-1.7714297535511072,False
-2.185410893113852,2.6308353643961917,False
2.4494699645174416,1.0948566755417173,False
2.353900583044587,1.0464657032427298,False
3.034113256666005,-2.090439352441744,False
0.40324022296472983,1.1357594692547917,False
-1.106022855586443,-3.641537335442674,False
1.8274151829990266,-1.2019987339364662,False
3.8023055439690996,-0.3235022628494051,False
-3.942792622544143,-1.8866500858986321,False
0.4997259734897918,1.0436973550171558,False
1.0708177551077271,-0.43764816510910043,False
-3.507047235413734,0.5892522306858293,False
0.9758810201632838,1.5010489095502821,False
-4.196405389326643,0.31204985210803343,False
-4.504247925086212,-0.23245398018489144,False
-1.8802417872432193,-0.16251460056014647,False
0.34737692365721073,0.3719408813293846,False
-3.7465176197573773,0.5506842351946876,False
-3.9113643040520514,-1.6293109974680702,False
3.338150151775899,-0.4931391820583366,False
-3.109741197195696,1.0197012622945396,False
4.3044068765104955,-0.302553091461974,False
4.087051758407312,-1.8189212540428035,False
-0.2811765301332371,-0.6668660261207211,False
-0.7117355435134324,-1.0224388377258455,False
3.0708408848087774,-1.311142071929535,False
-0.47392930476591644,-0.4087235061946042,False
1.922686754039565,-3.195436577896716,False
1.7878155850046475,-1.9025802285389408,False
3.0790630265280083,2.781553703993627,False
3.794099960090882,-1.1425639357967265,False
2.1995907495710383,-1.402312339464715,False
0.23030329003068048,-0.6436999930535865,False
1.240303081473044,-1.4288599371785218,False
-0.4091919488106733,0.02680165180179338,False
-2.276855151490226,-4.639642540500684,False
1.6279096229200343,0.17656082310948693,False
-3.598678799662937,-0.7292455231191393,False
-0.662564130882364,0.3919350415829246,False
0.0016350436975985135,-0.1816272702717066,False
-0.2654911225769127,-0.3306799242676592,False
-0.9258454951245565,-0.2317205794388882,False
2.8812095268499536,-0.32502123568304575,False
2.582375588416863,1.0710752957135619,False
3.4383019238395445,1.2647670554185475,False
-3.3276148137012096,-1.7430702407651404,False
-2.3768364987987254,-1.1690181258347165,False
0.9233670699075627,1.5289452505378724,False
0.2872655355173965,0.841363888420277,False
-0.10982638573473762,0.7879113369151729,False
-4.595160442092284,0.1128180745590705,False
-2.859324181609885,-2.2884195476613365,False
-2.2146419837938134,-0.364538254785166,False
-1.2736400181305032,-0.9441471524215848,False
-1.045636976106207,0.680762826543548,False
-4.223644890895,-0.20014950602785997,False
3.5405734391237953,3.4915149955966536,False
-0.6733140028133484,1.6104503827934942,False
1.7509112790047718,-0.7737484723221706,False
1.3617638166116506,1.0380932691297156,False
4.907839994190596,-0.9849622169467531,False
-4.190143718878699,-1.9954352406813467,False
0.6583444012024853,-0.38549086484573936,False
1.5378289936030796,0.8768385135159023,False
-3.2986486666419106,-2.5813677279019434,False
-2.040630312260682,1.2289865803627456,False
6.726638550560435,-0.8753823170597053,False
-7.346097284954206,2.8321735830339967,False
4.946601255800536,-1.2607381780085316,False
2.708435527756829,0.7702537756360086,False
-1.9471013240204398,-0.6978923870801312,False
3.2896680277202432,-3.360353220414909,False
0.6920350341635155,-0.8249316239660777,False
-1.4774493992397806,-1.4913129977405075,False
-3.1409472676608634,2.633168075622927,False
-0.8741420427094575,-0.18418092915527892,False
0.941097575272231,-0.16892386814086097,False
5.721223839694529,15.01126653874788,True
2.1962597905735306,0.7612132734266143,False
-0.7078203962643916,0.46624974167819927,False
2.4158750470148918,-0.4886121356582787,False
1.3680818997792992,-0.21533977113239627,False
-2.5274763606133077,-0.24169991225822499,False
-2.1264292772597293,-0.3383824663028323,False
-1.1305273604566457,1.0854359258621402,False
-6.233826393038554,2.211985444091493,False
5.087420327234421,1.270520297104675,False
-1.2462097663786875,-1.376017031629149,False
2.548317657033138,1.260337828577391,True
-3.8789484265192544,-1.7438476889242214,False
-0.06925583125334003,0.536233856242255,False
-0.8258585849560269,-1.519163709462473,False
4.566612293570131,2.644916357190838,False
-1.6998637273758144,-0.9638799434143864,False
2.2284521130454826,2.4055863479710964,False
3.4470377485446666,1.6810171487271588,False
2.3555203776313753,0.118921818968728,False
2.205706602656432,-0.34398005791045383,False
2.9776241687994434,1.6323613619953503,False
2.652771069852807,3.38064846651153,False
3.3636127870884422,-0.5194940647949731,False
3.501184883551952,-0.4925431347457722,False
-3.9887822016535157,-0.05319631227162102,True
-3.2120740878899756,-0.9970137964287075,False
-0.47420151991347154,0.800811865888661,False
-0.2988949535562938,1.0000590058788696,False
-5.8308172028517555,0.10372465380785775,False
-2.621857284325214,0.38604327824510315,True
-3.0482637927942027,2.0181599166915043,False
-1.6257560284988704,0.994742649718025,False
-1.7358514973397277,0.07106635483775443,False
-0.2507188766214001,0.8735334692397975,False
1.6438367917197405,1.0785490721283504,False
-4.799350920084366,-0.4991249871897162,False
-1.5054690980315115,2.1524282562071084,False
1.3142514905736171,4.279675220820044,False
4.380270762913432,-1.3949058016636826,False
-1.3301990940185375,-0.6723938761654337,False
0.151746953372044,-0.6561775056622204,False
1.395062674241992,-0.14156083179056791,True
-2.160461571638919,0.3337454533348887,False
-3.0435564126870402,-0.5999761687148537,False
-2.771679410837034,-0.058642376065254756,False
0.8951610668494242,-0.8047621273724931,False
4.522206572737611,6.2152605529078135,False
-0.8291711973133498,1.820472117948687,False
-2.658442894693657,0.23378674538190852,False
2.5301849654111725,-0.39582764778642204,True
0.32503875042453917,-0.40689387924739834,False
0.6692958680292289,-1.142486312125612,False
0.515435831075308,-1.142520470964393,False
0.3820699412665627,0.44082787128619627,False
-5.696422754739399,1.1526226692798855,False
-2.0465801893095215,-2.4129644409247324,False
-0.49223377291043197,-1.0499069801746512,False
3.117590386750093,1.2335913293457232,False
4.174625759649601,1.546508183429594,False
-0.4784478960671575,0.8607250236155884,False
-3.3124979001828483,-0.32501374359023816,False
2.373924799492847,-0.04281602049235677,False
-2.4765727476131185,-0.5966996980994723,False
0.9111580366207335,-0.6421049025122032,False
-2.2034712598260384,-1.2281526420466684,False
4.134014610760532,0.9811767709447368,False
0.09541525731344487,2.1941109474329377,False
-3.1844671472697876,-1.3971654281317487,True
-3.4130739787389293,-0.4914264451372032,False
-2.666248611675933,-1.8057246826102094,False
-3.436387228620817,1.0224424451256247,False
3.6463638714526425,0.2126644051049023,False
-7.295302509533914,-0.4767311632565842,False
3.2091300819836146,-0.10794206688967414,False
1.9477867330221545,0.3669548047082868,False
3.6014888740338495,-2.5377206139611537,False
-3.046682467152668,0.9772076854072731,False
2.3408720777612824,5.288621479261954,False
0.7771885592952912,-4.0316367211453885,False
3.9563842332487233,-2.093277339561497,False
1.2857362899128517,1.2150767149141946,False
1.366774879062209,-2.156230148310555,False
-0.8207746275469543,-1.611713149805809,False
-1.516859612212536,2.6526408313124374,False
1.2803527456362764,-0.6213520740192077,False
0.5805736327177223,-0.5249339613576053,False
1.5330261409929193,-2.582314590247013,True
-1.1698029601857132,1.5801042344553038,False
-0.5300218838343074,-1.2673224710619009,False
1.8022469240320491,-2.7774807038542253,False
-1.9192112887136676,1.9524887062197538,False
1.8883199639310244,-1.8726700366730458,False
-3.159584762750774,-0.5119026807765875,False
-1.4473691941633346,-0.6165822061284479,False
1.5743542688645076,-1.6851480283740625,False
0.8864705905623778,2.080066924370777,False
-2.9618121712465886,0.4433220447455951,False
-1.8823250931909858,-1.4490091582298636,False
0.03563240768767627,0.6569615614818137,False
3.918055787906414,-1.8067991174988454,False
-1.7818103344739225,0.8800905230989766,False
0.9651140854001719,0.7320620429841672,False
-2.1389781817276745,0.41598596089787654,False
2.6405050475753593,0.4232092824192771,False
0.031327360600545376,0.01899855767885784,False
-0.7709148072245618,2.954633977633103,False
3.1118653001118046,-3.417608776515459,False
1.5554956620295715,-0.5107849225324943,False
1.3717751172235326,4.234344179574221,False
2.002181801718805,1.073872582826718,False
0.5958520758174729,-0.23057256198810736,False
-3.213629735105424,2.635037763065935,False
2.013699800121883,-0.9978035494800114,False
-5.053279218250003,0.1166264464128407,False
-4.695615682330081,1.4627985852337262,False
0.18995047860083814,2.1884708360875615,False
2.880775645324741,-0.17679623662131155,False
-0.30511031354849844,0.14287624142975103,False
-1.2873758648312865,0.39861642723360374,False
2.0485455938964123,-0.8061642685117795,False
-2.104338208607756,1.3063054355603505,False
1.7481614475481653,0.7601989419201514,False
1.0738490502099298,1.8536208164691697,False
2.0321307069112393,0.2582859516617554,False
-0.7147608782009757,-0.2756975459074337,False
2.053112017727718,1.104842746092343,False
2.5152545750794837,2.514925619103957,False
1.2032632203470996,-0.5277361670335238,False
1.1674233436545554,-1.9815132413997472,False
-3.351501981196907,1.0095317481032615,False
-1.736488073992053,-1.0574745668036163,False
-0.4296448294222911,-0.3105835602584221,False
3.5158029926827354,0.0717446076647157,False
-0.14710528110350438,-0.11955793693881131,False
0.6855485735726855,-2.1839089827323854,False
-3.550894477678706,-0.4620344884160192,False
0.2360632657617274,3.435464500101942,False
-1.24205551634471,1.3634939024676347,False
-3.0360918643953028,-0.24568438865796022,False
-4.2083822222328156,-0.9727863333300566,False
-1.2005256535295963,0.4913799889080919,False
1.3198470879967148,0.5142968576077783,False
-4.081128386829553,-1.8183487476586921,False
-2.991757455938075,-1.8775090595586712,True
-0.7764507379617216,1.056672051621671,False
4.509773818928175,2.6180802022857366,False
3.039632750168234,-0.8092352490550516,False
2.731261459773303,-0.5043456589897273,False
-4.23279335183434,0.6819183203538486,False
1.4773766833751092,-0.7975200369422919,False
-1.9136262600078007,0.885988368569235,False
1.1179726281647964,-0.7157838283834718,False
-3.154214480850489,0.9420318737654212,False
3.2018136008509637,0.24962900466016213,False
-2.385820836661735,0.3071318976341664,False
-1.3722400557718457,-3.233310910785985,False
-0.894849103760638,-1.0117119454268175,False
-4.472741246509829,-0.33552465075281124,False
2.7919037190916565,-2.8527800263374243,False
3.25838125979702,0.809718867893715,False
-0.02251546723655942,0.9195637653864093,True
3.7425963435621212,-3.141045154363805,False
-3.5948250943365103,-2.1857568885340677,False
2.1907828046180424,0.48675618023424017,False
2.9563150962577702,-0.8238416829557156,False
-6.179541264971388,1.9624413246333665,False
-4.979703474644792,-2.148604062219659,False
1.046554232928324,0.14252573412284558,False
2.5600782551233845,0.7430487741690343,False
-1.982472849245905,0.2870660189193238,False
1.576051811189835,0.19716718660108126,False
-0.12633201834010668,-0.0502654338776143,False
-1.2113169721819774,-0.059861595705451506,False
3.242503500470696,-1.4626720387826193,False
2.7722703032384644,-0.18275006973566488,False
1.6852975062919964,0.02930140640536003,False
1.8485875130104115,-1.6785403950812678,False
-0.7639423740201476,-4.6765297362358,False
3.373698290719673,0.6580515120483934,False
-2.1755638555747536,2.4623358294358053,False
-3.471422084572384,1.5860193034489727,False
1.3826575923086495,0.5043823930642004,False
-4.179874857369986,0.7213684018653547,False
2.5021639355681486,-0.5613953450281179,False
-2.130832339310805,-0.4301590974430164,False
-3.8493694436554926,0.8198802801226844,False
2.2237931320418913,2.319039990929378,False
1.8565587385072808,-0.1145803404707252,False
0.6806618608781448,0.14548227367937364,False
1.5476563760738522,1.5336654293532337,False
-1.3216154124442905,1.0743807820921554,False
1.3153697460768017,-1.9286063885542568,False
2.8484836797285307,-0.47021221340334457,False
1.954219906382491,-0.46724840859823535,False
-4.652632146156183,2.633378063886425,True
-1.9445711814465378,0.05797285235122005,False
-1.049573577401931,-1.1105462685171075,False
-4.002627163512688,2.056061034013779,False
2.988351006347296,4.983889968139679,False
-2.1254321786017,0.02002488117992816,False
2.989786069097627,0.1389416736238291,False
0.08315197183218449,-3.1164006986070425,False
3.4012895872738,0.8221298234254167,False
-0.0036042297989316127,-0.31878486373102805,False
2.6575267412132617,-0.48249666093309146,False
1.205482851790182,2.2738736100908667,False
3.1977000689397226,-1.3289310213695498,True
-1.7375526842456925,-0.8928213590661201,False
-1.5560163458792926,0.031227966303089043,False
0.30131567132079656,1.6206858982973409,False
-3.8429757486582803,0.6175245983148875,False
2.1748000152527664,-0.262931311308627,False
-0.21768568836045848,-1.1015616096218217,False
2.3683068813754016,-0.022369864136923438,False
3.952144528839645,0.14661136055893323,False
-0.568154826525051,-0.6246856427155713,False
0.9604235878374852,-0.2996754766262056,False
1.3008530456398533,0.43096737673687446,False
-0.019179282390575775,0.054790674899316084,False
-2.5769451706523343,-1.120535726881914,False
-1.7798656284797152,-0.5055066486547486,False
4.870868710293394,0.6036028158355393,False
-2.5514298200417174,-0.3212532544285663,False
5.001094908460072,0.6098437938314897,False
2.758706150175934,-1.5347121291050014,False
-1.5221830462627508,3.1416205996890745,False
-1.4276230696098804,0.8506622786762715,False
0.5958626039831908,-0.10529631673641374,False
3.7160092319327416,0.56561337167476,False
0.928052055217053,-0.11173918999659181,False
0.6321684477395431,6.640918481600478,False
0.5706409794976766,0.9945175762790067,False
2.1077704198684506,-1.9787552816493348,False
2.3897446846519235,1.4472302592763586,False
3.2299713440830917,-0.42148483029477435,False
3.8361174619366767,0.8853332605066996,False
4.846326647074085,1.7213123998131636,False
0.49778701872362696,0.16111072708624458,False
1.3807245984905943,1.3483108770050032,False
-0.36539342523071583,0.9322988434357213,False
0.8811324187999849,-0.5529727056146283,False
-1.1603994177214205,1.282447980984977,False
1.7282443846809836,-2.5656519167978336,False
-3.2355081750768595,-0.44411298179439856,False
-0.43831452516754404,4.285235370967216,False
-2.33531082928511,1.3128842344915967,False
-2.420325605113689,-1.3573196235206733,False
-4.896121538873097,1.2282685555766202,False
3.1244215045823114,-0.10777758454987468,False
-1.8134884855279199,-0.952261593375051,False
-2.606179013938792,-0.15176302716772,False
0.19528552566633012,0.42327214142280895,False
-2.5115802637671076,-0.03967588512999053,False
0.14668061462786458,-2.3622258018450983,False
-1.2176941169169748,-1.8633152259308028,False
1.6511136465728462,-0.7310059668459913,False
-4.878340335761637,0.5423868748334746,False
2.055544126032029,0.008207177582637665,False
0.4325469955739645,-0.2995042642284528,False
-4.730602289580882,-0.8803549347204768,False
-0.2103477595990466,0.07492406566271077,False
-2.641632545330387,0.003905009665795146,False
3.3814720415318087,0.9569790868045247,False
-2.68708543836316,0.23617899035441084,False
-5.035134693305883,-3.0405178774798967,False
-1.4370442160170138,-1.0046256595259884,False
-2.558354439694911,0.23191142512628488,False
3.753889264144389,-0.6947917290044135,False
0.16583691083344856,-1.3307626969579842,False
-4.984490446779812,-0.6904822888012074,False
3.3150758977695762,1.2048874366554845,False
3.2118797263459564,-2.221081893533528,False
-0.05200042933423425,-1.0346365252723446,False
-0.5091552144761184,1.4087743749664585,False
-3.020613778066739,-0.9662372136148252,False
0.5263893789163683,-0.3240780172390723,False
-3.8476885598061403,-0.869388870256489,False
-1.811979742876605,1.1629779797743207,False
4.128032327330185,-1.388406962860219,False
4.617681910830214,0.7840413085586045,False
-1.652225377982708,-0.5481417987410563,False
1.3580709816791317,0.8898823086639966,False
1.877765520683713,0.2228139540457071,False
1.1449327448996631,1.2468332702642317,False
0.010833757869919032,-1.8571753640575992,False
-0.32040741010017804,-1.0147211047815505,False
-4.376554843016704,-2.7085701357439307,False
4.105912029097595,1.4098673907539119,False
4.142890261264694,0.02325572647517628,False
-0.04072054174433499,0.3932753227498624,False
-3.4686379583246487,1.7554752104779785,False
-1.2390025895877361,-0.8455299794464877,False
2.2850535705450663,0.3160734211113334,False
-4.033424044665106,3.1884106913082793,False
3.054013868211588,-0.949855181939433,False
3.1590508915341555,-2.091278424791985,False
-2.8645888912317927,0.390184375337248,False
-3.2884531753641406,-2.5075284022296143,False
0.07897997915884132,0.9207829369546954,False
-0.28386560248190923,2.9615606026100543,False
2.9804805240958703,-0.38287772855632135,False
-0.32022424375667174,-0.6970551806575944,False
2.2200749155103434,-1.0050049086602104,False
-3.1651279527249625,2.355838633389091,False
-1.5540464636585987,0.29112781713765795,False
1.939031985648306,-1.335275673982842,False
-4.4595374245737744,1.725160675504203,False
-3.9519813850691397,3.4802552504753423,False
-3.4228716420527756,-2.8201137326156465,False
4.041332180788581,1.9752294667092352,False
-3.5610237571977583,-1.3002294745646674,False
2.0656806288928955,-0.3774085416314658,False
2.993149952299391,-0.23379610819606012,False
0.8564297253463894,-0.2563352732816683,False
-1.0634977212033796,-0.7567272792136476,False
1.1702932331403855,0.4386246130353454,False
-2.2838430248864623,-1.6492578619303235,False
-1.0469734990130646,-2.2815500242165974,False
1.1844958453511036,-0.06614665195433572,False
-1.2306927797487504,-3.4963898693755233,False
-2.2662742331346575,-1.4452973768614636,False
-3.697840114116612,-0.46105532035643493,False
4.297380760361218,1.0827616541358334,False
-0.8851636487506789,0.16263601547551593,False
-0.5801032203299223,1.4075502860254605,False
3.8826067979520578,-1.4638597687844885,False
-0.6106536339741585,1.1237088668274928,False
0.1942578011741504,-0.40569087395540043,False
2.0856965501775,-3.1129262221193246,False
-4.79292450131276,1.624278959644081,False
-3.8470640458057095,-0.1846848989005491,False
1.2942898984786577,0.5915667748301846,False
-4.553544984934924,-1.6527234358595193,False
1.434905104686349,1.4984725348573273,False
-2.7478468335686155,-1.9117570781013928,False
-0.1318712834054149,1.0848024732523176,False
-0.24165601164367648,1.064348242468599,False
0.3823950700560156,-0.8552286489550835,False
-7.998266021179119,-0.6339922133564067,False
0.6000284679654849,-2.489220455034367,False
-2.391672325342798,-1.064094729363873,False
-2.5966343294608816,-0.7849126728548098,False
7.456032902464695,4.775081692348303,False
4.31848647333142,-1.074715036484378,False
-1.2059315572604308,-0.22682668538848053,False
1.7194375402883468,-1.6574939690511556,False
1.5482692011896455,0.4822054840634494,False
1.4990747383561727,4.211059883940524,False
0.3808089356135071,-0.5767211357944002,False
5.109923433572121,2.6605464871818345,False
-3.919317981363735,0.5826166395809919,False
0.8171120689790581,0.30923586407841497,False
2.82699408641606,-2.49962363486547,False
-0.2811107906320255,1.2428189916527435,False
-2.5395110420755618,-0.5710302731795128,False
-0.18071154312380616,0.7824629841051884,True
1.4092764774670292,0.47537718828070213,False
1.6573123293827507,-1.5695789837525302,False
-0.5641706557222202,-0.2065989681242383,False
1.0358735938145869,0.9680736297750239,False
-4.798143107224644,-4.1561739680488685,False
-1.3240695306475554,-2.1331073823948334,False
1.5042210866598935,1.2022369943714382,True
-1.3289773706489076,1.7566654464457452,False
1.1173267678420613,-1.2741944403324483,False
2.078416088265912,-2.5628838507080767,False
1.5588525590998261,-0.15665359598308698,False
4.329902449459477,-0.03862785214501835,False
-4.674367532504284,3.174124837053155,False
0.07055200358933764,1.9976009875921537,False
0.05842948953110539,-0.3653381697185321,False
2.6739329453583753,0.8842931962742979,False
0.8460814034349818,0.7274297973901573,False
-3.8175402859015586,1.652903629774982,False
2.3551404430359084,1.3400055607905144,False
1.4119369211853894,-4.315829034160074,False
0.7477206764866269,-1.9122627850260583,False
2.106695596999676,0.34552831823358876,False
-0.41300157045323704,1.6348678591443409,False
3.130443358995982,0.16497488329765297,False
-2.68732025064831,-0.039798934519385674,False
3.525851427430927,-0.7912709162837821,False
-4.154211166616932,2.901500313177287,True
2.6414060914382347,-0.9705746380391534,True
-2.240356359873878,-2.024201165688191,False
1.32720978290875,-4.502625337483675,False
-2.5604427614141687,0.5817571334983603,False
4.287348389637642,0.22769553235531678,False
0.6378458127971568,0.9222974457326639,False
-0.18933106050083415,-1.9479265319585,False
0.16984279746756892,-1.4521311191651642,False
-0.22358979350811473,-2.229060681347409,False
0.6117685213098283,0.8849153316771741,False
-1.2621927057603506,0.5486241934584378,False
4.483357013238762,-0.885555666045666,False
-4.472535799335566,1.4856618360241598,False
0.5914371164641965,0.1071947874317988,False
-0.21746613163692236,-0.4940420096493535,True
3.068122867118725,3.101986950377572,False
3.2993019419278977,-0.7000961491778124,False
-2.7617719357701263,-0.10079338546082925,False
-1.234359935336759,-0.935782432482119,False
2.956291244390165,-1.8628170864196112,False
3.1552140730688603,-1.9905795699174815,False
0.4104314634720629,1.7483236665952882,False
-2.815600896137386,0.6203009869561705,False
2.767124264952587,-1.0819332762773741,False
-4.249721945473999,1.4012630141173106,False
1.151356793805629,1.0924491191909618,False
-0.11448433011894273,0.9975528959481481,False
-2.916158631350415,-2.195415360120491,False
-4.300683828718397,0.5632087168604836,False
0.057526827669102255,-0.7327920299224925,False
4.016335549266397,-1.863377612986186,True
4.352744516336084,0.11019002067023043,False
-1.8235139746520685,0.022942587660539294,False
3.1122354137752986,-1.6298373661705914,False
2.481972938511197,2.2089301335486557,False
3.709685907585925,-0.13582452750102028,False
1.450098946488706,-0.5550598647811776,False
-2.0321516295889492,-3.0975059653840726,False
0.8341843639925347,0.4788400029748156,False
-1.4237082385156734,0.20399717094224676,False
-3.7248511534525095,0.5562541594771623,False
3.7550550502261952,-2.4029557348298165,False
-3.7515436748726585,-0.2453289309250932,False
-3.1336252031284397,0.08645135172459704,False
0.8732960137643857,-0.04564787561805221,False
2.433036569186151,-0.41570405933803506,False
-2.365855181926617,0.6143408734858817,False
-3.9491879220749158,1.5439679232508745,False
-1.4232894723754943,1.1953595809839561,False
2.7035807145135333,0.25979061534795606,False
-2.671362872969926,-0.817278573457997,False
-3.8633329721232146,1.6213560564010592,False
-2.057088986854922,-0.4265017708972117,False
2.8375149497282885,0.6504531873339058,False
1.2857828907949427,1.2721497565912487,False
1.8258726402821814,-1.7543504683228557,True
-1.8365813901913979,0.30577781900739553,False
2.648764187886052,-0.3363312963273306,False
1.1307512852053294,-2.507724514407734,False
3.142602705207973,2.360512527301463,False
-3.3204942116255167,0.4052814002722206,False
3.807356200911223,0.0796184890371233,False
-2.707846392333522,0.5278839477389026,False
3.340130823824573,0.7305242551237617,False
2.2094963446828295,-1.1115304465512603,False
0.3143498952427755,1.3750250649846953,False
2.9652719903181732,-2.3258588602187578,False
3.8029160339877848,-1.1103204858572453,False
0.9401654414418162,-1.6698139166264379,False
7.142061395106798,-3.559120346800714,False
-2.3687847716374026,-1.1648360243106683,False
-2.992203276610567,-1.2902445728395273,False
-2.2211039530110765,-0.7173128455643885,False
-1.473399664809313,8.072605380262367,False
5.6103751588887105,-3.3445175525850073,False
-4.005018005201384,0.11344800418829651,False
-3.6869144736025623,0.816687277801542,True
-2.9187710878130027,1.069345041116678,False
-2.5017854547956215,1.9676370039480366,False
0.2800643224238728,-0.7678998146390067,False
-2.102097347825247,0.6224029506256946,False
-5.199084404641821,0.5811560221460756,False
1.1618016543907728,1.559452901679342,False
3.2076985251070997,-1.2927687441633642,False
4.711992134063638,-0.48464728368119825,False
1.8185036491437927,-0.20497766095149,False
1.156552225306258,0.059877576320204996,False
3.7686514118415584,-1.216516646624797,False
-5.642359964330241,1.9028124124627548,False
-4.6273370309398265,1.2234345546781409,False
2.3344760776543523,-0.6610695358133214,False
-3.1466814794820306,-0.7470979633583344,False
-0.2332172232496336,1.9508316754862578,False
0.15266926623754248,1.958720736468667,False
-0.1832361690682744,-1.8980205763000806,False
1.8967509025315596,0.7719383502900783,False
3.6634791679051153,-3.6349380024047107,False
-0.7396520689181045,-0.3415298252952537,False
-1.9603014065634288,0.4448373084384497,False
3.194456368517863,-0.6009835496829358,False
-7.207846168683211,4.250517597794018,False
0.18544999459238792,0.8558863501025665,False
5.594852594688057,-1.004022343407673,False
-2.0451504260830493,-0.5039563718973704,True
-3.7104061741393055,-1.9860907674745092,False
1.844136753061831,-1.94013537551979,False
1.968366871682601,-0.34011903536468413,False
0.5896689517063815,-0.305424492815086,False
3.3748748378239393,-0.6783224754532122,False
-2.1557453634358468,-0.07943641268716753,False
-6.0712089941485505,-0.7207507355575373,False
-0.4229870035412106,-0.2497326591070979,False
3.495741817644918,2.4682806867558176,False
0.45695055866592554,0.9145778739500259,False
-0.7140215971029064,-2.9260820051737753,False
1.0150493723412313,0.2774901443104822,False
-0.8848379634158832,-0.22734004764388405,False
1.845045113838063,1.826127305913095,False
-3.103240256563719,-2.5935455432789847,False
3.035595384112549,0.6847748244048226,False
-1.4705319161412138,0.510295185358641,False
2.089706520637435,-0.7298483369083097,False
0.5333966776027836,1.3621949858141686,False
-2.3416887290062944,0.03914720648799077,False
-5.3741945039401315,3.1717819854846403,False
2.5464359275293487,-2.0349483371571693,False
-5.458679610583536,3.274542973489882,False
-4.077883479642693,-2.816317789484322,False
3.3614967899714334,-1.1919697314247164,False
-5.525768676852907,-0.8574755927939824,False
1.359683352279895,0.12719621076149068,False
1.8304124601785634,1.0171705822088157,False
1.3188184167166854,-1.409127106267784,False
-1.1360258175293612,-0.22131357328582776,False
0.34030878212477317,2.1121346499238447,False
2.9729831405676084,1.4739327978900576,False
-3.2043933514706544,-1.3299608292406426,False
0.19612054082665556,-2.774672405918762,False
3.1986377866594164,-1.923850879240413,False
1.2589019505758225,-1.591987743842246,False
-0.5947028122555791,0.9260306921799105,False
1.4474748243837015,-0.3773628669673296,True
-2.588231961235385,-0.8061954614732656,False
0.585649045247185,-1.0604906690687066,False
1.0654293560016725,-2.575900805958684,False
3.217060695732416,0.1535040876508227,False
3.449193042415021,-0.22868761560655446,False
4.202139376248731,0.956883197051684,False
-3.6616586837054865,-0.11873426738428874,False
0.9335582665505809,4.1676288350102055,False
3.5980832510133713,0.42367872052167754,False
4.447005991284764,-1.5319565748543167,False
-2.4550281983359636,-4.034889162302104,False
-3.0714818178278778,6.857377084714535,False
-2.4495689939663206,-0.072571538382015,False
-1.3848760062980745,1.8899243505603127,False
0.619688895586955,-3.8475370193686413,False
-1.86569223800647,-1.571688065045488,False
-0.4315639189383727,2.458341273480957,False
-3.6254006358892648,-0.524985505268108,True
-0.006618081675362722,0.49327724422975294,False
4.712912812865781,-0.6425416976247599,False
2.123979129556074,2.2433533145980946,False
-1.4067926921072662,0.7196465874285689,False
4.605982858295991,-0.9623213128014042,False
-1.7625839349383225,0.7420049419312142,False
2.7220760009835288,-1.6893297037167887,False
-2.444994801864101,1.4533214775603098,False
0.3829773489120643,3.3043243671674754,False
3.001002165422007,1.7780981405337983,False
2.5962975936577224,-0.6300283398021871,False
-2.2152647934717233,0.8087565129539346,False
2.601055028550281,-1.0557355420020147,False
0.06322579270112715,0.45363576297074376,False
1.069823263286348,0.4939398557377117,False
-3.58291377285088,0.9612823251870138,False
-4.086256300562229,-0.7842085158644748,False
1.7357751512348212,-2.0666032133088166,False
-3.322531833495259,0.2486653131161091,False
-3.8650414826923813,-0.49660604936998953,False
-1.4830562222067345,0.2509294543889513,False
2.849740683034988,-3.701411317302336,True
0.31897326082252697,-0.1131393469193316,False
3.378750870119832,10.01363465026841,False
-2.5771321169342483,12.706613918378698,False
-1.9933512187299074,-0.5684374214544797,False
3.254982599475621,-0.8456863785242393,False
2.589862041772146,0.24997052696641653,False
1.1822974363094763,0.17364340428999459,False
1.884084027123486,-0.5558278205815509,False
0.07397453595905112,1.3658095428779982,False
0.4662962379215409,-1.2387084390870045,False
-1.8060990157923416,1.4055880159508307,False
1.3363719409937707,-1.2410507142850102,False
1.981277739350161,-4.711860132163251,False
-6.437468530584483,-2.802503397738804,False
-1.0612785055501466,0.5226947755645467,False
-2.7463390556722977,0.4709214012961308,False
0.5991746665110878,0.5182643104456209,False
-4.351082476814814,-0.3149433626609713,False
2.899588435565711,-0.08126750935807774,False
3.223133931549068,1.143245638095264,False
0.38812233974263916,-0.9172105969758445,False
-1.7334785088866005,-1.6198348706052705,False
0.6984696877959798,-1.9428139003656064,False
0.9940212217191703,-0.3410145521694986,False
2.129515139603519,-0.29298685017682574,True
-1.6453743976323176,-1.7288336498285857,False
3.3554218852945232,-0.012586234526919935,False
-1.6848215253501932,-0.8621124538389521,False
1.8243210633436306,0.4397924709482303,False
-2.163127804282261,0.4957281933867391,False
2.8173461298111473,0.8265354801950104,False
-1.7732730459374106,0.9788437942677385,False
-3.2209719242531825,0.6757017105681963,False
2.294129476997471,1.1337168582189903,False
-4.252124049985823,-2.0092831764602437,False
-0.5815151647775838,-3.358718288983093,False
-3.4334622576837215,1.3908417100413117,False
2.735590938491703,0.08578392884182767,False
1.1821036580187902,2.588116958296125,False
-2.651246550889075,-1.8136005614645747,False
1.2247162201754496,0.8263430083932713,True
1.2427936177554613,0.03252549189124028,False
-0.48999924290803093,0.5984908146340773,False
-0.37515681412196206,-1.8231754664795314,False
0.9497003857348276,-0.33160491659704017,False
-3.4566979874557964,-1.713145351437971,True
-1.7192486503725801,4.131999096911261,False
4.652588091446416,1.2135127804761723,False
-0.17456965911518388,-1.063822294438123,False
1.3557368857741685,-1.423181239618407,True
3.854848548631855,-2.3110806784997546,False
-0.5001009272400396,-0.16598426857789367,False
-5.33396592793649,-0.11994536228200796,False
5.474773102902612,-1.5499360856101398,False
4.842874587556548,-2.4353260384213957,False
-1.474345037344961,0.17351354644108968,False
1.3593095510871966,-0.1419867133779728,False
-5.588995364432767,-1.0323052728834154,False
-0.2290855613384038,-0.4404459687784794,False
2.429573116076187,3.711383071098504,False
-0.7735046389438476,0.6185807903749881,False
-3.174471331923078,-1.1767427734617488,False
-0.1364544306674671,-1.2007045909604972,False
3.3652250294417048,-1.7282317687367605,False
-2.2917736110646216,1.4315535783148605,False
0.7363808585530843,3.4605368459565695,False
1.7307662255759437,-3.108086198028464,False
0.29030906442307,-1.3933428767905278,False
-3.2497659785256467,1.2133962199619175,False
-0.5043456845482323,15.260980958810192,False
4.476859833953383,1.1393463398851555,False
-4.512169541545215,-0.529584645437921,False
4.320241076051868,-1.4459587460948018,False
-0.5728314434126586,0.23868344298316962,False
-2.6874233124830074,0.21877142128338997,False
-1.4522024159629767,-4.153265205052108,False
-2.4153359342064236,-1.3434584950941353,False
1.5937814681606761,-1.1424439892806995,False
-1.4557611938862922,-0.06953256763289925,False
-0.2436891444603818,-1.8173501470454196,False
-0.06358420679326245,-3.029597607834511,False
-6.257255334936146,-0.9730375419140714,False
-3.4030074057853508,0.9866955663355711,False
-2.206578674838642,1.7034364202978027,False
5.093515458508107,2.0370214312823,False
0.4702231254731262,-2.036126540286196,False
1.9323142788684546,-4.353159999229657,False
0.076199119094522,-0.9132522627528405,False
1.9078169757345402,-2.1800851013471285,False
-0.8464552433354576,-0.5230616258999045,False
1.0198322912402589,-1.6394689102244844,False
-5.447047066652541,-3.486979354059884,False
1.4444168218943898,0.9317231728941302,False
0.30377178193845134,0.9855090479190713,False
2.8407180425262752,0.6408257600231247,False
3.215974652798828,-1.3832864182626372,False
2.326930618142246,0.05256606123049817,False
0.3689331983634206,-0.8424901530233742,False
-3.383855215769284,-1.3961242616926146,False
-4.88143952184348,-2.6233007138168833,False
-0.3287850188973498,-0.7084546885984633,False
0.1637643846652599,-1.915137339859552,False
2.955512222198714,-1.7317163354666092,False
2.235335934437544,-0.7589329606542803,False
4.023836546669279,0.051142304003490575,False
2.512084536318449,0.06277154494680684,True
2.9389184587101833,-0.5248666687756752,False
-0.7538177974609945,1.765786143748285,False
-3.187513650344124,-2.2953603322971436,False
-0.7146013855344399,1.339170567054572,False
-3.9529043678685984,1.032930989521936,False
-1.4335671458680417,-1.4464090838177017,False
3.176614293506659,0.44815746638232706,False
2.574979728271601,-2.1192785027808125,False
2.5269086775746303,1.771990315759855,False
3.4453243874075032,0.5422567297751926,False
0.4539175162798593,-2.6844687547995476,False
-4.795616678243368,0.3004057164265865,False
0.5100707614789033,0.3972510005279602,False
2.422994425095515,-0.3004714633929667,False
0.31814590034725565,0.686328309116885,False
0.4298583157086142,1.3514253669525438,False
1.7644870715445813,0.2241281261924762,False
-0.36321475804035264,0.0001584777936782603,False
5.499290382046269,-4.681944412273863,False
1.5787712498669282,-2.0476636229702234,False
-2.707200435916256,-0.044409127142693613,False
-0.17244710423059698,1.258675013967485,False
-2.8231967661801827,-10.316704532247423,False
-1.1294321253905149,-0.10922707591654444,False
-0.33355511087748035,-1.293512999100074,False
2.9361680129090764,0.41670115034133265,False
-2.951742274532152,0.05141816934646278,False
2.822369374230977,-0.03417218401495787,False
4.477459027372073,-2.7543596898245934,False
-0.2950299977229555,-1.0152794076011782,False
-4.172564605603489,-0.4375593092323537,True
-4.0999982134770745,-1.2227132573956032,False
-0.33094171588727933,-0.6722595565039065,False
1.131884302841879,0.026151794249076116,False
3.0165411071545445,0.3185165151447251,False
3.199057324650471,-1.4199825499288252,False
-3.6791908813320635,-0.7030448463619003,True
4.633091280299136,1.4558573471874674,False
2.572296812663981,-0.6402463071612862,False
-2.9711754021581607,-0.5308372411291622,False
-2.255823070823111,0.08155599237608803,False
4.434975430735661,-1.853049143848299,False
0.5339556424424404,-2.4191491675069843,False
-3.62768217226906,-1.453169878725244,False
3.0708795008746854,0.5171044851158353,False
-0.54041623309102,0.2646654976276079,False
0.596892325696905,0.19068031174105565,False
1.696442348079173,-0.907839788060124,False
-1.6631643904779378,3.0899159210958413,False
-0.7697944837163492,6.475521741467496,False
0.35765274940512887,1.8407500450758787,False
2.7863031297304297,-2.2499559754903924,False
1.3423827601084763,0.1927739612519805,False
0.03573681072755076,2.1264614513839675,True
1.1972938802218391,-0.8014294759081074,False
-0.9161815503268556,-2.123121705399163,False
1.6738866458655786,-0.5294589350863149,False
-1.6077289161341353,-1.208085266168687,False
-2.4600675918110055,0.7088966689229582,False
-2.9071565572114864,-1.469065340454329,False
-0.5515043455845565,-0.3691669205519741,False
0.8551085671009985,3.9558197403543165,False
-3.7824181903204006,-1.7127674468318475,False
-2.9254625032755763,1.0150865478511826,False
-2.442393473362693,-0.47133581529144647,False
-0.30865184972696424,0.8071913161985865,False
-3.1665088705965263,-2.269484977171748,False
-0.4713400007300361,1.2358725945049627,False
-8.4801617507804,2.471867527902651,False
-4.078615863994956,-1.311166065488785,False
1.3814862109537756,-0.03872560690543088,False
-1.1506266794212785,-0.4238039291122723,False
-2.1727446495474476,-2.913054381414155,False
-0.05391655177790966,-1.5361942133339952,False
-3.679309175748267,-2.318302367751451,False
-0.6238387124891266,-1.706807528750763,False
0.13877161237690577,0.19515479814145734,False
0.8022949327882104,2.9998526381789103,False
2.4306786358094015,-0.23736814694721162,False
-5.052648510446218,2.9185138336267022,False
0.6120586636685664,-0.07728052702564779,False
2.59945394143062,0.14262083494529765,False
1.2055115885852972,0.05084741370052898,False
-2.7192543452719424,1.3795225565825535,False
-2.790033466092621,-0.9208495123190821,True
0.2543416771574304,2.197142302818215,False
-4.6276436457612,0.3238965125976455,False
-0.13718496249467962,2.0287188234403764,False
2.202112213211731,-0.4785646881560684,False
-2.660240409360623,0.30047328130776746,False
0.442059858938569,-1.0149305701796276,False
-0.6059600198839487,0.8826988596426794,False
1.251776566925492,-0.2569138867151077,False
-3.659143620768557,0.5722949398165365,False
2.404672961635247,-0.689504646229956,False
0.2059723305408289,-1.3998957259529747,False
0.9228932978738467,-1.1535001800920257,False
0.9511167289925624,-2.6800067387169495,False
-1.779508205298075,-0.8194067958369728,False
4.1030958605460075,-0.4717045979390792,False
-3.1694094337361456,0.43434938006396945,False
6.61180138711314,2.4193625723836494,False
-3.414142096644087,-1.0374976827744653,False
2.234793514142056,-2.0366534456313348,False
-2.71313259958771,-0.9683113731269235,False
1.959622695732901,-0.11979383005336432,False
0.9538132817228099,1.4684800599985888,False
-4.799638849144518,-0.38533517264188866,False
0.5370908032139562,1.4862216425916626,False
1.9094662457554004,-0.23689957589052318,False
3.6473696673138165,0.4818418706984924,False
-2.2093457828754266,-1.8671020812119448,False
-4.097322638014113,-1.3768151041834962,False
2.69622714743505,-0.9883491713091551,False
4.604844249355346,0.6017839052333387,False
2.3270547392470493,0.4144123264054568,False
3.508801803054698,2.9794428790070504,False
-1.6058244900994545,-0.2962030056047512,False
3.3591023602258225,-0.8367261356966659,False
-0.94168785192145,3.496496218174669,False
-1.344422087867336,-0.6568196628553217,False
0.7793468081818535,-1.633938018413469,False
-2.4179586758865903,-0.9469213393109925,True
-5.83677220474919,1.634228502553922,False
-1.0318685880616487,-1.2522623667535773,False
2.8647216725250777,1.7769126819684211,False
-5.262178666544775,0.8411649862997476,False
1.635359835381245,-0.4335443274224544,False
1.5099463478084665,-0.8765829674528414,False
3.547916779995325,1.43277403745377,False
0.25351440317581814,-0.23497633053832356,False
0.8171013098783754,-0.11691842433652154,False
-1.6481119807889497,-0.2393314157499578,False
-0.8067696702847481,-4.185354158710236,False
-2.0383348235465624,-1.365864230164997,False
1.527535052913487,-3.4438907796120812,False
0.6315279315119874,-2.3550814523080867,False
3.0021009280893676,1.2236985220639882,False
-5.2635217024789975,-1.0918415875210488,False
8.576869902729792,6.219328041098811,False
0.959078530145144,1.568971338354929,False
0.2756396429307822,3.264302625579735,False
0.41442825581831827,-0.34603003271033134,False
-3.4299266509707693,3.1256927063625266,False
-3.0714830387491623,-0.711257971208417,False
-3.022278069544168,-1.5964290362903748,False
2.478129883513652,0.3745620091291602,False
-0.9283078279771383,2.193849794764906,False
-1.0083784186251048,-1.64819461924488,False
-3.559110841567442,0.8010064932799522,False
2.6805653009813586,0.5388121988417781,False
4.845602152847334,0.22636005157353692,False
-1.1607199826395374,-0.492738199688156,False
-4.2779076830413505,0.00220155739362159,False
-1.1752474460131888,-1.7036349795122079,False
5.343181731261078,0.7589308273515792,False
-1.7751133995314647,-0.8939019352707149,False
3.753030053889051,0.5552730574074973,False
3.725683270115239,0.565049576603734,False
3.7379843580591317,-2.7446179814711336,False
-3.2873132435160537,-0.29005599144222544,False
-1.3507420991284007,-0.719117619972943,False
4.389943011234277,1.2474489395418968,False
3.9781166279119065,0.7281668120722395,False
-3.7574269945732497,-0.6681497020932459,False
2.4723481474664473,-0.018358739952702718,False
0.8365287914645555,-2.9388909823275875,False
-4.247655258992293,0.21375808466884821,False
-2.1753857572057806,0.4495093606367652,False
3.927887178285403,-3.399056771640681,False
-0.6015151724580168,-0.25064914099806046,False
2.448004802780731,-0.8187100179223299,False
0.6004192260141161,-0.9208334072423139,False
-1.7298962594654888,-1.3446462000174166,False
0.6547354993359706,-3.245911350567487,False
1.8076244466104694,-0.5204588428096762,False
0.9815435317112366,-0.3282027914490248,False
-0.9276265424415567,-0.986605421198567,False
0.8948046564744012,8.128449084557626,False
-3.0679669452102654,-0.3114551362376476,False
1.864174574376299,0.21678386834086613,False
-0.6408700561829407,0.8814160335730072,False
-2.3693327010634797,-1.8210390919015347,False
-5.123517290414209,2.730866892514089,False
4.012354409349739,-1.2442026953707668,False
-2.971106618526756,-0.7631717295082714,False
-0.13396691989826945,0.6435995433722869,False
-5.201550913647849,0.9037626248447508,False
-3.128596044126212,0.5060851794066886,False
-2.3608228979161274,-1.09280093681455,False
-3.8374612240197465,0.38317000862424255,False
2.506790025530761,0.15127874684464546,False
-0.9776908438582089,-0.34659312463908465,False
-3.1521486664234595,1.038077623310725,False
2.1138226469691292,-1.0179343699531922,False
0.34539767585054443,0.8645305204189082,False
1.6866028928765486,0.7093475705807154,False
-3.351318829059256,1.2553696925643523,False
1.9694346693992772,0.8492208960598107,False
0.07163197555723932,0.03201670625348077,False
0.8163631069766916,2.9076357215931465,False
-3.484206944618162,-0.10522705115234134,False
-1.4355215806691677,5.392039710335234,False
4.660915498846437,-2.93073170787625,False
0.43649351022465543,-0.5665152334714445,False
2.6211232082796703,0.4614792045617497,False
-2.7556976706944316,-0.8293311801342099,False
-4.529024745838461,-1.6477402815859643,False
1.1719650527392311,-1.2708520588458936,False
-2.4473748432917204,2.8813877988212186,False
-2.162676263589265,-0.31933755994172713,False
2.6587498034383152,-0.6922928730658063,False
3.800768213526398,-0.39812043618006226,False
3.058518510275448,-0.28850189276723925,False
1.6363774493737122,2.202454689828419,False
-1.4254079547599103,-0.4898441802453634,False
1.5177918857576216,-0.173830232245451,False
2.380637766414806,1.4578525774740838,False
-1.5534930487588123,-0.9356246263382273,False
2.354416391066435,0.6188378656374764,False
4.361032794873945,-1.41240470455927,False
1.8453046045668062,-1.639177179026319,False
2.8314726870951428,-0.6903080470215317,False
-2.5920899302575777,-1.5609320761226322,False
0.423578029567258,-0.23718553588931163,False
1.6838314092240307,-0.08951585589500906,False
3.9791503172090548,-1.6830774187358937,False
-2.5080423250767026,-0.5099476545660386,False
0.48813954458739534,-3.2808204296676955,False
-0.7275403615250189,-1.837170017057837,False
-1.0032113253010546,-1.2342362955603472,False
-2.1935498657398953,4.819927088099377,False
-3.2756246233515243,1.0072977946543669,False
3.0194053437784505,0.15436872717907865,False
3.8188158627219764,2.421643550658961,False
-4.367657355724831,-0.9660819235097162,False
1.0875428204432611,0.736668176715746,False
-3.5207942062038193,-1.480462849284025,False
1.0437715828376706,-0.867626333027249,False
1.9593513244938232,6.584522593548148,False
-2.225892226494176,-1.791552252463828,False
4.970205057194543,-0.15162293264217142,False
2.5768252053489378,-1.5790925643678277,True
3.094384006692599,-0.781628458900696,False
-2.064908487710452,0.371631258714855,False
-1.239613540466863,-0.9236545437233618,False
-3.751138715015486,-1.4286511597315381,False
-0.8606920364259422,-0.6891096163610135,False
2.7786568438495145,-1.7672017825083777,False
-2.497995494641944,-3.0402101663313954,False
1.713882261450006,4.224657287896865,False
-3.6648121438448094,-2.75560900459406,False
3.375817073499667,-0.31797363016413766,False
-4.920946656310962,-0.602284780542529,False
-5.8505045768376505,3.2852722858571055,False
-4.697235947219868,3.1453363062621067,False
-0.06667942750343542,0.6258642145663615,False
0.8338545692270328,0.4774024708097764,False
0.8590197817305889,-0.24687316217124772,False
0.2035465636473156,2.36756855046158,False
-1.0658230500321524,0.1656033722532246,False
-2.786369749614969,0.28589962798677315,False
-0.5475250694996018,-0.7840400506372527,False
4.6220798678283534,1.4918255638588607,False
-0.37284965370198897,0.9682113844272897,False
-4.381455688526118,1.1128711861400165,False
-3.1255268048680667,-0.0051784935636868075,False
-2.8083738621628895,-0.8714422967459771,False
2.5687573030749618,0.5497652682241367,False
-7.105588696308293,-1.0861710203282953,False
-1.8199239235113247,-2.1307724802885217,False
-2.985628275753404,-0.7834253518651177,False
2.858178014814395,-0.20567820682720198,False
-3.8138403758550923,-2.3192366759802447,False
4.906743827327413,-1.2579906560655818,False
3.786060648904134,-0.054780624553628275,False
0.5091953067488335,-1.814857940824015,False
-3.4939892843857665,-2.3961842283103127,False
-0.2869573033279698,-1.042574378338443,False
2.43153915630451,0.0685808275220856,False
3.035890664862133,-0.5804364400042435,False
-1.880257251662447,0.09298973941342717,False
2.859999247940799,-0.37417074280898643,False
4.66968943847063,-1.4416796969683618,False
-4.248046060621266,-2.4325678140508,False
-3.3369341875392773,0.7611649403318869,False
0.5262184277664285,-2.335077231805613,False
3.4363026778891133,0.8274884025699183,False
-0.3491501093108612,-1.3525995648114046,False
-0.19593836777861454,5.3915705207269555,False
1.7071592640743907,0.17884266858179929,False
-1.3088234363741047,1.1727830810416853,False
-2.8298628096953586,-1.0679304518882495,False
0.40100058722495463,-1.1531729683874894,False
3.194456885299544,-0.346220123705311,False
1.0388628575073637,-2.514587416555286,False
-0.3182248322078051,3.459017747113873,False
-3.121359118068601,-0.9889275063364419,False
-1.3628881329576645,-0.01955960254224693,False
-1.8263042584958034,5.708580075714947,False
1.1803215505504865,2.416186599690869,False
1.7846253241906578,1.3198678675638422,False
0.9131899236750106,-0.22168863355206675,False
0.16154610956677526,-0.2992931449333747,False
1.628285240279426,7.46935947144499,False
-1.8950523304669198,0.33501206445492765,True
-3.8785590511263153,0.6621360010372092,False
-1.1753712991090308,-1.1870678250354674,False
1.987298586814896,-0.1855036369399833,False
-1.7986726456608453,1.6985346330787825,False
-4.191622693148888,-0.39714273031577746,False
2.356737937343289,-0.6344554443336949,False
3.5357170121842842,0.21722912283483906,False
-3.7910752807619694,-1.150653019497958,False
4.579723464868879,1.4304625585683248,False
1.5339215160046238,0.6341418498823821,False
-0.06686249138377325,1.9750620070555205,False
-2.4110227855933397,-2.3721360054022034,False
-1.703202074915003,2.568209290759286,False
0.8038923763117478,-1.3662143362387933,False
5.2490379798134965,-1.093665954246828,False
-3.969085500243149,0.018963747448081072,False
2.262901484838488,-0.010789973309000361,False
-4.850770374777644,-2.7599098812085017,True
3.970649286269829,1.2298541756433095,False
0.28170865084303026,2.0358753284202398,False
2.2700426649368555,-1.3150329165915953,False
-2.3300773966925927,0.4692033999946982,False
-1.9690283823934331,-3.278700888709642,False
-2.5200660490102282,-1.788045340157566,False
-2.902401333951599,1.8454613374988915,False
0.5676714439863787,-0.21666706992334303,False
-3.7336744843174143,-0.13410286197555493,False
2.4251899933708243,-1.1505745726513363,False
-0.030595107922744457,0.2040816840009098,False
-4.383686241763933,0.344996932506064,False
4.3385448551399755,0.6820789152474832,False
2.0189819638219824,-1.138804186442344,False
3.3874628798722988,4.216199758702553,False
-3.357958358149012,-1.0089432151845112,False
2.1602702061531778,4.167267592958859,False
2.0046444335773423,-1.272330904160543,False
0.33585600846518215,-2.0070258352299657,False
0.30393601129384196,-0.8871716928605095,False
3.2482965218204756,1.0746917934565678,False
-2.794939293402897,1.1944968371423854,False
3.2260264436307216,-1.260903363979315,False
-4.040869244047517,-0.4094748894487774,False
2.2895592600146695,-1.0744973253184928,False
2.331188025487197,0.6862724296077158,True
1.9678326371532637,-0.6165722157420934,False
1.6605151688392459,-1.4095993494838042,False
1.1904605252452998,3.1089373774810842,False
4.074244869769172,0.44288731500716955,False
0.8601793353810906,-3.001880516285375,False
-3.0579350552099127,1.2528231038411852,False
-0.1926171920423554,-0.5411730036478416,False
-4.022987940815689,-1.33766898628372,False
2.0028865703096947,-5.051274404226202,False
-2.6756537674328396,-1.8919457494087446,False
-3.9804771347654024,-1.593076744635776,False
2.6542582748943575,-3.2917931845180917,False
-2.0926488429840195,0.7333292721911384,False
-3.0890455375110877,1.0244533540149559,False
-1.9590665259516449,-0.7003019944114509,False
-1.257909354722937,-2.606004492281165,False
4.0244437495838685,2.6819332363557584,False
1.4620429391018848,3.969314939116524,False
3.7537473654195326,1.1140357766496367,False
0.3165523142524138,0.6683989570071154,False
-0.8243929028105096,-1.033703467775233,False
-4.670398093253376,-1.7274094185923377,False
3.583303099612508,2.3664952327622335,False
1.591820128062048,-1.2369415730822437,False
3.158991838798902,-0.998846677562295,False
3.0481990367727834,0.4061339709451876,False
-2.7762549595370363,2.865670962680034,False
-1.1728765149144478,-1.5840119762541003,False
4.283716203798498,1.9697837478862006,False
0.8420849186143475,-0.8705447494681844,False
1.8471473997196262,0.2091458739056072,False
2.937297864464886,2.620974309494511,False
3.8819234257983672,-1.193623936251782,False
-4.083333971636554,-0.2279893521634808,False
6.232470564408722,-1.8220956532219847,False
-1.8716818067934606,1.9818054090836759,False
2.7618377658330644,1.7171443068093792,False
-3.2413662206744207,-0.8700058970709147,False
-1.394321262214999,-2.6475647898319323,False
2.978099495404207,2.5239548833112444,False
1.3648491095389719,2.248785425549911,False
-3.296671473419355,-0.8678884735775323,False
2.1086649282304726,-0.4969320288302953,False
0.3977484095656251,2.7895114447001568,False
1.1433920622245284,-0.9550675816592228,True
-3.2120558172715503,0.1672248046764384,False
4.8368615663909456,-2.0758501894713106,False
-0.34131362666347054,1.2214547293758788,False
-1.492875123253427,1.0031537800850479,False
-1.252948501336531,-1.1027979659531477,False
0.31389924305524497,2.3261285101605926,False
1.0032890124013907,1.0878006807187255,False
3.67386751633441,-0.504144607211639,False
-0.9715466613885462,0.2240184620853912,False
4.276571110592698,0.20632105880053067,False
-2.6300596808071264,-1.8687883637511364,False
-2.3146959999058523,1.3135767855874338,False
1.605244919566743,0.5375821706772432,False
0.7368607023267939,-0.031240261910043927,False
-2.416989906100419,-1.85377567239842,False
-0.43020212339986347,0.2358379755670604,False
-5.413728750584756,-0.6674101697108362,False
-0.002943356229362213,5.7888501626002835,False
0.8549001052719772,-4.234392866988586,False
3.147749777864598,-1.8933180323179766,False
-4.97299631846764,-1.62499860063682,False
0.10766154172504891,-0.7346920348740162,False
1.6323080614383172,-0.4182631589171285,False
2.5545786391037173,0.48172180998880915,False
-0.382543397370554,1.6917994924989914,False
-0.2785755742819553,0.18578009637253548,False
1.5664802652844685,-1.1891190301234924,False
2.2309109962112545,0.13063761885869843,False
-3.2554011864318473,-1.8556082309535653,False
4.703488207444822,-0.13099393486412936,False
2.3872450856369514,1.6115357654554003,False
-3.3480376156564926,-1.1790342349214167,False
-4.856463657179664,-1.3211190629564715,False
-4.513300674553482,0.25451139319714067,False
4.162622358292191,0.6007880739775376,False
-2.804404311657857,-0.41956206364892346,False
-3.839799341010824,0.6928383806068068,False
-3.241794268781802,-0.6985584411745198,False
-0.7337247316872433,0.9119930364467975,False
1.2292063621468376,0.9688702020750651,False
-0.5071118394726231,-0.048525976689876904,False
-2.7118951976619328,0.9569342056499291,False
-0.6909054965045068,-1.3500314399182483,False
2.2100685205770105,2.51096529842107,False
0.6315104417819181,-0.36825974392351823,False
0.6749196348765751,-0.6976728145046167,False
2.1564144091140283,-0.8482787987992036,False
-0.5377301672951967,0.554784082376416,False
-3.05742273298032,-1.781039061285946,False
-4.251690094580356,1.3729490227773296,False
2.6623169852638515,0.24697547107764378,False
-5.213921683690347,-0.5015932821445468,False
-1.0377024101377808,0.5292399962251031,False
-0.5993125151816966,-0.5532113231769414,False
1.4006563672268841,3.983973149596898,False
2.78525568007052,-4.383778299318469,False
3.6853533231628575,0.03382344360424261,False
0.023211373183910002,-0.1534302863242814,False
1.4603724764756418,-0.21574291764746795,False
3.0850800186969836,-0.9259778247908027,False
-0.22868548726858035,-2.772992719205229,False
-0.7094359384719805,1.6718031861745388,False
2.636279967237304,16.817185638421286,False
1.55099936087937,-2.501172448964519,False
-1.8748944451462646,1.2022387080309889,False
-0.439386406274402,-0.5967214437712305,False
-3.949136145795844,3.098130135648252,False
3.422756968121896,0.2797750988836882,False
3.5232740478744864,0.8064413447957212,True
3.130301659921126,2.8612820742175837,False
-3.8658586321612054,-0.2758861783285969,False
2.7770878444194746,-2.098910060743734,True
2.4185793918084886,-2.5866656346999344,False
3.1814953139950055,-0.20341944655306182,True
-1.422019034872698,0.31339771479256573,False
1.1813510845282165,0.8550546765511199,False
2.961335406061512,2.4386083623738526,False
0.29039695373496643,-0.758862754569218,False
1.5328370558795508,0.042003648229936554,False
1.374643553398437,-1.3422834385430573,False
1.222342234857753,-1.556800087373737,False
-0.7612265194201951,-1.2098352640124852,False
-2.8930690179297094,0.6561662225324961,False
-4.8509232995401925,1.7575216754550202,False
3.8388675906188765,-0.8471802883133985,False
1.7704724141377197,-2.376697756939223,False
-0.3279433723567768,-3.4605597101117582,True
3.3754222410847916,-0.3625399433165474,False
-0.5749029027897666,-0.28176801029131676,False
3.4537809773870793,-1.04823161383498,False
-1.372556196535921,-2.4465486402148273,False
0.7393573534056127,1.1433239089499376,False
-0.6238394558718401,2.039918281872213,False
-5.554182421500228,0.2018019876715169,False
2.048770576625871,-0.5473771356665489,False
1.5280784480051068,-0.16994909352185436,False
-0.5855614834676959,-1.537501438976668,False
-5.00087076105423,1.126928543052293,False
1.1095415246891291,0.10111746753815931,False
-1.1014903989894034,-1.8935862302077737,False
4.411064255035335,-2.408400780561497,True
3.366125604075372,-1.2378025185170611,False
-3.466083286064785,1.0799776024670684,False
-3.2022758060085628,-0.7703008992480137,False
-0.4846748497460029,-1.5848111244981973,False
0.6181813358127927,-1.5416604600607529,False
-3.1089479746672146,-1.6996457343935747,False
-0.4081687895654968,-0.8432444495044769,False
2.1827206717774783,-0.9580054273729763,False
-3.8342974339231457,0.5862536722531061,False
2.7670516409803123,-0.306388118685837,False
3.585742454982087,-0.5624598844920049,False
-1.2503001664208802,-0.7997516530158957,False
0.3130705675765805,1.7765733910530452,False
0.26105659134444115,-0.8680384654466894,False
-0.22055726283464747,-2.817761301736891,False
2.485050089558006,1.2707342065821041,True
-2.625069040306218,1.598974370635642,False
-2.9414520330243557,0.618795186911539,False
-2.463779669335642,0.6740281553077426,False
-0.7378574512485946,-0.5442870447375704,False
-0.7045903105142962,-1.019010307474121,False
0.4515056346770927,-1.3771165949252473,False
2.623170253742406,-0.592257594864875,False
5.031868060428371,13.508654521036327,False
2.087250708455472,-1.7235675584488421,False
-2.697488070370509,2.091850486046406,False
-0.13500130787265543,6.314853604763504,False
1.3230696466894125,4.856111974494815,False
5.699573756090378,1.787402112763583,False
-3.1433746798091597,0.9228658068860517,False
-2.469444298237066,-0.9637219239001485,False
4.442091020573423,-1.1447746338112579,False
0.08084081575022578,-0.29398520833588826,False
0.24292844418251686,-1.949997650333073,False
-1.073411282408182,-1.4863753337526908,True
2.355278696433998,-0.78790172688173,True
-0.5395700584428499,-0.06932921339678239,False
4.002284579881795,-0.30366870519593114,False
-2.5755666345979966,-0.24146960663629108,False
2.3994709071877414,-0.08619868835703408,False
1.0072571451520766,5.340423833772763,False
-0.9155135859724567,-2.427903238195383,False
2.8970100171839035,0.9793300484489229,False
-2.3825183267472076,-0.4319199275287222,False
3.9898228940879776,-3.278691111809768,False
-6.895593142845708,4.192666266495219,False
0.5135725708085661,-1.5446900416222924,False
-2.7603417181117225,-0.8328917454486462,False
2.7827730045577033,4.9341749679604625,False
2.4145718082085277,-0.3127663682787745,False
-2.2405096002267713,2.254846065841825,False
-0.7194938774534018,-5.1669291031521505,False
-3.459153296573627,0.3742079281886622,False
-2.255413923613317,-2.162225628761051,False
-2.0359276125573005,1.9647080981283118,False
0.7271959873587929,2.2797189110341494,False
1.7397388393683755,-1.5657515514543465,False
3.5024519166909927,-0.1730991391513411,False
-3.1678137155448547,1.6444806370957104,False
-3.278964480987376,-0.28099661720690605,False
1.8860288241440049,0.5844803624848444,False
2.763248470158479,-1.2999183035648312,False
0.17572783310391257,-0.9740863264949837,False
3.098159127620371,-0.39777192268252154,False
3.7577163143188783,1.1710777114509532,False
0.5407601544690204,-2.285568404003685,False
-0.4106259436214234,2.3934052711656637,False
-5.065729698708301,2.426050650219992,False
2.56900342962577,0.06561040696450257,False
-4.082873830299362,-0.5205460277941196,False
0.22792965117163816,-0.45304760083855633,False
-0.17537274912616632,-1.7444806556386894,False
1.6632498333349268,1.4884736231681375,False
2.3396520829445677,2.589879175911198,False
3.945263510818657,-0.8190285636497459,False
-4.1084899368126075,1.0157557969553843,False
-0.8874476892959662,-1.0767218329410069,False
2.182680679698459,0.8355096156952514,False
0.13796869938211748,-1.144124260583406,False
-4.761733026578878,-0.4827594139302995,False
2.2683718694798998,-0.3124618712200841,True
3.856977956943213,-0.7323127345609907,False
-1.3136099823906717,2.615304549091886,False
3.6470212727428675,1.7972011757158999,False
-5.636849667825187,-3.871847667817939,False
0.020796697998822056,-0.1805625290485548,False
0.7767083493863229,1.831962300693146,False
-0.3631530826884737,1.2027312668675478,False
2.3492959179373014,-0.6940278802539769,False
-0.9911690672954003,-1.25506989997227,False
-1.1960611214807608,1.7031795844044313,False
-0.028646369064531236,-0.09885210893918128,False
-3.9849094582440494,1.1610152285206063,False
-3.865796131552804,-0.08219231067767957,False
3.1235903879464435,-3.6384440191724794,False
0.07439405302533676,0.8980036695769449,False
3.3728395774620528,0.6113418598250914,False
3.861470944265442,1.680760829670805,False
0.5851992867063094,-1.067570769653336,False
0.13642109806846828,0.2211890568505403,False
3.876244214095404,-0.2510096899455103,False
2.2448825127551677,-0.32170460158786013,False
-4.046205203158636,0.06036931156909094,False
-2.5200148930898725,-3.9081789576906907,False
3.4146716075251016,-3.196063944008404,True
3.091439759208175,-0.6553760523424699,False
-5.602582949466752,4.277462350300603,False
1.944119052344263,-0.905949551275049,False
0.5879562920102442,0.5387293195544663,False
-1.6962636193313374,-0.5236756536112354,False
3.70156683044188,-0.4274704174347421,False
-2.8665065293011867,-2.207705157118987,False
-0.32330464626801314,-0.36178373356912685,False
3.0288122245464755,-0.6816403011925031,False
-0.6669203717922473,-1.747025670204836,False
1.5326518375069853,-0.4514871520930262,False
-3.370939578201355,-0.5228034624928707,False
-3.032538845363676,-1.1386272470932044,False
-2.1441347835535534,-0.5186984584912147,False
1.624157855555659,1.7222897184016754,False
-3.648467332769812,-2.1655506283415056,False
-1.3194055862265275,-0.38660574939848513,False
2.675500658798114,1.6178345664167444,False
2.2949309264876865,8.192488376554499,False
-4.481059188016713,-0.19648519796457345,False
1.8710431935423655,-0.06350879218716336,False
-2.844005382872761,-1.4114192969863117,False
0.2405029357378175,-1.2499681437537054,False
0.23404533677624048,1.2553620711671252,False
-1.8436315685062439,-1.084818152423322,False
3.5761911763693934,-1.8174708558795907,False
-1.5230599096801116,0.6278903410263685,False
-4.209860918563869,1.566929055494999,False
3.187523589644091,-1.3371648981821684,False
-0.247803640009197,-0.30867730961750495,False
2.074268829938309,-0.16728967484176627,False
2.8326374075681913,-1.5795065769435634,False
-0.7248679533911248,-1.121669668489949,False
-2.015322567892348,1.39726227128671,False
-0.8165172431415232,0.46159858179721375,False
2.796549166290415,-1.4629581596993049,False
-0.9235514102305666,0.8597155942265089,False
4.182624929967293,0.23406431982894313,False
-4.235223730882247,3.475376519468337,False
1.4507964326465794,-1.936681099402374,False
-3.9580455787144273,-0.8794608449422573,False
3.075761736121497,0.4795230649376367,False
-0.1300471120765641,-2.438038808056832,False
2.5044131294554126,0.7816273900428881,False
-1.7420082263941974,2.167265942620035,False
1.1680684131670862,-0.48408309490870055,False
-0.9188984332741724,1.0804899697186219,False
4.689789621020714,1.472700741589632,False
-3.5294607542409673,1.049809349240797,False
2.2465707331563167,-1.094559823041704,False
2.632525564158807,1.8610016434226766,False
-1.0658589434630559,0.09996007966426068,False
4.660039781895343,1.2745057783729787,False
0.48286831309997813,-0.8159814547580061,False
3.89920037578182,-1.1821524840966082,False
-1.5411429570721282,0.612058983460204,False
3.6858001737253576,-0.11911288262401803,False
4.199359765530508,-3.210423618543138,False
-1.971826751147959,5.525229865350236,False
3.318759167661781,-2.410094375182275,False
-4.8309772089821195,-0.6287951710488765,False
-1.9820431666216003,-0.11513849893854088,False
1.1864280471987205,0.20465842558086605,False
3.5519054890853483,-0.7247064890237014,False
-3.5428119552251682,-1.0903116965944797,False
1.8109898110425218,-0.6474217015346581,False
1.1908600155985944,0.34560019883594584,False
0.297993890048386,2.037417844114254,False
0.622800962910344,-0.37203233160243265,False
0.41796087114873776,1.3212677884221689,False
0.5854393941791544,1.070089324796626,False
2.6603023327032385,0.9385967481385463,False
-3.0627406327077566,0.5007094548305265,False
-2.7504738432318225,-1.3394092755445022,False
1.5878825076007363,-1.362197926774004,False
-3.675531676517805,0.9520071530870708,False
-0.9169697658875818,-3.7726661366076137,False
2.623982581793166,-0.2085610746123152,False
3.2590137757409883,-1.2280281197113334,False
0.36632717957906463,0.5600831546425059,False
3.1048223901709258,1.3373128728450299,False
-3.6711186605277555,-1.5633981865350017,False
-3.921536564324307,0.7798784140284897,False
1.2595191070407408,-0.7833027475063814,False
-2.138478909954481,-7.823527665004402,False
-2.0714090993019307,-0.7042019734951499,False
-2.4067155471728765,0.8579722192497536,False
1.0058102355706033,0.35964433891224307,False
3.793232945050186,-3.405534616229461,False
-0.14285174218089905,1.0241821383040235,False
-2.888481496161334,-0.9019493300444333,False
3.0336706502606936,-0.9956343097629116,False
1.1807353080627188,0.7710142656011131,False
1.2350292157681786,0.7708089548110871,False
0.6757276639896701,-0.8471017340223629,False
-2.1141997086119257,-1.5997342360665203,False
-2.4640047898618613,0.7856179324284999,False
3.2200894821071,-1.5092010260887607,False
-2.204130086655856,-0.24408133203298593,False
-1.2938014698568079,0.058396025414326556,False
2.4835542616629835,-0.16650104284083775,False
0.22368154768966278,1.5086298105391984,False
-0.46033694042651635,1.223542306444204,False
3.1980913977403884,-0.8802151014900099,False
0.45991296575675594,3.267072881877947,False
-1.2229587547777727,-0.6286117470240821,False
0.00935359760019277,-1.3428496729070922,False
-3.2042107450062147,0.19235089968418778,False
-4.126692275763291,-0.5443695260183194,False
-3.3408707139166505,0.005695773091551857,False
-2.3294227434529686,1.875983811188215,False
-0.6512739073558417,1.8161916860596055,False
-2.546295635803012,-2.827718157462264,False
1.4664555258196401,-2.9027231669358997,False
-2.5493154585693585,-0.47254368863470325,False
-0.764755441274101,-1.3381685211277494,False
-0.7881999525204179,-0.8893698917686003,False
-4.481055077875833,0.6099128059803108,True
-4.7615528779314555,-1.0579990256486798,False
-5.846801058212829,-1.8997190384065765,False
-0.8535426337517876,-0.2568673499933014,False
-3.2961442589235475,-1.283779075617445,False
-4.852495132738079,-0.907939589641892,False
3.143375979349471,-2.908476183863343,False
2.742986702984816,-2.6191412998702126,False
1.5983808601266325,1.620185021797892,False
-5.741261580782266,0.9335579584604354,False
-2.037422282928324,-0.4114364918035765,False
-1.0971610703362429,-2.9999138355206276,False
1.667988997203441,-1.068271831793199,False
-2.157183893643368,-1.3151166076247085,False
4.18530171840068,-1.481677789571034,False
-4.716097918168979,-0.5591877526125405,False
-0.2197576521447421,-1.4497295744121195,False
3.9993939423621954,-0.41052326383756976,False
4.9236374567945,-0.09459455090974735,False
-0.224040828036954,-0.5338614536959541,False
-0.6281720478570683,-2.465216604820757,False
-5.377000269524029,-0.9312056254299652,False
-1.963791699574255,1.580264139992783,False
-3.065092334499063,-0.4953631898409413,False
-3.207376371200839,-0.5168816923657434,False
-0.5192363207221575,0.6054489632864372,False
1.2501926082550656,-0.30938212164742196,False
1.1040076171838094,3.0891467344213854,False
1.0122105900072393,0.5143617958739107,False
-1.1892307458298172,-0.5889736390547755,False
0.119898773092093,1.6036516766153983,False
-0.6122312743167304,0.2199942691446094,False
2.7950925343077646,0.2851828949109006,False
-3.4009271381774853,-1.933654905444059,False
-0.0182027525412428,2.5189351034341367,False
0.6782881703885578,-0.23021042758255944,False
1.0367590552275232,3.0248565056627004,False
-2.932429659004661,-1.109081141803936,False
-3.1941409970119805,0.7436501626350632,False
0.02588472817549226,0.918667512044095,False
-2.0096556041280547,-0.8604717156086972,False
0.30069923018073924,-2.436044211414576,False
-0.46111387456330855,1.347133677381682,False
-5.540825672343524,0.36074886916407245,False
-4.516508248161067,-2.531097413252489,False
2.4256463054055,-0.6202061635021217,False
1.1137761843016691,-3.7670905891454063,False
4.806466719308299,-0.779011654705277,False
-4.289126308571055,-0.09181799993925294,False
4.017326802283029,-0.5447729830030725,False
1.475375640670973,1.1102578275140444,False
3.3090963502483617,2.7589484024309243,False
-3.989733784035072,1.7026190443061573,False
-4.542150429886369,-2.5640148333952952,False
1.3129387309482894,1.458323371923352,False
0.6518083732909714,-0.637460964049977,False
-6.659848814624615,1.4828449270369513,False
-1.2636352885884718,-0.9104478441560611,False
-3.75321455206672,-0.3454711037629789,False
-5.8480954643100285,3.2952326928545013,False
-1.8088828207071808,-1.7944406840856142,False
-0.6689374106166952,-2.681111799304247,False
-0.9287243292933128,-1.3727270846645498,False
0.16312771830856534,0.8741142349406831,False
0.09564513957535077,2.047652690584187,False
-3.769291424065687,-0.8112553265912567,False
2.9566581491038697,-0.07429047295611324,False
-5.695469872063896,0.9693211707432612,False
4.77445041778965,-2.706062281811813,False
-1.4029562445632375,0.11827161160790721,False
1.0444773677752581,-0.20132148963097607,False
-0.33353874944874407,0.18653703013008968,False
-0.0974416357823263,0.5145948302411298,False
-3.479277937653455,-1.41562661162248,False
-0.7208774797992419,2.056781825974494,False
2.573769115449007,-0.3615688577780571,False
2.882516969536859,-1.0250613592065747,False
-4.988567034392669,-0.2546080998690535,False
0.5966740751616253,-3.364398850052281,False
2.7892907967075806,1.322750614334598,False
-1.149419701008522,-0.2646667396950241,False
-2.9996743522809113,-1.0580722503903204,True
-4.753940329262628,2.2916440473424236,False
2.667079981953808,-1.2485491199844982,False
2.114662579578234,-1.3574191435950778,False
-0.3186140032033384,-3.1946737800707607,False
2.877552997862271,-1.048787669667194,False
-3.02989922850293,0.018390017881646934,False
-1.5778858264791216,-1.5729795959480382,False
2.488034726379002,-2.4674560513768107,False
1.734776624473999,-0.9096422297791275,False
-1.9091013675655997,0.3738549290281591,False
-1.9699091347048414,-1.3016809200699835,False
2.1645017435808094,-1.6670036314291836,False
-3.4395019797471815,1.6040615479017795,False
-2.0668975326626637,-0.33960603146562945,False
-0.25159334538426964,0.4806132891588632,False
-4.563896667919054,12.844147980162637,False
-3.147410391534781,-1.7743007416858247,False
-4.232942365556896,1.78199492736742,False
0.8215816021568579,0.9276093628386525,False
-1.4109980389750854,-0.0856768111983712,True
-0.12426061408094152,1.678843541324103,False
-3.096030627290072,-1.9201826992854096,False
-1.1942186294737347,2.6328763862911626,False
1.4308845303080968,-0.7365269108323684,False
-3.1648161103326315,2.4044645319474305,False
-3.594150543819555,0.3315849823048074,False
-4.160040546738047,-0.1850079667740793,False
-0.6583059429289736,-1.1619809197162827,False
7.002748439582053,-0.10004631515735776,False
-2.2346680349746393,0.25043458124072615,False
-1.755229959751455,-1.7243175116828555,False
3.3780844967216552,-2.453419934300634,False
-1.9731129206576195,-2.8172823440993935,False
2.4399119014344626,0.5128963957064406,False
0.8753076502102352,1.9051650637296589,False
1.8002348796120373,-0.8645039697583438,False
-3.739116130625731,-1.885205654058667,False
3.208502126018044,-2.580725048623109,False
-0.9499095192904042,-3.164494999122863,False
2.943073257929651,4.183407837954533,False
-1.189421401813899,0.06279510033787523,False
-2.9987402555533764,0.662252848269066,False
-2.67198005993602,-1.228566168637077,False
-0.22826129042880144,-0.7455699703583654,False
-1.7795502301171238,0.5076291143148868,False
-2.602872845645183,2.8345014296328284,False
1.7498763390227507,1.6787610230732095,False
0.791631808451296,0.4942409858580962,False
-0.6169205403434361,1.8769973754152716,False
-3.5936325831055203,-0.9832909419111032,False
-2.8680573505579248,1.1778248880737852,False
-1.046328981577786,-2.060325366237915,False
1.7624559472943586,1.70943758821349,False
-3.0345452578726757,0.4692300539464891,False
0.4657573216148923,0.3926846589584193,False
5.604076035790733,2.5380716639706415,False
-2.0731296282507636,-0.8981624388326735,False
2.6486370678783655,1.0774910962501765,False
-0.8224807456495897,-2.635905618918904,False
2.853388564182722,-0.2992631199052289,False
-2.997115010354739,0.8706996999452945,False
4.101878154125554,-0.17219979026975116,False
-3.8400999612089723,1.3644875036106898,False
2.0708877243959187,-1.5008554024748553,False
1.3651380905265855,-1.3691001090127413,False
1.2524151870252334,-1.1525381561872718,True
-2.3368434421467974,3.6450335502738866,False
-3.7140100558135685,0.4218046963455208,False
3.0001670559431624,0.3187265679166773,False
-2.6386661930570474,-2.0213087388073925,False
-0.2035845098984926,-1.9178723412446566,False
0.3791504547329501,0.15575120990425728,False
2.8072790918686312,-1.4837680300414855,False
-3.562520271405091,-0.6205120819941601,False
-6.387133173843883,1.4287357238273177,False
1.709115238202287,1.2995697054811135,False
-2.6134813144534808,-0.4744113732928462,False
3.486229128140483,0.037131637630364235,False
-3.3558249828437883,-0.554764632077639,False
-3.024190369251178,0.7302504763683497,False
-3.2642240968159073,-0.6352965465280098,False
3.8666343665055227,-0.2659330829003841,False
-0.16750379666788448,1.1124196155943815,False
4.405806253405881,1.2247758648744043,False
-3.0666614409692556,-0.7701678443448948,False
-4.471809706699046,1.006399505176376,False
0.7272828971196975,0.11155569762909336,False
-2.1559168440998335,0.003447039337657663,False
1.4013772772075608,-1.067032130965428,False
-2.6323530204539134,-0.06904999587958152,False
0.22124549412268096,0.31669402722259044,False
-8.790329168189334,3.328947959570919,False
-2.2090718684826496,-2.888913833321285,False
-3.347951936622253,-0.280919368481704,False
1.0068275056864233,1.729588480878221,False
0.19851104374627282,-0.966748588563047,False
-0.4723130949458114,-0.08964992937891027,False
-0.8969844819469648,-2.3373536660328167,False
-0.7659112874200289,-0.08663180621073949,False
-0.4147601671467227,-0.12635432114055595,False
1.0310385724873528,0.8200088103540252,False
-3.713595840008199,-0.7496433529842396,False
4.452502833554198,1.4405614086536658,False
-0.8512980998861082,0.3905913549812446,False
-2.745780714504193,0.42671126286099764,False
-4.044349265851259,4.9012757841497185,True
-2.4601762548446886,1.7647001197707612,False
-2.339387763102056,1.4483884649419403,False
-2.4158462393763376,-0.5586261064854796,False
-1.2757926220266713,-0.6476894290917227,False
4.29988867798939,-1.7567899233407773,False
2.909823361557824,0.9972134353406206,False
1.7068294042921517,0.614928014276288,False
-2.0245548561453064,5.838481187662997,False
-0.7522391379792244,1.8123087640806907,False
-1.8339396284753753,1.9165372771601181,False
-1.3263472507001313,-0.932335123018099,False
-0.790478123658657,5.662288401170834,False
-1.0284996958682695,0.5277246518044666,False
-2.1842773939433417,2.110424509021509,False
0.4575440307501664,1.0671520925879032,True
-2.1793144276885794,0.2556257428879578,False
-1.0686884433947605,1.4754980934015627,False
-0.30928223473117783,-1.382005690533807,False
-2.796569110129108,0.21667829653228668,False
3.012886504641728,0.551876207019039,False
0.6241477821757433,0.3207757931542497,False
-4.808409482351128,1.2572387579872621,False
0.08304876119097074,-1.8585658473224849,False
2.355854958342282,-2.4829468423091563,False
0.5828980291209129,-0.3492071535501308,False
1.7218302799278826,-0.4683251720812251,False
-3.959573968547884,-1.7322802468760907,False
1.4579892710212827,1.7974658367383034,False
2.5546998028431838,0.94735927190051,False
-1.8233429974201691,-0.8199983106449634,False
-2.4477092759142973,-1.6575235261850747,False
-3.4614514435510015,-2.1265515494103187,False
1.4864473739530029,-2.19293266108946,True
1.2019317590024365,-0.04952396913438432,False
-1.4698321599680526,-0.19478811653276648,False
