customer_id,similar_customer_id,similarity_score,rank
1,3903,1.0,1
1,181,1.0,2
1,6081,1.0,3
1,28,1.0,4
1,1256,1.0,5
2,6388,0.9989,1
2,538,0.9973,2
2,880,0.9955,3
2,2113,0.9947,4
2,3075,0.9944,5
3,6110,1.0,1
3,433,1.0,2
3,6910,0.9999,3
3,5577,0.9999,4
3,3091,0.9999,5
4,2682,0.9994,1
4,1895,0.9994,2
4,3415,0.9992,3
4,6332,0.9988,4
4,6684,0.9988,5
5,2408,1.0,1
5,1382,1.0,2
5,2630,1.0,3
5,3320,1.0,4
5,4863,1.0,5
6,2531,0.9999,1
6,1539,0.9999,2
6,86,0.9999,3
6,902,0.9999,4
6,464,0.9998,5
7,312,1.0,1
7,762,1.0,2
7,5195,1.0,3
7,4254,1.0,4
7,4815,0.9998,5
8,237,1.0,1
8,3319,1.0,2
8,7041,0.9997,3
8,611,0.9997,4
8,848,0.9995,5
9,3981,1.0,1
9,2452,0.9999,2
9,201,0.9989,3
9,3862,0.9988,4
9,423,0.9985,5
10,6544,0.9998,1
10,115,0.9993,2
10,1769,0.9991,3
10,4490,0.999,4
10,3389,0.9989,5
11,4645,0.9999,1
11,1202,0.9998,2
11,1467,0.9998,3
11,1195,0.9998,4
11,1125,0.9998,5
12,4235,1.0,1
12,1042,1.0,2
12,3532,1.0,3
12,6431,1.0,4
12,3521,1.0,5
13,3397,0.9999,1
13,6932,0.9999,2
13,6083,0.9999,3
13,3719,0.9999,4
13,2592,0.9999,5
14,6186,0.9999,1
14,892,0.9999,2
14,6352,0.9999,3
14,2301,0.9999,4
14,2053,0.9999,5
15,378,1.0,1
15,3862,0.9997,2
15,3808,0.9996,3
15,456,0.9994,4
15,2786,0.9994,5
16,2371,1.0,1
16,5350,0.9999,2
16,3509,0.9999,3
16,5582,0.9999,4
16,6039,0.9999,5
17,2983,1.0,1
17,72,1.0,2
17,99,1.0,3
17,3488,1.0,4
17,2844,1.0,5
18,6583,1.0,1
18,6399,1.0,2
18,3076,1.0,3
18,6391,0.9999,4
18,5201,0.9999,5
19,6354,1.0,1
19,5693,0.9998,2
19,3245,0.9998,3
19,5513,0.9998,4
19,6909,0.9998,5
20,2393,0.9996,1
20,3919,0.9996,2
20,5195,0.9996,3
20,762,0.9996,4
20,4815,0.9995,5
21,253,1.0,1
21,261,0.9996,2
21,5187,0.9994,3
21,1855,0.9992,4
21,3184,0.999,5
22,843,1.0,1
22,2769,1.0,2
22,295,1.0,3
22,1815,1.0,4
22,5249,1.0,5
23,4960,1.0,1
23,4373,1.0,2
23,2135,1.0,3
23,1339,1.0,4
23,2084,1.0,5
24,4049,1.0,1
24,4419,1.0,2
24,272,0.9998,3
24,4859,0.9998,4
24,1187,0.9998,5
25,2071,1.0,1
25,2895,0.9997,2
25,6864,0.9996,3
25,5965,0.9992,4
25,6758,0.9991,5
26,2431,0.9999,1
26,2249,0.9996,2
26,1713,0.999,3
26,3543,0.999,4
26,2489,0.9989,5
27,2013,1.0,1
27,61,0.9999,2
27,6893,0.9999,3
27,2069,0.9999,4
27,3461,0.9999,5
28,181,1.0,1
28,3903,1.0,2
28,6944,1.0,3
28,1,1.0,4
28,3678,1.0,5
29,760,1.0,1
29,2350,1.0,2
29,1903,1.0,3
29,633,1.0,4
29,850,1.0,5
30,770,1.0,1
30,444,0.9995,2
30,159,0.9994,3
30,1221,0.9994,4
30,2282,0.9994,5
31,2181,1.0,1
31,1754,1.0,2
31,4825,0.9999,3
31,1818,0.9998,4
31,4624,0.9998,5
32,3142,1.0,1
32,3160,0.9999,2
32,3381,0.9999,3
32,5990,0.9999,4
32,6369,0.9999,5
33,2331,0.9966,1
33,6532,0.9958,2
33,2658,0.9955,3
33,6652,0.9942,4
33,6798,0.9938,5
34,223,1.0,1
34,5909,1.0,2
34,5616,1.0,3
34,4099,1.0,4
34,2034,1.0,5
35,2297,1.0,1
35,1835,1.0,2
35,1892,1.0,3
35,6846,1.0,4
35,5499,1.0,5
36,6240,1.0,1
36,3113,1.0,2
36,2686,1.0,3
36,589,1.0,4
36,95,0.9999,5
37,1663,1.0,1
37,1544,1.0,2
37,6482,1.0,3
37,1377,1.0,4
37,4238,1.0,5
38,1194,0.9998,1
38,3149,0.9998,2
38,4997,0.9998,3
38,4286,0.9997,4
38,1843,0.9997,5
39,4568,0.9999,1
39,6884,0.9999,2
39,3275,0.9999,3
39,6440,0.9999,4
39,4905,0.9998,5
40,1800,0.9999,1
40,743,0.9999,2
40,802,0.9999,3
40,4454,0.9999,4
40,6357,0.9999,5
41,5943,0.9998,1
41,324,0.9998,2
41,82,0.9998,3
41,5458,0.9995,4
41,6616,0.9995,5
42,4399,1.0,1
42,4111,0.9999,2
42,566,0.9997,3
42,790,0.9997,4
42,1391,0.9997,5
43,962,1.0,1
43,1592,1.0,2
43,3100,1.0,3
43,1609,1.0,4
43,3212,1.0,5
44,4366,1.0,1
44,4384,1.0,2
44,924,1.0,3
44,4365,1.0,4
44,1541,1.0,5
45,4256,0.9997,1
45,6045,0.9997,2
45,4914,0.9997,3
45,3141,0.9996,4
45,2123,0.9996,5
46,5902,1.0,1
46,4083,1.0,2
46,6462,0.9999,3
46,3667,0.9999,4
46,2182,0.9998,5
47,2663,1.0,1
47,3849,1.0,2
47,2055,1.0,3
47,1072,1.0,4
47,4277,1.0,5
48,335,1.0,1
48,1949,1.0,2
48,2157,1.0,3
48,2624,1.0,4
48,742,1.0,5
49,5910,1.0,1
49,6743,1.0,2
49,6300,0.9999,3
49,2966,0.9998,4
49,1498,0.9998,5
50,7029,0.9999,1
50,5181,0.9999,2
50,5315,0.9999,3
50,1093,0.9999,4
50,6229,0.9999,5
51,6200,1.0,1
51,3015,0.9999,2
51,3117,0.9999,3
51,5505,0.9998,4
51,5588,0.9994,5
52,6568,1.0,1
52,487,0.9999,2
52,4020,0.9998,3
52,1424,0.9996,4
52,4170,0.9995,5
53,3036,1.0,1
53,650,0.9999,2
53,1686,0.9994,3
53,452,0.9989,4
53,1783,0.9989,5
54,2691,1.0,1
54,4519,1.0,2
54,4369,0.9999,3
54,4073,0.9998,4
54,1551,0.9996,5
55,6006,0.9996,1
55,1079,0.9991,2
55,3362,0.9991,3
55,964,0.999,4
55,4895,0.9989,5
56,4125,0.9999,1
56,6127,0.9999,2
56,3955,0.9999,3
56,2366,0.9999,4
56,1726,0.9998,5
57,4118,1.0,1
57,4141,1.0,2
57,890,1.0,3
57,1397,0.9999,4
57,1416,0.9999,5
58,5197,1.0,1
58,5275,1.0,2
58,3316,1.0,3
58,1662,0.9999,4
58,1776,0.9999,5
59,5666,1.0,1
59,176,1.0,2
59,2964,1.0,3
59,2110,0.9999,4
59,5948,0.9998,5
60,6243,1.0,1
60,2290,1.0,2
60,3967,1.0,3
60,3953,1.0,4
60,4216,1.0,5
61,2069,1.0,1
61,27,0.9999,2
61,4814,0.9999,3
61,3461,0.9998,4
61,6511,0.9998,5
62,6248,1.0,1
62,829,0.9999,2
62,379,0.9999,3
62,2972,0.9999,4
62,4487,0.9998,5
63,1380,0.9994,1
63,5003,0.9992,2
63,217,0.9991,3
63,466,0.9991,4
63,5213,0.9989,5
64,807,0.9997,1
64,6494,0.9995,2
64,5002,0.9994,3
64,6442,0.9989,4
64,6848,0.9989,5
65,1360,1.0,1
65,2098,1.0,2
65,5600,1.0,3
65,449,0.9998,4
65,4625,0.9998,5
66,2106,1.0,1
66,6931,1.0,2
66,5611,1.0,3
66,694,1.0,4
66,6719,1.0,5
67,3749,0.9998,1
67,310,0.9998,2
67,1178,0.9998,3
67,3308,0.9998,4
67,6299,0.9997,5
68,6419,1.0,1
68,6445,1.0,2
68,4274,0.9998,3
68,3261,0.9997,4
68,2124,0.9993,5
69,2092,1.0,1
69,3810,1.0,2
69,6144,1.0,3
69,3591,1.0,4
69,4101,1.0,5
70,3805,1.0,1
70,1349,1.0,2
70,4564,1.0,3
70,356,1.0,4
70,6380,0.9998,5
71,4535,1.0,1
71,6517,1.0,2
71,560,1.0,3
71,1775,1.0,4
71,5604,1.0,5
72,17,1.0,1
72,3488,1.0,2
72,2983,1.0,3
72,2844,1.0,4
72,99,1.0,5
73,676,0.9999,1
73,6038,0.9998,2
73,4999,0.9998,3
73,2217,0.9998,4
73,6606,0.9998,5
74,4779,1.0,1
74,1218,1.0,2
74,3725,1.0,3
74,1034,1.0,4
74,3554,1.0,5
75,683,1.0,1
75,1915,1.0,2
75,5385,0.9999,3
75,796,0.9999,4
75,4644,0.9999,5
76,6973,0.9999,1
76,5262,0.9998,2
76,1989,0.9997,3
76,2933,0.9996,4
76,1026,0.9991,5
77,632,0.9999,1
77,2378,0.9998,2
77,5277,0.9997,3
77,5590,0.9997,4
77,5525,0.9996,5
78,3795,1.0,1
78,1717,1.0,2
78,5090,1.0,3
78,1045,0.9999,4
78,5693,0.9999,5
79,2144,1.0,1
79,4293,0.9998,2
79,2437,0.9998,3
79,307,0.9995,4
79,3008,0.9995,5
80,4304,1.0,1
80,1155,0.9999,2
80,6587,0.9999,3
80,1430,0.9998,4
80,424,0.9998,5
81,5827,1.0,1
81,6169,1.0,2
81,2195,1.0,3
81,4316,1.0,4
81,6847,1.0,5
82,5458,0.9999,1
82,6783,0.9999,2
82,2945,0.9998,3
82,1263,0.9998,4
82,41,0.9998,5
83,2599,1.0,1
83,4996,1.0,2
83,3338,1.0,3
83,4483,1.0,4
83,2448,1.0,5
84,5995,0.9999,1
84,2314,0.9999,2
84,337,0.9998,3
84,1745,0.9998,4
84,1479,0.9998,5
85,1616,1.0,1
85,6952,1.0,2
85,6658,1.0,3
85,2323,1.0,4
85,4363,1.0,5
86,902,0.9999,1
86,4454,0.9999,2
86,802,0.9999,3
86,743,0.9999,4
86,1800,0.9999,5
87,3572,1.0,1
87,292,0.9993,2
87,6433,0.999,3
87,6633,0.9986,4
87,6021,0.9982,5
88,6296,1.0,1
88,2580,1.0,2
88,5999,1.0,3
88,5736,1.0,4
88,5581,1.0,5
89,2943,1.0,1
89,2187,1.0,2
89,6724,1.0,3
89,1856,1.0,4
89,4245,1.0,5
90,5977,1.0,1
90,1147,0.9997,2
90,2189,0.9995,3
90,3128,0.9993,4
90,5148,0.9989,5
91,458,0.9994,1
91,6850,0.9992,2
91,797,0.9992,3
91,4580,0.9989,4
91,227,0.9989,5
92,1506,1.0,1
92,5342,1.0,2
92,7011,1.0,3
92,2822,1.0,4
92,6439,1.0,5
93,219,0.9999,1
93,6005,0.9999,2
93,1197,0.9999,3
93,847,0.9998,4
93,3457,0.9998,5
94,6936,1.0,1
94,4320,0.9999,2
94,2509,0.9999,3
94,4292,0.9999,4
94,5005,0.9999,5
95,2686,1.0,1
95,3113,1.0,2
95,1957,1.0,3
95,3346,1.0,4
95,36,0.9999,5
96,2545,1.0,1
96,4987,0.9999,2
96,4500,0.9999,3
96,3884,0.9998,4
96,1791,0.9998,5
97,4566,1.0,1
97,5133,1.0,2
97,764,0.9999,3
97,5282,0.9999,4
97,5250,0.9999,5
98,3858,1.0,1
98,5326,1.0,2
98,1519,1.0,3
98,868,1.0,4
98,3243,1.0,5
99,2983,1.0,1
99,17,1.0,2
99,72,1.0,3
99,3488,1.0,4
99,2844,0.9999,5
100,4474,0.9999,1
100,3668,0.9996,2
100,4315,0.9995,3
100,6306,0.9992,4
100,6963,0.9991,5
101,34,1.0,1
101,223,1.0,2
101,5050,1.0,3
101,4099,1.0,4
101,2034,1.0,5
102,3519,1.0,1
102,4633,1.0,2
102,1320,1.0,3
102,1253,1.0,4
102,2527,1.0,5
103,7005,1.0,1
103,6852,1.0,2
103,4459,1.0,3
103,5571,0.9998,4
103,5664,0.9998,5
104,6905,0.9997,1
104,6548,0.9994,2
104,5842,0.9992,3
104,1170,0.9992,4
104,4410,0.9987,5
105,4247,1.0,1
105,6356,1.0,2
105,3034,1.0,3
105,1587,1.0,4
105,2046,0.9999,5
106,421,1.0,1
106,2125,1.0,2
106,2032,1.0,3
106,1678,1.0,4
106,1864,0.9999,5
107,5849,1.0,1
107,4398,1.0,2
107,5226,1.0,3
107,4976,1.0,4
107,4787,1.0,5
108,2931,0.9987,1
108,6985,0.9985,2
108,5831,0.9974,3
108,3460,0.9973,4
108,2753,0.9973,5
109,2784,1.0,1
109,5870,0.9999,2
109,6509,0.9999,3
109,6353,0.9999,4
109,2405,0.9999,5
110,1330,1.0,1
110,933,1.0,2
110,2694,1.0,3
110,4202,1.0,4
110,5019,1.0,5
111,4503,1.0,1
111,4552,0.9999,2
111,1624,0.9999,3
111,5380,0.9998,4
111,1625,0.9998,5
112,3074,0.9999,1
112,5107,0.9996,2
112,6758,0.9995,3
112,1723,0.9994,4
112,4009,0.9993,5
113,6804,1.0,1
113,1410,0.9999,2
113,5688,0.9999,3
113,5076,0.9998,4
113,5769,0.9997,5
114,4848,1.0,1
114,6345,0.9998,2
114,3011,0.9992,3
114,6741,0.999,4
114,3327,0.998,5
115,4490,0.9999,1
115,3389,0.9998,2
115,3191,0.9996,3
115,1965,0.9995,4
115,6544,0.9995,5
116,6890,1.0,1
116,5548,1.0,2
116,2969,1.0,3
116,347,0.9999,4
116,755,0.9999,5
117,4175,0.9993,1
117,6270,0.9993,2
117,814,0.9991,3
117,5942,0.9985,4
117,2611,0.9982,5
118,5875,1.0,1
118,4678,1.0,2
118,5032,0.9999,3
118,3350,0.9999,4
118,6357,0.9998,5
119,2818,1.0,1
119,5575,1.0,2
119,345,1.0,3
119,6428,1.0,4
119,5689,1.0,5
120,2869,0.9993,1
120,4569,0.9993,2
120,4588,0.9993,3
120,6713,0.9993,4
120,6619,0.999,5
121,374,1.0,1
121,574,1.0,2
121,1518,1.0,3
121,6560,0.9999,4
121,4134,0.9999,5
122,5640,1.0,1
122,6282,1.0,2
122,4278,1.0,3
122,6808,1.0,4
122,6651,1.0,5
123,946,1.0,1
123,6923,1.0,2
123,6250,1.0,3
123,6016,1.0,4
123,3816,1.0,5
124,5459,1.0,1
124,5030,1.0,2
124,4356,0.9999,3
124,2775,0.9999,4
124,3491,0.9999,5
125,3631,1.0,1
125,2317,1.0,2
125,6827,1.0,3
125,3092,1.0,4
125,947,1.0,5
126,1961,1.0,1
126,5261,0.9994,2
126,4422,0.9994,3
126,3698,0.9993,4
126,3188,0.9992,5
127,5921,0.9998,1
127,1002,0.9995,2
127,5701,0.9994,3
127,519,0.9993,4
127,6659,0.9991,5
128,985,1.0,1
128,3577,1.0,2
128,4634,1.0,3
128,1870,1.0,4
128,4612,1.0,5
129,4066,1.0,1
129,4157,1.0,2
129,4243,1.0,3
129,4492,1.0,4
129,988,1.0,5
130,5718,0.9998,1
130,5015,0.9993,2
130,6302,0.9991,3
130,4969,0.999,4
130,1577,0.9989,5
131,4174,0.9998,1
131,5985,0.9997,2
131,714,0.9997,3
131,1513,0.9996,4
131,2872,0.9996,5
132,2965,0.9991,1
132,6593,0.9987,2
132,1299,0.9986,3
132,1923,0.998,4
132,1687,0.9978,5
133,6443,1.0,1
133,2534,1.0,2
133,1615,1.0,3
133,2563,0.9999,4
133,3037,0.9998,5
134,1145,1.0,1
134,2466,1.0,2
134,4925,1.0,3
134,6257,1.0,4
134,5683,1.0,5
135,3049,1.0,1
135,6605,1.0,2
135,259,1.0,3
135,1999,1.0,4
135,4894,1.0,5
136,6054,1.0,1
136,2898,1.0,2
136,6995,0.9999,3
136,5497,0.9998,4
136,424,0.9998,5
137,2000,1.0,1
137,2082,1.0,2
137,524,0.9998,3
137,4458,0.9993,4
137,3269,0.9992,5
138,2253,1.0,1
138,4281,1.0,2
138,1289,1.0,3
138,2875,1.0,4
138,6876,1.0,5
139,1789,1.0,1
139,665,1.0,2
139,5089,1.0,3
139,4239,1.0,4
139,3771,1.0,5
140,2134,1.0,1
140,2038,1.0,2
140,5826,1.0,3
140,6097,1.0,4
140,2367,1.0,5
141,1918,1.0,1
141,2241,0.9999,2
141,5518,0.9999,3
141,740,0.9999,4
141,5471,0.9999,5
142,1964,0.9999,1
142,753,0.9998,2
142,6152,0.9998,3
142,3555,0.9998,4
142,6598,0.9997,5
143,2740,1.0,1
143,3399,1.0,2
143,6182,0.9999,3
143,4182,0.9999,4
143,1275,0.9999,5
144,6103,1.0,1
144,219,0.9999,2
144,847,0.9999,3
144,2631,0.9999,4
144,593,0.9999,5
145,3651,1.0,1
145,4148,1.0,2
145,2507,0.9999,3
145,5897,0.9999,4
145,1777,0.9999,5
146,5149,1.0,1
146,2634,0.9999,2
146,1576,0.9999,3
146,5411,0.9999,4
146,4098,0.9999,5
147,1521,1.0,1
147,4260,1.0,2
147,4476,1.0,3
147,2435,1.0,4
147,5867,1.0,5
148,3593,1.0,1
148,595,1.0,2
148,5316,1.0,3
148,965,1.0,4
148,647,1.0,5
149,6321,1.0,1
149,1242,1.0,2
149,2882,0.9986,3
149,3800,0.9983,4
149,5068,0.9974,5
150,480,0.9999,1
150,6348,0.9996,2
150,6336,0.9996,3
150,4426,0.9995,4
150,1894,0.9995,5
151,3937,0.9998,1
151,6224,0.9998,2
151,4847,0.9997,3
151,5524,0.9997,4
151,1434,0.9997,5
152,1001,1.0,1
152,3746,0.9999,2
152,4040,0.9999,3
152,6629,0.9999,4
152,2406,0.9999,5
153,808,0.9999,1
153,3041,0.9999,2
153,5770,0.9999,3
153,976,0.9999,4
153,2535,0.9999,5
154,7013,0.9999,1
154,4010,0.9999,2
154,2660,0.9999,3
154,3257,0.9998,4
154,1293,0.9998,5
155,4771,1.0,1
155,5456,1.0,2
155,2403,1.0,3
155,461,1.0,4
155,5009,1.0,5
156,2486,0.9999,1
156,2613,0.9999,2
156,202,0.9998,3
156,928,0.9997,4
156,173,0.9997,5
157,4549,1.0,1
157,4198,0.9999,2
157,419,0.9998,3
157,2876,0.9997,4
157,4826,0.9996,5
158,4663,1.0,1
158,5824,1.0,2
158,5553,1.0,3
158,4749,1.0,4
158,5759,1.0,5
159,2282,0.9996,1
159,1604,0.9995,2
159,30,0.9994,3
159,5170,0.9994,4
159,770,0.9994,5
160,994,1.0,1
160,2094,0.9999,2
160,2805,0.9999,3
160,1222,0.9999,4
160,3506,0.9999,5
161,470,1.0,1
161,3608,0.9997,2
161,3228,0.9996,3
161,1065,0.9996,4
161,5794,0.9995,5
162,5064,0.9995,1
162,712,0.9994,2
162,5307,0.9993,3
162,4371,0.9991,4
162,5535,0.9985,5
163,1071,1.0,1
163,667,1.0,2
163,3732,1.0,3
163,6592,1.0,4
163,3917,1.0,5
164,6924,1.0,1
164,1047,0.9999,2
164,4831,0.9998,3
164,2021,0.9996,4
164,5839,0.9996,5
165,3251,1.0,1
165,771,1.0,2
165,1352,1.0,3
165,3709,1.0,4
165,5619,1.0,5
166,3708,1.0,1
166,1909,1.0,2
166,1535,1.0,3
166,193,1.0,4
166,1304,1.0,5
167,2230,1.0,1
167,1464,0.9999,2
167,1363,0.9999,3
167,6819,0.9999,4
167,221,0.9999,5
168,5735,1.0,1
168,3815,1.0,2
168,6183,1.0,3
168,488,1.0,4
168,1878,1.0,5
169,1833,0.9999,1
169,5264,0.9994,2
169,6163,0.999,3
169,5890,0.9989,4
169,3614,0.9986,5
170,3571,1.0,1
170,6559,1.0,2
170,5815,1.0,3
170,2142,1.0,4
170,3344,1.0,5
171,376,0.9999,1
171,5652,0.9998,2
171,3298,0.9998,3
171,7025,0.9998,4
171,1917,0.9998,5
172,3086,0.9997,1
172,6386,0.9996,2
172,3872,0.9996,3
172,463,0.9995,4
172,3271,0.9994,5
173,2365,0.9999,1
173,156,0.9997,2
173,5130,0.9997,3
173,3361,0.9996,4
173,2613,0.9993,5
174,4854,1.0,1
174,1203,1.0,2
174,2286,0.9999,3
174,3431,0.9999,4
174,2715,0.9999,5
175,1831,1.0,1
175,3038,1.0,2
175,1081,1.0,3
175,6308,1.0,4
175,4712,1.0,5
176,59,1.0,1
176,5666,1.0,2
176,2964,0.9999,3
176,2110,0.9999,4
176,5948,0.9998,5
177,248,1.0,1
177,2453,1.0,2
177,5124,0.9999,3
177,4941,0.9999,4
177,1499,0.9999,5
178,5840,0.9999,1
178,4344,0.9999,2
178,5628,0.9998,3
178,2169,0.9997,4
178,289,0.9996,5
179,877,1.0,1
179,6801,0.9998,2
179,4932,0.9997,3
179,5155,0.9993,4
179,3864,0.9992,5
180,722,1.0,1
180,4176,1.0,2
180,5310,1.0,3
180,213,1.0,4
180,5929,1.0,5
181,3903,1.0,1
181,1,1.0,2
181,6081,1.0,3
181,28,1.0,4
181,6944,1.0,5
182,2019,1.0,1
182,6065,1.0,2
182,6519,1.0,3
182,1244,1.0,4
182,3139,1.0,5
183,5212,1.0,1
183,5495,1.0,2
183,2105,0.9999,3
183,3463,0.9998,4
183,485,0.9998,5
184,5483,0.9996,1
184,4656,0.9989,2
184,1146,0.9986,3
184,398,0.9985,4
184,5319,0.9981,5
185,5843,0.9999,1
185,5557,0.9999,2
185,1176,0.9998,3
185,4987,0.9997,4
185,3884,0.9997,5
186,273,1.0,1
186,4425,1.0,2
186,5951,1.0,3
186,2047,1.0,4
186,6002,1.0,5
187,6784,0.9989,1
187,4967,0.9988,2
187,5338,0.9982,3
187,5441,0.9981,4
187,3330,0.9979,5
188,6778,1.0,1
188,3224,1.0,2
188,2963,1.0,3
188,3222,1.0,4
188,1621,1.0,5
189,1938,1.0,1
189,6959,1.0,2
189,5593,1.0,3
189,1238,1.0,4
189,6027,1.0,5
190,3438,0.9997,1
190,5271,0.9997,2
190,5063,0.9996,3
190,6185,0.9996,4
190,635,0.9992,5
191,3492,0.9997,1
191,4261,0.9996,2
191,5947,0.9993,3
191,1396,0.9991,4
191,1793,0.9991,5
192,2870,1.0,1
192,2494,1.0,2
192,5273,0.9999,3
192,1193,0.9999,4
192,5976,0.9998,5
193,1304,1.0,1
193,1535,1.0,2
193,3708,1.0,3
193,166,1.0,4
193,1909,1.0,5
194,6687,1.0,1
194,2989,1.0,2
194,2444,1.0,3
194,2817,1.0,4
194,5029,1.0,5
195,269,1.0,1
195,6201,1.0,2
195,5919,1.0,3
195,1285,1.0,4
195,1530,1.0,5
196,5041,1.0,1
196,1953,0.9999,2
196,4780,0.9997,3
196,1446,0.9995,4
196,5864,0.9994,5
197,6011,1.0,1
197,3740,1.0,2
197,4301,1.0,3
197,3220,1.0,4
197,6372,1.0,5
198,5203,1.0,1
198,1269,0.9999,2
198,1766,0.9999,3
198,6479,0.9999,4
198,3515,0.9999,5
199,3524,1.0,1
199,5996,1.0,2
199,370,1.0,3
199,591,1.0,4
199,5917,1.0,5
200,4326,1.0,1
200,4186,1.0,2
200,761,1.0,3
200,5562,1.0,4
200,696,1.0,5
201,2960,0.9999,1
201,2417,0.9998,2
201,6702,0.9995,3
201,3171,0.9995,4
201,3839,0.9994,5
202,2486,1.0,1
202,2613,1.0,2
202,156,0.9998,3
202,6999,0.9997,4
202,4533,0.9997,5
203,3076,1.0,1
203,5374,1.0,2
203,4534,1.0,3
203,6399,1.0,4
203,2309,1.0,5
204,5843,0.9999,1
204,185,0.9997,2
204,2545,0.9997,3
204,96,0.9997,4
204,6129,0.9997,5
205,3492,0.9995,1
205,5648,0.9993,2
205,1793,0.9993,3
205,6856,0.9991,4
205,5311,0.999,5
206,5294,1.0,1
206,932,0.9998,2
206,5281,0.9997,3
206,5470,0.9996,4
206,5882,0.9991,5
207,787,1.0,1
207,6941,1.0,2
207,6425,0.9998,3
207,3684,0.9998,4
207,2542,0.9997,5
208,2096,1.0,1
208,681,1.0,2
208,5301,1.0,3
208,2892,1.0,4
208,3889,1.0,5
209,2954,0.9998,1
209,4555,0.9994,2
209,4429,0.9992,3
209,920,0.9991,4
209,5699,0.9991,5
210,5792,0.9999,1
210,3958,0.9999,2
210,4856,0.9999,3
210,3054,0.9998,4
210,340,0.9998,5
211,6228,1.0,1
211,4701,1.0,2
211,3604,1.0,3
211,5708,1.0,4
211,5481,0.9999,5
212,2996,1.0,1
212,3774,1.0,2
212,6608,1.0,3
212,2296,1.0,4
212,1332,1.0,5
213,5929,1.0,1
213,5859,1.0,2
213,431,1.0,3
213,5310,1.0,4
213,2702,1.0,5
214,2470,1.0,1
214,1643,1.0,2
214,3156,1.0,3
214,1049,1.0,4
214,6271,1.0,5
215,1509,0.9998,1
215,1925,0.9997,2
215,5546,0.9995,3
215,2591,0.9993,4
215,6757,0.9993,5
216,6125,1.0,1
216,4859,0.9999,2
216,272,0.9999,3
216,3364,0.9998,4
216,4744,0.9998,5
217,6094,0.9997,1
217,1380,0.9996,2
217,2051,0.9995,3
217,3161,0.9993,4
217,63,0.9991,5
218,4977,1.0,1
218,1302,0.9997,2
218,1965,0.9996,3
218,3389,0.9996,4
218,4179,0.9996,5
219,847,1.0,1
219,144,0.9999,2
219,93,0.9999,3
219,1197,0.9999,4
219,6103,0.9998,5
220,2529,1.0,1
220,5175,0.9998,2
220,6668,0.9998,3
220,1106,0.9998,4
220,5439,0.9998,5
221,1363,1.0,1
221,2678,1.0,2
221,1464,1.0,3
221,2230,1.0,4
221,1003,0.9999,5
222,6100,1.0,1
222,1324,1.0,2
222,2455,1.0,3
222,2508,1.0,4
222,2573,1.0,5
223,34,1.0,1
223,5909,1.0,2
223,5616,1.0,3
223,4099,1.0,4
223,2034,1.0,5
224,1540,1.0,1
224,2683,1.0,2
224,6824,0.9999,3
224,280,0.9999,4
224,3738,0.9999,5
225,3334,1.0,1
225,5710,1.0,2
225,2935,1.0,3
225,2552,1.0,4
225,2593,1.0,5
226,1916,0.9998,1
226,6547,0.9998,2
226,4897,0.9995,3
226,6978,0.9995,4
226,1966,0.9994,5
227,4580,1.0,1
227,797,0.9999,2
227,1553,0.9999,3
227,2124,0.9998,4
227,4274,0.9993,5
228,3203,1.0,1
228,2734,1.0,2
228,440,1.0,3
228,472,1.0,4
228,6480,1.0,5
229,1603,1.0,1
229,1228,1.0,2
229,5957,0.9994,3
229,6845,0.9994,4
229,891,0.9993,5
230,2643,1.0,1
230,2768,0.9998,2
230,5979,0.9998,3
230,3859,0.9997,4
230,1231,0.9997,5
231,2577,0.9999,1
231,3241,0.9999,2
231,3419,0.9999,3
231,5878,0.9999,4
231,3789,0.9998,5
232,900,0.9999,1
232,1872,0.9999,2
232,251,0.9999,3
232,5317,0.9999,4
232,972,0.9998,5
233,5475,1.0,1
233,5451,1.0,2
233,3035,1.0,3
233,2635,1.0,4
233,5944,1.0,5
234,1825,1.0,1
234,2502,1.0,2
234,1278,1.0,3
234,3267,1.0,4
234,3969,1.0,5
235,6516,1.0,1
235,6210,1.0,2
235,4081,1.0,3
235,5831,0.9996,4
235,3460,0.9996,5
236,4014,1.0,1
236,3812,1.0,2
236,6110,1.0,3
236,4824,0.9999,4
236,1342,0.9999,5
237,3319,1.0,1
237,8,1.0,2
237,7041,0.9998,3
237,611,0.9997,4
237,1945,0.9995,5
238,3478,0.9995,1
238,6467,0.9995,2
238,1859,0.9994,3
238,1824,0.9991,4
238,4963,0.9989,5
239,6180,1.0,1
239,1565,0.9999,2
239,1361,0.9996,3
239,2168,0.9996,4
239,4974,0.9996,5
240,6104,1.0,1
240,4577,1.0,2
240,5000,1.0,3
240,3529,1.0,4
240,3521,1.0,5
241,606,1.0,1
241,2059,1.0,2
241,4680,1.0,3
241,1642,1.0,4
241,857,1.0,5
242,6155,1.0,1
242,3891,1.0,2
242,2327,1.0,3
242,4650,1.0,4
242,6116,1.0,5
243,6693,1.0,1
243,2129,1.0,2
243,769,1.0,3
243,299,0.9998,4
243,4119,0.9998,5
244,2322,1.0,1
244,1500,0.9999,2
244,5425,0.9999,3
244,3923,0.9998,4
244,350,0.9997,5
245,2402,0.9996,1
245,5973,0.9996,2
245,3370,0.9995,3
245,3986,0.999,4
245,357,0.999,5
246,6810,1.0,1
246,4664,1.0,2
246,2454,0.9999,3
246,7042,0.9999,4
246,1440,0.9999,5
247,6997,0.9997,1
247,4347,0.9996,2
247,3758,0.9995,3
247,1432,0.9993,4
247,5311,0.9991,5
248,177,1.0,1
248,2453,1.0,2
248,5124,0.9999,3
248,6709,0.9999,4
248,2777,0.9999,5
249,5604,1.0,1
249,5653,1.0,2
249,5515,1.0,3
249,1775,1.0,4
249,6517,1.0,5
250,2745,1.0,1
250,5967,1.0,2
250,3799,0.9999,3
250,1046,0.9999,4
250,362,0.9999,5
251,1872,1.0,1
251,1664,0.9999,2
251,232,0.9999,3
251,2131,0.9999,4
251,4036,0.9999,5
252,5845,1.0,1
252,1597,1.0,2
252,6309,1.0,3
252,1000,1.0,4
252,4649,1.0,5
253,21,1.0,1
253,261,0.9997,2
253,1855,0.9994,3
253,5187,0.9992,4
253,6674,0.9991,5
254,4324,1.0,1
254,3048,0.9999,2
254,3465,0.9992,3
254,2644,0.9992,4
254,5428,0.9989,5
255,3534,1.0,1
255,4800,1.0,2
255,5732,1.0,3
255,4194,1.0,4
255,5467,1.0,5
256,4034,1.0,1
256,1887,0.9999,2
256,4143,0.9999,3
256,5367,0.9999,4
256,304,0.9998,5
257,5290,1.0,1
257,3857,1.0,2
257,1270,0.9999,3
257,2147,0.9999,4
257,3913,0.9999,5
258,1610,0.9994,1
258,5200,0.9994,2
258,5814,0.9994,3
258,1358,0.9993,4
258,4890,0.9991,5
259,1999,1.0,1
259,4894,1.0,2
259,6605,1.0,3
259,3049,1.0,4
259,135,1.0,5
260,4053,0.9983,1
260,1898,0.9976,2
260,5649,0.9974,3
260,6297,0.9973,4
260,2623,0.9971,5
261,253,0.9997,1
261,21,0.9996,2
261,6674,0.9994,3
261,1855,0.9993,4
261,4342,0.9993,5
262,2449,0.9997,1
262,1133,0.9992,2
262,1569,0.9989,3
262,3272,0.9983,4
262,2709,0.9981,5
263,2458,1.0,1
263,6447,0.9999,2
263,4160,0.9998,3
263,1706,0.9997,4
263,1255,0.9997,5
264,4466,1.0,1
264,6875,0.9998,2
264,1727,0.9983,3
264,1545,0.9983,4
264,5059,0.998,5
265,4223,0.9999,1
265,3670,0.9998,2
265,1669,0.9997,3
265,4890,0.9996,4
265,4002,0.9993,5
266,5011,1.0,1
266,4487,0.9999,2
266,5446,0.9999,3
266,379,0.9998,4
266,2660,0.9998,5
267,5140,1.0,1
267,687,0.9999,2
267,5928,0.9999,3
267,2318,0.9999,4
267,4439,0.9999,5
268,6834,0.9998,1
268,274,0.9997,2
268,4702,0.9996,3
268,3255,0.999,4
268,5073,0.9985,5
269,195,1.0,1
269,6201,1.0,2
269,5919,1.0,3
269,1285,1.0,4
269,4355,1.0,5
270,3983,1.0,1
270,1712,1.0,2
270,4988,1.0,3
270,2532,1.0,4
270,2508,1.0,5
271,4742,0.9999,1
271,1726,0.9999,2
271,3955,0.9999,3
271,1239,0.9998,4
271,2517,0.9998,5
272,4859,1.0,1
272,6125,1.0,2
272,216,0.9999,3
272,4049,0.9998,4
272,24,0.9998,5
273,186,1.0,1
273,4425,1.0,2
273,2047,1.0,3
273,5951,1.0,4
273,6002,1.0,5
274,268,0.9997,1
274,4702,0.9996,2
274,3062,0.9992,3
274,6834,0.9989,4
274,5073,0.9989,5
275,5394,1.0,1
275,3390,1.0,2
275,7019,1.0,3
275,4647,1.0,4
275,4063,1.0,5
276,3051,1.0,1
276,1461,1.0,2
276,2289,1.0,3
276,5799,1.0,4
276,6212,1.0,5
277,2639,1.0,1
277,5479,0.9999,2
277,3229,0.9999,3
277,898,0.9999,4
277,1556,0.9999,5
278,1832,0.9997,1
278,5806,0.9994,2
278,5438,0.999,3
278,5853,0.9986,4
278,1182,0.998,5
279,5794,0.9999,1
279,1065,0.9998,2
279,5607,0.9996,3
279,3608,0.9996,4
279,5007,0.9996,5
280,3738,1.0,1
280,3293,1.0,2
280,4950,0.9999,3
280,4031,0.9999,4
280,224,0.9999,5
281,6056,1.0,1
281,6528,1.0,2
281,6518,1.0,3
281,5491,0.9999,4
281,6894,0.9998,5
282,5893,0.9999,1
282,2434,0.9999,2
282,5903,0.9999,3
282,6616,0.9997,4
282,6783,0.9997,5
283,377,1.0,1
283,6608,1.0,2
283,212,1.0,3
283,2996,1.0,4
283,3774,1.0,5
284,5055,1.0,1
284,3871,1.0,2
284,1507,1.0,3
284,6146,0.9999,4
284,2356,0.9999,5
285,7026,1.0,1
285,5658,1.0,2
285,3439,1.0,3
285,3929,0.9999,4
285,4995,0.9999,5
286,4657,1.0,1
286,4458,0.9995,2
286,6099,0.9993,3
286,524,0.9993,4
286,2082,0.9992,5
287,6280,0.9995,1
287,4178,0.9995,2
287,1123,0.9991,3
287,2717,0.999,4
287,3483,0.9989,5
288,4641,1.0,1
288,1880,1.0,2
288,3970,1.0,3
288,6238,1.0,4
288,4233,1.0,5
289,4626,1.0,1
289,2169,0.9999,2
289,2796,0.9999,3
289,5628,0.9999,4
289,3105,0.9999,5
290,662,1.0,1
290,7027,0.9999,2
290,1850,0.9999,3
290,5229,0.9999,4
290,3875,0.9998,5
291,917,0.9998,1
291,4704,0.9994,2
291,6969,0.9993,3
291,1812,0.9991,4
291,5921,0.9989,5
292,6433,1.0,1
292,5774,0.9997,2
292,3572,0.9994,3
292,87,0.9993,4
292,6021,0.9988,5
293,1973,0.9996,1
293,2879,0.9995,2
293,2979,0.9994,3
293,4254,0.999,4
293,1959,0.9988,5
294,2742,0.9999,1
294,353,0.9999,2
294,4151,0.9999,3
294,3563,0.9999,4
294,1286,0.9999,5
295,1815,1.0,1
295,2769,1.0,2
295,843,1.0,3
295,22,1.0,4
295,2593,1.0,5
296,4093,1.0,1
296,4132,1.0,2
296,4388,1.0,3
296,6339,1.0,4
296,4722,1.0,5
297,5345,0.9999,1
297,1156,0.9999,2
297,2654,0.9999,3
297,806,0.9999,4
297,1567,0.9999,5
298,1884,1.0,1
298,3785,1.0,2
298,2329,0.9999,3
298,2206,0.9999,4
298,6670,0.9999,5
299,4119,1.0,1
299,2129,0.9998,2
299,6693,0.9998,3
299,243,0.9998,4
299,769,0.9998,5
300,2912,1.0,1
300,4095,1.0,2
300,1287,0.9999,3
300,2511,0.9999,4
300,6376,0.9999,5
301,4631,0.9992,1
301,4112,0.9991,2
301,6976,0.9989,3
301,1128,0.9988,4
301,3922,0.9978,5
302,4619,1.0,1
302,998,0.9999,2
302,3160,0.9999,3
302,5990,0.9999,4
302,32,0.9997,5
303,6446,1.0,1
303,4215,1.0,2
303,2656,0.9999,3
303,3979,0.9999,4
303,6025,0.9999,5
304,3615,0.9999,1
304,325,0.9999,2
304,1887,0.9999,3
304,4143,0.9999,4
304,4034,0.9999,5
305,607,0.9999,1
305,3647,0.9998,2
305,1554,0.9998,3
305,3448,0.9998,4
305,318,0.9997,5
306,4806,1.0,1
306,448,1.0,2
306,4694,1.0,3
306,2200,0.9999,4
306,3512,0.9999,5
307,3008,1.0,1
307,4293,0.9998,2
307,2437,0.9997,3
307,2144,0.9995,4
307,79,0.9995,5
308,1092,1.0,1
308,709,1.0,2
308,4094,0.9999,3
308,413,0.9998,4
308,5472,0.9989,5
309,5669,0.9999,1
309,5258,0.9999,2
309,1631,0.9999,3
309,3136,0.9999,4
309,4001,0.9999,5
310,3749,1.0,1
310,3308,0.9999,2
310,67,0.9998,3
310,6722,0.9998,4
310,6581,0.9998,5
311,6252,1.0,1
311,5647,1.0,2
311,3314,1.0,3
311,2990,1.0,4
311,4393,1.0,5
312,7,1.0,1
312,762,1.0,2
312,4254,1.0,3
312,5195,1.0,4
312,4815,0.9998,5
313,1669,0.9996,1
313,1078,0.9996,2
313,1674,0.9995,3
313,265,0.9993,4
313,3670,0.9992,5
314,5252,1.0,1
314,518,1.0,2
314,2971,0.9999,3
314,1564,0.9999,4
314,4284,0.9999,5
315,728,1.0,1
315,5396,1.0,2
315,5558,1.0,3
315,6937,1.0,4
315,6611,0.9999,5
316,2791,0.9999,1
316,3855,0.9999,2
316,5200,0.9999,3
316,1610,0.9999,4
316,6106,0.9999,5
317,3376,1.0,1
317,4733,1.0,2
317,3626,1.0,3
317,5734,1.0,4
317,1138,1.0,5
318,607,0.9999,1
318,4528,0.9998,2
318,4735,0.9998,3
318,305,0.9997,4
318,3448,0.9997,5
319,4107,1.0,1
319,1619,0.9997,2
319,1161,0.9997,3
319,4640,0.9995,4
319,5935,0.9995,5
320,439,0.9995,1
320,4269,0.9994,2
320,1763,0.9994,3
320,5828,0.9991,4
320,3188,0.999,5
321,3775,0.9997,1
321,4614,0.9996,2
321,387,0.9996,3
321,2193,0.9994,4
321,3601,0.9993,5
322,6401,1.0,1
322,5291,0.9999,2
322,1012,0.9997,3
322,6504,0.9997,4
322,1120,0.9996,5
323,4444,1.0,1
323,2364,1.0,2
323,956,1.0,3
323,3510,1.0,4
323,6170,1.0,5
324,5943,1.0,1
324,41,0.9998,2
324,2589,0.9993,3
324,6616,0.9993,4
324,4105,0.9992,5
325,3615,1.0,1
325,3715,1.0,2
325,4209,0.9999,3
325,304,0.9999,4
325,4773,0.9999,5
326,6498,1.0,1
326,4283,0.9999,2
326,5295,0.9998,3
326,2639,0.9997,4
326,277,0.9997,5
327,2940,0.9998,1
327,3525,0.9998,2
327,5665,0.9997,3
327,4682,0.9996,4
327,6954,0.9996,5
328,3596,1.0,1
328,6412,1.0,2
328,6274,1.0,3
328,6727,1.0,4
328,4000,1.0,5
329,3455,0.9999,1
329,6040,0.9999,2
329,5649,0.9993,3
329,359,0.9983,4
329,4053,0.9983,5
330,3176,0.9999,1
330,1991,0.9996,2
330,5419,0.9996,3
330,2325,0.9996,4
330,2335,0.9995,5
331,4770,1.0,1
331,6350,1.0,2
331,3901,1.0,3
331,5504,1.0,4
331,529,1.0,5
332,1471,1.0,1
332,6829,1.0,2
332,1451,1.0,3
332,5163,1.0,4
332,6570,1.0,5
333,1602,1.0,1
333,5405,1.0,2
333,3369,1.0,3
333,1665,0.9999,4
333,2561,0.9999,5
334,4089,1.0,1
334,6162,0.9999,2
334,6315,0.9998,3
334,3225,0.9998,4
334,1127,0.9998,5
335,48,1.0,1
335,2157,1.0,2
335,2624,1.0,3
335,1949,1.0,4
335,742,1.0,5
336,1715,0.9999,1
336,1537,0.9999,2
336,2126,0.9999,3
336,792,0.9999,4
336,2358,0.9999,5
337,2314,1.0,1
337,3109,0.9999,2
337,84,0.9998,3
337,5995,0.9998,4
337,4889,0.9998,5
338,3340,1.0,1
338,657,1.0,2
338,6874,0.9999,3
338,6836,0.9999,4
338,1613,0.9999,5
339,5991,1.0,1
339,6085,1.0,2
339,3114,1.0,3
339,6991,0.9999,4
339,5571,0.9998,5
340,3958,1.0,1
340,5792,0.9999,2
340,4251,0.9999,3
340,4856,0.9999,4
340,1546,0.9999,5
341,399,0.9999,1
341,4055,0.9993,2
341,6297,0.9984,3
341,522,0.9981,4
341,3621,0.9981,5
342,2681,1.0,1
342,2789,1.0,2
342,2390,1.0,3
342,2936,1.0,4
342,3921,1.0,5
343,4717,1.0,1
343,1997,0.9999,2
343,4164,0.9999,3
343,2743,0.9999,4
343,4416,0.9998,5
344,5555,1.0,1
344,1137,1.0,2
344,5850,1.0,3
344,4246,1.0,4
344,3231,0.9999,5
345,6428,1.0,1
345,5575,1.0,2
345,2839,1.0,3
345,5689,1.0,4
345,5021,1.0,5
346,3806,1.0,1
346,3634,1.0,2
346,6258,0.9999,3
346,3690,0.9999,4
346,2889,0.9999,5
347,755,1.0,1
347,2099,1.0,2
347,1531,1.0,3
347,1780,0.9999,4
347,4955,0.9999,5
348,6064,1.0,1
348,2462,1.0,2
348,498,1.0,3
348,5556,1.0,4
348,3481,1.0,5
349,496,0.9994,1
349,4208,0.9978,2
349,6280,0.9969,3
349,4178,0.996,4
349,3030,0.9956,5
350,2322,0.9998,1
350,4605,0.9998,2
350,3625,0.9998,3
350,1158,0.9997,4
350,1500,0.9997,5
351,6773,0.9988,1
351,5321,0.9986,2
351,5966,0.9983,3
351,3694,0.9974,4
351,5343,0.9971,5
352,6458,1.0,1
352,5053,0.9997,2
352,4962,0.9993,3
352,4855,0.9993,4
352,3483,0.9982,5
353,4151,1.0,1
353,1286,1.0,2
353,294,0.9999,3
353,6061,0.9997,4
353,2742,0.9997,5
354,4900,0.9999,1
354,1697,0.9999,2
354,5361,0.9999,3
354,2292,0.9999,4
354,3326,0.9999,5
355,6236,0.9996,1
355,5208,0.9988,2
355,4741,0.9984,3
355,1640,0.9974,4
355,6981,0.9969,5
356,4564,1.0,1
356,1349,1.0,2
356,3805,1.0,3
356,70,1.0,4
356,6380,0.9999,5
357,3986,1.0,1
357,5973,0.9998,2
357,245,0.999,3
357,1070,0.9982,4
357,4681,0.9981,5
358,7003,1.0,1
358,5415,1.0,2
358,2738,1.0,3
358,1867,1.0,4
358,5974,1.0,5
359,5758,0.9984,1
359,329,0.9983,2
359,3063,0.9982,3
359,3455,0.9981,4
359,6040,0.9979,5
360,3689,0.9998,1
360,6206,0.9997,2
360,250,0.9997,3
360,2745,0.9997,4
360,362,0.9996,5
361,2002,1.0,1
361,2759,1.0,2
361,588,1.0,3
361,6565,1.0,4
361,732,1.0,5
362,3689,1.0,1
362,3612,0.9999,2
362,2745,0.9999,3
362,250,0.9999,4
362,5967,0.9998,5
363,2890,1.0,1
363,4412,0.9998,2
363,3576,0.9995,3
363,2627,0.9994,4
363,6393,0.9994,5
364,693,1.0,1
364,1701,1.0,2
364,2524,1.0,3
364,5752,1.0,4
364,1259,1.0,5
365,429,1.0,1
365,5874,0.9999,2
365,5785,0.9995,3
365,6476,0.9995,4
365,1510,0.9995,5
366,6697,1.0,1
366,2407,1.0,2
366,479,1.0,3
366,5715,0.9999,4
366,2785,0.9998,5
367,5767,1.0,1
367,2235,1.0,2
367,3669,0.9992,3
367,2488,0.999,4
367,6576,0.9988,5
368,4349,1.0,1
368,3111,1.0,2
368,5337,1.0,3
368,3314,1.0,4
368,4393,1.0,5
369,3666,1.0,1
369,2562,1.0,2
369,3549,0.9999,3
369,589,0.9999,4
369,6946,0.9999,5
370,5917,1.0,1
370,199,1.0,2
370,541,1.0,3
370,3524,1.0,4
370,5996,1.0,5
371,6019,1.0,1
371,5488,1.0,2
371,2988,1.0,3
371,3301,1.0,4
371,1393,1.0,5
372,2730,1.0,1
372,6521,1.0,2
372,1881,1.0,3
372,817,0.9999,4
372,3592,0.9999,5
373,2227,0.9996,1
373,3061,0.9993,2
373,3734,0.9992,3
373,5330,0.9987,4
373,6007,0.998,5
374,121,1.0,1
374,574,1.0,2
374,1518,1.0,3
374,6560,0.9999,4
374,4134,0.9999,5
375,5664,0.9999,1
375,5571,0.9999,2
375,3114,0.9998,3
375,6085,0.9998,4
375,7005,0.9998,5
376,171,0.9999,1
376,4126,0.9999,2
376,4736,0.9998,3
376,7025,0.9998,4
376,1917,0.9998,5
377,6608,1.0,1
377,283,1.0,2
377,212,1.0,3
377,2996,1.0,4
377,3774,1.0,5
378,15,1.0,1
378,3808,0.9997,2
378,3862,0.9996,3
378,456,0.9996,4
378,2786,0.9991,5
379,4487,1.0,1
379,5011,0.9999,2
379,6248,0.9999,3
379,62,0.9999,4
379,5446,0.9999,5
380,5811,0.9996,1
380,6703,0.9996,2
380,5858,0.9995,3
380,2023,0.9994,4
380,4463,0.9994,5
381,5119,0.9998,1
381,623,0.9997,2
381,3285,0.9997,3
381,4059,0.9997,4
381,3290,0.9995,5
382,3424,1.0,1
382,5954,1.0,2
382,4013,1.0,3
382,3566,1.0,4
382,3710,1.0,5
383,4021,1.0,1
383,3040,1.0,2
383,7008,0.9999,3
383,4784,0.9992,4
383,6957,0.9987,5
384,4955,1.0,1
384,2655,1.0,2
384,4213,1.0,3
384,3456,1.0,4
384,971,1.0,5
385,6953,1.0,1
385,5335,0.9999,2
385,1928,0.9999,3
385,4708,0.9999,4
385,1633,0.9998,5
386,5268,0.9997,1
386,726,0.9995,2
386,655,0.9993,3
386,1140,0.9992,4
386,1450,0.9981,5
387,2193,0.9999,1
387,321,0.9996,2
387,1255,0.9995,3
387,1839,0.999,4
387,263,0.999,5
388,3721,1.0,1
388,3999,1.0,2
388,3892,0.9997,3
388,2910,0.9996,4
388,6185,0.9996,5
389,5769,1.0,1
389,5688,0.9998,2
389,6804,0.9998,3
389,6371,0.9997,4
389,5245,0.9997,5
390,5869,1.0,1
390,2703,1.0,2
390,2173,1.0,3
390,6897,1.0,4
390,1869,1.0,5
391,3843,1.0,1
391,5248,0.9999,2
391,3153,0.9996,3
391,2975,0.9995,4
391,2163,0.9993,5
392,4559,1.0,1
392,6667,0.9999,2
392,6272,0.9999,3
392,5584,0.9999,4
392,2328,0.9998,5
393,4342,1.0,1
393,6674,1.0,2
393,4998,1.0,3
393,951,1.0,4
393,3944,0.9999,5
394,4732,1.0,1
394,1348,1.0,2
394,5043,1.0,3
394,4677,1.0,4
394,2877,1.0,5
395,6961,1.0,1
395,5154,0.9999,2
395,5012,0.9999,3
395,1180,0.9999,4
395,2416,0.9997,5
396,2218,1.0,1
396,1739,1.0,2
396,6223,1.0,3
396,3801,0.9999,4
396,859,0.9999,5
397,2620,1.0,1
397,5939,0.9999,2
397,5852,0.9997,3
397,6988,0.9997,4
397,2380,0.9995,5
398,5483,0.9989,1
398,2316,0.9987,2
398,184,0.9985,3
398,4147,0.9981,4
398,2360,0.998,5
399,341,0.9999,1
399,4055,0.9996,2
399,4368,0.9988,3
399,3621,0.9983,4
399,6297,0.9981,5
400,5027,1.0,1
400,4193,1.0,2
400,6561,1.0,3
400,5713,1.0,4
400,1571,1.0,5
401,4712,1.0,1
401,6308,1.0,2
401,2441,1.0,3
401,1081,1.0,4
401,3656,1.0,5
402,4499,1.0,1
402,3009,1.0,2
402,5100,1.0,3
402,2735,1.0,4
402,4594,1.0,5
403,2101,1.0,1
403,5485,1.0,2
403,6251,1.0,3
403,4077,0.9999,4
403,4070,0.9999,5
404,4179,1.0,1
404,4730,0.9998,2
404,284,0.9998,3
404,5055,0.9998,4
404,3871,0.9998,5
405,624,1.0,1
405,4117,1.0,2
405,1934,1.0,3
405,5552,1.0,4
405,981,1.0,5
406,4007,1.0,1
406,6779,1.0,2
406,1542,1.0,3
406,5019,1.0,4
406,1718,1.0,5
407,2568,1.0,1
407,1172,0.9999,2
407,4959,0.9999,3
407,6473,0.9999,4
407,1159,0.9999,5
408,2913,1.0,1
408,2086,1.0,2
408,948,0.9995,3
408,4731,0.9994,4
408,4285,0.9994,5
409,557,1.0,1
409,6762,1.0,2
409,4818,1.0,3
409,6707,1.0,4
409,773,1.0,5
410,2618,1.0,1
410,543,1.0,2
410,6450,1.0,3
410,4785,1.0,4
410,1492,1.0,5
411,1160,0.9999,1
411,2442,0.9999,2
411,4447,0.9999,3
411,1267,0.9998,4
411,927,0.9998,5
412,592,1.0,1
412,1383,1.0,2
412,6587,0.9998,3
412,1155,0.9998,4
412,1430,0.9998,5
413,709,0.9999,1
413,1092,0.9999,2
413,308,0.9998,3
413,5472,0.9997,4
413,4094,0.9994,5
414,3662,1.0,1
414,4303,0.9999,2
414,1365,0.9997,3
414,3264,0.9996,4
414,3368,0.9996,5
415,2891,0.9999,1
415,6465,0.9997,2
415,3032,0.9997,3
415,4880,0.9996,4
415,1851,0.9995,5
416,3959,0.9998,1
416,1888,0.9998,2
416,601,0.9993,3
416,1090,0.9991,4
416,6564,0.9988,5
417,5905,1.0,1
417,6946,1.0,2
417,4077,1.0,3
417,3454,0.9999,4
417,2562,0.9999,5
418,2944,1.0,1
418,6415,1.0,2
418,3770,0.9999,3
418,3645,0.9998,4
418,1906,0.9998,5
419,4826,1.0,1
419,157,0.9998,2
419,4549,0.9997,3
419,2151,0.9994,4
419,6984,0.9994,5
420,3496,1.0,1
420,7033,1.0,2
420,1506,1.0,3
420,92,1.0,4
420,5342,1.0,5
421,106,1.0,1
421,2125,1.0,2
421,2032,1.0,3
421,1678,1.0,4
421,1864,0.9999,5
422,4328,1.0,1
422,5601,1.0,2
422,563,1.0,3
422,1213,1.0,4
422,4019,1.0,5
423,2605,1.0,1
423,3443,0.9997,2
423,2324,0.9996,3
423,4390,0.9996,4
423,5426,0.9996,5
424,2243,0.9999,1
424,4304,0.9998,2
424,136,0.9998,3
424,80,0.9998,4
424,2898,0.9998,5
425,3935,1.0,1
425,5892,0.9999,2
425,4751,0.9999,3
425,3681,0.9998,4
425,3595,0.9997,5
426,3614,0.9999,1
426,2980,0.9996,2
426,2941,0.9994,3
426,1863,0.9994,4
426,4703,0.9993,5
427,2267,1.0,1
427,6142,1.0,2
427,3966,0.9999,3
427,6010,0.9999,4
427,5373,0.9998,5
428,544,1.0,1
428,1367,1.0,2
428,2017,0.9999,3
428,640,0.9999,4
428,6958,0.9998,5
429,5874,1.0,1
429,365,1.0,2
429,5785,0.9997,3
429,4417,0.9995,4
429,6476,0.9994,5
430,4773,0.9998,1
430,256,0.9997,2
430,3715,0.9996,3
430,3423,0.9996,4
430,670,0.9996,5
431,5859,1.0,1
431,2702,1.0,2
431,5929,1.0,3
431,213,1.0,4
431,5310,1.0,5
432,2973,1.0,1
432,1482,1.0,2
432,944,1.0,3
432,918,1.0,4
432,4311,1.0,5
433,3,1.0,1
433,3091,0.9999,2
433,3411,0.9999,3
433,6910,0.9999,4
433,5577,0.9999,5
434,6956,1.0,1
434,4830,1.0,2
434,5172,0.9999,3
434,5857,0.9999,4
434,6069,0.9998,5
435,4834,1.0,1
435,1873,1.0,2
435,5021,1.0,3
435,4544,1.0,4
435,2839,1.0,5
436,1882,1.0,1
436,5444,0.9997,2
436,5177,0.9994,3
436,2238,0.9989,4
436,5349,0.9971,5
437,4114,1.0,1
437,4188,1.0,2
437,1463,1.0,3
437,1056,0.9999,4
437,2233,0.9999,5
438,4798,1.0,1
438,1876,1.0,2
438,1171,1.0,3
438,4027,1.0,4
438,1694,1.0,5
439,4269,1.0,1
439,1763,1.0,2
439,6940,0.9999,3
439,320,0.9995,4
439,3188,0.9994,5
440,472,1.0,1
440,6480,1.0,2
440,3363,1.0,3
440,228,1.0,4
440,3203,1.0,5
441,5102,0.9984,1
441,209,0.998,2
441,4555,0.9973,3
441,2266,0.997,4
441,2954,0.9968,5
442,549,0.9999,1
442,5568,0.9999,2
442,6014,0.9999,3
442,1866,0.9997,4
442,6454,0.9997,5
443,4601,0.9996,1
443,1932,0.9996,2
443,6854,0.9994,3
443,6106,0.9993,4
443,6037,0.9992,5
444,770,0.9995,1
444,30,0.9995,2
444,908,0.9993,3
444,1221,0.999,4
444,2282,0.998,5
445,839,0.9994,1
445,5046,0.9991,2
445,3315,0.9991,3
445,3975,0.9985,4
445,1114,0.9981,5
446,4573,1.0,1
446,2887,0.9999,2
446,4450,0.9999,3
446,6566,0.9999,4
446,821,0.9999,5
447,810,1.0,1
447,6934,1.0,2
447,4082,1.0,3
447,6489,1.0,4
447,6496,1.0,5
448,306,1.0,1
448,4806,1.0,2
448,4694,1.0,3
448,2200,1.0,4
448,3512,0.9999,5
449,4625,1.0,1
449,2406,1.0,2
449,4241,0.9999,3
449,6992,0.9999,4
449,1001,0.9999,5
450,1284,1.0,1
450,6072,1.0,2
450,3544,1.0,3
450,5923,1.0,4
450,842,1.0,5
451,2067,1.0,1
451,6074,1.0,2
451,1018,1.0,3
451,2650,1.0,4
451,3060,1.0,5
452,5853,0.9998,1
452,1581,0.9996,2
452,650,0.9995,3
452,5851,0.9993,4
452,53,0.9989,5
453,5501,1.0,1
453,2806,1.0,2
453,791,1.0,3
453,5821,1.0,4
453,6249,1.0,5
454,4515,0.9999,1
454,6826,0.9992,2
454,1984,0.9992,3
454,3003,0.9992,4
454,4933,0.9991,5
455,5746,1.0,1
455,744,1.0,2
455,5443,1.0,3
455,5672,0.9999,4
455,5224,0.9999,5
456,3808,1.0,1
456,5623,0.9997,2
456,378,0.9996,3
456,15,0.9994,4
456,3432,0.9993,5
457,2923,1.0,1
457,3559,0.9999,2
457,2975,0.9996,3
457,6328,0.9995,4
457,2688,0.9994,5
458,91,0.9994,1
458,1553,0.9991,2
458,2124,0.9991,3
458,4580,0.9991,4
458,227,0.9991,5
459,6855,1.0,1
459,2648,1.0,2
459,602,1.0,3
459,3023,1.0,4
459,7031,1.0,5
460,3672,1.0,1
460,673,1.0,2
460,1562,1.0,3
460,582,1.0,4
460,5101,1.0,5
461,5009,1.0,1
461,5456,1.0,2
461,4771,1.0,3
461,155,1.0,4
461,2403,1.0,5
462,1886,0.9995,1
462,6989,0.9992,2
462,4309,0.999,3
462,2513,0.9988,4
462,2905,0.9975,5
463,3271,1.0,1
463,6386,1.0,2
463,3831,0.9999,3
463,6233,0.9999,4
463,3872,0.9999,5
464,2531,1.0,1
464,4598,0.9999,2
464,6,0.9998,3
464,1074,0.9997,4
464,902,0.9995,5
465,4230,1.0,1
465,527,1.0,2
465,2690,1.0,3
465,747,1.0,4
465,1281,1.0,5
466,4920,0.9999,1
466,5741,0.9998,2
466,5213,0.9996,3
466,2422,0.9996,4
466,2697,0.9994,5
467,4721,1.0,1
467,6588,0.9999,2
467,2068,0.9999,3
467,3477,0.9999,4
467,7024,0.9999,5
468,3024,1.0,1
468,4497,1.0,2
468,850,1.0,3
468,633,1.0,4
468,5735,1.0,5
469,4637,1.0,1
469,6215,1.0,2
469,2587,1.0,3
469,6917,1.0,4
469,3119,1.0,5
470,161,1.0,1
470,3608,0.9998,2
470,1065,0.9996,3
470,3228,0.9996,4
470,5794,0.9995,5
471,6533,0.9999,1
471,1140,0.9992,2
471,5551,0.9985,3
471,695,0.9977,4
471,386,0.997,5
472,6480,1.0,1
472,440,1.0,2
472,3363,1.0,3
472,228,1.0,4
472,2574,1.0,5
473,4781,1.0,1
473,578,0.9999,2
473,3629,0.9999,3
473,1208,0.9999,4
473,3594,0.9998,5
474,3691,0.9998,1
474,5325,0.9995,2
474,2186,0.9993,3
474,3538,0.9992,4
474,6080,0.9992,5
475,4902,1.0,1
475,652,1.0,2
475,3528,1.0,3
475,1466,1.0,4
475,4354,1.0,5
476,943,0.9999,1
476,3633,0.9999,2
476,5473,0.9998,3
476,706,0.9993,4
476,7010,0.9993,5
477,5802,0.9999,1
477,4799,0.9998,2
477,5254,0.9992,3
477,5184,0.9989,4
477,307,0.9988,5
478,2955,1.0,1
478,3338,1.0,2
478,2599,0.9999,3
478,83,0.9999,4
478,4996,0.9999,5
479,2407,1.0,1
479,366,1.0,2
479,6697,1.0,3
479,2728,0.9998,4
479,5031,0.9998,5
480,6348,0.9999,1
480,150,0.9999,2
480,4426,0.9996,3
480,1894,0.9996,4
480,6336,0.9995,5
481,3637,1.0,1
481,3910,1.0,2
481,2382,1.0,3
481,3009,1.0,4
481,4499,1.0,5
482,6947,1.0,1
482,2341,1.0,2
482,3312,1.0,3
482,3930,0.9992,4
482,3686,0.9992,5
483,1297,1.0,1
483,2687,0.9997,2
483,3703,0.9996,3
483,925,0.9995,4
483,5419,0.9995,5
484,5809,1.0,1
484,6794,1.0,2
484,3541,1.0,3
484,6413,1.0,4
484,4216,1.0,5
485,2528,0.9998,1
485,183,0.9998,2
485,5212,0.9996,3
485,5495,0.9996,4
485,3463,0.9996,5
486,3379,1.0,1
486,5787,1.0,2
486,5057,1.0,3
486,5931,1.0,4
486,6580,1.0,5
487,6568,1.0,1
487,1424,0.9999,2
487,52,0.9999,3
487,4170,0.9999,4
487,1179,0.9999,5
488,1878,1.0,1
488,6183,1.0,2
488,3815,1.0,3
488,168,1.0,4
488,3204,1.0,5
489,3091,0.9999,1
489,5577,0.9998,2
489,6910,0.9998,3
489,784,0.9998,4
489,433,0.9998,5
490,4724,1.0,1
490,5161,1.0,2
490,3133,1.0,3
490,6376,1.0,4
490,2511,1.0,5
491,1546,1.0,1
491,4251,1.0,2
491,2672,1.0,3
491,358,0.9999,4
491,7003,0.9999,5
492,3413,0.9999,1
492,3358,0.9999,2
492,1240,0.9998,3
492,4608,0.9998,4
492,1731,0.9997,5
493,2999,1.0,1
493,6363,0.9999,2
493,4665,0.9999,3
493,5994,0.9999,4
493,652,0.9999,5
494,4211,0.9999,1
494,4044,0.9998,2
494,2836,0.9986,3
494,6957,0.998,4
494,6725,0.9979,5
495,2994,1.0,1
495,6389,1.0,2
495,4011,1.0,3
495,3575,1.0,4
495,6739,1.0,5
496,349,0.9994,1
496,4208,0.9994,2
496,6280,0.9982,3
496,4178,0.9972,4
496,4846,0.997,5
497,2410,0.9994,1
497,5508,0.9993,2
497,1306,0.9987,3
497,1883,0.9985,4
497,1618,0.9975,5
498,5556,1.0,1
498,3936,1.0,2
498,3481,1.0,3
498,2462,1.0,4
498,532,1.0,5
499,3234,0.9998,1
499,961,0.9996,2
499,5968,0.9995,3
499,6865,0.9994,4
499,5145,0.9993,5
500,1435,1.0,1
500,3611,1.0,2
500,899,0.9999,3
500,6840,0.9999,4
500,6839,0.9998,5
501,4808,1.0,1
501,2986,0.9994,2
501,1645,0.9979,3
501,6788,0.9979,4
501,6000,0.9971,5
502,1165,0.9998,1
502,5420,0.9998,2
502,3132,0.9997,3
502,720,0.9996,4
502,2081,0.9995,5
503,5442,1.0,1
503,6229,1.0,2
503,1093,1.0,3
503,5315,1.0,4
503,3994,0.9999,5
504,3179,1.0,1
504,4623,1.0,2
504,852,0.9999,3
504,4910,0.9999,4
504,6225,0.9999,5
505,2299,1.0,1
505,1968,0.9999,2
505,6437,0.9999,3
505,4430,0.9999,4
505,6750,0.9999,5
506,511,1.0,1
506,646,1.0,2
506,2340,0.9999,3
506,4125,0.9999,4
506,5534,0.9998,5
507,4080,0.9998,1
507,4740,0.9997,2
507,1791,0.9997,3
507,4500,0.9996,4
507,6045,0.9994,5
508,4679,1.0,1
508,6067,0.9999,2
508,3773,0.9999,3
508,2578,0.9999,4
508,6474,0.9999,5
509,5719,1.0,1
509,5603,1.0,2
509,728,0.9999,3
509,5396,0.9999,4
509,315,0.9998,5
510,4768,1.0,1
510,1174,1.0,2
510,1374,1.0,3
510,2646,1.0,4
510,3143,1.0,5
511,506,1.0,1
511,646,1.0,2
511,2340,0.9999,3
511,4125,0.9999,4
511,5534,0.9998,5
512,821,1.0,1
512,5542,1.0,2
512,6566,1.0,3
512,1478,1.0,4
512,2610,1.0,5
513,7042,0.9999,1
513,2454,0.9999,2
513,3954,0.9999,3
513,2903,0.9999,4
513,1440,0.9999,5
514,5052,1.0,1
514,904,1.0,2
514,2136,0.9999,3
514,1488,0.9999,4
514,4200,0.9998,5
515,5156,1.0,1
515,5519,1.0,2
515,896,0.9999,3
515,6987,0.9999,4
515,2571,0.9999,5
516,7007,1.0,1
516,5235,0.9999,2
516,6324,0.9999,3
516,3199,0.9999,4
516,5006,0.9999,5
517,1022,1.0,1
517,3094,1.0,2
517,4803,0.9999,3
517,1778,0.9998,4
517,2499,0.999,5
518,2971,1.0,1
518,314,1.0,2
518,5252,0.9999,3
518,4284,0.9999,4
518,6166,0.9999,5
519,1002,1.0,1
519,127,0.9993,2
519,2144,0.9989,3
519,79,0.9989,4
519,5921,0.9988,5
520,914,1.0,1
520,5249,1.0,2
520,5013,1.0,3
520,4138,1.0,4
520,1902,1.0,5
521,1998,1.0,1
521,6502,1.0,2
521,1950,1.0,3
521,5240,0.9999,4
521,1340,0.9999,5
522,2623,0.9998,1
522,1898,0.9998,2
522,6297,0.9994,3
522,341,0.9981,4
522,3621,0.9978,5
523,5536,1.0,1
523,6796,1.0,2
523,4364,0.9999,3
523,5941,0.9999,4
523,5521,0.9999,5
524,2082,1.0,1
524,137,0.9998,2
524,2000,0.9998,3
524,4657,0.9993,4
524,286,0.9993,5
525,4746,1.0,1
525,4868,0.9999,2
525,6558,0.9996,3
525,2306,0.9995,4
525,1311,0.9994,5
526,5904,1.0,1
526,4775,0.9999,2
526,1657,0.9998,3
526,599,0.9998,4
526,3649,0.9998,5
527,4230,1.0,1
527,465,1.0,2
527,747,1.0,3
527,1281,1.0,4
527,2690,1.0,5
528,5231,1.0,1
528,3501,1.0,2
528,3788,1.0,3
528,4959,0.9999,4
528,2330,0.9999,5
529,3901,1.0,1
529,6350,1.0,2
529,331,1.0,3
529,4770,1.0,4
529,5862,1.0,5
530,4692,1.0,1
530,2076,1.0,2
530,841,0.9999,3
530,6312,0.9999,4
530,6718,0.9999,5
531,941,1.0,1
531,4978,1.0,2
531,3997,1.0,3
531,2868,1.0,4
531,2711,1.0,5
532,5246,1.0,1
532,3481,1.0,2
532,3936,1.0,3
532,498,1.0,4
532,5556,1.0,5
533,6539,1.0,1
533,1262,1.0,2
533,5247,1.0,3
533,2263,1.0,4
533,2008,1.0,5
534,6723,1.0,1
534,2288,0.9999,2
534,3039,0.9999,3
534,6033,0.9999,4
534,1679,0.9999,5
535,5906,1.0,1
535,5944,1.0,2
535,2635,1.0,3
535,5451,1.0,4
535,5475,1.0,5
536,3339,1.0,1
536,1164,1.0,2
536,5033,1.0,3
536,1249,0.9998,4
536,1141,0.9998,5
537,895,1.0,1
537,6873,1.0,2
537,6218,0.9999,3
537,3182,0.9999,4
537,6597,0.9999,5
538,2113,0.9993,1
538,4234,0.9991,2
538,2,0.9973,3
538,1370,0.9955,4
538,4879,0.9951,5
539,1605,1.0,1
539,1265,1.0,2
539,2929,0.9999,3
539,3130,0.9999,4
539,3433,0.9998,5
540,2258,1.0,1
540,6209,0.9999,2
540,5812,0.9999,3
540,6071,0.9999,4
540,576,0.9999,5
541,2538,1.0,1
541,5917,1.0,2
541,370,1.0,3
541,3108,1.0,4
541,2268,1.0,5
542,2450,0.9998,1
542,7022,0.9995,2
542,1389,0.9995,3
542,5270,0.9995,4
542,5606,0.9991,5
543,6382,1.0,1
543,2959,1.0,2
543,4785,1.0,3
543,711,1.0,4
543,1492,1.0,5
544,428,1.0,1
544,2017,1.0,2
544,1367,1.0,3
544,640,0.9999,4
544,6958,0.9998,5
545,6781,0.9998,1
545,4830,0.9998,2
545,6956,0.9998,3
545,6069,0.9998,4
545,5637,0.9998,5
546,1233,0.9998,1
546,5882,0.9996,2
546,5470,0.9991,3
546,5281,0.9991,4
546,5046,0.9986,5
547,2783,0.9998,1
547,623,0.9997,2
547,3285,0.9996,3
547,4059,0.9996,4
547,1787,0.9994,5
548,5835,1.0,1
548,5819,1.0,2
548,636,1.0,3
548,4660,1.0,4
548,4836,1.0,5
549,6014,0.9999,1
549,442,0.9999,2
549,5568,0.9999,3
549,5373,0.9997,4
549,2459,0.9996,5
550,2770,1.0,1
550,5983,1.0,2
550,6955,1.0,3
550,3190,1.0,4
550,1575,1.0,5
551,4032,1.0,1
551,2451,1.0,2
551,5103,1.0,3
551,5198,1.0,4
551,1301,1.0,5
552,4264,1.0,1
552,2560,1.0,2
552,4738,1.0,3
552,3898,1.0,4
552,4621,1.0,5
553,1848,1.0,1
553,4221,1.0,2
553,5599,1.0,3
553,2800,1.0,4
553,2359,1.0,5
554,1675,1.0,1
554,1431,1.0,2
554,5886,0.9999,3
554,6589,0.9999,4
554,674,0.9997,5
555,6421,0.9995,1
555,2124,0.9991,2
555,1553,0.9991,3
555,932,0.9991,4
555,5294,0.9991,5
556,6754,1.0,1
556,2987,0.9999,2
556,1979,0.9998,3
556,3835,0.9997,4
556,5168,0.9996,5
557,409,1.0,1
557,6762,1.0,2
557,4818,1.0,3
557,6707,1.0,4
557,773,1.0,5
558,4816,1.0,1
558,1897,0.9997,2
558,7034,0.9992,3
558,1025,0.9989,4
558,4340,0.9982,5
559,2250,1.0,1
559,2612,0.9997,2
559,6637,0.9997,3
559,1359,0.9997,4
559,2252,0.9997,5
560,1014,1.0,1
560,71,1.0,2
560,3759,1.0,3
560,4535,1.0,4
560,6517,1.0,5
561,1488,1.0,1
561,2136,1.0,2
561,2871,0.9999,3
561,904,0.9998,4
561,514,0.9998,5
562,3977,1.0,1
562,5789,1.0,2
562,4576,0.9999,3
562,1840,0.9999,4
562,661,0.9999,5
563,422,1.0,1
563,1213,1.0,2
563,4328,1.0,3
563,5601,1.0,4
563,4019,1.0,5
564,1328,1.0,1
564,4113,1.0,2
564,6672,1.0,3
564,1421,0.9999,4
564,1460,0.9999,5
565,3150,0.9998,1
565,2899,0.9996,2
565,6982,0.9994,3
565,6866,0.9993,4
565,5223,0.9993,5
566,6696,1.0,1
566,1874,0.9999,2
566,5614,0.9999,3
566,4409,0.9999,4
566,6816,0.9998,5
567,3148,1.0,1
567,1179,1.0,2
567,4170,1.0,3
567,1424,0.9999,4
567,4693,0.9998,5
568,781,1.0,1
568,6578,0.9999,2
568,2600,0.9999,3
568,833,0.9999,4
568,6983,0.9999,5
569,1189,0.9999,1
569,5060,0.9998,2
569,6536,0.9997,3
569,5952,0.9994,4
569,3064,0.9994,5
570,3935,0.9998,1
570,5892,0.9997,2
570,425,0.9996,3
570,4751,0.9994,4
570,3990,0.999,5
571,1692,1.0,1
571,1547,1.0,2
571,5193,1.0,3
571,5358,1.0,4
571,4728,0.9999,5
572,5885,0.9999,1
572,4862,0.9999,2
572,2530,0.9993,3
572,4343,0.9983,4
572,3195,0.9981,5
573,2883,1.0,1
573,1139,1.0,2
573,6076,0.9997,3
573,5627,0.9997,4
573,5303,0.9996,5
574,1518,1.0,1
574,121,1.0,2
574,374,1.0,3
574,2592,0.9999,4
574,1346,0.9999,5
575,888,0.9999,1
575,4909,0.9989,2
575,6534,0.9988,3
575,3616,0.9983,4
575,708,0.998,5
576,6071,1.0,1
576,5812,1.0,2
576,6209,1.0,3
576,2170,0.9999,4
576,6218,0.9999,5
577,637,0.9998,1
577,1115,0.9995,2
577,3696,0.9995,3
577,4423,0.9994,4
577,1009,0.9993,5
578,473,0.9999,1
578,4781,0.9999,2
578,6152,0.9999,3
578,1964,0.9998,4
578,2612,0.9998,5
579,3287,1.0,1
579,1390,0.9999,2
579,2700,0.9998,3
579,3842,0.9998,4
579,725,0.9997,5
580,6159,1.0,1
580,5807,1.0,2
580,5399,1.0,3
580,4661,1.0,4
580,901,1.0,5
581,7021,1.0,1
581,5710,1.0,2
581,3334,1.0,3
581,225,1.0,4
581,2935,1.0,5
582,2130,1.0,1
582,5101,1.0,2
582,5072,1.0,3
582,1954,1.0,4
582,1955,1.0,5
583,6863,1.0,1
583,2742,0.9999,2
583,3563,0.9999,3
583,1030,0.9999,4
583,6682,0.9997,5
584,1734,1.0,1
584,4940,1.0,2
584,4349,1.0,3
584,3111,1.0,4
584,5337,1.0,5
585,4792,1.0,1
585,3181,1.0,2
585,1401,1.0,3
585,6141,1.0,4
585,6351,1.0,5
586,5877,1.0,1
586,2746,1.0,2
586,4586,1.0,3
586,6749,1.0,4
586,3079,0.9999,5
587,2914,1.0,1
587,1154,0.9999,2
587,6477,0.9998,3
587,3856,0.9995,4
587,4061,0.9994,5
588,6565,1.0,1
588,2002,1.0,2
588,361,1.0,3
588,6042,1.0,4
588,3022,1.0,5
589,6240,1.0,1
589,2602,1.0,2
589,36,1.0,3
589,871,0.9999,4
589,2562,0.9999,5
590,2061,1.0,1
590,2373,1.0,2
590,2041,1.0,3
590,3441,1.0,4
590,4584,1.0,5
591,5996,1.0,1
591,3524,1.0,2
591,3248,1.0,3
591,199,1.0,4
591,370,1.0,5
592,1383,1.0,1
592,412,1.0,2
592,2457,0.9998,3
592,4304,0.9998,4
592,6587,0.9998,5
593,2631,0.9999,1
593,144,0.9999,2
593,1293,0.9998,3
593,6103,0.9998,4
593,7013,0.9997,5
594,2156,0.9999,1
594,6850,0.9998,2
594,2176,0.9998,3
594,4911,0.9997,4
594,5340,0.9996,5
595,5316,1.0,1
595,1871,1.0,2
595,148,1.0,3
595,3593,1.0,4
595,965,1.0,5
596,2015,0.9997,1
596,2377,0.9997,2
596,7037,0.9996,3
596,6513,0.9995,4
596,2772,0.9988,5
597,3237,0.9999,1
597,2079,0.9996,2
597,6442,0.9995,3
597,3516,0.9995,4
597,6494,0.9995,5
598,4892,1.0,1
598,5775,0.9999,2
598,4644,0.9998,3
598,5385,0.9996,4
598,1915,0.9996,5
599,3649,1.0,1
599,4470,0.9999,2
599,1751,0.9998,3
599,526,0.9998,4
599,1118,0.9998,5
600,765,1.0,1
600,3238,1.0,2
600,1606,1.0,3
600,3829,0.9999,4
600,873,0.9999,5
601,1090,1.0,1
601,931,0.9999,2
601,3959,0.9998,3
601,923,0.9997,4
601,6564,0.9996,5
602,3023,1.0,1
602,4690,1.0,2
602,5754,1.0,3
602,6855,1.0,4
602,2648,1.0,5
603,5347,1.0,1
603,4761,0.9999,2
603,730,0.9999,3
603,2773,0.9999,4
603,4643,0.9999,5
604,4686,1.0,1
604,2056,0.9999,2
604,1314,0.9999,3
604,5445,0.9999,4
604,4002,0.9998,5
605,5716,0.9999,1
605,737,0.9989,2
605,1288,0.9986,3
605,5721,0.9984,4
605,4646,0.9983,5
606,2059,1.0,1
606,241,1.0,2
606,4680,1.0,3
606,1642,1.0,4
606,857,1.0,5
607,318,0.9999,1
607,305,0.9999,2
607,3448,0.9998,3
607,1554,0.9998,4
607,4528,0.9998,5
608,1350,0.9995,1
608,4924,0.9992,2
608,3371,0.9991,3
608,4076,0.9991,4
608,6436,0.9989,5
609,1736,1.0,1
609,1694,1.0,2
609,4027,1.0,3
609,2604,1.0,4
609,1876,1.0,5
610,5241,1.0,1
610,6381,1.0,2
610,4793,1.0,3
610,6113,0.9999,4
610,4288,0.9999,5
611,3962,0.9999,1
611,2713,0.9999,2
611,8,0.9997,3
611,237,0.9997,4
611,3319,0.9997,5
612,1465,1.0,1
612,2308,0.9999,2
612,6076,0.9998,3
612,6982,0.9997,4
612,6866,0.9997,5
613,1354,1.0,1
613,5972,1.0,2
613,873,1.0,3
613,4302,1.0,4
613,757,1.0,5
614,4259,0.9999,1
614,631,0.9999,2
614,2075,0.9999,3
614,5230,0.9998,4
614,786,0.9998,5
615,648,1.0,1
615,1031,1.0,2
615,6457,0.9999,3
615,3057,0.9999,4
615,1484,0.9998,5
616,2793,1.0,1
616,5855,1.0,2
616,3763,1.0,3
616,3797,1.0,4
616,3240,0.9997,5
617,1945,1.0,1
617,2348,0.9999,2
617,4971,0.9999,3
617,6675,0.9999,4
617,4401,0.9999,5
618,6181,1.0,1
618,5740,1.0,2
618,2068,0.9999,3
618,2811,0.9999,4
618,628,0.9999,5
619,6275,1.0,1
619,2626,0.9998,2
619,3949,0.9997,3
619,5941,0.9997,4
619,6996,0.9997,5
620,1908,1.0,1
620,5654,0.9999,2
620,1254,0.9999,3
620,4706,0.9998,4
620,938,0.9998,5
621,2762,1.0,1
621,5360,0.9986,2
621,4884,0.9984,3
621,961,0.9982,4
621,3192,0.9979,5
622,1469,1.0,1
622,3396,0.9999,2
622,6520,0.9998,3
622,5848,0.9997,4
622,3565,0.9997,5
623,3285,1.0,1
623,4059,1.0,2
623,6112,0.9999,3
623,381,0.9997,4
623,547,0.9997,5
624,405,1.0,1
624,4117,1.0,2
624,1934,1.0,3
624,5552,1.0,4
624,981,1.0,5
625,1317,1.0,1
625,5113,1.0,2
625,4204,1.0,3
625,4887,1.0,4
625,5078,1.0,5
626,2874,1.0,1
626,3598,1.0,2
626,3173,0.9999,3
626,1837,0.9996,4
626,4842,0.9994,5
627,2841,1.0,1
627,3246,0.9999,2
627,5595,0.9999,3
627,6984,0.9997,4
627,1973,0.9995,5
628,6113,1.0,1
628,6381,1.0,2
628,6370,1.0,3
628,2811,0.9999,4
628,4288,0.9999,5
629,4886,1.0,1
629,1062,1.0,2
629,746,1.0,3
629,3821,1.0,4
629,4337,0.9999,5
630,644,1.0,1
630,4382,1.0,2
630,2385,0.9999,3
630,1274,0.9999,4
630,6994,0.9998,5
631,4259,1.0,1
631,614,0.9999,2
631,2075,0.9998,3
631,3876,0.9997,4
631,5230,0.9997,5
632,5590,0.9999,1
632,77,0.9999,2
632,2378,0.9997,3
632,5525,0.9997,4
632,3619,0.9997,5
633,850,1.0,1
633,4497,1.0,2
633,3024,1.0,3
633,468,1.0,4
633,29,1.0,5
634,3711,1.0,1
634,4590,1.0,2
634,2859,1.0,3
634,3070,1.0,4
634,6385,1.0,5
635,5271,0.9999,1
635,6008,0.9997,2
635,1116,0.9996,3
635,6185,0.9995,4
635,5063,0.9994,5
636,5819,1.0,1
636,548,1.0,2
636,5835,1.0,3
636,5051,0.9999,4
636,7043,0.9999,5
637,577,0.9998,1
637,3165,0.9997,2
637,1009,0.9996,3
637,4536,0.9996,4
637,3865,0.9996,5
638,1630,1.0,1
638,1660,1.0,2
638,2473,0.9999,3
638,6939,0.9998,4
638,6430,0.9997,5
639,3473,1.0,1
639,2338,1.0,2
639,3373,0.9999,3
639,5685,0.9998,4
639,2076,0.9996,5
640,1367,1.0,1
640,1058,0.9999,2
640,428,0.9999,3
640,544,0.9999,4
640,6913,0.9998,5
641,3200,1.0,1
641,4755,1.0,2
641,3378,1.0,3
641,2884,1.0,4
641,6590,1.0,5
642,3777,1.0,1
642,2910,0.9999,2
642,6503,0.9997,3
642,3892,0.9997,4
642,4210,0.9995,5
643,5355,1.0,1
643,5141,1.0,2
643,845,1.0,3
643,3005,1.0,4
643,4327,1.0,5
644,630,1.0,1
644,4382,1.0,2
644,1274,0.9999,3
644,2385,0.9999,4
644,6994,0.9998,5
645,3309,1.0,1
645,4469,1.0,2
645,2160,1.0,3
645,1101,1.0,4
645,2826,0.9999,5
646,511,1.0,1
646,506,1.0,2
646,2340,0.9999,3
646,4125,0.9999,4
646,5534,0.9998,5
647,1994,1.0,1
647,965,1.0,2
647,3593,1.0,3
647,148,1.0,4
647,3880,1.0,5
648,1031,1.0,1
648,615,1.0,2
648,6457,0.9999,3
648,3057,0.9999,4
648,5186,0.9999,5
649,2185,0.9999,1
649,5784,0.9999,2
649,1601,0.9999,3
649,6090,0.9999,4
649,1030,0.9999,5
650,53,0.9999,1
650,3036,0.9998,2
650,452,0.9995,3
650,1686,0.9988,4
650,5853,0.9988,5
651,1080,1.0,1
651,5676,1.0,2
651,6782,1.0,3
651,5180,1.0,4
651,2307,1.0,5
652,3528,1.0,1
652,1466,1.0,2
652,475,1.0,3
652,4902,1.0,4
652,6634,1.0,5
653,5397,1.0,1
653,5504,1.0,2
653,6831,1.0,3
653,4770,1.0,4
653,331,1.0,5
654,5502,1.0,1
654,3630,1.0,2
654,5671,1.0,3
654,3151,1.0,4
654,1205,0.9998,5
655,5268,0.9999,1
655,726,0.9998,2
655,1450,0.9997,3
655,386,0.9993,4
655,815,0.9993,5
656,6525,1.0,1
656,1981,1.0,2
656,2799,1.0,3
656,4064,1.0,4
656,1013,0.9999,5
657,6874,1.0,1
657,338,1.0,2
657,3340,0.9999,3
657,3729,0.9999,4
657,6836,0.9999,5
658,1992,1.0,1
658,1178,0.9998,2
658,6299,0.9997,3
658,5661,0.9997,4
658,1303,0.9995,5
659,4970,1.0,1
659,2699,1.0,2
659,4690,1.0,3
659,5754,1.0,4
659,5399,1.0,5
660,4845,1.0,1
660,4505,1.0,2
660,2896,1.0,3
660,1004,1.0,4
660,1924,1.0,5
661,4488,1.0,1
661,3977,1.0,2
661,6105,1.0,3
661,3766,1.0,4
661,2032,0.9999,5
662,1850,1.0,1
662,290,1.0,2
662,5387,0.9999,3
662,5229,0.9999,4
662,6059,0.9999,5
663,1838,1.0,1
663,5737,1.0,2
663,3755,1.0,3
663,1572,1.0,4
663,886,1.0,5
664,1223,0.9999,1
664,5463,0.9999,2
664,2743,0.9998,3
664,5876,0.9998,4
664,6367,0.9998,5
665,4239,1.0,1
665,1789,1.0,2
665,139,1.0,3
665,5089,1.0,4
665,3771,1.0,5
666,5622,1.0,1
666,3886,1.0,2
666,6016,1.0,3
666,6719,1.0,4
666,6250,1.0,5
667,163,1.0,1
667,1071,1.0,2
667,6592,1.0,3
667,3732,1.0,4
667,3917,1.0,5
668,2091,0.9998,1
668,4993,0.9994,2
668,689,0.9986,3
668,3820,0.9985,4
668,3043,0.9985,5
669,3466,1.0,1
669,3480,1.0,2
669,4812,1.0,3
669,4648,1.0,4
669,724,0.9999,5
670,3423,1.0,1
670,6219,1.0,2
670,717,0.9999,3
670,1012,0.9998,4
670,4773,0.9998,5
671,5757,1.0,1
671,2179,1.0,2
671,4820,1.0,3
671,5980,1.0,4
671,3430,1.0,5
672,3512,0.9999,1
672,2200,0.9999,2
672,5526,0.9999,3
672,4694,0.9999,4
672,2821,0.9998,5
673,3672,1.0,1
673,460,1.0,2
673,1562,1.0,3
673,4354,1.0,4
673,1206,1.0,5
674,993,1.0,1
674,1552,1.0,2
674,727,0.9999,3
674,554,0.9997,4
674,2083,0.9997,5
675,1453,1.0,1
675,1863,0.9999,2
675,3657,0.9994,3
675,3614,0.9994,4
675,426,0.9991,5
676,1436,1.0,1
676,3256,1.0,2
676,6036,1.0,3
676,6606,1.0,4
676,1776,0.9999,5
677,1637,1.0,1
677,3899,1.0,2
677,5583,1.0,3
677,6657,0.9999,4
677,2457,0.9998,5
678,1852,1.0,1
678,7000,1.0,2
678,4184,1.0,3
678,3906,0.9999,4
678,6885,0.9999,5
679,1720,1.0,1
679,3838,0.9998,2
679,2388,0.9997,3
679,3086,0.9995,4
679,4739,0.9994,5
680,3600,1.0,1
680,1729,1.0,2
680,1303,1.0,3
680,3089,0.9998,4
680,6299,0.9996,5
681,5301,1.0,1
681,2096,1.0,2
681,208,1.0,3
681,3889,1.0,4
681,2614,1.0,5
682,1755,0.9999,1
682,1819,0.9999,2
682,1230,0.9998,3
682,6977,0.9996,4
682,3582,0.9996,5
683,75,1.0,1
683,1915,1.0,2
683,796,0.9999,3
683,5385,0.9999,4
683,4968,0.9998,5
684,5188,0.9999,1
684,6497,0.9999,2
684,1126,0.9998,3
684,6545,0.9997,4
684,5669,0.9997,5
685,4790,1.0,1
685,5813,1.0,2
685,2270,1.0,3
685,2078,1.0,4
685,5725,1.0,5
686,6340,1.0,1
686,3042,1.0,2
686,4091,1.0,3
686,2273,1.0,4
686,1384,1.0,5
687,5928,1.0,1
687,4439,1.0,2
687,5409,1.0,3
687,5527,1.0,4
687,3177,0.9999,5
688,4162,1.0,1
688,3639,0.9999,2
688,6347,0.9999,3
688,3632,0.9999,4
688,1671,0.9999,5
689,4993,0.9998,1
689,1790,0.9994,2
689,668,0.9986,3
689,3874,0.9986,4
689,2200,0.9985,5
690,3851,1.0,1
690,4910,1.0,2
690,6225,0.9999,3
690,4623,0.9999,4
690,504,0.9998,5
691,2714,1.0,1
691,2893,1.0,2
691,2122,1.0,3
691,2829,1.0,4
691,4011,1.0,5
692,5594,1.0,1
692,5256,0.9996,2
692,1146,0.9989,3
692,4656,0.9988,4
692,4878,0.9987,5
693,364,1.0,1
693,1701,1.0,2
693,5752,1.0,3
693,2524,1.0,4
693,1259,1.0,5
694,6931,1.0,1
694,6719,1.0,2
694,2106,1.0,3
694,3886,1.0,4
694,66,1.0,5
695,5551,0.9999,1
695,1010,0.9999,2
695,3006,0.9996,3
695,6533,0.9985,4
695,4981,0.9985,5
696,5562,1.0,1
696,5739,1.0,2
696,5220,1.0,3
696,4186,1.0,4
696,5541,1.0,5
697,2921,1.0,1
697,1683,1.0,2
697,3620,1.0,3
697,4873,1.0,4
697,6230,1.0,5
698,1011,1.0,1
698,1048,1.0,2
698,7002,1.0,3
698,3779,1.0,4
698,2145,1.0,5
699,5913,1.0,1
699,5112,1.0,2
699,1130,0.9999,3
699,6208,0.9999,4
699,6813,0.9997,5
700,5282,1.0,1
700,764,1.0,2
700,5250,1.0,3
700,4163,0.9999,4
700,4994,0.9999,5
701,2198,1.0,1
701,4883,0.9999,2
701,5118,0.9997,3
701,5423,0.9996,4
701,7029,0.9996,5
702,4130,0.9989,1
702,5071,0.9988,2
702,5384,0.9986,3
702,996,0.9986,4
702,4720,0.9985,5
703,4255,0.9999,1
703,1392,0.9998,2
703,6713,0.9993,3
703,2156,0.9993,4
703,2176,0.9992,5
704,6160,1.0,1
704,3218,1.0,2
704,3828,1.0,3
704,3722,1.0,4
704,3098,1.0,5
705,3744,1.0,1
705,6761,1.0,2
705,6242,0.9999,3
705,6951,0.9999,4
705,2469,0.9999,5
706,6643,0.9997,1
706,476,0.9993,2
706,943,0.9993,3
706,3633,0.9992,4
706,2848,0.9992,5
707,5768,1.0,1
707,4201,1.0,2
707,1858,0.9999,3
707,5367,0.9999,4
707,6625,0.9999,5
708,5723,1.0,1
708,3616,0.9998,2
708,6534,0.9998,3
708,4189,0.9998,4
708,4909,0.9998,5
709,1092,1.0,1
709,308,1.0,2
709,413,0.9999,3
709,4094,0.9997,4
709,5472,0.9993,5
710,5610,1.0,1
710,1676,0.9994,2
710,4515,0.9991,3
710,6698,0.9989,4
710,454,0.9989,5
711,543,1.0,1
711,6382,1.0,2
711,4785,1.0,3
711,2959,1.0,4
711,1492,1.0,5
712,4371,0.9995,1
712,5535,0.9994,2
712,162,0.9994,3
712,2906,0.9987,4
712,5064,0.9985,5
713,1077,1.0,1
713,1762,1.0,2
713,992,1.0,3
713,6857,1.0,4
713,6235,1.0,5
714,2872,1.0,1
714,2215,1.0,2
714,5985,0.9998,3
714,5700,0.9997,4
714,759,0.9997,5
715,5025,1.0,1
715,2981,1.0,2
715,2510,1.0,3
715,3383,1.0,4
715,915,1.0,5
716,5245,0.9998,1
716,6371,0.9998,2
716,6168,0.9998,3
716,3072,0.9997,4
716,5436,0.9997,5
717,1012,1.0,1
717,3423,0.9999,2
717,6219,0.9999,3
717,670,0.9999,4
717,5291,0.9998,5
718,960,0.9999,1
718,3048,0.9993,2
718,4324,0.9992,3
718,2141,0.9992,4
718,1823,0.9991,5
719,4675,1.0,1
719,6062,0.9996,2
719,3106,0.9992,3
719,1168,0.9991,4
719,6734,0.9986,5
720,6825,0.9998,1
720,4699,0.9998,2
720,3780,0.9998,3
720,502,0.9996,4
720,6139,0.9995,5
721,1477,1.0,1
721,6646,1.0,2
721,5151,1.0,3
721,3476,1.0,4
721,6577,1.0,5
722,180,1.0,1
722,4176,1.0,2
722,5310,1.0,3
722,5929,1.0,4
722,213,1.0,5
723,2174,1.0,1
723,2292,1.0,2
723,3326,1.0,3
723,276,0.9999,4
723,3051,0.9999,5
724,2558,1.0,1
724,3223,0.9999,2
724,4894,0.9999,3
724,259,0.9999,4
724,1999,0.9999,5
725,2666,1.0,1
725,1390,0.9999,2
725,5440,0.9998,3
725,2700,0.9998,4
725,579,0.9997,5
726,5268,0.9999,1
726,655,0.9998,2
726,386,0.9995,3
726,1450,0.9993,4
726,815,0.9988,5
727,1552,0.9999,1
727,993,0.9999,2
727,674,0.9999,3
727,2083,0.9998,4
727,2384,0.9997,5
728,5396,1.0,1
728,315,1.0,2
728,5804,1.0,3
728,5558,0.9999,4
728,6937,0.9999,5
729,3564,0.9999,1
729,1978,0.9998,2
729,2396,0.9998,3
729,1629,0.9998,4
729,2512,0.9997,5
730,4643,1.0,1
730,603,0.9999,2
730,3168,0.9999,3
730,5347,0.9999,4
730,6486,0.9999,5
731,4529,0.9998,1
731,6371,0.9996,2
731,5245,0.9996,3
731,716,0.9996,4
731,4736,0.9995,5
732,3129,1.0,1
732,2759,1.0,2
732,3243,1.0,3
732,361,1.0,4
732,868,1.0,5
733,2547,0.9998,1
733,2154,0.9996,2
733,2781,0.9992,3
733,3497,0.9992,4
733,6962,0.9992,5
734,1538,1.0,1
734,4087,1.0,2
734,3824,1.0,3
734,2221,1.0,4
734,5430,1.0,5
735,5782,0.9998,1
735,2039,0.9995,2
735,3655,0.9994,3
735,2224,0.9994,4
735,3490,0.9994,5
736,5695,0.9996,1
736,1063,0.9989,2
736,3606,0.9988,3
736,5239,0.998,4
736,1685,0.9975,5
737,1288,0.9996,1
737,2343,0.9992,2
737,605,0.9989,3
737,5716,0.9987,4
737,2607,0.9979,5
738,2165,1.0,1
738,3607,1.0,2
738,6993,0.9999,3
738,2319,0.9999,4
738,1094,0.9999,5
739,6741,0.9997,1
739,4472,0.9991,2
739,3714,0.9989,3
739,3011,0.9988,4
739,1757,0.9988,5
740,2885,1.0,1
740,2241,1.0,2
740,1918,1.0,3
740,1113,1.0,4
740,5471,1.0,5
741,2333,0.9999,1
741,2858,0.9998,2
741,4871,0.9998,3
741,3046,0.9998,4
741,5116,0.9998,5
742,2157,1.0,1
742,2624,1.0,2
742,335,1.0,3
742,48,1.0,4
742,5381,1.0,5
743,802,1.0,1
743,4454,1.0,2
743,1800,1.0,3
743,6357,1.0,4
743,86,0.9999,5
744,5746,1.0,1
744,455,1.0,2
744,5443,0.9999,3
744,1034,0.9999,4
744,1218,0.9999,5
745,1295,0.9999,1
745,2617,0.9999,2
745,795,0.9999,3
745,782,0.9999,4
745,3029,0.9999,5
746,4337,1.0,1
746,4886,1.0,2
746,629,1.0,3
746,5320,1.0,4
746,5795,1.0,5
747,1281,1.0,1
747,1136,1.0,2
747,5743,1.0,3
747,527,1.0,4
747,4230,1.0,5
748,7009,1.0,1
748,6644,1.0,2
748,2590,0.9999,3
748,6810,0.9999,4
748,4664,0.9999,5
749,2461,1.0,1
749,6770,1.0,2
749,5581,1.0,3
749,1425,1.0,4
749,5736,1.0,5
750,3565,1.0,1
750,2321,1.0,2
750,5638,0.9999,3
750,2852,0.9999,4
750,6520,0.9999,5
751,2787,0.9998,1
751,1650,0.9998,2
751,1885,0.999,3
751,5466,0.9989,4
751,2795,0.9987,5
752,1600,1.0,1
752,1296,1.0,2
752,4430,1.0,3
752,6979,1.0,4
752,6437,1.0,5
753,3555,1.0,1
753,6598,0.9999,2
753,142,0.9998,3
753,1964,0.9997,4
753,3260,0.9996,5
754,4381,1.0,1
754,3332,1.0,2
754,5219,1.0,3
754,1075,1.0,4
754,1940,1.0,5
755,347,1.0,1
755,1531,1.0,2
755,2099,1.0,3
755,384,0.9999,4
755,4955,0.9999,5
756,2049,0.9997,1
756,6972,0.9996,2
756,6127,0.9994,3
756,1486,0.9994,4
756,5534,0.9993,5
757,4302,1.0,1
757,873,1.0,2
757,5972,1.0,3
757,6377,1.0,4
757,1354,1.0,5
758,6158,1.0,1
758,4445,1.0,2
758,4942,1.0,3
758,6259,1.0,4
758,3050,1.0,5
759,4652,1.0,1
759,5700,0.9999,2
759,2215,0.9997,3
759,2872,0.9997,4
759,714,0.9997,5
760,2350,1.0,1
760,29,1.0,2
760,1903,1.0,3
760,4104,1.0,4
760,5182,1.0,5
761,200,1.0,1
761,4326,1.0,2
761,4186,1.0,3
761,4477,1.0,4
761,3500,1.0,5
762,5195,1.0,1
762,7,1.0,2
762,312,1.0,3
762,4254,0.9999,4
762,4815,0.9999,5
763,4224,1.0,1
763,5764,1.0,2
763,1207,1.0,3
763,1636,1.0,4
763,5204,1.0,5
764,5282,1.0,1
764,5250,1.0,2
764,700,1.0,3
764,4005,0.9999,4
764,97,0.9999,5
765,3238,1.0,1
765,1606,1.0,2
765,600,1.0,3
765,3829,1.0,4
765,6377,0.9999,5
766,1704,1.0,1
766,6685,1.0,2
766,3927,0.9998,3
766,2991,0.9998,4
766,2418,0.9998,5
767,5964,1.0,1
767,2058,1.0,2
767,2040,0.9999,3
767,4378,0.9995,4
767,2906,0.9994,5
768,3276,1.0,1
768,6595,1.0,2
768,1983,1.0,3
768,2074,1.0,4
768,6767,1.0,5
769,2129,1.0,1
769,6693,1.0,2
769,243,1.0,3
769,1396,0.9998,4
769,299,0.9998,5
770,30,1.0,1
770,1221,0.9995,2
770,444,0.9995,3
770,2282,0.9995,4
770,159,0.9994,5
771,1352,1.0,1
771,3709,1.0,2
771,5619,1.0,3
771,3251,1.0,4
771,4594,1.0,5
772,5414,0.9999,1
772,6153,0.9997,2
772,3991,0.9996,3
772,5992,0.9994,4
772,5080,0.9992,5
773,409,1.0,1
773,557,1.0,2
773,4818,1.0,3
773,5389,1.0,4
773,6762,1.0,5
774,5971,1.0,1
774,2456,1.0,2
774,2656,0.9999,3
774,4166,0.9999,4
774,3403,0.9998,5
775,5435,1.0,1
775,4589,0.9999,2
775,3551,0.9995,3
775,5077,0.9995,4
775,1321,0.9994,5
776,1301,1.0,1
776,4935,1.0,2
776,2451,1.0,3
776,4032,1.0,4
776,4165,1.0,5
777,6044,1.0,1
777,5065,0.9998,2
777,2755,0.9998,3
777,1019,0.9998,4
777,5547,0.9996,5
778,6499,0.9999,1
778,2862,0.9999,2
778,3273,0.9998,3
778,4096,0.9998,4
778,1084,0.9998,5
779,5545,1.0,1
779,6705,1.0,2
779,4992,0.9999,3
779,3447,0.9998,4
779,4573,0.9998,5
780,1764,1.0,1
780,6266,1.0,2
780,6704,1.0,3
780,4765,1.0,4
780,5708,1.0,5
781,568,1.0,1
781,6578,0.9999,2
781,2600,0.9999,3
781,833,0.9999,4
781,6983,0.9999,5
782,4991,0.9999,1
782,1821,0.9999,2
782,2749,0.9999,3
782,2479,0.9999,4
782,795,0.9999,5
783,1885,0.9997,1
783,2499,0.9995,2
783,6286,0.9991,3
783,5238,0.9991,4
783,3359,0.9991,5
784,489,0.9998,1
784,1489,0.9998,2
784,5313,0.9998,3
784,2256,0.9998,4
784,433,0.9997,5
785,5393,0.9999,1
785,867,0.9995,2
785,2995,0.9994,3
785,6327,0.9991,4
785,2719,0.9991,5
786,4402,1.0,1
786,614,0.9998,2
786,4259,0.9995,3
786,631,0.9994,4
786,2075,0.9994,5
787,207,1.0,1
787,6941,1.0,2
787,6425,0.9999,3
787,3684,0.9998,4
787,2542,0.9998,5
788,3442,1.0,1
788,6021,0.9999,2
788,1370,0.9988,3
788,6433,0.9988,4
788,5880,0.9988,5
789,4206,1.0,1
789,3633,0.9993,2
789,3479,0.9993,3
789,4837,0.9993,4
789,4314,0.9992,5
790,6816,1.0,1
790,5614,0.9999,2
790,1391,0.9999,3
790,1874,0.9999,4
790,5956,0.9999,5
791,2806,1.0,1
791,5821,1.0,2
791,453,1.0,3
791,5501,0.9999,4
791,6249,0.9999,5
792,1715,1.0,1
792,336,0.9999,2
792,2490,0.9998,3
792,1537,0.9998,4
792,2126,0.9998,5
793,2391,1.0,1
793,1441,1.0,2
793,1495,1.0,3
793,909,1.0,4
793,2353,1.0,5
794,3274,0.9985,1
794,4424,0.9976,2
794,6904,0.9975,3
794,1192,0.9971,4
794,997,0.9958,5
795,1295,1.0,1
795,2617,1.0,2
795,4991,0.9999,3
795,745,0.9999,4
795,1821,0.9999,5
796,683,0.9999,1
796,75,0.9999,2
796,1915,0.9998,3
796,4968,0.9998,4
796,4644,0.9996,5
797,227,0.9999,1
797,4580,0.9999,2
797,1553,0.9995,3
797,2124,0.9994,4
797,91,0.9992,5
798,4858,1.0,1
798,4028,0.9999,2
798,2977,0.9998,3
798,6785,0.9998,4
798,2752,0.9998,5
799,3803,1.0,1
799,4565,1.0,2
799,4521,1.0,3
799,4237,1.0,4
799,6108,1.0,5
800,5854,1.0,1
800,6645,0.9999,2
800,1107,0.9999,3
800,4446,0.9999,4
800,6552,0.9998,5
801,4513,1.0,1
801,4585,0.9999,2
801,2254,0.9997,3
801,4507,0.9997,4
801,6764,0.9996,5
802,4454,1.0,1
802,743,1.0,2
802,1800,1.0,3
802,6357,1.0,4
802,86,0.9999,5
803,4593,1.0,1
803,3645,0.9999,2
803,4159,0.9999,3
803,1693,0.9998,4
803,1117,0.9998,5
804,2858,0.9998,1
804,741,0.9998,2
804,5116,0.9998,3
804,2333,0.9994,4
804,4871,0.9993,5
805,5398,1.0,1
805,5810,0.9999,2
805,6212,0.9999,3
805,3463,0.9998,4
805,3051,0.9998,5
806,5345,0.9999,1
806,297,0.9999,2
806,969,0.9999,3
806,6648,0.9999,4
806,1567,0.9999,5
807,6848,0.9997,1
807,64,0.9997,2
807,4599,0.9995,3
807,6494,0.9995,4
807,6442,0.9995,5
808,3041,1.0,1
808,5770,1.0,2
808,976,1.0,3
808,6304,1.0,4
808,5023,1.0,5
809,2937,0.9999,1
809,5449,0.9999,2
809,2491,0.9998,3
809,6809,0.9998,4
809,6396,0.9998,5
810,447,1.0,1
810,4082,1.0,2
810,6934,1.0,3
810,6489,1.0,4
810,5873,1.0,5
811,1982,0.9999,1
811,5127,0.9999,2
811,6449,0.9999,3
811,4714,0.9998,4
811,5324,0.9998,5
812,6279,1.0,1
812,6935,0.9999,2
812,1409,0.9999,3
812,2309,0.9999,4
812,4396,0.9999,5
813,4658,1.0,1
813,1829,1.0,2
813,6054,0.9998,3
813,2716,0.9998,4
813,6995,0.9998,5
814,117,0.9991,1
814,6270,0.9989,2
814,3021,0.9985,3
814,2110,0.9984,4
814,1799,0.9983,5
815,2675,0.9999,1
815,1450,0.9999,2
815,2554,0.9994,3
815,655,0.9993,4
815,3104,0.9989,5
816,4144,1.0,1
816,1549,0.9995,2
816,1959,0.9994,3
816,7039,0.9994,4
816,3707,0.9994,5
817,3592,1.0,1
817,1881,1.0,2
817,6521,1.0,3
817,2730,1.0,4
817,372,0.9999,5
818,4135,1.0,1
818,4200,1.0,2
818,5372,0.9999,3
818,945,0.9999,4
818,2183,0.9999,5
819,4555,0.999,1
819,6551,0.9986,2
819,5045,0.9979,3
819,2954,0.9976,4
819,920,0.9975,5
820,4662,0.9999,1
820,2698,0.9999,2
820,5269,0.9999,3
820,6736,0.9999,4
820,5860,0.9998,5
821,512,1.0,1
821,6566,1.0,2
821,5542,1.0,3
821,1478,1.0,4
821,2610,1.0,5
822,5306,1.0,1
822,3798,0.9999,2
822,2411,0.9998,3
822,6177,0.9998,4
822,3400,0.9998,5
823,6949,1.0,1
823,6343,0.9999,2
823,2301,0.9999,3
823,3446,0.9999,4
823,2053,0.9999,5
824,3294,1.0,1
824,854,1.0,2
824,6928,0.9999,3
824,2865,0.9998,4
824,5385,0.9998,5
825,1595,1.0,1
825,3725,0.9999,2
825,2636,0.9999,3
825,6317,0.9999,4
825,1271,0.9999,5
826,3727,1.0,1
826,4463,0.9998,2
826,4435,0.9997,3
826,5371,0.9997,4
826,4939,0.9997,5
827,5091,1.0,1
827,6627,0.9999,2
827,4957,0.9999,3
827,6216,0.9996,4
827,2632,0.9993,5
828,1668,1.0,1
828,4133,0.9999,2
828,4372,0.9999,3
828,2826,0.9999,4
828,2566,0.9998,5
829,62,0.9999,1
829,2972,0.9999,2
829,6248,0.9998,3
829,379,0.9997,4
829,4487,0.9996,5
830,4351,0.9997,1
830,1990,0.9994,2
830,5339,0.9976,3
830,5602,0.9976,4
830,2539,0.9974,5
831,4713,1.0,1
831,3855,0.9999,2
831,2791,0.9999,3
831,5335,0.9999,4
831,4708,0.9998,5
832,1117,1.0,1
832,3645,0.9998,2
832,4159,0.9998,3
832,1693,0.9998,4
832,5642,0.9998,5
833,5573,1.0,1
833,4190,0.9999,2
833,6578,0.9999,3
833,568,0.9999,4
833,2654,0.9999,5
834,6960,0.9998,1
834,1644,0.9998,2
834,6485,0.9997,3
834,3464,0.9995,4
834,5206,0.9995,5
835,1899,0.9999,1
835,927,0.9999,2
835,1267,0.9999,3
835,4447,0.9999,4
835,4185,0.9998,5
836,2481,0.9999,1
836,6966,0.9999,2
836,2167,0.9999,3
836,3625,0.9995,4
836,4160,0.9995,5
837,6977,1.0,1
837,2546,1.0,2
837,1220,0.9999,3
837,1941,0.9999,4
837,5660,0.9999,5
838,5818,1.0,1
838,2741,1.0,2
838,5464,1.0,3
838,2127,1.0,4
838,4707,1.0,5
839,445,0.9994,1
839,3975,0.9991,2
839,1114,0.9991,3
839,4407,0.9991,4
839,3315,0.9989,5
840,1913,1.0,1
840,2504,1.0,2
840,6215,1.0,3
840,4637,1.0,4
840,469,1.0,5
841,6312,1.0,1
841,6820,0.9999,2
841,530,0.9999,3
841,4692,0.9999,4
841,5049,0.9999,5
842,7023,1.0,1
842,3742,1.0,2
842,4823,1.0,3
842,2204,1.0,4
842,5621,1.0,5
843,22,1.0,1
843,1815,1.0,2
843,295,1.0,3
843,2769,1.0,4
843,5249,1.0,5
844,5457,1.0,1
844,942,0.9999,2
844,5560,0.9999,3
844,1986,0.9999,4
844,5506,0.9999,5
845,5308,1.0,1
845,643,1.0,2
845,5355,1.0,3
845,3456,0.9999,4
845,971,0.9999,5
846,4358,1.0,1
846,6277,1.0,2
846,2251,1.0,3
846,3840,1.0,4
846,5327,1.0,5
847,219,1.0,1
847,1197,0.9999,2
847,6103,0.9999,3
847,144,0.9999,4
847,2853,0.9999,5
848,935,1.0,1
848,2993,0.9999,2
848,5800,0.9998,3
848,6261,0.9997,4
848,8,0.9995,5
849,4217,1.0,1
849,1364,1.0,2
849,6190,1.0,3
849,6660,1.0,4
849,4271,1.0,5
850,633,1.0,1
850,4497,1.0,2
850,468,1.0,3
850,3024,1.0,4
850,5735,1.0,5
851,4554,1.0,1
851,4621,1.0,2
851,552,1.0,3
851,4264,1.0,4
851,2560,1.0,5
852,1860,1.0,1
852,3264,1.0,2
852,3179,0.9999,3
852,504,0.9999,4
852,5386,0.9999,5
853,6134,1.0,1
853,4110,1.0,2
853,2726,1.0,3
853,3622,1.0,4
853,3081,1.0,5
854,6928,1.0,1
854,3294,1.0,2
854,824,1.0,3
854,5385,0.9999,4
854,2865,0.9998,5
855,1759,1.0,1
855,2918,1.0,2
855,3505,1.0,3
855,3964,1.0,4
855,1909,0.9999,5
856,2974,1.0,1
856,1275,0.9999,2
856,890,0.9999,3
856,6182,0.9999,4
856,4182,0.9999,5
857,2294,1.0,1
857,1257,1.0,2
857,4680,1.0,3
857,241,1.0,4
857,2059,1.0,5
858,5376,1.0,1
858,5486,1.0,2
858,3710,1.0,3
858,3566,1.0,4
858,5954,1.0,5
859,5266,1.0,1
859,6223,1.0,2
859,2218,0.9999,3
859,396,0.9999,4
859,1419,0.9999,5
860,4616,1.0,1
860,6515,1.0,2
860,1482,1.0,3
860,1806,1.0,4
860,2118,1.0,5
861,3239,1.0,1
861,6222,1.0,2
861,1061,1.0,3
861,6491,1.0,4
861,2953,1.0,5
862,2938,1.0,1
862,6124,0.9999,2
862,4048,0.9999,3
862,1414,0.9999,4
862,4353,0.9998,5
863,1581,0.9996,1
863,5851,0.9996,2
863,3807,0.9995,3
863,6969,0.9995,4
863,6193,0.9995,5
864,5283,1.0,1
864,1725,1.0,2
864,1527,1.0,3
864,6314,0.9999,4
864,6463,0.9999,5
865,4688,1.0,1
865,2641,1.0,2
865,955,1.0,3
865,1462,0.9998,4
865,3258,0.9997,5
866,1448,1.0,1
866,4754,1.0,2
866,3764,1.0,3
866,2958,1.0,4
866,4947,1.0,5
867,2995,1.0,1
867,5393,0.9999,2
867,785,0.9995,3
867,1111,0.9995,4
867,6680,0.9992,5
868,3243,1.0,1
868,5326,1.0,2
868,1519,1.0,3
868,732,1.0,4
868,3129,1.0,5
869,3016,0.9999,1
869,2807,0.9998,2
869,2412,0.9998,3
869,4821,0.9998,4
869,2660,0.9996,5
870,4110,1.0,1
870,6134,1.0,2
870,853,1.0,3
870,2726,0.9999,4
870,3622,0.9999,5
871,2942,1.0,1
871,6916,1.0,2
871,2602,1.0,3
871,2526,1.0,4
871,4052,1.0,5
872,4552,0.9999,1
872,5380,0.9999,2
872,1625,0.9998,3
872,4134,0.9998,4
872,6932,0.9998,5
873,5972,1.0,1
873,4302,1.0,2
873,757,1.0,3
873,1354,1.0,4
873,6377,1.0,5
874,2627,0.9999,1
874,6942,0.9999,2
874,6393,0.9999,3
874,1820,0.9998,4
874,3576,0.9998,5
875,4377,1.0,1
875,5895,0.9999,2
875,4814,0.9999,3
875,6511,0.9999,4
875,6265,0.9998,5
876,4604,1.0,1
876,6885,1.0,2
876,3906,1.0,3
876,3946,1.0,4
876,7000,0.9999,5
877,179,1.0,1
877,6801,0.9998,2
877,4932,0.9998,3
877,3864,0.9993,4
877,5155,0.9992,5
878,3083,1.0,1
878,1611,1.0,2
878,1937,1.0,3
878,6758,0.9999,4
878,5107,0.9997,5
879,5522,0.9999,1
879,1322,0.9999,2
879,1647,0.9998,3
879,1845,0.9996,4
879,5462,0.9995,5
880,1826,0.9988,1
880,6549,0.9958,2
880,2489,0.9955,3
880,2,0.9955,4
880,6388,0.9925,5
881,2295,0.9995,1
881,2583,0.9991,2
881,6194,0.9984,3
881,2266,0.9982,4
881,6801,0.9981,5
882,3006,0.9996,1
882,1010,0.999,2
882,695,0.9985,3
882,5758,0.9976,4
882,5551,0.9976,5
883,4406,1.0,1
883,3068,0.9999,2
883,5361,0.9999,3
883,2351,0.9998,4
883,5398,0.9998,5
884,3902,1.0,1
884,2205,1.0,2
884,1294,1.0,3
884,2744,1.0,4
884,6690,0.9999,5
885,1334,0.9998,1
885,4282,0.9998,2
885,5217,0.9996,3
885,3874,0.9992,4
885,2363,0.9987,5
886,1838,1.0,1
886,5737,1.0,2
886,3755,1.0,3
886,1572,1.0,4
886,6231,1.0,5
887,3963,1.0,1
887,2443,1.0,2
887,5494,0.9999,3
887,6837,0.9999,4
887,5938,0.9999,5
888,575,0.9999,1
888,4909,0.999,2
888,6534,0.9988,3
888,3616,0.9988,4
888,2564,0.9985,5
889,5206,1.0,1
889,3464,1.0,2
889,6485,1.0,3
889,1644,0.9999,4
889,4804,0.9998,5
890,4141,1.0,1
890,4118,1.0,2
890,57,1.0,3
890,2974,0.9999,4
890,856,0.9999,5
891,5957,0.9999,1
891,1472,0.9999,2
891,4334,0.9997,3
891,3698,0.9994,4
891,5970,0.9994,5
892,6186,1.0,1
892,6352,1.0,2
892,6640,1.0,3
892,2212,1.0,4
892,2926,1.0,5
893,6823,0.9999,1
893,986,0.9999,2
893,3573,0.9998,3
893,4543,0.9997,4
893,3099,0.9993,5
894,2047,1.0,1
894,5951,1.0,2
894,3757,1.0,3
894,4425,1.0,4
894,6537,1.0,5
895,6873,1.0,1
895,537,1.0,2
895,4365,0.9999,3
895,1541,0.9999,4
895,3182,0.9999,5
896,5156,1.0,1
896,5519,1.0,2
896,6987,1.0,3
896,2571,1.0,4
896,515,0.9999,5
897,3879,1.0,1
897,2188,1.0,2
897,6307,1.0,3
897,1768,1.0,4
897,6404,0.9999,5
898,3229,1.0,1
898,1556,1.0,2
898,1235,0.9999,3
898,277,0.9999,4
898,2639,0.9999,5
899,500,0.9999,1
899,1435,0.9999,2
899,3350,0.9998,3
899,3611,0.9998,4
899,2544,0.9998,5
900,232,0.9999,1
900,1664,0.9999,2
900,2131,0.9999,3
900,3546,0.9999,4
900,972,0.9999,5
901,4661,1.0,1
901,2375,1.0,2
901,5596,1.0,3
901,5807,1.0,4
901,4795,1.0,5
902,86,0.9999,1
902,6,0.9999,2
902,802,0.9998,3
902,4454,0.9998,4
902,743,0.9997,5
903,4330,1.0,1
903,4504,1.0,2
903,4550,0.9998,3
903,1517,0.9998,4
903,4411,0.9997,5
904,514,1.0,1
904,5052,1.0,2
904,2136,0.9999,3
904,1488,0.9999,4
904,561,0.9998,5
905,4345,0.9999,1
905,3090,0.9998,2
905,4473,0.9998,3
905,4540,0.9998,4
905,3125,0.9998,5
906,3588,0.9999,1
906,1027,0.9999,2
906,966,0.9999,3
906,2281,0.9999,4
906,6887,0.9999,5
907,6747,1.0,1
907,958,1.0,2
907,4934,0.9998,3
907,3961,0.9994,4
907,6797,0.9994,5
908,444,0.9993,1
908,1232,0.9989,2
908,2952,0.9985,3
908,1221,0.9978,4
908,770,0.9977,5
909,1441,1.0,1
909,1343,1.0,2
909,793,1.0,3
909,6287,1.0,4
909,2391,1.0,5
910,6860,1.0,1
910,3248,0.9999,2
910,591,0.9999,3
910,5996,0.9999,4
910,5711,0.9999,5
911,3105,0.9998,1
911,2796,0.9997,2
911,4180,0.9996,3
911,4524,0.9996,4
911,4626,0.9995,5
912,4811,1.0,1
912,1041,0.9998,2
912,1608,0.9996,3
912,3470,0.9996,4
912,4414,0.9996,5
913,6226,1.0,1
913,1912,1.0,2
913,6701,1.0,3
913,3544,1.0,4
913,6072,1.0,5
914,520,1.0,1
914,5249,1.0,2
914,5013,1.0,3
914,4138,1.0,4
914,1902,1.0,5
915,6881,1.0,1
915,2510,1.0,2
915,3467,1.0,3
915,3985,1.0,4
915,4762,1.0,5
916,5482,1.0,1
916,6258,1.0,2
916,3822,1.0,3
916,2037,1.0,4
916,6439,1.0,5
917,291,0.9998,1
917,6969,0.9998,2
917,4704,0.9989,3
917,1812,0.9988,4
917,863,0.9987,5
918,4311,1.0,1
918,944,1.0,2
918,4994,1.0,3
918,4163,1.0,4
918,2973,1.0,5
919,3562,1.0,1
919,5323,0.9995,2
919,1135,0.9994,3
919,3881,0.9994,4
919,4933,0.9992,5
920,1703,1.0,1
920,5699,1.0,2
920,3365,1.0,3
920,4145,1.0,4
920,6551,0.9998,5
921,3084,1.0,1
921,1204,1.0,2
921,4480,0.9999,3
921,744,0.9999,4
921,6066,0.9999,5
922,5772,1.0,1
922,2485,1.0,2
922,6689,1.0,3
922,2850,1.0,4
922,1902,1.0,5
923,931,1.0,1
923,1090,0.9998,2
923,601,0.9997,3
923,1337,0.9996,4
923,6543,0.9996,5
924,4366,1.0,1
924,44,1.0,2
924,4384,1.0,3
924,1541,1.0,4
924,4365,1.0,5
925,483,0.9995,1
925,1812,0.9995,2
925,1297,0.9994,3
925,4140,0.9994,4
925,4367,0.9993,5
926,1146,0.9996,1
926,5256,0.999,2
926,4656,0.9986,3
926,5594,0.9986,4
926,692,0.9983,5
927,4447,1.0,1
927,1160,0.9999,2
927,5040,0.9999,3
927,6553,0.9999,4
927,6688,0.9999,5
928,5424,1.0,1
928,6999,0.9999,2
928,5130,0.9998,3
928,3796,0.9997,4
928,4465,0.9997,5
929,6091,1.0,1
929,4685,0.9999,2
929,2211,0.9999,3
929,4396,0.9999,4
929,5450,0.9999,5
930,5340,0.9997,1
930,4911,0.9997,2
930,2176,0.9995,3
930,2156,0.9994,4
930,1823,0.9993,5
931,923,1.0,1
931,1090,1.0,2
931,601,0.9999,3
931,1337,0.9996,4
931,3152,0.9996,5
932,5294,0.9999,1
932,206,0.9998,2
932,4313,0.9991,3
932,555,0.9991,4
932,5281,0.9991,5
933,2694,1.0,1
933,110,1.0,2
933,1330,1.0,3
933,4202,1.0,4
933,5019,1.0,5
934,1023,0.9999,1
934,5477,0.9999,2
934,936,0.9999,3
934,5570,0.9999,4
934,4205,0.9998,5
935,2993,1.0,1
935,848,1.0,2
935,5800,0.9999,3
935,6261,0.9998,4
935,2904,0.9995,5
936,3341,0.9999,1
936,5570,0.9999,2
936,934,0.9999,3
936,1023,0.9998,4
936,5477,0.9997,5
937,6191,0.9999,1
937,1096,0.9999,2
937,4545,0.9999,3
937,1209,0.9999,4
937,2614,0.9999,5
938,4706,1.0,1
938,5927,1.0,2
938,620,0.9998,3
938,1908,0.9998,4
938,5654,0.9998,5
939,2595,1.0,1
939,1841,1.0,2
939,2278,0.9999,3
939,2970,0.9999,4
939,2866,0.9999,5
940,5983,1.0,1
940,6955,1.0,2
940,3190,1.0,3
940,5327,1.0,4
940,550,1.0,5
941,531,1.0,1
941,4978,1.0,2
941,3997,1.0,3
941,2868,1.0,4
941,2711,1.0,5
942,844,0.9999,1
942,5457,0.9999,2
942,6678,0.9999,3
942,1986,0.9999,4
942,1890,0.9999,5
943,3633,1.0,1
943,476,0.9999,2
943,5473,0.9995,3
943,4206,0.9993,4
943,706,0.9993,5
944,918,1.0,1
944,4311,1.0,2
944,4994,1.0,3
944,4163,1.0,4
944,2973,1.0,5
945,5372,1.0,1
945,3201,1.0,2
945,1104,0.9999,3
945,6313,0.9999,4
945,4200,0.9999,5
946,123,1.0,1
946,6923,1.0,2
946,6250,1.0,3
946,6016,1.0,4
946,3816,1.0,5
947,3092,1.0,1
947,3404,1.0,2
947,5362,1.0,3
947,2733,1.0,4
947,1325,1.0,5
948,4285,1.0,1
948,1978,0.9999,2
948,2396,0.9999,3
948,2086,0.9998,4
948,2913,0.9997,5
949,6670,1.0,1
949,1884,0.9999,2
949,2206,0.9999,3
949,298,0.9999,4
949,3785,0.9998,5
950,4748,1.0,1
950,4696,1.0,2
950,1433,1.0,3
950,6831,1.0,4
950,653,1.0,5
951,4998,1.0,1
951,393,1.0,2
951,4342,1.0,3
951,6674,0.9999,4
951,1573,0.9999,5
952,3511,1.0,1
952,6695,0.9999,2
952,1292,0.9999,3
952,3585,0.9999,4
952,1830,0.9998,5
953,3020,1.0,1
953,6609,1.0,2
953,5636,0.9999,3
953,2640,0.9998,4
953,5697,0.9996,5
954,4451,0.9999,1
954,3533,0.9999,2
954,6514,0.9998,3
954,2077,0.9996,4
954,5209,0.9994,5
955,2641,1.0,1
955,4688,1.0,2
955,865,1.0,3
955,1462,0.9999,4
955,1373,0.9996,5
956,6378,1.0,1
956,4444,1.0,2
956,2364,1.0,3
956,2864,1.0,4
956,323,1.0,5
957,3650,1.0,1
957,4332,1.0,2
957,6310,1.0,3
957,4973,1.0,4
957,2573,1.0,5
958,6747,1.0,1
958,907,1.0,2
958,4934,0.9999,3
958,3961,0.9996,4
958,6797,0.9995,5
959,5323,0.9992,1
959,1135,0.9992,2
959,3881,0.9992,3
959,919,0.9991,4
959,5473,0.9989,5
960,718,0.9999,1
960,1088,0.9994,2
960,2141,0.9993,3
960,1823,0.9993,4
960,3048,0.9989,5
961,4884,0.9999,1
961,499,0.9996,2
961,3234,0.9993,3
961,5360,0.9992,4
961,5145,0.9986,5
962,43,1.0,1
962,3100,1.0,2
962,1609,1.0,3
962,3212,1.0,4
962,3570,1.0,5
963,2642,0.9991,1
963,1536,0.9991,2
963,2287,0.9991,3
963,4054,0.9991,4
963,1590,0.9987,5
964,2720,1.0,1
964,4071,0.9999,2
964,4895,0.9997,3
964,6239,0.9997,4
964,6582,0.9997,5
965,1994,1.0,1
965,647,1.0,2
965,3593,1.0,3
965,148,1.0,4
965,3880,1.0,5
966,2281,1.0,1
966,1027,1.0,2
966,6887,0.9999,3
966,906,0.9999,4
966,3588,0.9999,5
967,4874,1.0,1
967,2748,1.0,2
967,2042,1.0,3
967,2808,1.0,4
967,2045,1.0,5
968,5866,1.0,1
968,1879,1.0,2
968,6234,1.0,3
968,3928,1.0,4
968,4318,1.0,5
969,6648,1.0,1
969,5345,1.0,2
969,3221,0.9999,3
969,5512,0.9999,4
969,806,0.9999,5
970,6314,1.0,1
970,6463,1.0,2
970,5283,0.9999,3
970,1527,0.9999,4
970,1149,0.9999,5
971,3456,1.0,1
971,4213,1.0,2
971,2655,1.0,3
971,4955,1.0,4
971,384,1.0,5
972,5317,1.0,1
972,3282,0.9999,2
972,900,0.9999,3
972,232,0.9998,4
972,1956,0.9998,5
973,6057,0.9999,1
973,3835,0.9999,2
973,5168,0.9999,3
973,1979,0.9999,4
973,6217,0.9998,5
974,4841,0.9994,1
974,1258,0.999,2
974,4936,0.9982,3
974,5205,0.9944,4
974,5868,0.9937,5
975,3502,1.0,1
975,6070,0.9999,2
975,5379,0.9999,3
975,4872,0.9998,4
975,6260,0.9998,5
976,808,1.0,1
976,3041,1.0,2
976,5770,1.0,3
976,484,0.9999,4
976,6794,0.9999,5
977,1740,1.0,1
977,2928,1.0,2
977,6613,1.0,3
977,3970,1.0,4
977,6238,1.0,5
978,1975,1.0,1
978,3888,1.0,2
978,1628,0.9999,3
978,2925,0.9998,4
978,3067,0.9997,5
979,4578,1.0,1
979,7024,0.9999,2
979,4983,0.9999,3
979,6588,0.9998,4
979,1782,0.9998,5
980,6763,1.0,1
980,5565,1.0,2
980,3405,0.9999,3
980,6572,0.9997,4
980,4016,0.9997,5
981,5643,1.0,1
981,3701,1.0,2
981,1760,1.0,3
981,5552,1.0,4
981,1972,1.0,5
982,2248,1.0,1
982,6807,1.0,2
982,4636,1.0,3
982,1689,1.0,4
982,1741,1.0,5
983,4403,0.9998,1
983,1181,0.9994,2
983,1110,0.9988,3
983,1561,0.9988,4
983,1439,0.9988,5
984,817,0.9999,1
984,1881,0.9999,2
984,3592,0.9999,3
984,6521,0.9999,4
984,1651,0.9999,5
985,128,1.0,1
985,4634,1.0,2
985,1870,1.0,3
985,4612,1.0,4
985,3577,1.0,5
986,6823,0.9999,1
986,893,0.9999,2
986,5184,0.9998,3
986,3573,0.9998,4
986,4543,0.9997,5
987,6069,0.9999,1
987,6781,0.9998,2
987,4673,0.9998,3
987,2827,0.9997,4
987,4830,0.9996,5
988,4066,1.0,1
988,4157,1.0,2
988,4243,1.0,3
988,2669,1.0,4
988,4492,1.0,5
989,5587,1.0,1
989,6759,1.0,2
989,1129,1.0,3
989,1599,1.0,4
989,3180,1.0,5
990,1614,1.0,1
990,5461,1.0,2
990,2506,1.0,3
990,5370,1.0,4
990,1805,0.9999,5
991,1039,1.0,1
991,4737,0.9999,2
991,6360,0.9998,3
991,2647,0.9998,4
991,1566,0.9997,5
992,1762,1.0,1
992,1077,1.0,2
992,713,1.0,3
992,6857,1.0,4
992,6235,0.9999,5
993,1552,1.0,1
993,674,1.0,2
993,727,0.9999,3
993,2083,0.9997,4
993,554,0.9997,5
994,160,1.0,1
994,1222,0.9999,2
994,3506,0.9999,3
994,2805,0.9999,4
994,2094,0.9999,5
995,3278,1.0,1
995,6843,1.0,2
995,1502,1.0,3
995,2897,1.0,4
995,4695,1.0,5
996,5071,1.0,1
996,3845,0.9999,2
996,1622,0.9996,3
996,2066,0.9993,4
996,2202,0.9993,5
997,2379,0.9988,1
997,5401,0.9987,2
997,1192,0.9983,3
997,6904,0.9981,4
997,3274,0.9965,5
998,4619,1.0,1
998,302,0.9999,2
998,5990,0.9999,3
998,3160,0.9999,4
998,3142,0.9997,5
999,6375,1.0,1
999,4743,1.0,2
999,4574,1.0,3
999,1816,1.0,4
999,1528,1.0,5
1000,4649,1.0,1
1000,1597,1.0,2
1000,6309,1.0,3
1000,5845,1.0,4
1000,252,1.0,5
1001,152,1.0,1
1001,5228,0.9999,2
1001,4625,0.9999,3
1001,449,0.9999,4
1001,2406,0.9999,5
1002,519,1.0,1
1002,127,0.9995,2
1002,5921,0.999,3
1002,291,0.9989,4
1002,2144,0.9988,5
1003,2678,0.9999,1
1003,221,0.9999,2
1003,1363,0.9999,3
1003,6782,0.9999,4
1003,5676,0.9999,5
1004,2896,1.0,1
1004,3523,1.0,2
1004,1924,1.0,3
1004,5432,1.0,4
1004,2586,1.0,5
1005,3360,1.0,1
1005,5083,1.0,2
1005,4386,1.0,3
1005,1976,1.0,4
1005,6294,1.0,5
1006,6535,1.0,1
1006,6974,0.9999,2
1006,6901,0.9997,3
1006,3429,0.9996,4
1006,6760,0.9996,5
1007,2447,1.0,1
1007,4597,1.0,2
1007,5365,0.9999,3
1007,3885,0.9997,4
1007,1900,0.9997,5
1008,6849,1.0,1
1008,3683,0.9999,2
1008,3295,0.9999,3
1008,3747,0.9999,4
1008,6661,0.9999,5
1009,3696,1.0,1
1009,1115,1.0,2
1009,6441,0.9997,3
1009,637,0.9996,4
1009,6558,0.9996,5
1010,3006,0.9999,1
1010,695,0.9999,2
1010,5551,0.9996,3
1010,882,0.999,4
1010,4981,0.9987,5
1011,698,1.0,1
1011,1048,1.0,2
1011,7002,1.0,3
1011,3779,1.0,4
1011,2145,1.0,5
1012,717,1.0,1
1012,6219,0.9999,2
1012,3423,0.9999,3
1012,5291,0.9999,4
1012,1120,0.9999,5
1013,2922,1.0,1
1013,6525,0.9999,2
1013,656,0.9999,3
1013,5600,0.9999,4
1013,1981,0.9999,5
1014,3759,1.0,1
1014,5589,1.0,2
1014,560,1.0,3
1014,5657,1.0,4
1014,1944,1.0,5
1015,3950,1.0,1
1015,1144,0.9998,2
1015,4599,0.9993,3
1015,2201,0.9993,4
1015,6848,0.9989,5
1016,2962,1.0,1
1016,4629,0.9999,2
1016,1756,0.9998,3
1016,5609,0.9998,4
1016,2493,0.9997,5
1017,1511,1.0,1
1017,2596,1.0,2
1017,4232,1.0,3
1017,5286,1.0,4
1017,3296,0.9999,5
1018,451,1.0,1
1018,3060,1.0,2
1018,2067,1.0,3
1018,6074,1.0,4
1018,2650,1.0,5
1019,3587,0.9998,1
1019,6044,0.9998,2
1019,777,0.9998,3
1019,1054,0.9996,4
1019,2421,0.9996,5
1020,1684,1.0,1
1020,4012,1.0,2
1020,4653,1.0,3
1020,2133,1.0,4
1020,7006,1.0,5
1021,5684,1.0,1
1021,6407,1.0,2
1021,1181,0.9997,3
1021,5624,0.9997,4
1021,5791,0.9997,5
1022,517,1.0,1
1022,3094,1.0,2
1022,4803,0.9999,3
1022,1778,0.9998,4
1022,2499,0.999,5
1023,5477,1.0,1
1023,4205,1.0,2
1023,934,0.9999,3
1023,5494,0.9999,4
1023,6837,0.9999,5
1024,6813,1.0,1
1024,4896,0.9999,2
1024,6208,0.9999,3
1024,1130,0.9997,4
1024,5112,0.9997,5
1025,4816,0.999,1
1025,558,0.9989,2
1025,1897,0.9988,3
1025,6676,0.9988,4
1025,7034,0.9984,5
1026,4999,0.9998,1
1026,1989,0.9998,2
1026,6038,0.9995,3
1026,6334,0.9995,4
1026,5299,0.9995,5
1027,966,1.0,1
1027,2281,1.0,2
1027,6887,1.0,3
1027,906,0.9999,4
1027,3588,0.9999,5
1028,3487,1.0,1
1028,1877,1.0,2
1028,1574,0.9999,3
1028,1602,0.9999,4
1028,333,0.9999,5
1029,6288,1.0,1
1029,3707,0.9999,2
1029,4569,0.9994,3
1029,816,0.9993,4
1029,4144,0.9992,5
1030,2185,0.9999,1
1030,6863,0.9999,2
1030,2271,0.9999,3
1030,649,0.9999,4
1030,583,0.9999,5
1031,648,1.0,1
1031,615,1.0,2
1031,6457,1.0,3
1031,3057,0.9999,4
1031,5186,0.9999,5
1032,3426,0.9981,1
1032,6540,0.9979,2
1032,3868,0.997,3
1032,4421,0.9965,4
1032,3932,0.9958,5
1033,6575,0.9997,1
1033,4957,0.9997,2
1033,5331,0.9996,3
1033,5091,0.9996,4
1033,1286,0.9995,5
1034,1218,1.0,1
1034,3554,1.0,2
1034,74,1.0,3
1034,4779,1.0,4
1034,3725,0.9999,5
1035,2219,1.0,1
1035,6596,1.0,2
1035,5567,0.9999,3
1035,5777,0.9999,4
1035,1378,0.9999,5
1036,2063,1.0,1
1036,3980,1.0,2
1036,1407,1.0,3
1036,4413,1.0,4
1036,5146,1.0,5
1037,2342,1.0,1
1037,5350,0.9999,2
1037,2927,0.9999,3
1037,5582,0.9999,4
1037,16,0.9998,5
1038,2291,0.9999,1
1038,11,0.9998,2
1038,1125,0.9997,3
1038,4062,0.9997,4
1038,1952,0.9997,5
1039,4737,1.0,1
1039,991,1.0,2
1039,2647,0.9999,3
1039,1566,0.9998,4
1039,6360,0.9997,5
1040,6392,0.9999,1
1040,3975,0.9992,2
1040,1114,0.9991,3
1040,4407,0.9991,4
1040,3315,0.9989,5
1041,1772,0.9999,1
1041,4811,0.9999,2
1041,3470,0.9998,3
1041,912,0.9998,4
1041,1608,0.9998,5
1042,6431,1.0,1
1042,3532,1.0,2
1042,4235,1.0,3
1042,3521,1.0,4
1042,12,1.0,5
1043,6336,0.9999,1
1043,4046,0.9997,2
1043,2766,0.9996,3
1043,6799,0.9996,4
1043,4426,0.9996,5
1044,4833,0.9996,1
1044,5401,0.9985,2
1044,1728,0.9976,3
1044,3274,0.9971,4
1044,997,0.9953,5
1045,5090,1.0,1
1045,78,0.9999,2
1045,3795,0.9999,3
1045,1717,0.9999,4
1045,5165,0.9999,5
1046,4676,1.0,1
1046,250,0.9999,2
1046,2745,0.9999,3
1046,5967,0.9999,4
1046,6265,0.9998,5
1047,6924,0.9999,1
1047,164,0.9999,2
1047,2021,0.9998,3
1047,5427,0.9997,4
1047,4831,0.9994,5
1048,698,1.0,1
1048,1011,1.0,2
1048,3779,1.0,3
1048,2145,1.0,4
1048,7002,1.0,5
1049,1643,1.0,1
1049,3156,1.0,2
1049,214,1.0,3
1049,2470,1.0,4
1049,4306,1.0,5
1050,3853,1.0,1
1050,5171,1.0,2
1050,5447,1.0,3
1050,6775,1.0,4
1050,5706,1.0,5
1051,6728,0.9997,1
1051,2967,0.9992,2
1051,2919,0.9985,3
1051,2345,0.9985,4
1051,2782,0.9975,5
1052,2427,0.9997,1
1052,1653,0.9991,2
1052,1890,0.9989,3
1052,5566,0.9988,4
1052,5560,0.9987,5
1053,5678,1.0,1
1053,3580,1.0,2
1053,3213,0.9999,3
1053,6020,0.9998,4
1053,4528,0.9998,5
1054,3587,1.0,1
1054,2421,0.9999,2
1054,4711,0.9999,3
1054,1019,0.9996,4
1054,4975,0.9996,5
1055,6603,1.0,1
1055,3689,0.9998,2
1055,5780,0.9997,3
1055,362,0.9997,4
1055,4885,0.9994,5
1056,2233,1.0,1
1056,1282,1.0,2
1056,3135,1.0,3
1056,1463,1.0,4
1056,4188,1.0,5
1057,6611,1.0,1
1057,6937,1.0,2
1057,5558,1.0,3
1057,315,0.9999,4
1057,3764,0.9999,5
1058,640,0.9999,1
1058,1367,0.9998,2
1058,6047,0.9998,3
1058,3495,0.9998,4
1058,2780,0.9998,5
1059,1531,1.0,1
1059,5308,0.9999,2
1059,845,0.9999,3
1059,755,0.9999,4
1059,347,0.9999,5
1060,6331,1.0,1
1060,5192,1.0,2
1060,1066,0.9999,3
1060,2652,0.9995,4
1060,2005,0.9995,5
1061,2953,1.0,1
1061,861,1.0,2
1061,2426,1.0,3
1061,3239,1.0,4
1061,6222,1.0,5
1062,3821,1.0,1
1062,629,1.0,2
1062,4886,1.0,3
1062,3635,0.9999,4
1062,746,0.9999,5
1063,3606,1.0,1
1063,1685,0.9997,2
1063,3739,0.9996,3
1063,5695,0.9995,4
1063,736,0.9989,5
1064,4579,0.9994,1
1064,2377,0.9993,2
1064,6513,0.999,3
1064,596,0.9987,4
1064,5627,0.9986,5
1065,5794,1.0,1
1065,279,0.9998,2
1065,3608,0.9996,3
1065,5007,0.9996,4
1065,6408,0.9996,5
1066,6331,1.0,1
1066,1060,0.9999,2
1066,5192,0.9998,3
1066,6733,0.9995,4
1066,4405,0.9995,5
1067,5865,1.0,1
1067,5887,1.0,2
1067,4137,1.0,3
1067,3778,1.0,4
1067,6050,1.0,5
1068,4405,1.0,1
1068,6733,1.0,2
1068,2790,1.0,3
1068,2005,0.9999,4
1068,2652,0.9998,5
1069,4794,1.0,1
1069,4258,1.0,2
1069,2837,1.0,3
1069,6712,1.0,4
1069,1927,1.0,5
1070,1418,0.9983,1
1070,357,0.9982,2
1070,3986,0.9981,3
1070,1967,0.998,4
1070,4681,0.9979,5
1071,6592,1.0,1
1071,3732,1.0,2
1071,163,1.0,3
1071,667,1.0,4
1071,3917,1.0,5
1072,3849,1.0,1
1072,47,1.0,2
1072,2663,1.0,3
1072,2055,1.0,4
1072,5653,0.9999,5
1073,1331,0.9999,1
1073,3280,0.9992,2
1073,4391,0.9992,3
1073,3878,0.9991,4
1073,1490,0.9988,5
1074,2264,0.9998,1
1074,4598,0.9998,2
1074,464,0.9997,3
1074,5228,0.9996,4
1074,6992,0.9996,5
1075,1940,1.0,1
1075,1891,1.0,2
1075,4541,1.0,3
1075,2757,1.0,4
1075,4477,1.0,5
1076,4697,0.9999,1
1076,6255,0.9999,2
1076,3788,0.9998,3
1076,2568,0.9998,4
1076,4959,0.9997,5
1077,1762,1.0,1
1077,992,1.0,2
1077,713,1.0,3
1077,6857,1.0,4
1077,6235,1.0,5
1078,1674,1.0,1
1078,313,0.9996,2
1078,1445,0.9994,3
1078,4307,0.999,4
1078,3138,0.9985,5
1079,1649,0.9998,1
1079,6776,0.9997,2
1079,6777,0.9995,3
1079,1368,0.9994,4
1079,2430,0.9994,5
1080,651,1.0,1
1080,5676,1.0,2
1080,6782,1.0,3
1080,5180,1.0,4
1080,2307,1.0,5
1081,6308,1.0,1
1081,4712,1.0,2
1081,401,1.0,3
1081,3038,1.0,4
1081,1831,1.0,5
1082,5489,0.9999,1
1082,4050,0.9999,2
1082,5129,0.9999,3
1082,6454,0.9999,4
1082,2484,0.9999,5
1083,3827,1.0,1
1083,6150,0.9999,2
1083,4276,0.9999,3
1083,2372,0.9999,4
1083,283,0.9998,5
1084,1949,1.0,1
1084,48,1.0,2
1084,335,1.0,3
1084,2624,1.0,4
1084,2157,1.0,5
1085,6001,1.0,1
1085,6752,1.0,2
1085,3826,1.0,3
1085,2844,1.0,4
1085,2514,1.0,5
1086,6709,0.9999,1
1086,3007,0.9999,2
1086,4218,0.9998,3
1086,4180,0.9998,4
1086,2453,0.9996,5
1087,3786,0.9999,1
1087,6626,0.9997,2
1087,6575,0.9996,3
1087,1608,0.9996,4
1087,1772,0.9995,5
1088,960,0.9994,1
1088,5970,0.9993,2
1088,3698,0.9992,3
1088,1961,0.9991,4
1088,1472,0.9991,5
1089,3255,0.9999,1
1089,6972,0.9999,2
1089,5232,0.9997,3
1089,6834,0.9993,4
1089,6563,0.9991,5
1090,601,1.0,1
1090,931,1.0,2
1090,923,0.9998,3
1090,3959,0.9997,4
1090,3152,0.9996,5
1091,2158,1.0,1
1091,4713,0.9998,2
1091,1659,0.9998,3
1091,831,0.9998,4
1091,5479,0.9998,5
1092,709,1.0,1
1092,308,1.0,2
1092,413,0.9999,3
1092,4094,0.9998,4
1092,5472,0.9992,5
1093,6229,1.0,1
1093,503,1.0,2
1093,5442,1.0,3
1093,5315,1.0,4
1093,3882,0.9999,5
1094,2319,1.0,1
1094,6993,1.0,2
1094,3539,1.0,3
1094,95,0.9999,4
1094,2686,0.9999,5
1095,1516,1.0,1
1095,6856,0.9997,2
1095,1793,0.9997,3
1095,2500,0.9996,4
1095,6908,0.9996,5
1096,4545,1.0,1
1096,6191,1.0,2
1096,6621,1.0,3
1096,3924,1.0,4
1096,1209,1.0,5
1097,1971,1.0,1
1097,5175,0.9998,2
1097,2529,0.9997,3
1097,220,0.9997,4
1097,509,0.9996,5
1098,1988,0.9997,1
1098,6859,0.9997,2
1098,1219,0.9995,3
1098,3490,0.9995,4
1098,5346,0.9995,5
1099,1419,1.0,1
1099,3729,1.0,2
1099,2030,0.9999,3
1099,4380,0.9999,4
1099,6223,0.9999,5
1100,6842,1.0,1
1100,3948,1.0,2
1100,2336,1.0,3
1100,6018,0.9999,4
1100,4949,0.9999,5
1101,2160,1.0,1
1101,3309,1.0,2
1101,645,1.0,3
1101,4469,1.0,4
1101,2826,0.9998,5
1102,4719,1.0,1
1102,4946,1.0,2
1102,6649,1.0,3
1102,4117,1.0,4
1102,624,1.0,5
1103,2285,1.0,1
1103,1444,1.0,2
1103,6740,0.9998,3
1103,5717,0.9998,4
1103,3597,0.9998,5
1104,6313,1.0,1
1104,1235,1.0,2
1104,3201,1.0,3
1104,945,0.9999,4
1104,5372,0.9999,5
1105,2856,1.0,1
1105,4024,1.0,2
1105,5579,1.0,3
1105,4655,1.0,4
1105,4442,1.0,5
1106,5439,1.0,1
1106,6668,1.0,2
1106,4532,1.0,3
1106,3196,0.9998,4
1106,2529,0.9998,5
1107,4446,1.0,1
1107,800,0.9999,2
1107,5336,0.9999,3
1107,6552,0.9999,4
1107,5854,0.9998,5
1108,2190,1.0,1
1108,1333,1.0,2
1108,1109,1.0,3
1108,3121,1.0,4
1108,4197,0.9999,5
1109,2190,1.0,1
1109,1108,1.0,2
1109,3121,1.0,3
1109,1333,1.0,4
1109,6766,0.9999,5
1110,1439,1.0,1
1110,5791,0.9999,2
1110,5624,0.9999,3
1110,6427,0.9997,4
1110,1181,0.9997,5
1111,1366,0.9997,1
1111,6680,0.9996,2
1111,867,0.9995,3
1111,2995,0.9995,4
1111,5393,0.9989,5
1112,6030,1.0,1
1112,864,0.9999,2
1112,5283,0.9999,3
1112,1725,0.9999,4
1112,1527,0.9999,5
1113,5471,1.0,1
1113,740,1.0,2
1113,2885,1.0,3
1113,3548,0.9999,4
1113,2241,0.9999,5
1114,4407,1.0,1
1114,3975,1.0,2
1114,3315,0.9995,3
1114,6392,0.9992,4
1114,1040,0.9991,5
1115,3696,1.0,1
1115,1009,1.0,2
1115,637,0.9996,3
1115,577,0.9995,4
1115,6558,0.9995,5
1116,6008,0.9998,1
1116,5617,0.9997,2
1116,635,0.9996,3
1116,5271,0.9994,4
1116,5063,0.9992,5
1117,832,1.0,1
1117,4593,0.9998,2
1117,803,0.9998,3
1117,3658,0.9998,4
1117,3645,0.9998,5
1118,3368,1.0,1
1118,3649,0.9998,2
1118,599,0.9998,3
1118,1657,0.9998,4
1118,526,0.9997,5
1119,5395,1.0,1
1119,1633,1.0,2
1119,2053,0.9999,3
1119,6343,0.9998,4
1119,2731,0.9998,5
1120,6504,0.9999,1
1120,5291,0.9999,2
1120,3715,0.9999,3
1120,4773,0.9999,4
1120,325,0.9999,5
1121,5833,1.0,1
1121,4572,0.9997,2
1121,6422,0.9991,3
1121,3163,0.9988,4
1121,4092,0.9985,5
1122,3851,0.9998,1
1122,690,0.9998,2
1122,2182,0.9997,3
1122,4910,0.9997,4
1122,3989,0.9996,5
1123,2717,1.0,1
1123,3483,1.0,2
1123,4962,0.9996,3
1123,287,0.9991,4
1123,5053,0.9988,5
1124,2729,0.9998,1
1124,3395,0.999,2
1124,1923,0.9989,3
1124,2488,0.9983,4
1124,1687,0.9972,5
1125,1467,1.0,1
1125,1202,1.0,2
1125,6787,0.9998,3
1125,2400,0.9998,4
1125,6753,0.9998,5
1126,684,0.9998,1
1126,3252,0.9997,2
1126,5188,0.9997,3
1126,1631,0.9996,4
1126,1788,0.9994,5
1127,3225,1.0,1
1127,2448,1.0,2
1127,4483,1.0,3
1127,6162,1.0,4
1127,4996,0.9999,5
1128,3922,0.9991,1
1128,301,0.9988,2
1128,4112,0.9985,3
1128,4079,0.9983,4
1128,4631,0.9982,5
1129,6759,1.0,1
1129,1599,1.0,2
1129,3180,1.0,3
1129,5587,1.0,4
1129,989,1.0,5
1130,5112,1.0,1
1130,5913,1.0,2
1130,699,0.9999,3
1130,6208,0.9999,4
1130,1024,0.9997,5
1131,4989,1.0,1
1131,6491,1.0,2
1131,6222,1.0,3
1131,3239,1.0,4
1131,861,1.0,5
1132,4074,0.9997,1
1132,4359,0.9996,2
1132,1604,0.9996,3
1132,5170,0.9996,4
1132,2257,0.9992,5
1133,3272,0.9996,1
1133,4827,0.9992,2
1133,2709,0.9992,3
1133,262,0.9992,4
1133,2449,0.9991,5
1134,3791,1.0,1
1134,3380,1.0,2
1134,4795,1.0,3
1134,2375,1.0,4
1134,5596,1.0,5
1135,3881,1.0,1
1135,5323,1.0,2
1135,919,0.9994,3
1135,3003,0.9993,4
1135,959,0.9992,5
1136,5743,1.0,1
1136,1281,1.0,2
1136,747,1.0,3
1136,3635,1.0,4
1136,527,1.0,5
1137,5850,1.0,1
1137,4246,1.0,2
1137,3231,1.0,3
1137,1515,1.0,4
1137,344,1.0,5
1138,3626,1.0,1
1138,5734,1.0,2
1138,1844,1.0,3
1138,6615,1.0,4
1138,4733,1.0,5
1139,2883,1.0,1
1139,573,1.0,2
1139,6076,0.9997,3
1139,5303,0.9997,4
1139,4250,0.9995,5
1140,386,0.9992,1
1140,471,0.9992,2
1140,6533,0.9986,3
1140,5268,0.9979,4
1140,726,0.9977,5
1141,5729,1.0,1
1141,5334,0.9999,2
1141,536,0.9998,3
1141,3339,0.9998,4
1141,1164,0.9998,5
1142,6651,1.0,1
1142,4560,1.0,2
1142,1724,1.0,3
1142,3207,1.0,4
1142,6808,1.0,5
1143,4524,0.9999,1
1143,4180,0.9996,2
1143,2001,0.9996,3
1143,2796,0.9996,4
1143,1086,0.9995,5
1144,4599,0.9999,1
1144,1015,0.9998,2
1144,6848,0.9997,3
1144,3950,0.9997,4
1144,5157,0.9994,5
1145,134,1.0,1
1145,4925,1.0,2
1145,2466,1.0,3
1145,5962,1.0,4
1145,2428,1.0,5
1146,4656,0.9997,1
1146,926,0.9996,2
1146,5594,0.999,3
1146,692,0.9989,4
1146,5256,0.9988,5
1147,5977,0.9998,1
1147,90,0.9997,2
1147,6938,0.9993,3
1147,2189,0.9985,4
1147,2383,0.9981,5
1148,2976,1.0,1
1148,7012,0.9999,2
1148,3413,0.9998,3
1148,2172,0.9998,4
1148,2031,0.9997,5
1149,6067,1.0,1
1149,6463,1.0,2
1149,6314,0.9999,3
1149,2239,0.9999,4
1149,2754,0.9999,5
1150,5629,1.0,1
1150,6484,1.0,2
1150,2544,0.9997,3
1150,899,0.9996,4
1150,3386,0.9996,5
1151,4482,0.9998,1
1151,2930,0.9998,2
1151,2128,0.9993,3
1151,5304,0.9991,4
1151,5086,0.9991,5
1152,6490,1.0,1
1152,1655,1.0,2
1152,4940,1.0,3
1152,584,1.0,4
1152,1734,1.0,5
1153,6518,0.9999,1
1153,6056,0.9998,2
1153,3795,0.9998,3
1153,1717,0.9998,4
1153,78,0.9998,5
1154,2914,1.0,1
1154,587,0.9999,2
1154,6477,0.9999,3
1154,3856,0.9998,4
1154,5344,0.9996,5
1155,6587,1.0,1
1155,1430,1.0,2
1155,4304,0.9999,3
1155,80,0.9999,4
1155,412,0.9998,5
1156,2654,1.0,1
1156,5512,0.9999,2
1156,297,0.9999,3
1156,1537,0.9999,4
1156,3221,0.9999,5
1157,3644,1.0,1
1157,1617,1.0,2
1157,4782,1.0,3
1157,3430,1.0,4
1157,5980,0.9999,5
1158,1236,0.9999,1
1158,1733,0.9999,2
1158,3625,0.9999,3
1158,4498,0.9998,4
1158,350,0.9997,5
1159,6473,1.0,1
1159,1172,1.0,2
1159,6488,0.9999,3
1159,5561,0.9999,4
1159,3804,0.9999,5
1160,4447,1.0,1
1160,411,0.9999,2
1160,927,0.9999,3
1160,1267,0.9999,4
1160,6553,0.9999,5
1161,1619,1.0,1
1161,4107,0.9998,2
1161,1486,0.9998,3
1161,3668,0.9997,4
1161,319,0.9997,5
1162,3678,0.9999,1
1162,6944,0.9999,2
1162,28,0.9999,3
1162,181,0.9998,4
1162,3903,0.9998,5
1163,6730,0.9999,1
1163,3705,0.9999,2
1163,2473,0.9998,3
1163,2773,0.9998,4
1163,1630,0.9997,5
1164,536,1.0,1
1164,3339,1.0,2
1164,5033,0.9999,3
1164,2320,0.9998,4
1164,1249,0.9998,5
1165,6630,0.9999,1
1165,2081,0.9999,2
1165,1291,0.9998,3
1165,502,0.9998,4
1165,4912,0.9998,5
1166,2619,1.0,1
1166,3310,1.0,2
1166,5790,1.0,3
1166,4374,1.0,4
1166,6930,1.0,5
1167,6138,1.0,1
1167,3103,0.9999,2
1167,6518,0.9997,3
1167,6178,0.9997,4
1167,3411,0.9997,5
1168,719,0.9991,1
1168,4675,0.9991,2
1168,5722,0.998,3
1168,6062,0.9975,4
1168,6734,0.9969,5
1169,3853,1.0,1
1169,5171,1.0,2
1169,5447,1.0,3
1169,6775,1.0,4
1169,2760,1.0,5
1170,5842,0.9999,1
1170,4410,0.9997,2
1170,6548,0.9996,3
1170,104,0.9992,4
1170,6905,0.9982,5
1171,438,1.0,1
1171,4798,1.0,2
1171,1876,1.0,3
1171,4027,1.0,4
1171,2268,1.0,5
1172,6473,1.0,1
1172,1159,1.0,2
1172,407,0.9999,3
1172,6488,0.9999,4
1172,5561,0.9999,5
1173,6237,0.9999,1
1173,2206,0.9997,2
1173,1884,0.9994,3
1173,298,0.9994,4
1173,3785,0.9994,5
1174,510,1.0,1
1174,1374,1.0,2
1174,4768,1.0,3
1174,3143,1.0,4
1174,2646,1.0,5
1175,5609,0.9997,1
1175,6481,0.9997,2
1175,2493,0.9996,3
1175,1016,0.999,4
1175,2962,0.999,5
1176,5557,1.0,1
1176,6999,0.9999,2
1176,185,0.9998,3
1176,5424,0.9998,4
1176,2881,0.9997,5
1177,3957,0.9986,1
1177,4877,0.9984,2
1177,2439,0.9982,3
1177,3873,0.9982,4
1177,6964,0.9978,5
1178,6299,0.9999,1
1178,67,0.9998,2
1178,658,0.9998,3
1178,1992,0.9998,4
1178,3089,0.9997,5
1179,4170,1.0,1
1179,1424,1.0,2
1179,3148,1.0,3
1179,567,1.0,4
1179,487,0.9999,5
1180,5012,1.0,1
1180,395,0.9999,2
1180,6961,0.9999,3
1180,5154,0.9997,4
1180,4452,0.9997,5
1181,4403,0.9999,1
1181,6407,0.9999,2
1181,5684,0.9999,3
1181,1021,0.9997,4
1181,1110,0.9997,5
1182,1196,0.9999,1
1182,5438,0.9997,2
1182,3321,0.9989,3
1182,1832,0.9989,4
1182,4681,0.9987,5
1183,3522,1.0,1
1183,4475,1.0,2
1183,4262,0.9999,3
1183,4822,0.9998,4
1183,2259,0.9997,5
1184,2286,1.0,1
1184,1203,1.0,2
1184,4891,0.9999,3
1184,4854,0.9999,4
1184,4036,0.9999,5
1185,1355,1.0,1
1185,3885,0.9998,2
1185,5858,0.9997,3
1185,5244,0.9996,4
1185,5705,0.9996,5
1186,4758,1.0,1
1186,5679,1.0,2
1186,1731,1.0,3
1186,4608,0.9999,4
1186,2172,0.9998,5
1187,4419,0.9999,1
1187,3960,0.9998,2
1187,24,0.9998,3
1187,4049,0.9998,4
1187,272,0.9996,5
1188,5703,1.0,1
1188,3440,1.0,2
1188,1607,1.0,3
1188,2229,0.9999,4
1188,5528,0.9999,5
1189,569,0.9999,1
1189,5060,0.9999,2
1189,6055,0.9996,3
1189,5098,0.9995,4
1189,4869,0.9994,5
1190,4539,1.0,1
1190,2478,1.0,2
1190,1697,1.0,3
1190,817,0.9999,4
1190,3592,0.9999,5
1191,6607,1.0,1
1191,6669,0.9999,2
1191,5006,0.9999,3
1191,1201,0.9999,4
1191,5796,0.9997,5
1192,6904,1.0,1
1192,2379,0.999,2
1192,997,0.9983,3
1192,6676,0.9972,4
1192,794,0.9971,5
1193,5976,0.9999,1
1193,2870,0.9999,2
1193,192,0.9999,3
1193,2494,0.9999,4
1193,2302,0.9998,5
1194,4997,1.0,1
1194,4964,0.9999,2
1194,3149,0.9999,3
1194,38,0.9998,4
1194,4220,0.9998,5
1195,1952,1.0,1
1195,4982,1.0,2
1195,4062,0.9999,3
1195,11,0.9998,4
1195,4329,0.9997,5
1196,1182,0.9999,1
1196,5438,0.9998,2
1196,3321,0.9995,3
1196,4681,0.9993,4
1196,1832,0.9985,5
1197,2853,1.0,1
1197,3457,0.9999,2
1197,847,0.9999,3
1197,6005,0.9999,4
1197,93,0.9999,5
1198,1245,1.0,1
1198,6009,1.0,2
1198,2569,1.0,3
1198,4918,1.0,4
1198,2029,1.0,5
1199,2676,1.0,1
1199,1700,1.0,2
1199,2492,1.0,3
1199,2835,1.0,4
1199,4442,1.0,5
1200,5981,0.9997,1
1200,4427,0.9996,2
1200,5801,0.9995,3
1200,4461,0.9995,4
1200,5054,0.9994,5
1201,3254,0.9999,1
1201,1191,0.9999,2
1201,6665,0.9999,3
1201,6607,0.9999,4
1201,6669,0.9998,5
1202,1467,1.0,1
1202,1125,1.0,2
1202,2400,0.9999,3
1202,6753,0.9999,4
1202,11,0.9998,5
1203,4854,1.0,1
1203,2286,1.0,2
1203,174,1.0,3
1203,1184,1.0,4
1203,3860,0.9999,5
1204,921,1.0,1
1204,3084,0.9999,2
1204,455,0.9999,3
1204,4038,0.9999,4
1204,5746,0.9999,5
1205,4494,1.0,1
1205,6109,1.0,2
1205,6522,1.0,3
1205,5726,1.0,4
1205,5671,0.9999,5
1206,4354,1.0,1
1206,1562,1.0,2
1206,673,1.0,3
1206,3672,1.0,4
1206,460,1.0,5
1207,5764,1.0,1
1207,4224,1.0,2
1207,763,1.0,3
1207,1636,1.0,4
1207,2307,1.0,5
1208,3629,1.0,1
1208,5480,1.0,2
1208,3589,1.0,3
1208,1434,0.9999,4
1208,473,0.9999,5
1209,2614,1.0,1
1209,3889,1.0,2
1209,5301,1.0,3
1209,6191,1.0,4
1209,681,1.0,5
1210,1905,0.9999,1
1210,2330,0.9998,2
1210,3101,0.9997,3
1210,5417,0.9997,4
1210,4797,0.9996,5
1211,3531,1.0,1
1211,1894,0.9995,2
1211,3137,0.9995,3
1211,2621,0.9993,4
1211,1452,0.9993,5
1212,4250,0.9997,1
1212,5303,0.9995,2
1212,1139,0.9994,3
1212,1558,0.9994,4
1212,573,0.9992,5
1213,4019,1.0,1
1213,563,1.0,2
1213,2863,1.0,3
1213,422,1.0,4
1213,4328,1.0,5
1214,4844,1.0,1
1214,5274,1.0,2
1214,3284,1.0,3
1214,1909,1.0,4
1214,166,1.0,5
1215,5705,0.9998,1
1215,3507,0.9996,2
1215,3556,0.9996,3
1215,6703,0.9994,4
1215,5244,0.9993,5
1216,2354,1.0,1
1216,3583,1.0,2
1216,2261,1.0,3
1216,3307,1.0,4
1216,6889,1.0,5
1217,5298,1.0,1
1217,6700,1.0,2
1217,4290,1.0,3
1217,1749,1.0,4
1217,5173,1.0,5
1218,1034,1.0,1
1218,3554,1.0,2
1218,74,1.0,3
1218,4779,1.0,4
1218,3725,0.9999,5
1219,2652,1.0,1
1219,2005,0.9999,2
1219,6733,0.9998,3
1219,4405,0.9998,4
1219,1068,0.9997,5
1220,2546,1.0,1
1220,837,0.9999,2
1220,6276,0.9999,3
1220,3318,0.9999,4
1220,6087,0.9999,5
1221,2625,0.9995,1
1221,770,0.9995,2
1221,30,0.9994,3
1221,2282,0.9994,4
1221,444,0.999,5
1222,3506,1.0,1
1222,2805,1.0,2
1222,994,0.9999,3
1222,160,0.9999,4
1222,2348,0.9998,5
1223,5463,0.9999,1
1223,6367,0.9999,2
1223,664,0.9999,3
1223,1290,0.9999,4
1223,3318,0.9997,5
1224,2162,1.0,1
1224,2505,1.0,2
1224,4639,1.0,3
1224,5433,0.9999,4
1224,2707,0.9999,5
1225,1550,1.0,1
1225,3066,1.0,2
1225,3675,1.0,3
1225,3880,1.0,4
1225,2362,1.0,5
1226,6642,1.0,1
1226,3240,0.9999,2
1226,3797,0.9997,3
1226,3763,0.9997,4
1226,5888,0.9996,5
1227,3636,1.0,1
1227,5159,1.0,2
1227,1794,1.0,3
1227,1779,1.0,4
1227,3914,1.0,5
1228,1603,1.0,1
1228,229,1.0,2
1228,4334,0.9994,3
1228,5957,0.9994,4
1228,4857,0.9993,5
1229,4428,1.0,1
1229,6527,1.0,2
1229,2006,1.0,3
1229,1927,0.9999,4
1229,4258,0.9999,5
1230,1819,0.9998,1
1230,682,0.9998,2
1230,1755,0.9998,3
1230,6260,0.9996,4
1230,1698,0.9996,5
1231,3859,1.0,1
1231,2643,0.9997,2
1231,230,0.9997,3
1231,716,0.9995,4
1231,5144,0.9994,5
1232,2952,1.0,1
1232,2143,0.9992,2
1232,908,0.9989,3
1232,5492,0.9988,4
1232,444,0.9975,5
1233,546,0.9998,1
1233,2750,0.9994,2
1233,5470,0.9988,3
1233,5882,0.9988,4
1233,5281,0.9987,5
1234,5549,1.0,1
1234,5280,1.0,2
1234,5509,1.0,3
1234,4197,1.0,4
1234,5364,1.0,5
1235,6313,1.0,1
1235,1104,1.0,2
1235,3241,1.0,3
1235,898,0.9999,4
1235,3229,0.9999,5
1236,1733,1.0,1
1236,4498,0.9999,2
1236,1158,0.9999,3
1236,2851,0.9999,4
1236,3640,0.9998,5
1237,2048,1.0,1
1237,3146,0.9999,2
1237,5847,0.9998,3
1237,3756,0.9998,4
1237,4747,0.9998,5
1238,6027,1.0,1
1238,1938,1.0,2
1238,4630,1.0,3
1238,3890,1.0,4
1238,189,1.0,5
1239,2517,1.0,1
1239,5793,0.9999,2
1239,5756,0.9999,3
1239,271,0.9998,4
1239,3955,0.9998,5
1240,3748,0.9998,1
1240,492,0.9998,2
1240,3961,0.9997,3
1240,3413,0.9997,4
1240,3358,0.9994,5
1241,5125,1.0,1
1241,2415,1.0,2
1241,6930,1.0,3
1241,4374,1.0,4
1241,1166,1.0,5
1242,6321,1.0,1
1242,149,1.0,2
1242,2882,0.9986,3
1242,3800,0.9983,4
1242,5068,0.9974,5
1243,798,0.9997,1
1243,2384,0.9996,2
1243,4858,0.9995,3
1243,4028,0.9994,4
1243,3941,0.9992,5
1244,6519,1.0,1
1244,3139,1.0,2
1244,6065,1.0,3
1244,2019,1.0,4
1244,182,1.0,5
1245,2569,1.0,1
1245,1198,1.0,2
1245,6009,1.0,3
1245,4918,1.0,4
1245,2029,1.0,5
1246,6145,1.0,1
1246,5598,0.9999,2
1246,6757,0.9998,3
1246,1509,0.9997,4
1246,2515,0.9995,5
1247,3535,0.9999,1
1247,4602,0.9999,2
1247,6330,0.9998,3
1247,4889,0.9998,4
1247,5445,0.9996,5
1248,1399,0.9996,1
1248,5595,0.9994,2
1248,3246,0.9994,3
1248,6984,0.9994,4
1248,627,0.9992,5
1249,2320,1.0,1
1249,6716,0.9998,2
1249,3265,0.9998,3
1249,536,0.9998,4
1249,3339,0.9998,5
1250,2888,1.0,1
1250,1836,1.0,2
1250,6900,1.0,3
1250,3453,1.0,4
1250,1854,1.0,5
1251,2183,1.0,1
1251,5127,0.9999,2
1251,4135,0.9999,3
1251,818,0.9999,4
1251,3731,0.9998,5
1252,5644,1.0,1
1252,5707,1.0,2
1252,1406,1.0,3
1252,3325,1.0,4
1252,1814,1.0,5
1253,3519,1.0,1
1253,4633,1.0,2
1253,102,1.0,3
1253,1320,1.0,4
1253,2527,1.0,5
1254,5654,1.0,1
1254,2684,1.0,2
1254,5469,1.0,3
1254,620,0.9999,4
1254,1908,0.9998,5
1255,1706,0.9999,1
1255,1839,0.9999,2
1255,263,0.9997,3
1255,2458,0.9997,4
1255,387,0.9995,5
1256,181,1.0,1
1256,3903,1.0,2
1256,1,1.0,3
1256,6081,1.0,4
1256,28,1.0,5
1257,2294,1.0,1
1257,857,1.0,2
1257,6230,1.0,3
1257,4680,1.0,4
1257,3620,1.0,5
1258,4841,0.9995,1
1258,974,0.999,2
1258,4984,0.9958,3
1258,4936,0.9949,4
1258,2810,0.9928,5
1259,3268,1.0,1
1259,6050,1.0,2
1259,2524,1.0,3
1259,5752,1.0,4
1259,4137,1.0,5
1260,6132,0.9999,1
1260,4452,0.9999,2
1260,4937,0.9998,3
1260,1082,0.9995,4
1260,5489,0.9995,5
1261,2184,1.0,1
1261,4091,0.9999,2
1261,3042,0.9999,3
1261,686,0.9999,4
1261,6340,0.9999,5
1262,2263,1.0,1
1262,2008,1.0,2
1262,5381,1.0,3
1262,533,1.0,4
1262,742,1.0,5
1263,2945,1.0,1
1263,82,0.9998,2
1263,5458,0.9998,3
1263,6783,0.9998,4
1263,2661,0.9997,5
1264,2998,0.9999,1
1264,3548,0.9998,2
1264,4689,0.9998,3
1264,2860,0.9997,4
1264,3617,0.9997,5
1265,539,1.0,1
1265,1605,1.0,2
1265,2929,0.9999,3
1265,3130,0.9999,4
1265,3433,0.9999,5
1266,4236,1.0,1
1266,2207,0.9999,2
1266,5946,0.9999,3
1266,6815,0.9999,4
1266,5765,0.9999,5
1267,1160,0.9999,1
1267,4185,0.9999,2
1267,4447,0.9999,3
1267,6202,0.9999,4
1267,835,0.9999,5
1268,4153,0.9999,1
1268,1765,0.9999,2
1268,1698,0.9999,3
1268,4643,0.9997,4
1268,3168,0.9997,5
1269,5203,1.0,1
1269,2664,0.9999,2
1269,198,0.9999,3
1269,3515,0.9999,4
1269,6479,0.9999,5
1270,2147,1.0,1
1270,257,0.9999,2
1270,5290,0.9999,3
1270,6078,0.9999,4
1270,3857,0.9999,5
1271,6656,1.0,1
1271,6317,1.0,2
1271,2636,1.0,3
1271,3060,0.9999,4
1271,1018,0.9999,5
1272,6423,0.9998,1
1272,4558,0.9997,2
1272,5476,0.9995,3
1272,6594,0.9991,4
1272,3781,0.9988,5
1273,6156,1.0,1
1273,2180,1.0,2
1273,5142,1.0,3
1273,3208,1.0,4
1273,5017,1.0,5
1274,6994,0.9999,1
1274,644,0.9999,2
1274,630,0.9999,3
1274,4382,0.9997,4
1274,2385,0.9996,5
1275,4182,1.0,1
1275,4267,1.0,2
1275,2974,0.9999,3
1275,856,0.9999,4
1275,3399,0.9999,5
1276,4387,0.9999,1
1276,3462,0.9998,2
1276,3781,0.9996,3
1276,3281,0.9995,4
1276,5476,0.9993,5
1277,1485,1.0,1
1277,6883,1.0,2
1277,4338,1.0,3
1277,1818,0.9999,4
1277,4825,0.9998,5
1278,3267,1.0,1
1278,3969,1.0,2
1278,2339,1.0,3
1278,234,1.0,4
1278,2525,1.0,5
1279,5774,0.9988,1
1279,6433,0.9988,2
1279,292,0.9987,3
1279,5321,0.9984,4
1279,2649,0.9979,5
1280,6789,1.0,1
1280,5465,1.0,2
1280,5008,1.0,3
1280,2415,1.0,4
1280,1241,1.0,5
1281,747,1.0,1
1281,1136,1.0,2
1281,5743,1.0,3
1281,527,1.0,4
1281,4230,1.0,5
1282,3135,1.0,1
1282,2233,1.0,2
1282,1056,1.0,3
1282,6653,1.0,4
1282,1463,1.0,5
1283,4726,0.9999,1
1283,2847,0.9998,2
1283,6623,0.9997,3
1283,6755,0.9997,4
1283,796,0.9994,5
1284,450,1.0,1
1284,6072,1.0,2
1284,3544,1.0,3
1284,5923,1.0,4
1284,842,1.0,5
1285,5919,1.0,1
1285,6201,1.0,2
1285,4355,1.0,3
1285,269,1.0,4
1285,6628,1.0,5
1286,353,1.0,1
1286,4151,1.0,2
1286,294,0.9999,3
1286,3563,0.9997,4
1286,2742,0.9997,5
1287,4095,1.0,1
1287,2511,1.0,2
1287,3133,1.0,3
1287,6376,1.0,4
1287,4724,1.0,5
1288,2343,0.9999,1
1288,737,0.9996,2
1288,2607,0.9992,3
1288,6167,0.9991,4
1288,3303,0.9988,5
1289,2875,1.0,1
1289,6876,1.0,2
1289,4281,1.0,3
1289,2253,1.0,4
1289,138,1.0,5
1290,1223,0.9999,1
1290,6367,0.9999,2
1290,6276,0.9999,3
1290,4606,0.9998,4
1290,5463,0.9997,5
1291,4912,1.0,1
1291,6630,1.0,2
1291,2081,1.0,3
1291,1165,0.9998,4
1291,5518,0.9998,5
1292,3585,1.0,1
1292,1830,1.0,2
1292,3511,1.0,3
1292,1670,1.0,4
1292,5287,0.9999,5
1293,7013,1.0,1
1293,2631,0.9999,2
1293,3257,0.9999,3
1293,154,0.9998,4
1293,593,0.9998,5
1294,884,1.0,1
1294,3902,1.0,2
1294,2205,1.0,3
1294,2744,1.0,4
1294,6690,0.9999,5
1295,2617,1.0,1
1295,795,1.0,2
1295,745,0.9999,3
1295,4991,0.9999,4
1295,782,0.9998,5
1296,6979,1.0,1
1296,1600,1.0,2
1296,752,1.0,3
1296,4430,0.9999,4
1296,5286,0.9999,5
1297,483,1.0,1
1297,2687,0.9998,2
1297,3703,0.9998,3
1297,5419,0.9995,4
1297,925,0.9994,5
1298,5120,1.0,1
1298,6303,1.0,2
1298,2011,1.0,3
1298,3115,0.9999,4
1298,3756,0.9999,5
1299,2965,0.9997,1
1299,3280,0.9992,2
1299,1490,0.9991,3
1299,4903,0.9991,4
1299,2849,0.9989,5
1300,5857,0.9999,1
1300,4830,0.9998,2
1300,6069,0.9998,3
1300,6956,0.9998,4
1300,434,0.9997,5
1301,776,1.0,1
1301,4935,1.0,2
1301,2451,1.0,3
1301,4032,1.0,4
1301,4165,1.0,5
1302,1858,0.9998,1
1302,4977,0.9998,2
1302,5367,0.9997,3
1302,218,0.9997,4
1302,707,0.9997,5
1303,3600,1.0,1
1303,680,1.0,2
1303,1729,1.0,3
1303,3089,0.9998,4
1303,6299,0.9997,5
1304,193,1.0,1
1304,1535,1.0,2
1304,166,1.0,3
1304,3708,1.0,4
1304,1909,1.0,5
1305,5037,0.9999,1
1305,2335,0.9999,2
1305,1991,0.9999,3
1305,1309,0.9998,4
1305,1632,0.9996,5
1306,5508,0.9999,1
1306,2410,0.9999,2
1306,4018,0.9998,3
1306,1618,0.9989,4
1306,497,0.9987,5
1307,6538,1.0,1
1307,5820,1.0,2
1307,2265,1.0,3
1307,5255,1.0,4
1307,6911,1.0,5
1308,4938,0.9996,1
1308,2495,0.999,2
1308,4147,0.999,3
1308,5453,0.9989,4
1308,2316,0.9965,5
1309,5037,0.9999,1
1309,2335,0.9998,2
1309,1305,0.9998,3
1309,1632,0.9998,4
1309,1991,0.9998,5
1310,6703,1.0,1
1310,3401,0.9998,2
1310,5811,0.9996,3
1310,3507,0.9996,4
1310,380,0.9994,5
1311,2306,1.0,1
1311,525,0.9994,2
1311,4746,0.9992,3
1311,775,0.9992,4
1311,4868,0.999,5
1312,6026,0.9998,1
1312,6684,0.9997,2
1312,2132,0.9986,3
1312,2128,0.9978,4
1312,1561,0.9978,5
1313,3209,1.0,1
1313,6316,0.9999,2
1313,6711,0.9998,3
1313,4468,0.9998,4
1313,5673,0.9998,5
1314,6187,0.9999,1
1314,4686,0.9999,2
1314,604,0.9999,3
1314,1358,0.9997,4
1314,385,0.9997,5
1315,6699,0.9998,1
1315,6960,0.9998,2
1315,4804,0.9994,3
1315,5237,0.9994,4
1315,7015,0.9993,5
1316,3514,1.0,1
1316,165,1.0,2
1316,3251,1.0,3
1316,1352,1.0,4
1316,771,1.0,5
1317,4887,1.0,1
1317,625,1.0,2
1317,5078,1.0,3
1317,4204,1.0,4
1317,5113,1.0,5
1318,4370,1.0,1
1318,5632,1.0,2
1318,2842,1.0,3
1318,4899,1.0,4
1318,5953,1.0,5
1319,6115,1.0,1
1319,1404,0.9999,2
1319,4508,0.9999,3
1319,2140,0.9998,4
1319,4813,0.9997,5
1320,3519,1.0,1
1320,102,1.0,2
1320,1253,1.0,3
1320,4633,1.0,4
1320,3377,1.0,5
1321,3551,0.9998,1
1321,4526,0.9997,2
1321,4589,0.9995,3
1321,1454,0.9995,4
1321,5435,0.9995,5
1322,879,0.9999,1
1322,1647,0.9999,2
1322,1845,0.9999,3
1322,5522,0.9997,4
1322,5462,0.9995,5
1323,5467,1.0,1
1323,5732,1.0,2
1323,3848,1.0,3
1323,2778,1.0,4
1323,2582,1.0,5
1324,6100,1.0,1
1324,2455,1.0,2
1324,222,1.0,3
1324,2508,1.0,4
1324,4988,1.0,5
1325,1785,1.0,1
1325,2733,1.0,2
1325,5362,1.0,3
1325,3404,1.0,4
1325,2951,1.0,5
1326,2901,1.0,1
1326,3918,1.0,2
1326,2518,1.0,3
1326,5455,1.0,4
1326,3302,1.0,5
1327,2387,0.9998,1
1327,4047,0.9996,2
1327,6143,0.9996,3
1327,5803,0.9992,4
1327,6031,0.9992,5
1328,564,1.0,1
1328,4113,1.0,2
1328,6672,1.0,3
1328,1421,0.9999,4
1328,1460,0.9999,5
1329,5162,1.0,1
1329,3154,1.0,2
1329,3627,0.9994,3
1329,5697,0.9993,4
1329,5325,0.9992,5
1330,110,1.0,1
1330,2694,1.0,2
1330,933,1.0,3
1330,4202,1.0,4
1330,1718,1.0,5
1331,1073,0.9999,1
1331,3020,0.9994,2
1331,6609,0.9994,3
1331,3878,0.9993,4
1331,953,0.9993,5
1332,2296,1.0,1
1332,3093,1.0,2
1332,3774,1.0,3
1332,2996,1.0,4
1332,212,1.0,5
1333,1108,1.0,1
1333,2190,1.0,2
1333,1109,1.0,3
1333,3121,0.9999,4
1333,2814,0.9999,5
1334,4282,1.0,1
1334,885,0.9998,2
1334,3874,0.9998,3
1334,6748,0.9993,4
1334,5217,0.9992,5
1335,3653,1.0,1
1335,4397,1.0,2
1335,6510,1.0,3
1335,3186,1.0,4
1335,5412,1.0,5
1336,2483,1.0,1
1336,3223,1.0,2
1336,4765,1.0,3
1336,6266,1.0,4
1336,6704,1.0,5
1337,3152,1.0,1
1337,6564,0.9999,2
1337,6543,0.9998,3
1337,1534,0.9996,4
1337,931,0.9996,5
1338,5402,1.0,1
1338,6772,1.0,2
1338,2014,1.0,3
1338,5533,1.0,4
1338,3407,1.0,5
1339,23,1.0,1
1339,4373,1.0,2
1339,4960,1.0,3
1339,2084,1.0,4
1339,2135,1.0,5
1340,3784,1.0,1
1340,5143,1.0,2
1340,7043,1.0,3
1340,3504,1.0,4
1340,2813,1.0,5
1341,6550,0.9999,1
1341,5554,0.9999,2
1341,5520,0.9999,3
1341,2653,0.9998,4
1341,2389,0.9998,5
1342,1942,1.0,1
1342,6402,1.0,2
1342,3247,0.9999,3
1342,236,0.9999,4
1342,3812,0.9999,5
1343,909,1.0,1
1343,6287,1.0,2
1343,1441,1.0,3
1343,793,1.0,4
1343,5216,1.0,5
1344,6486,1.0,1
1344,5993,0.9999,2
1344,3168,0.9998,3
1344,730,0.9998,4
1344,5660,0.9998,5
1345,4440,1.0,1
1345,3324,1.0,2
1345,4272,1.0,3
1345,3574,1.0,4
1345,3720,0.9999,5
1346,2592,1.0,1
1346,3719,0.9999,2
1346,1518,0.9999,3
1346,574,0.9999,4
1346,13,0.9999,5
1347,2215,0.9998,1
1347,2872,0.9997,2
1347,5334,0.9997,3
1347,4652,0.9997,4
1347,714,0.9997,5
1348,394,1.0,1
1348,4732,1.0,2
1348,4677,1.0,3
1348,5043,1.0,4
1348,6214,1.0,5
1349,4564,1.0,1
1349,3805,1.0,2
1349,70,1.0,3
1349,356,1.0,4
1349,6380,0.9999,5
1350,4924,0.9998,1
1350,6436,0.9997,2
1350,608,0.9995,3
1350,4600,0.9995,4
1350,3371,0.9992,5
1351,5920,1.0,1
1351,6851,0.9999,2
1351,5110,0.9999,3
1351,4416,0.9999,4
1351,4717,0.9998,5
1352,771,1.0,1
1352,3709,1.0,2
1352,5619,1.0,3
1352,3251,1.0,4
1352,4594,1.0,5
1353,5691,1.0,1
1353,3097,0.9999,2
1353,2311,0.9994,3
1353,2916,0.9994,4
1353,3706,0.9993,5
1354,613,1.0,1
1354,5972,1.0,2
1354,873,1.0,3
1354,4302,1.0,4
1354,757,1.0,5
1355,1185,1.0,1
1355,3885,0.9999,2
1355,4597,0.9997,3
1355,5244,0.9996,4
1355,4939,0.9996,5
1356,6444,1.0,1
1356,2355,1.0,2
1356,3934,1.0,3
1356,3012,1.0,4
1356,3790,1.0,5
1357,6364,1.0,1
1357,2946,1.0,2
1357,4090,0.9999,3
1357,1626,0.9999,4
1357,6546,0.9999,5
1358,5814,1.0,1
1358,6187,0.9999,2
1358,1314,0.9997,3
1358,4890,0.9996,4
1358,4708,0.9996,5
1359,6173,1.0,1
1359,2612,1.0,2
1359,6637,1.0,3
1359,2232,1.0,4
1359,578,0.9998,5
1360,5600,1.0,1
1360,65,1.0,2
1360,2098,0.9999,3
1360,2922,0.9999,4
1360,6992,0.9999,5
1361,2168,1.0,1
1361,4974,0.9999,2
1361,5020,0.9999,3
1361,4078,0.9999,4
1361,1483,0.9998,5
1362,6771,1.0,1
1362,3304,0.9999,2
1362,6323,0.9999,3
1362,3082,0.9999,4
1362,3277,0.9999,5
1363,221,1.0,1
1363,2678,1.0,2
1363,1464,1.0,3
1363,2230,1.0,4
1363,1003,0.9999,5
1364,4217,1.0,1
1364,849,1.0,2
1364,6190,1.0,3
1364,6660,1.0,4
1364,4271,1.0,5
1365,4303,0.9999,1
1365,3264,0.9999,2
1365,1860,0.9999,3
1365,852,0.9998,4
1365,6225,0.9998,5
1366,1111,0.9997,1
1366,5297,0.9994,2
1366,3393,0.999,3
1366,6680,0.9989,4
1366,4129,0.9989,5
1367,428,1.0,1
1367,640,1.0,2
1367,544,1.0,3
1367,2017,0.9999,4
1367,1058,0.9998,5
1368,1649,0.9999,1
1368,6411,0.9998,2
1368,5961,0.9997,3
1368,2430,0.9997,4
1368,6777,0.9997,5
1369,5521,0.9999,1
1369,3567,0.9999,2
1369,6796,0.9998,3
1369,5536,0.9998,4
1369,523,0.9998,5
1370,5880,1.0,1
1370,788,0.9988,2
1370,3442,0.9988,3
1370,6021,0.9987,4
1370,4234,0.9986,5
1371,4154,1.0,1
1371,6673,1.0,2
1371,2673,1.0,3
1371,2588,1.0,4
1371,1767,1.0,5
1372,1652,1.0,1
1372,3311,1.0,2
1372,4350,0.9999,3
1372,6688,0.9999,4
1372,5040,0.9999,5
1373,6341,0.9997,1
1373,1462,0.9996,2
1373,4842,0.9996,3
1373,955,0.9996,4
1373,4684,0.9996,5
1374,510,1.0,1
1374,1174,1.0,2
1374,4768,1.0,3
1374,3143,1.0,4
1374,2646,1.0,5
1375,2557,1.0,1
1375,5979,0.9998,2
1375,2768,0.9998,3
1375,1917,0.9998,4
1375,7025,0.9998,5
1376,3915,1.0,1
1376,2812,1.0,2
1376,7020,1.0,3
1376,2073,1.0,4
1376,2824,1.0,5
1377,4238,1.0,1
1377,1544,1.0,2
1377,6482,1.0,3
1377,1663,1.0,4
1377,37,1.0,5
1378,5777,1.0,1
1378,5567,1.0,2
1378,3762,1.0,3
1378,4986,0.9999,4
1378,2219,0.9999,5
1379,1845,0.9999,1
1379,2585,0.9998,2
1379,3387,0.9997,3
1379,1647,0.9997,4
1379,6131,0.9996,5
1380,5003,0.9998,1
1380,3161,0.9997,2
1380,5950,0.9997,3
1380,5532,0.9997,4
1380,217,0.9996,5
1381,2878,1.0,1
1381,6051,0.9999,2
1381,6182,0.9999,3
1381,6255,0.9998,4
1381,2974,0.9998,5
1382,5,1.0,1
1382,2408,1.0,2
1382,2630,1.0,3
1382,3320,1.0,4
1382,4863,1.0,5
1383,592,1.0,1
1383,412,1.0,2
1383,2457,0.9998,3
1383,4304,0.9998,4
1383,6587,0.9998,5
1384,7017,1.0,1
1384,3042,1.0,2
1384,6340,1.0,3
1384,686,1.0,4
1384,4091,1.0,5
1385,3198,1.0,1
1385,1802,0.9999,2
1385,6989,0.9992,3
1385,2513,0.9991,4
1385,3065,0.999,5
1386,2301,1.0,1
1386,2053,0.9999,2
1386,823,0.9998,3
1386,14,0.9998,4
1386,6949,0.9998,5
1387,4716,1.0,1
1387,3406,1.0,2
1387,4010,0.9999,3
1387,6103,0.9998,4
1387,2631,0.9997,5
1388,6424,1.0,1
1388,4612,1.0,2
1388,5829,1.0,3
1388,1870,1.0,4
1388,4634,1.0,5
1389,542,0.9995,1
1389,7022,0.9992,2
1389,2450,0.9989,3
1389,5945,0.9989,4
1389,2077,0.9986,5
1390,725,0.9999,1
1390,579,0.9999,2
1390,2666,0.9999,3
1390,3287,0.9999,4
1390,2700,0.9998,5
1391,5956,1.0,1
1391,5778,1.0,2
1391,790,0.9999,3
1391,4005,0.9999,4
1391,6816,0.9999,5
1392,703,0.9998,1
1392,4255,0.9995,2
1392,5340,0.9993,3
1392,4911,0.9993,4
1392,6713,0.9992,5
1393,3301,1.0,1
1393,2988,1.0,2
1393,5650,1.0,3
1393,5488,1.0,4
1393,6019,1.0,5
1394,6739,1.0,1
1394,3575,1.0,2
1394,5988,1.0,3
1394,6500,1.0,4
1394,6361,1.0,5
1395,3978,0.9999,1
1395,6786,0.9999,2
1395,1525,0.9998,3
1395,6738,0.9997,4
1395,4029,0.9997,5
1396,4261,0.9998,1
1396,769,0.9998,2
1396,5947,0.9997,3
1396,2129,0.9997,4
1396,6693,0.9997,5
1397,1416,1.0,1
1397,2370,1.0,2
1397,4098,1.0,3
1397,5411,0.9999,4
1397,2634,0.9999,5
1398,1711,0.9999,1
1398,1868,0.9998,2
1398,4900,0.9997,3
1398,4096,0.9997,4
1398,4495,0.9997,5
1399,7039,0.9999,1
1399,1959,0.9999,2
1399,1248,0.9996,3
1399,2841,0.9994,4
1399,627,0.9994,5
1400,4069,1.0,1
1400,1533,1.0,2
1400,5883,1.0,3
1400,3162,1.0,4
1400,6767,1.0,5
1401,6141,1.0,1
1401,6259,1.0,2
1401,4792,1.0,3
1401,585,1.0,4
1401,3181,1.0,5
1402,2845,1.0,1
1402,6216,0.9996,2
1402,2209,0.9993,3
1402,2632,0.9993,4
1402,302,0.999,5
1403,5061,1.0,1
1403,5940,0.9998,2
1403,1653,0.9997,3
1403,2645,0.9997,4
1403,5164,0.9996,5
1404,4508,1.0,1
1404,6115,0.9999,2
1404,1319,0.9999,3
1404,6866,0.9998,4
1404,5223,0.9998,5
1405,2701,0.9999,1
1405,6888,0.9999,2
1405,6470,0.9998,3
1405,176,0.9997,4
1405,2911,0.9997,5
1406,5644,1.0,1
1406,5645,1.0,2
1406,1252,1.0,3
1406,5707,1.0,4
1406,1808,1.0,5
1407,3980,1.0,1
1407,2063,1.0,2
1407,4413,1.0,3
1407,1036,1.0,4
1407,5146,1.0,5
1408,4659,1.0,1
1408,4035,1.0,2
1408,3540,0.9999,3
1408,3561,0.9999,4
1408,3663,0.9999,5
1409,6935,1.0,1
1409,2309,1.0,2
1409,4534,0.9999,3
1409,5226,0.9999,4
1409,5621,0.9999,5
1410,113,0.9999,1
1410,6804,0.9999,2
1410,6374,0.9998,3
1410,5076,0.9998,4
1410,2784,0.9998,5
1411,3750,1.0,1
1411,6369,1.0,2
1411,4801,0.9999,3
1411,3142,0.9999,4
1411,1977,0.9999,5
1412,5189,0.9999,1
1412,2581,0.9999,2
1412,5300,0.9999,3
1412,4449,0.9997,4
1412,4189,0.9997,5
1413,2651,1.0,1
1413,3232,1.0,2
1413,5700,0.9998,3
1413,1513,0.9997,4
1413,5985,0.9997,5
1414,1914,0.9999,1
1414,6124,0.9999,2
1414,4048,0.9999,3
1414,3328,0.9999,4
1414,862,0.9999,5
1415,1311,0.9989,1
1415,2306,0.9989,2
1415,5435,0.9981,3
1415,775,0.9981,4
1415,4589,0.9981,5
1416,1397,1.0,1
1416,2370,0.9999,2
1416,4098,0.9999,3
1416,4141,0.9999,4
1416,4118,0.9999,5
1417,6768,0.9998,1
1417,4262,0.9997,2
1417,4789,0.9996,3
1417,1183,0.9994,4
1417,3364,0.9993,5
1418,3618,0.9998,1
1418,1070,0.9983,2
1418,1640,0.9982,3
1418,357,0.9981,4
1418,3986,0.9978,5
1419,1099,1.0,1
1419,3729,1.0,2
1419,2030,0.9999,3
1419,4380,0.9999,4
1419,6223,0.9999,5
1420,2825,1.0,1
1420,1591,1.0,2
1420,1515,1.0,3
1420,3231,1.0,4
1420,4246,1.0,5
1421,1460,1.0,1
1421,6182,0.9999,2
1421,1328,0.9999,3
1421,564,0.9999,4
1421,4113,0.9999,5
1422,3323,1.0,1
1422,4682,1.0,2
1422,5816,1.0,3
1422,5665,0.9999,4
1422,5938,0.9999,5
1423,3509,1.0,1
1423,2541,0.9999,2
1423,6039,0.9999,3
1423,5114,0.9999,4
1423,2371,0.9999,5
1424,4170,1.0,1
1424,1179,1.0,2
1424,3148,1.0,3
1424,567,0.9999,4
1424,487,0.9999,5
1425,5581,1.0,1
1425,5736,1.0,2
1425,6770,1.0,3
1425,5999,1.0,4
1425,2580,1.0,5
1426,5969,1.0,1
1426,6886,0.9999,2
1426,3834,0.9999,3
1426,5004,0.9997,4
1426,2925,0.9997,5
1427,4514,1.0,1
1427,2536,0.9999,2
1427,2255,0.9999,3
1427,4689,0.9999,4
1427,1113,0.9998,5
1428,1757,1.0,1
1428,6165,0.9999,2
1428,4489,0.9997,3
1428,4196,0.9993,4
1428,2891,0.9989,5
1429,4456,1.0,1
1429,3217,1.0,2
1429,6435,1.0,3
1429,6812,1.0,4
1429,4013,1.0,5
1430,6587,1.0,1
1430,1155,1.0,2
1430,4304,0.9999,3
1430,80,0.9998,4
1430,2243,0.9998,5
1431,1675,1.0,1
1431,5886,1.0,2
1431,554,1.0,3
1431,6589,1.0,4
1431,6372,0.9997,5
1432,3713,0.9998,1
1432,5311,0.9998,2
1432,4347,0.9995,3
1432,3758,0.9995,4
1432,247,0.9993,5
1433,4696,1.0,1
1433,4748,1.0,2
1433,950,1.0,3
1433,3472,1.0,4
1433,6831,1.0,5
1434,3589,1.0,1
1434,5480,1.0,2
1434,1208,0.9999,3
1434,3629,0.9999,4
1434,3937,0.9998,5
1435,3611,1.0,1
1435,500,1.0,2
1435,899,0.9999,3
1435,6840,0.9999,4
1435,6839,0.9998,5
1436,1776,1.0,1
1436,1662,1.0,2
1436,676,1.0,3
1436,2217,1.0,4
1436,3256,0.9999,5
1437,2520,1.0,1
1437,1780,1.0,2
1437,2099,0.9999,3
1437,3979,0.9999,4
1437,1557,0.9999,5
1438,1753,1.0,1
1438,5123,0.9996,2
1438,6734,0.999,3
1438,3317,0.9987,4
1438,3106,0.9986,5
1439,1110,1.0,1
1439,5791,0.9999,2
1439,5624,0.9999,3
1439,6427,0.9997,4
1439,6407,0.9997,5
1440,246,0.9999,1
1440,513,0.9999,2
1440,6810,0.9999,3
1440,4664,0.9999,4
1440,3954,0.9998,5
1441,793,1.0,1
1441,909,1.0,2
1441,2391,1.0,3
1441,1343,1.0,4
1441,1495,1.0,5
1442,4075,1.0,1
1442,4051,1.0,2
1442,5750,0.9999,3
1442,4498,0.9998,4
1442,4710,0.9998,5
1443,4283,0.9999,1
1443,1969,0.9999,2
1443,2476,0.9998,3
1443,2957,0.9998,4
1443,6975,0.9998,5
1444,2285,1.0,1
1444,1103,1.0,2
1444,3597,0.9999,3
1444,3017,0.9999,4
1444,5717,0.9999,5
1445,4307,0.9998,1
1445,3138,0.9998,2
1445,1674,0.9997,3
1445,1078,0.9994,4
1445,1458,0.9994,5
1446,5742,0.9997,1
1446,3688,0.9997,2
1446,5864,0.9997,3
1446,5041,0.9997,4
1446,196,0.9995,5
1447,2704,1.0,1
1447,2153,1.0,2
1447,7017,1.0,3
1447,1384,1.0,4
1447,2828,1.0,5
1448,4754,1.0,1
1448,4947,1.0,2
1448,866,1.0,3
1448,3764,1.0,4
1448,2958,0.9999,5
1449,3348,1.0,1
1449,4753,1.0,2
1449,1571,1.0,3
1449,5713,1.0,4
1449,4193,1.0,5
1450,815,0.9999,1
1450,655,0.9997,2
1450,2675,0.9997,3
1450,5268,0.9993,4
1450,726,0.9993,5
1451,5163,1.0,1
1451,332,1.0,2
1451,1471,1.0,3
1451,6122,1.0,4
1451,6570,1.0,5
1452,4432,1.0,1
1452,3163,0.9994,2
1452,3137,0.9994,3
1452,2621,0.9993,4
1452,1211,0.9993,5
1453,675,1.0,1
1453,1863,0.9999,2
1453,3657,0.9994,3
1453,3614,0.9994,4
1453,426,0.9991,5
1454,3545,0.9999,1
1454,3367,0.9999,2
1454,5519,0.9995,3
1454,5156,0.9995,4
1454,515,0.9995,5
1455,2677,1.0,1
1455,6271,1.0,2
1455,2470,1.0,3
1455,214,1.0,4
1455,3156,1.0,5
1456,6665,0.9999,1
1456,3254,0.9998,2
1456,6440,0.9998,3
1456,1201,0.9997,4
1456,39,0.9995,5
1457,4693,1.0,1
1457,1424,0.9998,2
1457,4170,0.9998,3
1457,1179,0.9998,4
1457,487,0.9998,5
1458,3138,0.9998,1
1458,3474,0.9997,2
1458,3743,0.9997,3
1458,3335,0.9997,4
1458,3109,0.9995,5
1459,5288,1.0,1
1459,5541,1.0,2
1459,3676,1.0,3
1459,4022,1.0,4
1459,6970,1.0,5
1460,1421,1.0,1
1460,6182,0.9999,2
1460,4113,0.9999,3
1460,1328,0.9999,4
1460,564,0.9999,5
1461,2289,1.0,1
1461,276,1.0,2
1461,3051,1.0,3
1461,5799,1.0,4
1461,6212,1.0,5
1462,955,0.9999,1
1462,2641,0.9999,2
1462,4688,0.9998,3
1462,865,0.9998,4
1462,1373,0.9996,5
1463,4188,1.0,1
1463,4114,1.0,2
1463,1056,1.0,3
1463,2233,1.0,4
1463,1282,1.0,5
1464,2230,1.0,1
1464,1363,1.0,2
1464,221,1.0,3
1464,2678,1.0,4
1464,167,0.9999,5
1465,612,1.0,1
1465,2308,0.9999,2
1465,6076,0.9998,3
1465,6982,0.9997,4
1465,6866,0.9997,5
1466,652,1.0,1
1466,3528,1.0,2
1466,475,1.0,3
1466,4902,1.0,4
1466,6634,1.0,5
1467,1125,1.0,1
1467,1202,1.0,2
1467,2400,0.9998,3
1467,6753,0.9998,4
1467,6787,0.9998,5
1468,1797,1.0,1
1468,2000,0.9992,2
1468,137,0.9992,3
1468,3131,0.9989,4
1468,2082,0.9987,5
1469,622,1.0,1
1469,3396,0.9998,2
1469,6520,0.9998,3
1469,5848,0.9998,4
1469,6355,0.9997,5
1470,2102,1.0,1
1470,4869,1.0,2
1470,3064,0.9999,3
1470,2429,0.9998,4
1470,5060,0.9998,5
1471,332,1.0,1
1471,6829,1.0,2
1471,1451,1.0,3
1471,5163,1.0,4
1471,6570,1.0,5
1472,891,0.9999,1
1472,5970,0.9997,2
1472,5957,0.9997,3
1472,4334,0.9993,4
1472,3698,0.9992,5
1473,2779,1.0,1
1473,3687,0.9999,2
1473,4527,0.9998,3
1473,4256,0.9997,4
1473,3834,0.9997,5
1474,4776,1.0,1
1474,2519,0.9999,2
1474,4525,0.9997,3
1474,2275,0.9997,4
1474,1963,0.9996,5
1475,3183,1.0,1
1475,6263,1.0,2
1475,2114,0.9999,3
1475,1665,0.9999,4
1475,5132,0.9999,5
1476,6806,1.0,1
1476,6033,1.0,2
1476,5655,1.0,3
1476,3451,0.9999,4
1476,2229,0.9999,5
1477,721,1.0,1
1477,6577,1.0,2
1477,5233,1.0,3
1477,3476,1.0,4
1477,5088,1.0,5
1478,6566,1.0,1
1478,821,1.0,2
1478,512,1.0,3
1478,2610,1.0,4
1478,5542,1.0,5
1479,1745,1.0,1
1479,7007,0.9999,2
1479,516,0.9999,3
1479,5995,0.9999,4
1479,3335,0.9998,5
1480,4047,0.9998,1
1480,6031,0.9998,2
1480,2387,0.9996,3
1480,6686,0.9995,4
1480,1828,0.9992,5
1481,1907,0.9998,1
1481,3214,0.9992,2
1481,5018,0.9992,3
1481,4766,0.9991,4
1481,3445,0.998,5
1482,432,1.0,1
1482,2973,1.0,2
1482,860,1.0,3
1482,4616,1.0,4
1482,944,1.0,5
1483,5932,0.9999,1
1483,4078,0.9999,2
1483,2168,0.9998,3
1483,2832,0.9998,4
1483,5020,0.9998,5
1484,5390,1.0,1
1484,1031,0.9998,2
1484,648,0.9998,3
1484,615,0.9998,4
1484,6457,0.9998,5
1485,1277,1.0,1
1485,4338,1.0,2
1485,6883,1.0,3
1485,1818,0.9999,4
1485,4825,0.9998,5
1486,2049,0.9999,1
1486,5534,0.9998,2
1486,1161,0.9998,3
1486,1619,0.9997,4
1486,3668,0.9996,5
1487,6107,1.0,1
1487,5717,1.0,2
1487,2574,0.9999,3
1487,6664,0.9999,4
1487,3363,0.9999,5
1488,2136,1.0,1
1488,561,1.0,2
1488,904,0.9999,3
1488,514,0.9999,4
1488,5052,0.9999,5
1489,5313,1.0,1
1489,2256,1.0,2
1489,1920,1.0,3
1489,5376,1.0,4
1489,858,1.0,5
1490,3280,0.9998,1
1490,4391,0.9992,2
1490,1299,0.9991,3
1490,2965,0.999,4
1490,1073,0.9988,5
1491,3452,0.9999,1
1491,6725,0.9998,2
1491,3362,0.9992,3
1491,4585,0.9991,4
1491,5900,0.999,5
1492,2959,1.0,1
1492,711,1.0,2
1492,6450,1.0,3
1492,543,1.0,4
1492,4785,1.0,5
1493,5733,0.9999,1
1493,2220,0.9997,2
1493,5044,0.9996,3
1493,4414,0.9995,4
1493,3976,0.9995,5
1494,1648,1.0,1
1494,4740,0.9999,2
1494,3805,0.9998,3
1494,70,0.9998,4
1494,1349,0.9998,5
1495,2353,1.0,1
1495,6569,1.0,2
1495,2391,1.0,3
1495,2695,1.0,4
1495,793,1.0,5
1496,2472,0.9999,1
1496,5468,0.9999,2
1496,2939,0.9999,3
1496,6975,0.9998,4
1496,2957,0.9998,5
1497,3197,1.0,1
1497,2111,1.0,2
1497,6140,1.0,3
1497,6614,1.0,4
1497,6351,1.0,5
1498,3833,1.0,1
1498,2966,0.9999,2
1498,6743,0.9999,3
1498,49,0.9998,4
1498,3202,0.9998,5
1499,5124,1.0,1
1499,177,0.9999,2
1499,248,0.9999,3
1499,4218,0.9999,4
1499,3007,0.9998,5
1500,244,0.9999,1
1500,2322,0.9999,2
1500,5425,0.9998,3
1500,350,0.9997,4
1500,3625,0.9996,5
1501,6986,1.0,1
1501,5901,1.0,2
1501,4433,1.0,3
1501,2638,0.9997,4
1501,6060,0.9991,5
1502,6843,1.0,1
1502,2897,1.0,2
1502,995,1.0,3
1502,3278,1.0,4
1502,4695,1.0,5
1503,6965,0.9999,1
1503,2300,0.9998,2
1503,1761,0.9998,3
1503,6929,0.9998,4
1503,2378,0.9991,5
1504,3682,0.9999,1
1504,2484,0.9999,2
1504,5225,0.9999,3
1504,4050,0.9998,4
1504,2277,0.9998,5
1505,5605,0.9994,1
1505,5863,0.9992,2
1505,2337,0.9992,3
1505,4432,0.9991,4
1505,2855,0.9991,5
1506,92,1.0,1
1506,5342,1.0,2
1506,7011,1.0,3
1506,6439,1.0,4
1506,2822,1.0,5
1507,3871,1.0,1
1507,284,1.0,2
1507,5055,1.0,3
1507,6146,0.9999,4
1507,2356,0.9999,5
1508,5173,1.0,1
1508,1749,1.0,2
1508,4290,1.0,3
1508,5298,1.0,4
1508,1217,1.0,5
1509,6145,0.9998,1
1509,215,0.9998,2
1509,6757,0.9998,3
1509,1246,0.9997,4
1509,5598,0.9996,5
1510,365,0.9995,1
1510,4417,0.9994,2
1510,429,0.9993,3
1510,5874,0.9991,4
1510,3484,0.9987,5
1511,2596,1.0,1
1511,4232,1.0,2
1511,5286,1.0,3
1511,1017,1.0,4
1511,5696,0.9999,5
1512,2177,1.0,1
1512,4807,1.0,2
1512,4531,1.0,3
1512,5731,1.0,4
1512,6868,1.0,5
1513,5985,1.0,1
1513,1413,0.9997,2
1513,2651,0.9997,3
1513,3232,0.9997,4
1513,714,0.9997,5
1514,6220,1.0,1
1514,3653,1.0,2
1514,1335,1.0,3
1514,4397,1.0,4
1514,3186,1.0,5
1515,3231,1.0,1
1515,1591,1.0,2
1515,4246,1.0,3
1515,2825,1.0,4
1515,1420,1.0,5
1516,1095,1.0,1
1516,1793,0.9997,2
1516,6856,0.9997,3
1516,2500,0.9997,4
1516,6908,0.9997,5
1517,2771,1.0,1
1517,4550,1.0,2
1517,6326,0.9999,3
1517,903,0.9998,4
1517,6153,0.9997,5
1518,574,1.0,1
1518,121,1.0,2
1518,374,1.0,3
1518,1346,0.9999,4
1518,2592,0.9999,5
1519,5326,1.0,1
1519,868,1.0,2
1519,3243,1.0,3
1519,3858,1.0,4
1519,732,1.0,5
1520,3517,0.9999,1
1520,3943,0.9998,2
1520,1656,0.9997,3
1520,2749,0.9997,4
1520,2479,0.9997,5
1521,147,1.0,1
1521,4260,1.0,2
1521,4476,1.0,3
1521,2435,1.0,4
1521,5867,1.0,5
1522,5771,0.9997,1
1522,4511,0.9986,2
1522,3603,0.9976,3
1522,5207,0.9974,4
1522,4340,0.9973,5
1523,6612,1.0,1
1523,6902,0.9988,2
1523,6652,0.9985,3
1523,2765,0.9977,4
1523,3266,0.9974,5
1524,6471,1.0,1
1524,7027,0.9999,2
1524,5229,0.9999,3
1524,3875,0.9998,4
1524,4659,0.9998,5
1525,3978,1.0,1
1525,6738,1.0,2
1525,4029,1.0,3
1525,4192,0.9999,4
1525,4292,0.9999,5
1526,3388,1.0,1
1526,1910,1.0,2
1526,1641,1.0,3
1526,3227,1.0,4
1526,5093,1.0,5
1527,5283,1.0,1
1527,864,1.0,2
1527,1725,1.0,3
1527,970,0.9999,4
1527,6314,0.9999,5
1528,7038,1.0,1
1528,4743,1.0,2
1528,6375,1.0,3
1528,999,1.0,4
1528,4574,1.0,5
1529,4253,1.0,1
1529,6848,0.9995,2
1529,4599,0.9994,3
1529,5002,0.9993,4
1529,807,0.9992,5
1530,195,1.0,1
1530,269,0.9999,2
1530,6201,0.9999,3
1530,5919,0.9999,4
1530,3193,0.9999,5
1531,755,1.0,1
1531,347,1.0,2
1531,1059,1.0,3
1531,2099,0.9999,4
1531,4213,0.9999,5
1532,1658,1.0,1
1532,6028,1.0,2
1532,2911,1.0,3
1532,1799,1.0,4
1532,6888,0.9998,5
1533,1400,1.0,1
1533,4069,1.0,2
1533,5883,1.0,3
1533,6767,1.0,4
1533,3162,1.0,5
1534,4914,0.9998,1
1534,3152,0.9996,2
1534,4256,0.9996,3
1534,6564,0.9996,4
1534,1337,0.9996,5
1535,193,1.0,1
1535,1304,1.0,2
1535,166,1.0,3
1535,3708,1.0,4
1535,1909,1.0,5
1536,1590,1.0,1
1536,2287,0.9999,2
1536,963,0.9991,3
1536,2642,0.9983,4
1536,5252,0.9979,5
1537,1156,0.9999,1
1537,336,0.9999,2
1537,2654,0.9999,3
1537,5573,0.9998,4
1537,5512,0.9998,5
1538,734,1.0,1
1538,3824,1.0,2
1538,4087,1.0,3
1538,2221,1.0,4
1538,5430,1.0,5
1539,5234,1.0,1
1539,6,0.9999,2
1539,86,0.9998,3
1539,2531,0.9997,4
1539,5032,0.9997,5
1540,2683,1.0,1
1540,224,1.0,2
1540,6824,1.0,3
1540,3482,1.0,4
1540,3409,1.0,5
1541,4365,1.0,1
1541,4384,1.0,2
1541,44,1.0,3
1541,4366,1.0,4
1541,924,1.0,5
1542,406,1.0,1
1542,4007,1.0,2
1542,2525,1.0,3
1542,6779,1.0,4
1542,2339,1.0,5
1543,6137,1.0,1
1543,2120,0.9999,2
1543,5786,0.9999,3
1543,1856,0.9999,4
1543,6724,0.9999,5
1544,6482,1.0,1
1544,1377,1.0,2
1544,4238,1.0,3
1544,1663,1.0,4
1544,37,1.0,5
1545,1727,1.0,1
1545,5059,0.9992,2
1545,4654,0.9991,3
1545,4466,0.9983,4
1545,264,0.9983,5
1546,491,1.0,1
1546,4251,1.0,2
1546,2672,1.0,3
1546,358,0.9999,4
1546,6877,0.9999,5
1547,5358,1.0,1
1547,5193,1.0,2
1547,1692,1.0,3
1547,571,1.0,4
1547,4728,1.0,5
1548,2732,1.0,1
1548,4192,0.9999,2
1548,3394,0.9999,3
1548,4926,0.9999,4
1548,2022,0.9999,5
1549,4144,0.9997,1
1549,816,0.9995,2
1549,2979,0.9994,3
1549,2869,0.9994,4
1549,4588,0.9994,5
1550,1225,1.0,1
1550,3066,1.0,2
1550,3675,1.0,3
1550,3880,1.0,4
1550,1862,1.0,5
1551,6838,0.9999,1
1551,2024,0.9999,2
1551,6202,0.9999,3
1551,4185,0.9998,4
1551,1899,0.9997,5
1552,993,1.0,1
1552,674,1.0,2
1552,727,0.9999,3
1552,2083,0.9997,4
1552,554,0.9997,5
1553,2124,1.0,1
1553,227,0.9999,2
1553,4580,0.9999,3
1553,4274,0.9998,4
1553,6445,0.9995,5
1554,3448,1.0,1
1554,3647,1.0,2
1554,4528,0.9999,3
1554,3580,0.9998,4
1554,305,0.9998,5
1555,2761,1.0,1
1555,2426,1.0,2
1555,2953,1.0,3
1555,1061,1.0,4
1555,861,1.0,5
1556,898,1.0,1
1556,5878,1.0,2
1556,3229,1.0,3
1556,3241,0.9999,4
1556,5479,0.9999,5
1557,1780,0.9999,1
1557,1437,0.9999,2
1557,4955,0.9999,3
1557,384,0.9999,4
1557,2099,0.9999,5
1558,4146,0.9995,1
1558,5272,0.9994,2
1558,1212,0.9994,3
1558,6048,0.9989,4
1558,1568,0.9988,5
1559,4411,0.9999,1
1559,5992,0.9998,2
1559,4330,0.9997,3
1559,4504,0.9997,4
1559,5080,0.9997,5
1560,5088,1.0,1
1560,5152,1.0,2
1560,6278,1.0,3
1560,3476,1.0,4
1560,5233,1.0,5
1561,6026,0.999,1
1561,5339,0.999,2
1561,983,0.9988,3
1561,2128,0.9988,4
1561,6692,0.9979,5
1562,1206,1.0,1
1562,4354,1.0,2
1562,673,1.0,3
1562,460,1.0,4
1562,3672,1.0,5
1563,2609,1.0,1
1563,5912,1.0,2
1563,6068,0.9999,3
1563,3661,0.9999,4
1563,1960,0.9995,5
1564,4284,0.9999,1
1564,314,0.9999,2
1564,5252,0.9999,3
1564,6166,0.9999,4
1564,518,0.9999,5
1565,6180,0.9999,1
1565,239,0.9999,2
1565,4957,0.9996,3
1565,5331,0.9995,4
1565,827,0.9992,5
1566,2647,0.9999,1
1566,4737,0.9999,2
1566,1039,0.9998,3
1566,4809,0.9998,4
1566,991,0.9997,5
1567,5196,1.0,1
1567,4915,0.9999,2
1567,6983,0.9999,3
1567,297,0.9999,4
1567,806,0.9999,5
1568,3937,0.9997,1
1568,1434,0.9994,2
1568,5480,0.9993,3
1568,3589,0.9993,4
1568,1212,0.999,5
1569,262,0.9989,1
1569,2449,0.9976,2
1569,1133,0.9975,3
1569,4827,0.9973,4
1569,3272,0.9953,5
1570,6524,0.9999,1
1570,5637,0.9996,2
1570,6469,0.9995,3
1570,6781,0.9992,4
1570,545,0.999,5
1571,4753,1.0,1
1571,5713,1.0,2
1571,4193,1.0,3
1571,400,1.0,4
1571,5027,1.0,5
1572,5737,1.0,1
1572,886,1.0,2
1572,663,1.0,3
1572,6231,1.0,4
1572,3755,1.0,5
1573,951,0.9999,1
1573,4998,0.9999,2
1573,393,0.9999,3
1573,4342,0.9999,4
1573,4929,0.9999,5
1574,1877,0.9999,1
1574,1028,0.9999,2
1574,3487,0.9999,3
1574,1665,0.9999,4
1574,5405,0.9999,5
1575,6731,1.0,1
1575,2029,1.0,2
1575,4918,1.0,3
1575,2770,1.0,4
1575,550,1.0,5
1576,146,0.9999,1
1576,5149,0.9999,2
1576,5079,0.9999,3
1576,2634,0.9999,4
1576,2305,0.9999,5
1577,4296,0.9999,1
1577,2836,0.9994,2
1577,6957,0.9993,3
1577,5718,0.9993,4
1577,7008,0.999,5
1578,1457,0.9998,1
1578,4693,0.9996,2
1578,1813,0.9996,3
1578,2909,0.9995,4
1578,4995,0.9994,5
1579,2692,1.0,1
1579,1690,0.9999,2
1579,6121,0.9998,3
1579,4102,0.9998,4
1579,2392,0.9998,5
1580,3751,0.9999,1
1580,5987,0.9998,2
1580,6954,0.9997,3
1580,3716,0.9996,4
1580,4322,0.9996,5
1581,5851,0.9999,1
1581,863,0.9996,2
1581,452,0.9996,3
1581,5853,0.9994,4
1581,6969,0.9993,5
1582,6501,0.9999,1
1582,4916,0.999,2
1582,5164,0.9986,3
1582,6384,0.9978,4
1582,2645,0.9975,5
1583,4067,1.0,1
1583,2334,0.9999,2
1583,2633,0.9998,3
1583,5329,0.9998,4
1583,5242,0.9998,5
1584,2907,1.0,1
1584,6459,1.0,2
1584,3697,1.0,3
1584,5392,1.0,4
1584,4622,0.9999,5
1585,6302,0.9997,1
1585,4969,0.9995,2
1585,5718,0.9988,3
1585,5015,0.9981,4
1585,6163,0.9978,5
1586,6756,1.0,1
1586,2411,0.9998,2
1586,3216,0.9998,3
1586,6020,0.9998,4
1586,3798,0.9998,5
1587,6017,1.0,1
1587,105,1.0,2
1587,4247,0.9999,3
1587,3695,0.9999,4
1587,6356,0.9999,5
1588,3899,0.9999,1
1588,2553,0.9998,2
1588,2318,0.9998,3
1588,677,0.9998,4
1588,1661,0.9997,5
1589,2459,0.9999,1
1589,5373,0.9999,2
1589,5296,0.9999,3
1589,3966,0.9998,4
1589,4015,0.9997,5
1590,1536,1.0,1
1590,2287,0.9999,2
1590,963,0.9987,3
1590,5252,0.9984,4
1590,314,0.9982,5
1591,2825,1.0,1
1591,1515,1.0,2
1591,1420,1.0,3
1591,3231,1.0,4
1591,4246,1.0,5
1592,43,1.0,1
1592,962,1.0,2
1592,3100,1.0,3
1592,1609,1.0,4
1592,3212,1.0,5
1593,3400,1.0,1
1593,6177,0.9998,2
1593,2236,0.9998,3
1593,6053,0.9998,4
1593,5306,0.9998,5
1594,3392,1.0,1
1594,3126,1.0,2
1594,4455,1.0,3
1594,6373,1.0,4
1594,6283,1.0,5
1595,825,1.0,1
1595,3725,0.9999,2
1595,6317,0.9999,3
1595,2636,0.9999,4
1595,1271,0.9999,5
1596,6530,1.0,1
1596,3530,1.0,2
1596,3374,1.0,3
1596,1506,0.9999,4
1596,92,0.9999,5
1597,6309,1.0,1
1597,5845,1.0,2
1597,252,1.0,3
1597,1000,1.0,4
1597,4649,1.0,5
1598,4279,1.0,1
1598,6681,0.9998,2
1598,1574,0.9998,3
1598,5356,0.9998,4
1598,2468,0.9998,5
1599,3180,1.0,1
1599,1129,1.0,2
1599,6759,1.0,3
1599,6921,1.0,4
1599,3560,1.0,5
1600,1296,1.0,1
1600,752,1.0,2
1600,6979,1.0,3
1600,4430,1.0,4
1600,6437,1.0,5
1601,5784,1.0,1
1601,2185,0.9999,2
1601,649,0.9999,3
1601,6090,0.9998,4
1601,6092,0.9997,5
1602,333,1.0,1
1602,3369,1.0,2
1602,2561,0.9999,3
1602,5405,0.9999,4
1602,3487,0.9999,5
1603,1228,1.0,1
1603,229,1.0,2
1603,5957,0.9994,3
1603,4334,0.9994,4
1603,6845,0.9993,5
1604,5170,1.0,1
1604,1132,0.9996,2
1604,2257,0.9996,3
1604,159,0.9995,4
1604,2282,0.9994,5
1605,539,1.0,1
1605,1265,1.0,2
1605,2929,0.9999,3
1605,3130,0.9999,4
1605,3433,0.9998,5
1606,3829,1.0,1
1606,3238,1.0,2
1606,765,1.0,3
1606,600,1.0,4
1606,138,0.9999,5
1607,3440,1.0,1
1607,5528,1.0,2
1607,1188,1.0,3
1607,2178,0.9999,4
1607,4575,0.9999,5
1608,1772,0.9999,1
1608,1041,0.9998,2
1608,6626,0.9996,3
1608,1087,0.9996,4
1608,912,0.9996,5
1609,3212,1.0,1
1609,3100,1.0,2
1609,3570,1.0,3
1609,1719,1.0,4
1609,2440,1.0,5
1610,5200,1.0,1
1610,316,0.9999,2
1610,6106,0.9999,3
1610,2791,0.9998,4
1610,3855,0.9998,5
1611,1937,1.0,1
1611,878,1.0,2
1611,3083,0.9999,3
1611,6758,0.9998,4
1611,1714,0.9997,5
1612,3623,1.0,1
1612,4104,1.0,2
1612,5182,1.0,3
1612,4268,1.0,4
1612,1903,1.0,5
1613,6836,0.9999,1
1613,3340,0.9999,2
1613,338,0.9999,3
1613,5543,0.9999,4
1613,3729,0.9999,5
1614,990,1.0,1
1614,5461,1.0,2
1614,2506,1.0,3
1614,5370,1.0,4
1614,1805,0.9999,5
1615,2534,1.0,1
1615,133,1.0,2
1615,6443,1.0,3
1615,2563,0.9999,4
1615,3037,0.9997,5
1616,85,1.0,1
1616,6952,1.0,2
1616,6658,1.0,3
1616,2323,1.0,4
1616,5075,1.0,5
1617,4782,1.0,1
1617,3430,1.0,2
1617,5980,1.0,3
1617,3644,1.0,4
1617,4820,1.0,5
1618,6593,0.999,1
1618,1306,0.9989,2
1618,5508,0.9988,3
1618,2410,0.9988,4
1618,4018,0.9988,5
1619,1161,1.0,1
1619,4107,0.9998,2
1619,319,0.9997,3
1619,1486,0.9997,4
1619,3668,0.9997,5
1620,5773,1.0,1
1620,4228,0.9999,2
1620,5309,0.9999,3
1620,4345,0.9999,4
1620,6979,0.9999,5
1621,6778,1.0,1
1621,3224,1.0,2
1621,3222,1.0,3
1621,188,1.0,4
1621,6601,0.9999,5
1622,3845,0.9999,1
1622,996,0.9996,2
1622,5071,0.9995,3
1622,2202,0.9992,4
1622,5788,0.9991,5
1623,5648,0.9997,1
1623,3854,0.9994,2
1623,3209,0.9994,3
1623,1313,0.9993,4
1623,6316,0.9993,5
1624,4503,0.9999,1
1624,111,0.9999,2
1624,2939,0.9998,3
1624,3431,0.9998,4
1624,2472,0.9997,5
1625,5380,1.0,1
1625,4134,1.0,2
1625,6560,1.0,3
1625,4552,0.9999,4
1625,374,0.9998,5
1626,5058,1.0,1
1626,6325,1.0,2
1626,2946,1.0,3
1626,5160,0.9999,4
1626,1357,0.9999,5
1627,4395,0.9993,1
1627,2597,0.9992,2
1627,6111,0.9991,3
1627,2201,0.999,4
1627,2171,0.9988,5
1628,4335,0.9999,1
1628,3988,0.9999,2
1628,978,0.9999,3
1628,2123,0.9997,4
1628,3888,0.9997,5
1629,3564,1.0,1
1629,2512,0.9999,2
1629,4361,0.9999,3
1629,2396,0.9999,4
1629,1978,0.9999,5
1630,638,1.0,1
1630,1660,1.0,2
1630,2473,0.9999,3
1630,6939,0.9998,4
1630,1163,0.9997,5
1631,309,0.9999,1
1631,5669,0.9999,2
1631,5258,0.9999,3
1631,6497,0.9997,4
1631,684,0.9997,5
1632,5037,0.9999,1
1632,3802,0.9999,2
1632,4336,0.9999,3
1632,2335,0.9999,4
1632,1991,0.9999,5
1633,1119,1.0,1
1633,5395,0.9999,2
1633,6953,0.9999,3
1633,2731,0.9999,4
1633,4700,0.9999,5
1634,1801,1.0,1
1634,6897,1.0,2
1634,2173,1.0,3
1634,390,1.0,4
1634,2703,1.0,5
1635,1769,1.0,1
1635,3837,0.9998,2
1635,6625,0.9997,3
1635,4927,0.9997,4
1635,1858,0.9995,5
1636,2307,1.0,1
1636,1207,1.0,2
1636,5764,1.0,3
1636,6782,1.0,4
1636,763,1.0,5
1637,677,1.0,1
1637,5583,1.0,2
1637,3899,1.0,3
1637,6657,1.0,4
1637,2457,0.9999,5
1638,3026,0.9994,1
1638,4603,0.9994,2
1638,6590,0.9992,3
1638,2884,0.9992,4
1638,4484,0.9991,5
1639,5185,1.0,1
1639,3262,1.0,2
1639,6195,1.0,3
1639,4596,0.9999,4
1639,2477,0.9999,5
1640,3618,0.9991,1
1640,2967,0.9989,2
1640,6728,0.9983,3
1640,1418,0.9982,4
1640,6981,0.9975,5
1641,3388,1.0,1
1641,1910,1.0,2
1641,1526,1.0,3
1641,3227,1.0,4
1641,5093,1.0,5
1642,4517,1.0,1
1642,2059,1.0,2
1642,606,1.0,3
1642,241,1.0,4
1642,4680,1.0,5
1643,3156,1.0,1
1643,1049,1.0,2
1643,214,1.0,3
1643,2470,1.0,4
1643,4306,1.0,5
1644,6485,1.0,1
1644,3464,0.9999,2
1644,889,0.9999,3
1644,5206,0.9999,4
1644,834,0.9998,5
1645,6788,0.9999,1
1645,6000,0.9998,2
1645,4905,0.9996,3
1645,6440,0.9994,4
1645,39,0.9993,5
1646,3520,0.9999,1
1646,4472,0.9999,2
1646,4896,0.9997,3
1646,6813,0.9994,4
1646,1024,0.9993,5
1647,5522,0.9999,1
1647,1845,0.9999,2
1647,2585,0.9999,3
1647,1322,0.9999,4
1647,6131,0.9998,5
1648,1494,1.0,1
1648,4740,0.9999,2
1648,3805,0.9998,3
1648,70,0.9998,4
1648,1349,0.9998,5
1649,1368,0.9999,1
1649,1079,0.9998,2
1649,2430,0.9998,3
1649,6777,0.9997,4
1649,6776,0.9994,5
1650,2787,1.0,1
1650,751,0.9998,2
1650,1885,0.9997,3
1650,5466,0.9991,4
1650,2795,0.999,5
1651,2368,1.0,1
1651,4139,1.0,2
1651,3353,1.0,3
1651,984,0.9999,4
1651,5906,0.9999,5
1652,1372,1.0,1
1652,3311,1.0,2
1652,6688,0.9999,3
1652,4350,0.9999,4
1652,3933,0.9999,5
1653,2427,0.9998,1
1653,5061,0.9998,2
1653,1403,0.9997,3
1653,5940,0.9993,4
1653,2645,0.9992,5
1654,4582,1.0,1
1654,6434,1.0,2
1654,3187,1.0,3
1654,5633,1.0,4
1654,4906,1.0,5
1655,6490,1.0,1
1655,1152,1.0,2
1655,4940,1.0,3
1655,584,1.0,4
1655,1734,1.0,5
1656,5817,1.0,1
1656,5448,1.0,2
1656,5174,0.9999,3
1656,3883,0.9999,4
1656,2749,0.9999,5
1657,4775,1.0,1
1657,2293,0.9999,2
1657,526,0.9998,3
1657,5904,0.9998,4
1657,2924,0.9998,5
1658,6028,1.0,1
1658,1532,1.0,2
1658,2911,1.0,3
1658,1799,1.0,4
1658,6888,0.9999,5
1659,2158,0.9999,1
1659,2212,0.9999,2
1659,2731,0.9998,3
1659,4700,0.9998,4
1659,1091,0.9998,5
1660,638,1.0,1
1660,1630,1.0,2
1660,2473,0.9999,3
1660,6939,0.9999,4
1660,6430,0.9997,5
1661,2457,0.9999,1
1661,3899,0.9999,2
1661,677,0.9998,3
1661,2553,0.9998,4
1661,1637,0.9998,5
1662,1776,1.0,1
1662,1436,1.0,2
1662,2217,0.9999,3
1662,58,0.9999,4
1662,5222,0.9999,5
1663,37,1.0,1
1663,1544,1.0,2
1663,6482,1.0,3
1663,1377,1.0,4
1663,4238,1.0,5
1664,2131,1.0,1
1664,2671,1.0,2
1664,1872,0.9999,3
1664,251,0.9999,4
1664,900,0.9999,5
1665,5405,1.0,1
1665,333,0.9999,2
1665,1574,0.9999,3
1665,1475,0.9999,4
1665,1602,0.9998,5
1666,5160,0.9999,1
1666,6305,0.9998,2
1666,6325,0.9997,3
1666,5058,0.9997,4
1666,1626,0.9996,5
1667,4226,1.0,1
1667,3737,1.0,2
1667,6188,1.0,3
1667,5216,1.0,4
1667,4408,1.0,5
1668,828,1.0,1
1668,2826,0.9999,2
1668,4133,0.9999,3
1668,4469,0.9998,4
1668,645,0.9998,5
1669,265,0.9997,1
1669,313,0.9996,2
1669,4223,0.9994,3
1669,4890,0.9992,4
1669,3670,0.9991,5
1670,5287,1.0,1
1670,1830,1.0,2
1670,1292,1.0,3
1670,3585,1.0,4
1670,3511,0.9999,5
1671,4542,1.0,1
1671,3632,1.0,2
1671,6347,0.9999,3
1671,3639,0.9999,4
1671,4162,0.9999,5
1672,4400,1.0,1
1672,1702,1.0,2
1672,2813,1.0,3
1672,3504,0.9999,4
1672,5450,0.9999,5
1673,4409,1.0,1
1673,2600,0.9999,2
1673,6696,0.9999,3
1673,1874,0.9998,4
1673,566,0.9998,5
1674,1078,1.0,1
1674,1445,0.9997,2
1674,313,0.9995,3
1674,4307,0.9993,4
1674,3138,0.9989,5
1675,1431,1.0,1
1675,554,1.0,2
1675,5886,1.0,3
1675,6589,0.9999,4
1675,674,0.9997,5
1676,710,0.9994,1
1676,5610,0.9993,2
1676,6698,0.999,3
1676,4515,0.9981,4
1676,454,0.9975,5
1677,2794,1.0,1
1677,2958,1.0,2
1677,3764,1.0,3
1677,4467,1.0,4
1677,866,1.0,5
1678,1864,1.0,1
1678,421,1.0,2
1678,106,1.0,3
1678,5634,0.9999,4
1678,2125,0.9999,5
1679,3039,1.0,1
1679,6370,1.0,2
1679,6033,1.0,3
1679,6113,0.9999,4
1679,628,0.9999,5
1680,2782,0.9999,1
1680,6135,0.9999,2
1680,7030,0.9998,3
1680,4339,0.9996,4
1680,5285,0.9996,5
1681,4980,1.0,1
1681,1842,1.0,2
1681,3896,1.0,3
1681,4128,1.0,4
1681,6793,1.0,5
1682,4762,1.0,1
1682,4058,1.0,2
1682,3467,1.0,3
1682,3985,1.0,4
1682,2570,1.0,5
1683,3620,1.0,1
1683,697,1.0,2
1683,2921,1.0,3
1683,6230,1.0,4
1683,4873,1.0,5
1684,4012,1.0,1
1684,4653,1.0,2
1684,2133,1.0,3
1684,1020,1.0,4
1684,6561,1.0,5
1685,3739,0.9998,1
1685,1063,0.9997,2
1685,3606,0.9997,3
1685,5730,0.9996,4
1685,5695,0.9986,5
1686,53,0.9994,1
1686,3036,0.9994,2
1686,650,0.9988,3
1686,1710,0.9987,4
1686,519,0.9982,5
1687,6593,0.9998,1
1687,1923,0.999,2
1687,1618,0.9987,3
1687,3395,0.9984,4
1687,2729,0.9983,5
1688,2138,0.9999,1
1688,4607,0.9999,2
1688,3765,0.9999,3
1688,5490,0.9999,4
1688,2214,0.9999,5
1689,4636,1.0,1
1689,1741,1.0,2
1689,3205,1.0,3
1689,2269,1.0,4
1689,2248,1.0,5
1690,2692,1.0,1
1690,1579,0.9999,2
1690,2392,0.9998,3
1690,4102,0.9998,4
1690,6121,0.9997,5
1691,3454,1.0,1
1691,6946,1.0,2
1691,3549,0.9999,3
1691,417,0.9999,4
1691,1707,0.9999,5
1692,1547,1.0,1
1692,5193,1.0,2
1692,5358,1.0,3
1692,571,1.0,4
1692,4728,1.0,5
1693,4159,1.0,1
1693,5642,1.0,2
1693,3645,1.0,3
1693,4593,0.9999,4
1693,803,0.9998,5
1694,1736,1.0,1
1694,609,1.0,2
1694,4027,1.0,3
1694,1876,1.0,4
1694,438,1.0,5
1695,5683,1.0,1
1695,6257,1.0,2
1695,2466,1.0,3
1695,1852,0.9999,4
1695,134,0.9999,5
1696,3673,1.0,1
1696,2139,0.9999,2
1696,2234,0.9999,3
1696,5082,0.9998,4
1696,5351,0.9998,5
1697,1190,1.0,1
1697,4539,1.0,2
1697,1748,0.9999,3
1697,2478,0.9999,4
1697,6521,0.9999,5
1698,1765,1.0,1
1698,3582,0.9999,2
1698,1268,0.9999,3
1698,1755,0.9998,4
1698,3168,0.9998,5
1699,2404,1.0,1
1699,4944,1.0,2
1699,2191,1.0,3
1699,2390,1.0,4
1699,2681,1.0,5
1700,2676,1.0,1
1700,1199,1.0,2
1700,2492,1.0,3
1700,4442,1.0,4
1700,2835,1.0,5
1701,693,1.0,1
1701,364,1.0,2
1701,5752,1.0,3
1701,2524,1.0,4
1701,1259,1.0,5
1702,4400,1.0,1
1702,1672,1.0,2
1702,7035,0.9999,3
1702,5450,0.9999,4
1702,2813,0.9999,5
1703,5699,1.0,1
1703,920,1.0,2
1703,3365,1.0,3
1703,4145,1.0,4
1703,4595,0.9998,5
1704,766,1.0,1
1704,6685,1.0,2
1704,3927,0.9999,3
1704,2991,0.9998,4
1704,2418,0.9997,5
1705,4460,1.0,1
1705,4953,0.9998,2
1705,6483,0.9997,3
1705,5550,0.9997,4
1705,2708,0.9997,5
1706,1839,0.9999,1
1706,1255,0.9999,2
1706,2458,0.9998,3
1706,263,0.9997,4
1706,6447,0.9994,5
1707,3454,0.9999,1
1707,6946,0.9999,2
1707,1691,0.9999,3
1707,417,0.9999,4
1707,5905,0.9999,5
1708,6644,1.0,1
1708,3530,0.9999,2
1708,748,0.9999,3
1708,7009,0.9999,4
1708,7042,0.9999,5
1709,6971,1.0,1
1709,2680,1.0,2
1709,4026,1.0,3
1709,3846,0.9999,4
1709,3385,0.9999,5
1710,1686,0.9987,1
1710,2437,0.9982,2
1710,4763,0.9979,3
1710,4293,0.9979,4
1710,2043,0.9976,5
1711,1398,0.9999,1
1711,6013,0.9999,2
1711,6003,0.9998,3
1711,4900,0.9997,4
1711,2351,0.9997,5
1712,3983,1.0,1
1712,2532,1.0,2
1712,4988,1.0,3
1712,2508,1.0,4
1712,270,1.0,5
1713,3543,1.0,1
1713,26,0.999,2
1713,1778,0.999,3
1713,2431,0.9989,4
1713,4803,0.9989,5
1714,6891,0.9998,1
1714,2705,0.9997,2
1714,5211,0.9997,3
1714,1611,0.9997,4
1714,1937,0.9997,5
1715,792,1.0,1
1715,336,0.9999,2
1715,1537,0.9998,3
1715,2126,0.9998,4
1715,2490,0.9998,5
1716,6622,1.0,1
1716,3852,1.0,2
1716,1943,1.0,3
1716,2756,1.0,4
1716,4245,1.0,5
1717,3795,1.0,1
1717,78,1.0,2
1717,5090,1.0,3
1717,1045,0.9999,4
1717,5513,0.9998,5
1718,5019,1.0,1
1718,6779,1.0,2
1718,406,1.0,3
1718,4007,1.0,4
1718,4202,1.0,5
1719,2440,1.0,1
1719,3570,1.0,2
1719,3212,1.0,3
1719,3893,1.0,4
1719,1609,1.0,5
1720,679,1.0,1
1720,3838,0.9998,2
1720,2388,0.9997,3
1720,3086,0.9995,4
1720,4739,0.9994,5
1721,3347,1.0,1
1721,5570,0.9999,2
1721,6749,0.9998,3
1721,4586,0.9998,4
1721,3079,0.9998,5
1722,6546,1.0,1
1722,6562,0.9999,2
1722,4090,0.9999,3
1722,6364,0.9999,4
1722,5287,0.9998,5
1723,4009,1.0,1
1723,1761,0.9994,2
1723,112,0.9994,3
1723,6965,0.9992,4
1723,4558,0.999,5
1724,4560,1.0,1
1724,3207,1.0,2
1724,6651,1.0,3
1724,1142,1.0,4
1724,6650,1.0,5
1725,864,1.0,1
1725,5283,1.0,2
1725,1527,1.0,3
1725,6463,0.9999,4
1725,6314,0.9999,5
1726,3955,1.0,1
1726,271,0.9999,2
1726,2366,0.9999,3
1726,5214,0.9998,4
1726,56,0.9998,5
1727,1545,1.0,1
1727,5059,0.9994,2
1727,4654,0.999,3
1727,4466,0.9983,4
1727,264,0.9983,5
1728,4833,0.9986,1
1728,4757,0.9986,2
1728,3677,0.9985,3
1728,3700,0.9984,4
1728,1044,0.9976,5
1729,680,1.0,1
1729,3600,1.0,2
1729,1303,1.0,3
1729,3089,0.9998,4
1729,6299,0.9995,5
1730,5638,1.0,1
1730,6358,0.9999,2
1730,5095,0.9999,3
1730,2321,0.9999,4
1730,2852,0.9999,5
1731,5679,1.0,1
1731,4758,1.0,2
1731,4608,1.0,3
1731,1186,1.0,4
1731,3358,0.9999,5
1732,3302,1.0,1
1732,5783,1.0,2
1732,5166,1.0,3
1732,5455,1.0,4
1732,2518,1.0,5
1733,1236,1.0,1
1733,2851,0.9999,2
1733,4498,0.9999,3
1733,1158,0.9999,4
1733,3640,0.9999,5
1734,584,1.0,1
1734,4349,1.0,2
1734,5337,1.0,3
1734,3111,1.0,4
1734,368,1.0,5
1735,3663,1.0,1
1735,3158,0.9999,2
1735,4035,0.9999,3
1735,1408,0.9999,4
1735,4299,0.9999,5
1736,1694,1.0,1
1736,609,1.0,2
1736,4027,1.0,3
1736,1876,1.0,4
1736,438,1.0,5
1737,4173,1.0,1
1737,2978,1.0,2
1737,3458,1.0,3
1737,102,1.0,4
1737,4633,1.0,5
1738,3561,1.0,1
1738,4471,1.0,2
1738,4103,0.9999,3
1738,3540,0.9999,4
1738,4035,0.9999,5
1739,3801,1.0,1
1739,396,1.0,2
1739,2218,1.0,3
1739,2030,0.9999,4
1739,4715,0.9999,5
1740,977,1.0,1
1740,2928,1.0,2
1740,6613,1.0,3
1740,6238,1.0,4
1740,4233,1.0,5
1741,3205,1.0,1
1741,2269,1.0,2
1741,1689,1.0,3
1741,4636,1.0,4
1741,2248,1.0,5
1742,5605,0.9995,1
1742,1888,0.9993,2
1742,5863,0.9993,3
1742,2337,0.9992,4
1742,2855,0.9992,5
1743,3592,0.9999,1
1743,817,0.9999,2
1743,2478,0.9998,3
1743,2398,0.9998,4
1743,1881,0.9998,5
1744,6301,1.0,1
1744,4835,1.0,2
1744,2471,1.0,3
1744,4484,1.0,4
1744,6791,1.0,5
1745,1479,1.0,1
1745,7007,0.9999,2
1745,516,0.9999,3
1745,5995,0.9998,4
1745,84,0.9998,5
1746,4759,1.0,1
1746,3391,1.0,2
1746,3402,1.0,3
1746,2551,1.0,4
1746,4239,0.9999,5
1747,5559,1.0,1
1747,6404,1.0,2
1747,4207,1.0,3
1747,2026,1.0,4
1747,5348,1.0,5
1748,4495,1.0,1
1748,1697,0.9999,2
1748,4900,0.9999,3
1748,372,0.9999,4
1748,2730,0.9999,5
1749,5173,1.0,1
1749,4290,1.0,2
1749,5298,1.0,3
1749,1217,1.0,4
1749,1508,1.0,5
1750,3900,0.9999,1
1750,5262,0.9998,2
1750,4015,0.9998,3
1750,5296,0.9997,4
1750,3966,0.9994,5
1751,4470,1.0,1
1751,3649,0.9999,2
1751,599,0.9998,3
1751,2948,0.9998,4
1751,1118,0.9994,5
1752,4294,1.0,1
1752,3568,1.0,2
1752,1985,0.9998,3
1752,6869,0.9997,4
1752,5729,0.9995,5
1753,1438,1.0,1
1753,5123,0.9993,2
1753,3317,0.9988,3
1753,6734,0.9985,4
1753,2016,0.9984,5
1754,4825,1.0,1
1754,31,1.0,2
1754,2181,0.9999,3
1754,1818,0.9999,4
1754,1485,0.9997,5
1755,3582,0.9999,1
1755,682,0.9999,2
1755,1230,0.9998,3
1755,1698,0.9998,4
1755,1765,0.9997,5
1756,4629,1.0,1
1756,2962,0.9999,2
1756,1016,0.9998,3
1756,2420,0.9998,4
1756,5276,0.9998,5
1757,1428,1.0,1
1757,6165,0.9999,2
1757,4489,0.9997,3
1757,4196,0.9989,4
1757,739,0.9988,5
1758,6922,1.0,1
1758,4809,1.0,2
1758,6360,0.9998,3
1758,3904,0.9998,4
1758,2523,0.9997,5
1759,3505,1.0,1
1759,2918,1.0,2
1759,3964,1.0,3
1759,855,1.0,4
1759,1774,1.0,5
1760,3701,1.0,1
1760,1972,1.0,2
1760,5643,1.0,3
1760,981,1.0,4
1760,4668,1.0,5
1761,1503,0.9998,1
1761,4009,0.9995,2
1761,6965,0.9995,3
1761,1723,0.9994,4
1761,2300,0.9991,5
1762,1077,1.0,1
1762,992,1.0,2
1762,713,1.0,3
1762,6857,1.0,4
1762,6235,1.0,5
1763,4269,1.0,1
1763,439,1.0,2
1763,6940,1.0,3
1763,6161,0.9994,4
1763,3188,0.9994,5
1764,780,1.0,1
1764,6704,1.0,2
1764,6266,1.0,3
1764,5708,1.0,4
1764,4765,1.0,5
1765,1698,1.0,1
1765,1268,0.9999,2
1765,3582,0.9999,3
1765,1755,0.9997,4
1765,3168,0.9997,5
1766,3850,0.9999,1
1766,5203,0.9999,2
1766,198,0.9999,3
1766,1269,0.9999,4
1766,3819,0.9999,5
1767,2727,1.0,1
1767,6673,1.0,2
1767,4154,1.0,3
1767,1371,1.0,4
1767,2673,1.0,5
1768,4563,1.0,1
1768,3879,1.0,2
1768,897,1.0,3
1768,2188,1.0,4
1768,6307,0.9999,5
1769,1635,1.0,1
1769,3837,0.9999,2
1769,6625,0.9996,3
1769,4927,0.9996,4
1769,1858,0.9995,5
1770,6004,1.0,1
1770,6291,1.0,2
1770,2315,0.9999,3
1770,6093,0.9999,4
1770,2718,0.9999,5
1771,3876,0.9999,1
1771,631,0.9996,2
1771,4259,0.9993,3
1771,614,0.9991,4
1771,2075,0.9989,5
1772,1041,0.9999,1
1772,6626,0.9999,2
1772,1608,0.9999,3
1772,4811,0.9996,4
1772,1087,0.9995,5
1773,6289,1.0,1
1773,4917,0.9999,2
1773,5038,0.9999,3
1773,81,0.9999,4
1773,5827,0.9999,5
1774,3964,1.0,1
1774,2918,1.0,2
1774,3505,1.0,3
1774,1759,1.0,4
1774,6868,0.9999,5
1775,5653,1.0,1
1775,5604,1.0,2
1775,249,1.0,3
1775,6517,1.0,4
1775,4535,1.0,5
1776,1662,1.0,1
1776,1436,1.0,2
1776,2217,1.0,3
1776,676,0.9999,4
1776,58,0.9999,5
1777,2280,1.0,1
1777,5704,1.0,2
1777,2507,1.0,3
1777,6708,1.0,4
1777,5897,1.0,5
1778,4803,1.0,1
1778,3094,0.9999,2
1778,1022,0.9998,3
1778,517,0.9998,4
1778,2795,0.9992,5
1779,5159,1.0,1
1779,1794,1.0,2
1779,3914,1.0,3
1779,1227,1.0,4
1779,2570,1.0,5
1780,1437,1.0,1
1780,2520,1.0,2
1780,2099,1.0,3
1780,347,0.9999,4
1780,1557,0.9999,5
1781,2424,1.0,1
1781,2313,1.0,2
1781,5105,1.0,3
1781,6472,1.0,4
1781,6189,1.0,5
1782,4983,0.9999,1
1782,5299,0.9999,2
1782,6334,0.9999,3
1782,4578,0.9998,4
1782,979,0.9998,5
1783,2043,0.9993,1
1783,3036,0.999,2
1783,53,0.9989,3
1783,650,0.9982,4
1783,1686,0.9982,5
1784,2284,1.0,1
1784,5725,1.0,2
1784,2078,1.0,3
1784,4790,0.9999,4
1784,685,0.9999,5
1785,1325,1.0,1
1785,2733,1.0,2
1785,5362,1.0,3
1785,3404,1.0,4
1785,2951,1.0,5
1786,3398,1.0,1
1786,6683,0.9999,2
1786,3420,0.9999,3
1786,1987,0.9999,4
1786,6573,0.9999,5
1787,5341,1.0,1
1787,4875,1.0,2
1787,2783,0.9999,3
1787,547,0.9994,4
1787,305,0.9994,5
1788,6545,1.0,1
1788,5188,0.9999,2
1788,5230,0.9998,3
1788,6915,0.9998,4
1788,2277,0.9997,5
1789,139,1.0,1
1789,665,1.0,2
1789,5089,1.0,3
1789,4239,1.0,4
1789,3771,1.0,5
1790,689,0.9994,1
1790,4993,0.9986,2
1790,3110,0.9985,3
1790,4008,0.9984,4
1790,5153,0.9984,5
1791,4500,1.0,1
1791,2545,0.9998,2
1791,96,0.9998,3
1791,507,0.9997,4
1791,4740,0.9997,5
1792,6853,1.0,1
1792,5613,0.9995,2
1792,3974,0.9995,3
1792,5529,0.9995,4
1792,4441,0.9993,5
1793,1516,0.9997,1
1793,2500,0.9997,2
1793,6908,0.9997,3
1793,1095,0.9997,4
1793,6856,0.9996,5
1794,5159,1.0,1
1794,1779,1.0,2
1794,3914,1.0,3
1794,1227,1.0,4
1794,2570,1.0,5
1795,2303,1.0,1
1795,2041,1.0,2
1795,3441,1.0,3
1795,590,1.0,4
1795,2061,1.0,5
1796,3908,1.0,1
1796,6802,1.0,2
1796,6164,0.9999,3
1796,5798,0.9999,4
1796,1007,0.9997,5
1797,1468,1.0,1
1797,2000,0.9991,2
1797,137,0.999,3
1797,3131,0.9988,4
1797,4458,0.9986,5
1798,5836,1.0,1
1798,2065,1.0,2
1798,6322,1.0,3
1798,5328,1.0,4
1798,2679,1.0,5
1799,1532,1.0,1
1799,1658,1.0,2
1799,6028,1.0,3
1799,2911,1.0,4
1799,2110,0.9998,5
1800,743,1.0,1
1800,6357,1.0,2
1800,802,1.0,3
1800,4454,1.0,4
1800,86,0.9999,5
1801,1634,1.0,1
1801,2173,1.0,2
1801,6897,1.0,3
1801,390,1.0,4
1801,5869,1.0,5
1802,3198,1.0,1
1802,1385,0.9999,2
1802,6989,0.9992,3
1802,2513,0.9988,4
1802,3065,0.9985,5
1803,3990,0.9998,1
1803,3681,0.9996,2
1803,3595,0.9996,3
1803,4751,0.9996,4
1803,4312,0.9996,5
1804,3233,0.9999,1
1804,5667,0.9997,2
1804,4016,0.9997,3
1804,5730,0.9993,4
1804,980,0.9991,5
1805,3905,1.0,1
1805,5370,1.0,2
1805,2506,1.0,3
1805,5461,1.0,4
1805,1614,0.9999,5
1806,2118,1.0,1
1806,6515,1.0,2
1806,4616,1.0,3
1806,860,1.0,4
1806,2916,1.0,5
1807,2911,0.9998,1
1807,6028,0.9998,2
1807,1658,0.9998,3
1807,1532,0.9998,4
1807,6888,0.9998,5
1808,5645,1.0,1
1808,1406,1.0,2
1808,5644,1.0,3
1808,1252,0.9999,4
1808,5707,0.9999,5
1809,4314,1.0,1
1809,3479,0.9998,2
1809,2040,0.9994,3
1809,2058,0.9994,4
1809,4206,0.9993,5
1810,1822,1.0,1
1810,3120,0.9999,2
1810,4791,0.9999,3
1810,6267,0.9998,4
1810,7016,0.9995,5
1811,5452,1.0,1
1811,2347,1.0,2
1811,3433,0.9999,3
1811,3130,0.9999,4
1811,2902,0.9999,5
1812,4704,0.9999,1
1812,4367,0.9999,2
1812,4140,0.9998,3
1812,925,0.9995,4
1812,291,0.9991,5
1813,3087,0.9999,1
1813,3929,0.9997,2
1813,4995,0.9997,3
1813,285,0.9997,4
1813,7026,0.9996,5
1814,3325,1.0,1
1814,1955,1.0,2
1814,1954,1.0,3
1814,5072,1.0,4
1814,5707,1.0,5
1815,2769,1.0,1
1815,295,1.0,2
1815,22,1.0,3
1815,843,1.0,4
1815,2552,1.0,5
1816,4574,1.0,1
1816,2502,1.0,2
1816,1825,1.0,3
1816,999,1.0,4
1816,6375,1.0,5
1817,4393,1.0,1
1817,3314,1.0,2
1817,2990,1.0,3
1817,368,1.0,4
1817,311,1.0,5
1818,4825,1.0,1
1818,1485,0.9999,2
1818,1277,0.9999,3
1818,1754,0.9999,4
1818,4338,0.9999,5
1819,682,0.9999,1
1819,1230,0.9998,2
1819,975,0.9996,3
1819,1755,0.9996,4
1819,4872,0.9994,5
1820,6942,0.9999,1
1820,874,0.9998,2
1820,5841,0.9997,3
1820,2627,0.9996,4
1820,6512,0.9995,5
1821,4991,1.0,1
1821,782,0.9999,2
1821,795,0.9999,3
1821,1295,0.9998,4
1821,2617,0.9997,5
1822,1810,1.0,1
1822,3120,1.0,2
1822,4791,0.9999,3
1822,6267,0.9997,4
1822,7016,0.9995,5
1823,5970,0.9997,1
1823,930,0.9993,2
1823,960,0.9993,3
1823,718,0.9991,4
1823,5428,0.9991,5
1824,1859,0.9998,1
1824,6467,0.9995,2
1824,3478,0.9995,3
1824,5785,0.9992,4
1824,238,0.9991,5
1825,234,1.0,1
1825,2502,1.0,2
1825,3267,1.0,3
1825,1278,1.0,4
1825,1816,1.0,5
1826,6549,0.9989,1
1826,880,0.9988,2
1826,2489,0.9983,3
1826,2249,0.9958,4
1826,26,0.995,5
1827,4715,1.0,1
1827,5095,1.0,2
1827,2567,0.9999,3
1827,6358,0.9999,4
1827,3801,0.9999,5
1828,3973,1.0,1
1828,6574,1.0,2
1828,6686,0.9999,3
1828,4047,0.9997,4
1828,1480,0.9992,5
1829,4658,1.0,1
1829,813,1.0,2
1829,2716,0.9998,3
1829,6054,0.9998,4
1829,6995,0.9998,5
1830,1292,1.0,1
1830,3585,1.0,2
1830,1670,1.0,3
1830,5287,1.0,4
1830,3511,1.0,5
1831,175,1.0,1
1831,3038,1.0,2
1831,1081,1.0,3
1831,6308,1.0,4
1831,4712,1.0,5
1832,278,0.9997,1
1832,5438,0.9992,2
1832,1182,0.9989,3
1832,1196,0.9985,4
1832,5806,0.9982,5
1833,169,0.9999,1
1833,5264,0.9998,2
1833,3614,0.9987,3
1833,6163,0.9985,4
1833,5890,0.9985,5
1834,5515,0.9999,1
1834,249,0.9999,2
1834,5604,0.9999,3
1834,5653,0.9999,4
1834,2304,0.9999,5
1835,1892,1.0,1
1835,2297,1.0,2
1835,35,1.0,3
1835,6846,1.0,4
1835,5499,0.9999,5
1836,3453,1.0,1
1836,2888,1.0,2
1836,1250,1.0,3
1836,6170,1.0,4
1836,3510,1.0,5
1837,4842,0.9997,1
1837,6341,0.9996,2
1837,3598,0.9996,3
1837,626,0.9996,4
1837,3173,0.9996,5
1838,6231,1.0,1
1838,3755,1.0,2
1838,5737,1.0,3
1838,1572,1.0,4
1838,663,1.0,5
1839,1706,0.9999,1
1839,1255,0.9999,2
1839,2458,0.9995,3
1839,263,0.9995,4
1839,6974,0.9993,5
1840,4576,1.0,1
1840,5789,1.0,2
1840,5953,1.0,3
1840,1318,0.9999,4
1840,562,0.9999,5
1841,2278,1.0,1
1841,939,1.0,2
1841,2970,1.0,3
1841,2595,0.9999,4
1841,2866,0.9999,5
1842,3896,1.0,1
1842,4980,1.0,2
1842,1681,1.0,3
1842,4128,1.0,4
1842,6793,1.0,5
1843,38,0.9997,1
1843,5661,0.9995,2
1843,4286,0.9995,3
1843,4298,0.9993,4
1843,3149,0.9993,5
1844,6615,1.0,1
1844,4225,1.0,2
1844,4375,1.0,3
1844,1138,1.0,4
1844,5734,1.0,5
1845,1647,0.9999,1
1845,1379,0.9999,2
1845,1322,0.9999,3
1845,2585,0.9997,4
1845,5522,0.9997,5
1846,4666,0.9997,1
1846,2240,0.9996,2
1846,2697,0.9993,3
1846,5741,0.9991,4
1846,4920,0.9988,5
1847,3366,1.0,1
1847,2877,1.0,2
1847,5043,1.0,3
1847,394,1.0,4
1847,4732,1.0,5
1848,553,1.0,1
1848,4221,1.0,2
1848,5599,1.0,3
1848,2800,1.0,4
1848,2359,1.0,5
1849,3605,1.0,1
1849,6046,1.0,2
1849,5937,1.0,3
1849,2559,1.0,4
1849,5422,1.0,5
1850,5387,1.0,1
1850,662,1.0,2
1850,4299,0.9999,3
1850,3158,0.9999,4
1850,290,0.9999,5
1851,4880,0.9998,1
1851,2891,0.9996,2
1851,415,0.9995,3
1851,4196,0.9994,4
1851,6465,0.999,5
1852,678,1.0,1
1852,1695,0.9999,2
1852,7000,0.9999,3
1852,4184,0.9999,4
1852,5683,0.9999,5
1853,3333,1.0,1
1853,1862,1.0,2
1853,2362,1.0,3
1853,1550,1.0,4
1853,1225,1.0,5
1854,5047,1.0,1
1854,6900,1.0,2
1854,2888,1.0,3
1854,1250,1.0,4
1854,1836,1.0,5
1855,3944,1.0,1
1855,6674,0.9999,2
1855,4342,0.9999,3
1855,393,0.9999,4
1855,4998,0.9998,5
1856,6724,1.0,1
1856,5786,1.0,2
1856,2120,1.0,3
1856,89,1.0,4
1856,2943,1.0,5
1857,5608,0.9994,1
1857,5745,0.9994,2
1857,4368,0.9987,3
1857,2710,0.9981,4
1857,4055,0.9979,5
1858,707,0.9999,1
1858,5768,0.9999,2
1858,4201,0.9999,3
1858,1302,0.9998,4
1858,3837,0.9998,5
1859,1824,0.9998,1
1859,238,0.9994,2
1859,3478,0.9992,3
1859,6467,0.9992,4
1859,5785,0.9986,5
1860,852,1.0,1
1860,3264,1.0,2
1860,5386,0.9999,3
1860,2012,0.9999,4
1860,1365,0.9999,5
1861,4375,1.0,1
1861,4225,1.0,2
1861,6615,1.0,3
1861,1844,1.0,4
1861,4581,1.0,5
1862,2362,1.0,1
1862,1225,1.0,2
1862,1550,1.0,3
1862,3675,1.0,4
1862,3066,1.0,5
1863,675,0.9999,1
1863,1453,0.9999,2
1863,3614,0.9994,3
1863,3657,0.9994,4
1863,426,0.9994,5
1864,1678,1.0,1
1864,421,0.9999,2
1864,106,0.9999,3
1864,5634,0.9999,4
1864,2125,0.9999,5
1865,4300,0.9985,1
1865,2043,0.9983,2
1865,1783,0.9976,3
1865,1832,0.9973,4
1865,1182,0.9969,5
1866,5129,0.9999,1
1866,6454,0.9999,2
1866,1082,0.9998,3
1866,442,0.9997,4
1866,4050,0.9997,5
1867,5974,1.0,1
1867,2738,1.0,2
1867,4856,1.0,3
1867,358,1.0,4
1867,7003,0.9999,5
1868,4495,0.9999,1
1868,3736,0.9999,2
1868,1398,0.9998,3
1868,1748,0.9998,4
1868,4900,0.9998,5
1869,2703,1.0,1
1869,390,1.0,2
1869,5869,1.0,3
1869,4979,1.0,4
1869,2173,1.0,5
1870,4634,1.0,1
1870,4612,1.0,2
1870,6424,1.0,3
1870,1388,1.0,4
1870,985,1.0,5
1871,595,1.0,1
1871,5316,1.0,2
1871,3593,1.0,3
1871,148,1.0,4
1871,5481,1.0,5
1872,251,1.0,1
1872,1664,0.9999,2
1872,2131,0.9999,3
1872,232,0.9999,4
1872,2671,0.9999,5
1873,4834,1.0,1
1873,435,1.0,2
1873,5021,1.0,3
1873,4544,1.0,4
1873,2839,1.0,5
1874,5614,1.0,1
1874,4409,0.9999,2
1874,6816,0.9999,3
1874,790,0.9999,4
1874,566,0.9999,5
1875,4126,1.0,1
1875,5119,0.9998,2
1875,376,0.9998,3
1875,4736,0.9997,4
1875,4529,0.9996,5
1876,438,1.0,1
1876,4798,1.0,2
1876,1171,1.0,3
1876,4027,1.0,4
1876,1694,1.0,5
1877,1028,1.0,1
1877,3487,1.0,2
1877,1574,0.9999,3
1877,5356,0.9999,4
1877,6681,0.9999,5
1878,488,1.0,1
1878,6183,1.0,2
1878,3815,1.0,3
1878,168,1.0,4
1878,3204,1.0,5
1879,6234,1.0,1
1879,968,1.0,2
1879,5866,1.0,3
1879,4318,1.0,4
1879,3928,1.0,5
1880,6268,1.0,1
1880,4496,1.0,2
1880,2601,1.0,3
1880,288,1.0,4
1880,4641,1.0,5
1881,6521,1.0,1
1881,817,1.0,2
1881,3592,1.0,3
1881,2730,1.0,4
1881,372,1.0,5
1882,436,1.0,1
1882,5444,0.9998,2
1882,5177,0.9996,3
1882,2238,0.999,4
1882,5349,0.9968,5
1883,2410,0.9989,1
1883,5508,0.9988,2
1883,1306,0.9986,3
1883,497,0.9985,4
1883,4362,0.9985,5
1884,298,1.0,1
1884,3785,1.0,2
1884,2206,0.9999,3
1884,949,0.9999,4
1884,6670,0.9999,5
1885,783,0.9997,1
1885,1650,0.9997,2
1885,2787,0.9997,3
1885,751,0.999,4
1885,5238,0.9989,5
1886,462,0.9995,1
1886,4309,0.999,2
1886,2905,0.9988,3
1886,6989,0.9987,4
1886,3932,0.9987,5
1887,4143,1.0,1
1887,4034,1.0,2
1887,256,0.9999,3
1887,304,0.9999,4
1887,2834,0.9998,5
1888,416,0.9998,1
1888,3959,0.9994,2
1888,1742,0.9993,3
1888,601,0.9985,4
1888,5605,0.9983,5
1889,3627,0.9999,1
1889,2849,0.9992,2
1889,5872,0.9992,3
1889,3020,0.9992,4
1889,6609,0.9992,5
1890,942,0.9999,1
1890,6678,0.9998,2
1890,844,0.9998,3
1890,5457,0.9997,4
1890,5560,0.9995,5
1891,2757,1.0,1
1891,4541,1.0,2
1891,1940,1.0,3
1891,1939,1.0,4
1891,4477,1.0,5
1892,1835,1.0,1
1892,2297,1.0,2
1892,35,1.0,3
1892,6846,1.0,4
1892,5499,0.9999,5
1893,3527,0.9999,1
1893,4383,0.9997,2
1893,3639,0.9996,3
1893,4162,0.9996,4
1893,688,0.9995,5
1894,3124,0.9997,1
1894,5158,0.9997,2
1894,480,0.9996,3
1894,150,0.9995,4
1894,1211,0.9995,5
1895,2109,0.9999,1
1895,2357,0.9998,2
1895,4522,0.9996,3
1895,4,0.9994,4
1895,3415,0.9993,5
1896,5292,1.0,1
1896,5615,0.9999,2
1896,5269,0.9999,3
1896,5543,0.9999,4
1896,4596,0.9999,5
1897,7034,0.9999,1
1897,4816,0.9998,2
1897,558,0.9997,3
1897,4340,0.9994,4
1897,1025,0.9988,5
1898,6297,0.9999,1
1898,522,0.9998,2
1898,2623,0.9995,3
1898,3621,0.9989,4
1898,341,0.998,5
1899,4185,0.9999,1
1899,835,0.9999,2
1899,6838,0.9999,3
1899,1267,0.9998,4
1899,6202,0.9998,5
1900,4270,0.9999,1
1900,6326,0.9999,2
1900,1007,0.9997,3
1900,5365,0.9997,4
1900,2447,0.9997,5
1901,5662,1.0,1
1901,5918,1.0,2
1901,2326,1.0,3
1901,5692,1.0,4
1901,3508,1.0,5
1902,5013,1.0,1
1902,4138,1.0,2
1902,914,1.0,3
1902,5249,1.0,4
1902,520,1.0,5
1903,2350,1.0,1
1903,5182,1.0,2
1903,4104,1.0,3
1903,760,1.0,4
1903,3623,1.0,5
1904,4289,1.0,1
1904,6025,1.0,2
1904,4951,0.9999,3
1904,6446,0.9998,4
1904,303,0.9998,5
1905,2330,0.9999,1
1905,3101,0.9999,2
1905,5417,0.9999,3
1905,1210,0.9999,4
1905,4797,0.9999,5
1906,2716,1.0,1
1906,418,0.9998,2
1906,6415,0.9998,3
1906,1829,0.9998,4
1906,4658,0.9998,5
1907,5018,0.9998,1
1907,3214,0.9998,2
1907,1481,0.9998,3
1907,2413,0.9987,4
1907,6751,0.9981,5
1908,620,1.0,1
1908,5654,0.9999,2
1908,1254,0.9998,3
1908,4706,0.9998,4
1908,5927,0.9998,5
1909,166,1.0,1
1909,3708,1.0,2
1909,1535,1.0,3
1909,193,1.0,4
1909,5274,1.0,5
1910,3388,1.0,1
1910,1641,1.0,2
1910,1526,1.0,3
1910,3227,1.0,4
1910,5093,1.0,5
1911,6175,1.0,1
1911,6571,0.9999,2
1911,6892,0.9999,3
1911,5388,0.9998,4
1911,5092,0.9998,5
1912,6226,1.0,1
1912,913,1.0,2
1912,6701,1.0,3
1912,3544,1.0,4
1912,6072,1.0,5
1913,840,1.0,1
1913,2504,1.0,2
1913,6215,1.0,3
1913,4637,1.0,4
1913,469,1.0,5
1914,1414,0.9999,1
1914,3328,0.9999,2
1914,4048,0.9999,3
1914,3987,0.9999,4
1914,6124,0.9997,5
1915,75,1.0,1
1915,683,1.0,2
1915,4644,0.9999,3
1915,5385,0.9999,4
1915,796,0.9998,5
1916,6547,1.0,1
1916,226,0.9998,2
1916,4897,0.9989,3
1916,6978,0.9989,4
1916,5109,0.9987,5
1917,7025,1.0,1
1917,4736,1.0,2
1917,2557,0.9998,3
1917,376,0.9998,4
1917,171,0.9998,5
1918,2241,1.0,1
1918,740,1.0,2
1918,2885,1.0,3
1918,141,1.0,4
1918,5471,0.9999,5
1919,2186,1.0,1
1919,3292,1.0,2
1919,5325,0.9999,3
1919,5872,0.9997,4
1919,3691,0.9997,5
1920,5376,1.0,1
1920,858,1.0,2
1920,3710,1.0,3
1920,5486,1.0,4
1920,3566,1.0,5
1921,5626,1.0,1
1921,5759,1.0,2
1921,4749,1.0,3
1921,5553,1.0,4
1921,4663,1.0,5
1922,4453,1.0,1
1922,2936,0.9999,2
1922,3921,0.9999,3
1922,342,0.9999,4
1922,2050,0.9999,5
1923,2729,0.9997,1
1923,2488,0.9991,2
1923,1687,0.999,3
1923,1124,0.9989,4
1923,6593,0.9984,5
1924,2586,1.0,1
1924,5432,1.0,2
1924,3523,1.0,3
1924,2896,1.0,4
1924,1004,1.0,5
1925,5546,0.9998,1
1925,215,0.9997,2
1925,3976,0.9995,3
1925,4893,0.9995,4
1925,1509,0.9992,5
1926,6217,0.9999,1
1926,6057,0.9998,2
1926,973,0.9995,3
1926,4723,0.9995,4
1926,1819,0.9994,5
1927,4258,1.0,1
1927,4794,1.0,2
1927,2006,1.0,3
1927,1069,1.0,4
1927,6527,1.0,5
1928,3911,0.9999,1
1928,2475,0.9999,2
1928,6953,0.9999,3
1928,385,0.9999,4
1928,1633,0.9998,5
1929,2014,1.0,1
1929,1338,1.0,2
1929,5402,1.0,3
1929,6772,1.0,4
1929,5533,1.0,5
1930,5539,1.0,1
1930,3924,1.0,2
1930,6621,1.0,3
1930,1096,1.0,4
1930,4545,1.0,5
1931,3928,1.0,1
1931,4318,1.0,2
1931,6614,1.0,3
1931,6234,1.0,4
1931,3197,1.0,5
1932,6037,0.9999,1
1932,6106,0.9999,2
1932,6854,0.9999,3
1932,2298,0.9997,4
1932,6405,0.9997,5
1933,101,1.0,1
1933,223,1.0,2
1933,4099,1.0,3
1933,5909,1.0,4
1933,5616,1.0,5
1934,405,1.0,1
1934,624,1.0,2
1934,4117,1.0,3
1934,5552,1.0,4
1934,5643,1.0,5
1935,6505,1.0,1
1935,4772,1.0,2
1935,4620,0.9999,3
1935,4443,0.9999,4
1935,6289,0.9999,5
1936,4115,1.0,1
1936,4919,1.0,2
1936,6647,1.0,3
1936,4670,1.0,4
1936,5578,1.0,5
1937,1611,1.0,1
1937,878,1.0,2
1937,3083,0.9999,3
1937,6758,0.9998,4
1937,1714,0.9997,5
1938,6027,1.0,1
1938,1238,1.0,2
1938,189,1.0,3
1938,5593,1.0,4
1938,6959,1.0,5
1939,3500,1.0,1
1939,4477,1.0,2
1939,4541,1.0,3
1939,2757,1.0,4
1939,761,1.0,5
1940,1891,1.0,1
1940,1075,1.0,2
1940,2757,1.0,3
1940,4541,1.0,4
1940,1939,1.0,5
1941,5660,1.0,1
1941,3318,1.0,2
1941,837,0.9999,3
1941,6977,0.9999,4
1941,2546,0.9999,5
1942,1342,1.0,1
1942,4479,0.9999,2
1942,6402,0.9999,3
1942,4014,0.9999,4
1942,236,0.9999,5
1943,3852,1.0,1
1943,1716,1.0,2
1943,6622,1.0,3
1943,2756,1.0,4
1943,4245,1.0,5
1944,6082,1.0,1
1944,5657,1.0,2
1944,2273,1.0,3
1944,6340,1.0,4
1944,686,1.0,5
1945,617,1.0,1
1945,4971,0.9999,2
1945,4401,0.9999,3
1945,6675,0.9999,4
1945,2348,0.9999,5
1946,4321,1.0,1
1946,4921,1.0,2
1946,5069,1.0,3
1946,3376,1.0,4
1946,317,1.0,5
1947,6079,1.0,1
1947,2797,1.0,2
1947,4249,0.9999,3
1947,2924,0.9999,4
1947,6920,0.9998,5
1948,4583,1.0,1
1948,6329,1.0,2
1948,3441,0.9999,3
1948,2041,0.9999,4
1948,590,0.9999,5
1949,48,1.0,1
1949,335,1.0,2
1949,1084,1.0,3
1949,2157,1.0,4
1949,2624,1.0,5
1950,2020,1.0,1
1950,6335,1.0,2
1950,521,1.0,3
1950,1998,0.9999,4
1950,6502,0.9999,5
1951,2567,1.0,1
1951,5531,0.9999,2
1951,4353,0.9999,3
1951,4486,0.9999,4
1951,1827,0.9999,5
1952,4062,1.0,1
1952,1195,1.0,2
1952,4982,0.9999,3
1952,6213,0.9997,4
1952,11,0.9997,5
1953,196,0.9999,1
1953,5041,0.9998,2
1953,4780,0.9997,3
1953,3428,0.9996,4
1953,2670,0.9996,5
1954,5072,1.0,1
1954,5101,1.0,2
1954,582,1.0,3
1954,2130,1.0,4
1954,1955,1.0,5
1955,1814,1.0,1
1955,3325,1.0,2
1955,5072,1.0,3
1955,1954,1.0,4
1955,582,1.0,5
1956,5889,1.0,1
1956,3282,1.0,2
1956,3546,0.9999,3
1956,5356,0.9999,4
1956,6681,0.9999,5
1957,3346,1.0,1
1957,95,1.0,2
1957,2686,1.0,3
1957,3113,1.0,4
1957,6993,0.9999,5
1958,3078,0.9998,1
1958,5590,0.9997,2
1958,6870,0.9996,3
1958,3619,0.9995,4
1958,5525,0.9994,5
1959,7039,1.0,1
1959,1399,0.9999,2
1959,2979,0.9997,3
1959,1973,0.9994,4
1959,816,0.9994,5
1960,2088,0.9999,1
1960,3661,0.9997,2
1960,6068,0.9997,3
1960,2963,0.9996,4
1960,3291,0.9996,5
1961,126,1.0,1
1961,4422,0.9994,2
1961,3698,0.9992,3
1961,5261,0.9991,4
1961,1088,0.9991,5
1962,4985,1.0,1
1962,4441,0.9997,2
1962,2035,0.9997,3
1962,3974,0.9997,4
1962,5529,0.9989,5
1963,2275,1.0,1
1963,4525,1.0,2
1963,4360,0.9998,3
1963,3877,0.9997,4
1963,2961,0.9997,5
1964,142,0.9999,1
1964,3594,0.9999,2
1964,6598,0.9998,3
1964,3555,0.9998,4
1964,578,0.9998,5
1965,3191,1.0,1
1965,3389,0.9999,2
1965,2356,0.9999,3
1965,6146,0.9999,4
1965,6133,0.9997,5
1966,6978,1.0,1
1966,4897,1.0,2
1966,3297,1.0,3
1966,226,0.9994,4
1966,6281,0.999,5
1967,1070,0.998,1
1967,2623,0.9968,2
1967,1865,0.9966,3
1967,1182,0.9966,4
1967,522,0.996,5
1968,2299,1.0,1
1968,505,0.9999,2
1968,2490,0.9999,3
1968,5576,0.9999,4
1968,3952,0.9999,5
1969,2476,1.0,1
1969,1443,0.9999,2
1969,6746,0.9999,3
1969,4851,0.9999,4
1969,5468,0.9998,5
1970,4789,0.9998,1
1970,3576,0.9993,2
1970,1820,0.9993,3
1970,6544,0.9992,4
1970,1417,0.9991,5
1971,1097,1.0,1
1971,5175,0.9998,2
1971,2529,0.9997,3
1971,220,0.9997,4
1971,509,0.9996,5
1972,1760,1.0,1
1972,3701,1.0,2
1972,4668,1.0,3
1972,5643,1.0,4
1972,981,1.0,5
1973,293,0.9996,1
1973,2841,0.9996,2
1973,627,0.9995,3
1973,1959,0.9994,4
1973,7039,0.9994,5
1974,4003,1.0,1
1974,4802,1.0,2
1974,6098,1.0,3
1974,6359,1.0,4
1974,5696,1.0,5
1975,3888,1.0,1
1975,978,1.0,2
1975,2925,0.9999,3
1975,5004,0.9999,4
1975,6468,0.9998,5
1976,6294,1.0,1
1976,5083,1.0,2
1976,3360,1.0,3
1976,1005,1.0,4
1976,4386,1.0,5
1977,4801,1.0,1
1977,1411,0.9999,2
1977,3750,0.9999,3
1977,6369,0.9999,4
1977,3381,0.9999,5
1978,2396,1.0,1
1978,4361,0.9999,2
1978,3564,0.9999,3
1978,4285,0.9999,4
1978,948,0.9999,5
1979,3835,1.0,1
1979,5168,1.0,2
1979,973,0.9999,3
1979,556,0.9998,4
1979,6754,0.9998,5
1980,2231,1.0,1
1980,5087,1.0,2
1980,5686,1.0,3
1980,2409,1.0,4
1980,4275,0.9999,5
1981,6525,1.0,1
1981,656,1.0,2
1981,2799,1.0,3
1981,4064,1.0,4
1981,1013,0.9999,5
1982,811,0.9999,1
1982,1346,0.9998,2
1982,5127,0.9998,3
1982,2592,0.9998,4
1982,13,0.9998,5
1983,2074,1.0,1
1983,6595,1.0,2
1983,6767,1.0,3
1983,5883,1.0,4
1983,1533,1.0,5
1984,4933,1.0,1
1984,6826,0.9999,2
1984,3003,0.9997,3
1984,3004,0.9993,4
1984,4515,0.9992,5
1985,6862,0.9999,1
1985,1752,0.9998,2
1985,4294,0.9998,3
1985,6869,0.9997,4
1985,3568,0.9997,5
1986,5506,0.9999,1
1986,942,0.9999,2
1986,844,0.9999,3
1986,5457,0.9999,4
1986,5560,0.9998,5
1987,6683,1.0,1
1987,5580,0.9999,2
1987,3420,0.9999,3
1987,1786,0.9999,4
1987,3433,0.9998,5
1988,6859,1.0,1
1988,1098,0.9997,2
1988,4405,0.9995,3
1988,6733,0.9995,4
1988,2005,0.9995,5
1989,1026,0.9998,1
1989,76,0.9997,2
1989,5685,0.9996,3
1989,6334,0.9995,4
1989,3373,0.9995,5
1990,830,0.9994,1
1990,5339,0.9989,2
1990,3739,0.9987,3
1990,4351,0.9985,4
1990,3606,0.9978,5
1991,2335,1.0,1
1991,5037,1.0,2
1991,1632,0.9999,3
1991,1305,0.9999,4
1991,1309,0.9998,5
1992,658,1.0,1
1992,1178,0.9998,2
1992,5661,0.9997,3
1992,6299,0.9997,4
1992,1303,0.9995,5
1993,5738,0.9996,1
1993,3679,0.9995,2
1993,3027,0.9994,3
1993,2565,0.9992,4
1993,3401,0.9992,5
1994,647,1.0,1
1994,965,1.0,2
1994,148,1.0,3
1994,3593,1.0,4
1994,3880,1.0,5
1995,4509,1.0,1
1995,6584,1.0,2
1995,5540,1.0,3
1995,5824,1.0,4
1995,5755,1.0,5
1996,2423,1.0,1
1996,5574,1.0,2
1996,2367,1.0,3
1996,2608,1.0,4
1996,6097,1.0,5
1997,343,0.9999,1
1997,3286,0.9998,2
1997,4717,0.9998,3
1997,2743,0.9998,4
1997,6430,0.9998,5
1998,6502,1.0,1
1998,521,1.0,2
1998,3055,1.0,3
1998,4106,0.9999,4
1998,1950,0.9999,5
1999,259,1.0,1
1999,4894,1.0,2
1999,6605,1.0,3
1999,3049,1.0,4
1999,135,1.0,5
2000,137,1.0,1
2000,2082,0.9999,2
2000,524,0.9998,3
2000,4458,0.9993,4
2000,3269,0.9992,5
2001,2796,0.9999,1
2001,4344,0.9999,2
2001,4524,0.9999,3
2001,3105,0.9998,4
2001,289,0.9998,5
2002,588,1.0,1
2002,361,1.0,2
2002,6565,1.0,3
2002,2759,1.0,4
2002,6042,1.0,5
2003,6896,0.9999,1
2003,4056,0.9999,2
2003,3355,0.9999,3
2003,5096,0.9998,4
2003,4076,0.9997,5
2004,5417,1.0,1
2004,2330,1.0,2
2004,3788,0.9999,3
2004,1905,0.9999,4
2004,528,0.9999,5
2005,4405,1.0,1
2005,6733,1.0,2
2005,2652,1.0,3
2005,1068,0.9999,4
2005,1219,0.9999,5
2006,6527,1.0,1
2006,4428,1.0,2
2006,1229,1.0,3
2006,1927,1.0,4
2006,4258,0.9999,5
2007,4966,0.9999,1
2007,4812,0.9998,2
2007,3466,0.9998,3
2007,2344,0.9997,4
2007,669,0.9997,5
2008,2263,1.0,1
2008,5381,1.0,2
2008,1262,1.0,3
2008,742,1.0,4
2008,533,1.0,5
2009,2816,0.9998,1
2009,2174,0.9998,2
2009,723,0.9998,3
2009,6212,0.9998,4
2009,5592,0.9997,5
2010,3952,1.0,1
2010,6750,1.0,2
2010,6437,1.0,3
2010,4430,1.0,4
2010,752,0.9999,5
2011,5120,1.0,1
2011,1298,1.0,2
2011,6303,1.0,3
2011,3756,0.9999,4
2011,3115,0.9999,5
2012,5386,1.0,1
2012,3567,0.9999,2
2012,1860,0.9999,3
2012,3264,0.9999,4
2012,5404,0.9999,5
2013,27,1.0,1
2013,6893,0.9998,2
2013,6511,0.9998,3
2013,3461,0.9998,4
2013,61,0.9998,5
2014,1338,1.0,1
2014,5402,1.0,2
2014,1929,1.0,3
2014,6772,1.0,4
2014,5533,1.0,5
2015,596,0.9997,1
2015,5418,0.9996,2
2015,2772,0.9992,3
2015,7037,0.9992,4
2015,2377,0.9987,5
2016,6641,0.9995,1
2016,1438,0.9986,2
2016,5123,0.9986,3
2016,1753,0.9984,4
2016,6734,0.9982,5
2017,544,1.0,1
2017,428,0.9999,2
2017,1367,0.9999,3
2017,5147,0.9998,4
2017,6958,0.9997,5
2018,4888,1.0,1
2018,4004,1.0,2
2018,3897,1.0,3
2018,2496,1.0,4
2018,5982,1.0,5
2019,182,1.0,1
2019,6065,1.0,2
2019,1244,1.0,3
2019,6519,1.0,4
2019,3139,1.0,5
2020,6335,1.0,1
2020,1950,1.0,2
2020,5450,1.0,3
2020,7035,0.9999,4
2020,2813,0.9999,5
2021,5427,0.9999,1
2021,1047,0.9998,2
2021,2064,0.9997,3
2021,6924,0.9997,4
2021,164,0.9996,5
2022,3394,1.0,1
2022,4192,0.9999,2
2022,3434,0.9999,3
2022,2732,0.9999,4
2022,4029,0.9999,5
2023,5811,0.9997,1
2023,4652,0.9996,2
2023,3027,0.9996,3
2023,3679,0.9996,4
2023,759,0.9995,5
2024,6202,1.0,1
2024,4185,0.9999,2
2024,1551,0.9999,3
2024,1267,0.9999,4
2024,6838,0.9998,5
2025,5352,1.0,1
2025,6742,1.0,2
2025,3386,1.0,3
2025,4191,0.9998,4
2025,5251,0.9998,5
2026,4207,1.0,1
2026,5348,1.0,2
2026,6404,1.0,3
2026,2369,1.0,4
2026,1747,1.0,5
2027,3349,1.0,1
2027,5703,1.0,2
2027,5139,1.0,3
2027,6806,1.0,4
2027,4575,1.0,5
2028,6636,1.0,1
2028,3166,1.0,2
2028,3836,1.0,3
2028,2711,1.0,4
2028,2868,1.0,5
2029,4918,1.0,1
2029,1575,1.0,2
2029,6731,1.0,3
2029,6009,1.0,4
2029,1198,1.0,5
2030,1419,0.9999,1
2030,1099,0.9999,2
2030,6573,0.9999,3
2030,1739,0.9999,4
2030,396,0.9999,5
2031,2172,1.0,1
2031,4669,1.0,2
2031,4705,0.9999,3
2031,2976,0.9998,4
2031,1186,0.9998,5
2032,2125,1.0,1
2032,3766,1.0,2
2032,6105,1.0,3
2032,421,1.0,4
2032,106,1.0,5
2033,6453,1.0,1
2033,3568,0.9996,2
2033,4463,0.9996,3
2033,4294,0.9995,4
2033,1752,0.9995,5
2034,101,1.0,1
2034,223,1.0,2
2034,4099,1.0,3
2034,5909,1.0,4
2034,5616,1.0,5
2035,1962,0.9997,1
2035,3584,0.9997,2
2035,4985,0.9997,3
2035,2115,0.9992,4
2035,3343,0.9992,5
2036,3971,0.9997,1
2036,6853,0.999,2
2036,1792,0.9986,3
2036,5613,0.9986,4
2036,3974,0.9977,5
2037,2822,1.0,1
2037,6439,1.0,2
2037,3822,1.0,3
2037,5342,1.0,4
2037,7011,1.0,5
2038,2134,1.0,1
2038,140,1.0,2
2038,3844,1.0,3
2038,5826,1.0,4
2038,2889,1.0,5
2039,3490,0.9999,1
2039,5346,0.9998,2
2039,6394,0.9996,3
2039,735,0.9995,4
2039,1098,0.9994,5
2040,2058,1.0,1
2040,767,0.9999,2
2040,4378,0.9998,3
2040,5964,0.9998,4
2040,2119,0.9998,5
2041,3441,1.0,1
2041,590,1.0,2
2041,2061,1.0,3
2041,2373,1.0,4
2041,4584,1.0,5
2042,2808,1.0,1
2042,2748,1.0,2
2042,2045,1.0,3
2042,4874,1.0,4
2042,967,1.0,5
2043,1783,0.9993,1
2043,1865,0.9983,2
2043,1710,0.9976,3
2043,4300,0.9969,4
2043,3036,0.9969,5
2044,5503,0.9996,1
2044,5751,0.999,2
2044,5305,0.999,3
2044,3807,0.9983,4
2044,2777,0.9983,5
2045,2808,1.0,1
2045,2042,1.0,2
2045,2748,1.0,3
2045,4874,1.0,4
2045,967,1.0,5
2046,6197,1.0,1
2046,6800,0.9999,2
2046,105,0.9999,3
2046,4247,0.9999,4
2046,6356,0.9999,5
2047,5951,1.0,1
2047,4425,1.0,2
2047,894,1.0,3
2047,273,1.0,4
2047,186,1.0,5
2048,1237,1.0,1
2048,3146,0.9998,2
2048,3082,0.9998,3
2048,4443,0.9997,4
2048,3304,0.9997,5
2049,1486,0.9999,1
2049,5534,0.9999,2
2049,756,0.9997,3
2049,2340,0.9996,4
2049,646,0.9996,5
2050,5891,1.0,1
2050,2477,1.0,2
2050,2758,0.9999,3
2050,4596,0.9999,4
2050,3262,0.9999,5
2051,6094,1.0,1
2051,6368,0.9999,2
2051,3178,0.9997,3
2051,4150,0.9997,4
2051,4727,0.9996,5
2052,6118,1.0,1
2052,5916,1.0,2
2052,1304,1.0,3
2052,193,1.0,4
2052,1535,1.0,5
2053,2301,1.0,1
2053,5395,0.9999,2
2053,1386,0.9999,3
2053,6949,0.9999,4
2053,1119,0.9999,5
2054,6618,0.9999,1
2054,5979,0.9997,2
2054,3925,0.9997,3
2054,230,0.9996,4
2054,2643,0.9996,5
2055,47,1.0,1
2055,2663,1.0,2
2055,3849,1.0,3
2055,4277,1.0,4
2055,1072,1.0,5
2056,5445,1.0,1
2056,4002,0.9999,2
2056,604,0.9999,3
2056,4686,0.9999,4
2056,4889,0.9996,5
2057,3989,1.0,1
2057,2947,1.0,2
2057,2966,0.9999,3
2057,6300,0.9999,4
2057,2696,0.9999,5
2058,2040,1.0,1
2058,767,1.0,2
2058,5964,0.9999,3
2058,4378,0.9997,4
2058,2119,0.9996,5
2059,606,1.0,1
2059,241,1.0,2
2059,4680,1.0,3
2059,1642,1.0,4
2059,857,1.0,5
2060,6691,0.9998,1
2060,4136,0.9998,2
2060,6991,0.9998,3
2060,889,0.9997,4
2060,5206,0.9997,5
2061,590,1.0,1
2061,2373,1.0,2
2061,3441,1.0,3
2061,2041,1.0,4
2061,4584,1.0,5
2062,4866,1.0,1
2062,4966,0.9999,2
2062,2589,0.9999,3
2062,4105,0.9999,4
2062,2907,0.9998,5
2063,1036,1.0,1
2063,1407,1.0,2
2063,3980,1.0,3
2063,4413,1.0,4
2063,5146,1.0,5
2064,5427,0.9998,1
2064,4168,0.9998,2
2064,2501,0.9998,3
2064,2021,0.9997,4
2064,3833,0.9995,5
2065,6322,1.0,1
2065,1798,1.0,2
2065,5328,1.0,3
2065,2679,1.0,4
2065,5836,1.0,5
2066,2521,0.9999,1
2066,4130,0.9995,2
2066,996,0.9993,3
2066,5071,0.9993,4
2066,3845,0.9992,5
2067,451,1.0,1
2067,6074,1.0,2
2067,2650,1.0,3
2067,1018,1.0,4
2067,3060,1.0,5
2068,2811,1.0,1
2068,6381,1.0,2
2068,618,0.9999,3
2068,6588,0.9999,4
2068,6181,0.9999,5
2069,61,1.0,1
2069,27,0.9999,2
2069,2150,0.9999,3
2069,4814,0.9998,4
2069,3461,0.9998,5
2070,2754,1.0,1
2070,6867,1.0,2
2070,2239,1.0,3
2070,3773,1.0,4
2070,6067,0.9999,5
2071,25,1.0,1
2071,2895,0.9997,2
2071,6864,0.9997,3
2071,5965,0.9993,4
2071,3083,0.9991,5
2072,2615,1.0,1
2072,5081,0.9999,2
2072,2929,0.9999,3
2072,3328,0.9998,4
2072,5531,0.9997,5
2073,2812,1.0,1
2073,1376,1.0,2
2073,3915,1.0,3
2073,7020,1.0,4
2073,2824,0.9999,5
2074,1983,1.0,1
2074,6767,1.0,2
2074,6595,1.0,3
2074,5883,1.0,4
2074,1533,1.0,5
2075,5230,1.0,1
2075,4259,0.9999,2
2075,614,0.9999,3
2075,631,0.9998,4
2075,1788,0.9996,5
2076,4692,1.0,1
2076,530,1.0,2
2076,4591,0.9999,3
2076,6718,0.9999,4
2076,6312,0.9999,5
2077,5209,0.9999,1
2077,2436,0.9998,2
2077,3533,0.9996,3
2077,954,0.9996,4
2077,6514,0.9995,5
2078,5725,1.0,1
2078,2284,1.0,2
2078,4790,1.0,3
2078,685,1.0,4
2078,1784,1.0,5
2079,3237,0.9999,1
2079,5007,0.9996,2
2079,597,0.9996,3
2079,5157,0.9996,4
2079,3059,0.9995,5
2080,6391,1.0,1
2080,5201,1.0,2
2080,18,0.9999,3
2080,6583,0.9999,4
2080,2246,0.9999,5
2081,6630,1.0,1
2081,1291,1.0,2
2081,4912,1.0,3
2081,1165,0.9999,4
2081,5518,0.9997,5
2082,524,1.0,1
2082,137,1.0,2
2082,2000,0.9999,3
2082,4657,0.9993,4
2082,6962,0.9992,5
2083,2384,0.9999,1
2083,727,0.9998,2
2083,993,0.9997,3
2083,1552,0.9997,4
2083,4028,0.9997,5
2084,4373,1.0,1
2084,2135,1.0,2
2084,4960,1.0,3
2084,23,1.0,4
2084,1339,1.0,5
2085,4838,1.0,1
2085,3427,1.0,2
2085,6878,1.0,3
2085,4464,1.0,4
2085,5873,1.0,5
2086,2913,1.0,1
2086,408,1.0,2
2086,948,0.9998,3
2086,4285,0.9997,4
2086,1978,0.9995,5
2087,4512,1.0,1
2087,4436,1.0,2
2087,5801,0.9998,3
2087,5981,0.9997,4
2087,4828,0.9996,5
2088,1960,0.9999,1
2088,3291,0.9998,2
2088,1256,0.9997,3
2088,3946,0.9997,4
2088,3678,0.9996,5
2089,3405,0.9997,1
2089,4016,0.9997,2
2089,5565,0.9997,3
2089,3053,0.9996,4
2089,6763,0.9996,5
2090,6253,1.0,1
2090,2363,0.9998,2
2090,3542,0.9998,3
2090,2548,0.9993,4
2090,6130,0.9993,5
2091,668,0.9998,1
2091,3043,0.9993,2
2091,3820,0.9993,3
2091,1588,0.9992,4
2091,2553,0.9992,5
2092,69,1.0,1
2092,3810,1.0,2
2092,6144,1.0,3
2092,3591,1.0,4
2092,4101,1.0,5
2093,5430,1.0,1
2093,2221,1.0,2
2093,4087,1.0,3
2093,734,1.0,4
2093,1538,1.0,5
2094,5218,1.0,1
2094,4945,1.0,2
2094,6744,1.0,3
2094,160,0.9999,4
2094,2805,0.9999,5
2095,6556,1.0,1
2095,4972,1.0,2
2095,4177,1.0,3
2095,5516,1.0,4
2095,5359,1.0,5
2096,681,1.0,1
2096,208,1.0,2
2096,5301,1.0,3
2096,3889,1.0,4
2096,2614,1.0,5
2097,4222,1.0,1
2097,5586,1.0,2
2097,6841,1.0,3
2097,311,1.0,4
2097,6252,1.0,5
2098,65,1.0,1
2098,1360,0.9999,2
2098,5600,0.9999,3
2098,449,0.9999,4
2098,4625,0.9999,5
2099,347,1.0,1
2099,1780,1.0,2
2099,755,1.0,3
2099,1437,0.9999,4
2099,2520,0.9999,5
2100,3213,0.9999,1
2100,6053,0.9998,2
2100,2236,0.9998,3
2100,3382,0.9997,4
2100,2823,0.9997,5
2101,403,1.0,1
2101,5485,1.0,2
2101,6251,1.0,3
2101,4070,0.9999,4
2101,4077,0.9999,5
2102,4869,1.0,1
2102,1470,1.0,2
2102,3064,0.9999,3
2102,5952,0.9999,4
2102,2429,0.9999,5
2103,4786,1.0,1
2103,2087,0.9996,2
2103,4512,0.9996,3
2103,4436,0.9995,4
2103,5801,0.9993,5
2104,5751,0.9996,1
2104,5305,0.9996,2
2104,911,0.9994,3
2104,4180,0.9992,4
2104,2549,0.9991,5
2105,5495,1.0,1
2105,5212,1.0,2
2105,2464,1.0,3
2105,183,0.9999,4
2105,3463,0.9998,5
2106,66,1.0,1
2106,6931,1.0,2
2106,694,1.0,3
2106,5611,1.0,4
2106,6719,1.0,5
2107,3753,1.0,1
2107,3281,0.9999,2
2107,4744,0.9998,3
2107,6403,0.9998,4
2107,6506,0.9998,5
2108,5077,1.0,1
2108,4589,0.9996,2
2108,4526,0.9995,3
2108,5435,0.9995,4
2108,4756,0.9993,5
2109,2357,1.0,1
2109,4522,0.9999,2
2109,1895,0.9999,3
2109,3312,0.9992,4
2109,2341,0.9992,5
2110,2964,1.0,1
2110,5666,0.9999,2
2110,59,0.9999,3
2110,176,0.9999,4
2110,1799,0.9998,5
2111,6140,1.0,1
2111,1497,1.0,2
2111,3197,1.0,3
2111,6351,1.0,4
2111,4792,1.0,5
2112,4523,1.0,1
2112,2274,1.0,2
2112,2679,0.9999,3
2112,5328,0.9999,4
2112,6322,0.9999,5
2113,4234,1.0,1
2113,538,0.9993,2
2113,1370,0.9983,3
2113,5880,0.9979,4
2113,3442,0.9973,5
2114,3183,1.0,1
2114,1475,0.9999,2
2114,333,0.9999,3
2114,5569,0.9999,4
2114,1602,0.9998,5
2115,3343,1.0,1
2115,3584,0.9995,2
2115,2035,0.9992,3
2115,5896,0.9989,4
2115,5651,0.9989,5
2116,4587,0.9999,1
2116,6119,0.9999,2
2116,4611,0.9999,3
2116,3206,0.9999,4
2116,6567,0.9998,5
2117,5190,1.0,1
2117,5437,1.0,2
2117,6664,1.0,3
2117,4824,1.0,4
2117,2574,1.0,5
2118,1806,1.0,1
2118,6515,1.0,2
2118,4616,1.0,3
2118,860,1.0,4
2118,2916,1.0,5
2119,4378,1.0,1
2119,2040,0.9998,2
2119,2058,0.9996,3
2119,5535,0.9994,4
2119,4371,0.9994,5
2120,5786,1.0,1
2120,6137,1.0,2
2120,1856,1.0,3
2120,6724,1.0,4
2120,2187,1.0,5
2121,6526,1.0,1
2121,3337,1.0,2
2121,3602,0.9999,3
2121,2359,0.9999,4
2121,2551,0.9999,5
2122,2829,1.0,1
2122,2893,1.0,2
2122,2714,1.0,3
2122,691,1.0,4
2122,495,1.0,5
2123,6045,0.9998,1
2123,1628,0.9997,2
2123,4335,0.9997,3
2123,3988,0.9997,4
2123,4256,0.9997,5
2124,1553,1.0,1
2124,4274,0.9998,2
2124,4580,0.9998,3
2124,227,0.9998,4
2124,6445,0.9996,5
2125,2032,1.0,1
2125,3766,1.0,2
2125,421,1.0,3
2125,106,1.0,4
2125,6105,1.0,5
2126,2358,1.0,1
2126,336,0.9999,2
2126,4761,0.9999,3
2126,5347,0.9999,4
2126,2773,0.9998,5
2127,4707,1.0,1
2127,5818,1.0,2
2127,2741,1.0,3
2127,838,1.0,4
2127,5464,1.0,5
2128,6692,0.9995,1
2128,4829,0.9995,2
2128,2930,0.9994,3
2128,5086,0.9993,4
2128,1151,0.9993,5
2129,6693,1.0,1
2129,243,1.0,2
2129,769,1.0,3
2129,299,0.9998,4
2129,4119,0.9998,5
2130,5101,1.0,1
2130,582,1.0,2
2130,1954,1.0,3
2130,5072,1.0,4
2130,1955,1.0,5
2131,1664,1.0,1
2131,2671,1.0,2
2131,1872,0.9999,3
2131,900,0.9999,4
2131,251,0.9999,5
2132,5803,0.9997,1
2132,6031,0.9996,2
2132,6143,0.9993,3
2132,6427,0.9992,4
2132,2387,0.999,5
2133,4012,1.0,1
2133,4653,1.0,2
2133,1684,1.0,3
2133,1020,1.0,4
2133,6561,1.0,5
2134,2038,1.0,1
2134,140,1.0,2
2134,5826,1.0,3
2134,3844,1.0,4
2134,6097,1.0,5
2135,4373,1.0,1
2135,2084,1.0,2
2135,4960,1.0,3
2135,23,1.0,4
2135,1339,1.0,5
2136,1488,1.0,1
2136,561,1.0,2
2136,904,0.9999,3
2136,514,0.9999,4
2136,5052,0.9999,5
2137,6862,0.9998,1
2137,4435,0.9997,2
2137,5371,0.9997,3
2137,1985,0.9997,4
2137,826,0.9996,5
2138,2214,1.0,1
2138,3336,1.0,2
2138,5183,1.0,3
2138,1688,0.9999,4
2138,4752,0.9999,5
2139,2234,1.0,1
2139,3673,1.0,2
2139,1696,0.9999,3
2139,5082,0.9999,4
2139,5351,0.9999,5
2140,1319,0.9998,1
2140,6115,0.9998,2
2140,1404,0.9997,3
2140,4508,0.9996,4
2140,5223,0.9992,5
2141,960,0.9993,1
2141,718,0.9992,2
2141,2066,0.9991,3
2141,3263,0.9989,4
2141,1088,0.9987,5
2142,3628,1.0,1
2142,3344,1.0,2
2142,6559,1.0,3
2142,6052,1.0,4
2142,170,1.0,5
2143,5492,0.9998,1
2143,4631,0.9992,2
2143,1232,0.9992,3
2143,4112,0.9992,4
2143,2952,0.999,5
2144,79,1.0,1
2144,4293,0.9998,2
2144,2437,0.9997,3
2144,307,0.9995,4
2144,3008,0.9995,5
2145,3779,1.0,1
2145,4057,1.0,2
2145,6086,1.0,3
2145,1048,1.0,4
2145,1011,1.0,5
2146,4231,0.9999,1
2146,5496,0.9997,2
2146,6579,0.9997,3
2146,5431,0.9994,4
2146,3345,0.9994,5
2147,1270,1.0,1
2147,6078,0.9999,2
2147,257,0.9999,3
2147,5290,0.9999,4
2147,3857,0.9999,5
2148,5359,1.0,1
2148,5516,1.0,2
2148,4972,1.0,3
2148,6556,1.0,4
2148,2095,1.0,5
2149,4127,1.0,1
2149,6475,1.0,2
2149,5312,1.0,3
2149,3557,1.0,4
2149,461,1.0,5
2150,4814,0.9999,1
2150,5895,0.9999,2
2150,2069,0.9999,3
2150,6511,0.9999,4
2150,4377,0.9998,5
2151,419,0.9994,1
2151,157,0.9994,2
2151,3556,0.9994,3
2151,4549,0.9994,4
2151,4826,0.9994,5
2152,2934,1.0,1
2152,2814,1.0,2
2152,4457,1.0,3
2152,3378,1.0,4
2152,4835,0.9999,5
2153,2704,1.0,1
2153,1447,1.0,2
2153,2828,1.0,3
2153,2857,1.0,4
2153,4065,1.0,5
2154,2781,0.9999,1
2154,3497,0.9999,2
2154,733,0.9996,3
2154,3269,0.9992,4
2154,3131,0.9991,5
2155,6493,1.0,1
2155,3235,1.0,2
2155,5720,1.0,3
2155,3836,1.0,4
2155,6732,1.0,5
2156,2176,1.0,1
2156,4911,1.0,2
2156,5340,0.9999,3
2156,594,0.9999,4
2156,930,0.9994,5
2157,2624,1.0,1
2157,335,1.0,2
2157,48,1.0,3
2157,742,1.0,4
2157,1949,1.0,5
2158,1091,1.0,1
2158,1659,0.9999,2
2158,5479,0.9999,3
2158,4713,0.9997,4
2158,831,0.9997,5
2159,4821,0.9999,1
2159,4364,0.9997,2
2159,2807,0.9997,3
2159,5941,0.9997,4
2159,5521,0.9995,5
2160,3309,1.0,1
2160,645,1.0,2
2160,1101,1.0,3
2160,4469,1.0,4
2160,2826,0.9999,5
2161,6244,1.0,1
2161,6387,1.0,2
2161,6918,1.0,3
2161,4986,1.0,4
2161,5478,1.0,5
2162,1224,1.0,1
2162,2505,1.0,2
2162,4639,1.0,3
2162,5433,0.9999,4
2162,2707,0.9999,5
2163,2975,0.9994,1
2163,391,0.9993,2
2163,2819,0.9992,3
2163,3843,0.9991,4
2163,2324,0.999,5
2164,4183,1.0,1
2164,6101,1.0,2
2164,4449,0.9998,3
2164,3641,0.9996,4
2164,2579,0.9996,5
2165,738,1.0,1
2165,3607,1.0,2
2165,6993,0.9999,3
2165,2319,0.9999,4
2165,1094,0.9999,5
2166,5884,1.0,1
2166,995,1.0,2
2166,3278,1.0,3
2166,4958,1.0,4
2166,2606,1.0,5
2167,2481,1.0,1
2167,836,0.9999,2
2167,6966,0.9998,3
2167,5765,0.9998,4
2167,6815,0.9998,5
2168,1361,1.0,1
2168,5020,0.9999,2
2168,4078,0.9999,3
2168,4974,0.9999,4
2168,1483,0.9998,5
2169,5628,1.0,1
2169,4840,1.0,2
2169,5840,0.9999,3
2169,3954,0.9999,4
2169,289,0.9999,5
2170,6218,1.0,1
2170,6898,1.0,2
2170,6873,0.9999,3
2170,895,0.9999,4
2170,5812,0.9999,5
2171,3669,0.9991,1
2171,4242,0.9989,2
2171,2597,0.9989,3
2171,1627,0.9988,4
2171,5354,0.9988,5
2172,2031,1.0,1
2172,4669,1.0,2
2172,2976,0.9999,3
2172,4705,0.9999,4
2172,1186,0.9998,5
2173,6897,1.0,1
2173,390,1.0,2
2173,5869,1.0,3
2173,2703,1.0,4
2173,1801,1.0,5
2174,723,1.0,1
2174,3326,1.0,2
2174,2292,1.0,3
2174,3051,0.9999,4
2174,276,0.9999,5
2175,2197,1.0,1
2175,4556,1.0,2
2175,6214,1.0,3
2175,4677,1.0,4
2175,6542,1.0,5
2176,2156,1.0,1
2176,4911,1.0,2
2176,5340,1.0,3
2176,594,0.9998,4
2176,930,0.9995,5
2177,4807,1.0,1
2177,1512,1.0,2
2177,4531,1.0,3
2177,5731,1.0,4
2177,6868,1.0,5
2178,1607,0.9999,1
2178,3440,0.9999,2
2178,1188,0.9999,3
2178,5528,0.9998,4
2178,2880,0.9998,5
2179,5757,1.0,1
2179,671,1.0,2
2179,4820,1.0,3
2179,5980,1.0,4
2179,5781,1.0,5
2180,1273,1.0,1
2180,3208,1.0,2
2180,6156,1.0,3
2180,5142,1.0,4
2180,5017,1.0,5
2181,31,1.0,1
2181,1754,0.9999,2
2181,4825,0.9999,3
2181,4624,0.9998,4
2181,2255,0.9997,5
2182,3667,1.0,1
2182,6225,0.9999,2
2182,4083,0.9998,3
2182,4910,0.9998,4
2182,5902,0.9998,5
2183,1251,1.0,1
2183,5127,0.9999,2
2183,4135,0.9999,3
2183,818,0.9999,4
2183,3731,0.9998,5
2184,1261,1.0,1
2184,1944,0.9999,2
2184,6082,0.9999,3
2184,5657,0.9999,4
2184,2273,0.9999,5
2185,649,0.9999,1
2185,1601,0.9999,2
2185,1030,0.9999,3
2185,5784,0.9999,4
2185,6092,0.9998,5
2186,5325,1.0,1
2186,1919,1.0,2
2186,3292,0.9999,3
2186,3691,0.9998,4
2186,5872,0.9996,5
2187,2943,1.0,1
2187,89,1.0,2
2187,6724,1.0,3
2187,1856,1.0,4
2187,4245,1.0,5
2188,6307,1.0,1
2188,897,1.0,2
2188,3879,1.0,3
2188,1768,1.0,4
2188,4207,0.9999,5
2189,3128,1.0,1
2189,90,0.9995,2
2189,5148,0.9995,3
2189,6654,0.9995,4
2189,5977,0.9993,5
2190,1109,1.0,1
2190,1108,1.0,2
2190,1333,1.0,3
2190,3121,1.0,4
2190,4197,0.9999,5
2191,4944,1.0,1
2191,1699,1.0,2
2191,2404,1.0,3
2191,3185,0.9999,4
2191,5787,0.9999,5
2192,6090,1.0,1
2192,5784,0.9998,2
2192,649,0.9998,3
2192,1977,0.9997,4
2192,6682,0.9997,5
2193,387,0.9999,1
2193,1255,0.9995,2
2193,321,0.9994,3
2193,263,0.9993,4
2193,6172,0.9991,5
2194,2551,0.9999,1
2194,3391,0.9999,2
2194,4864,0.9999,3
2194,6639,0.9999,4
2194,5978,0.9999,5
2195,4316,1.0,1
2195,3031,1.0,2
2195,6847,1.0,3
2195,5641,1.0,4
2195,3552,1.0,5
2196,3702,0.9996,1
2196,4081,0.9996,2
2196,6365,0.9996,3
2196,235,0.9996,4
2196,6516,0.9995,5
2197,4556,1.0,1
2197,6214,1.0,2
2197,2175,1.0,3
2197,4677,1.0,4
2197,1348,1.0,5
2198,701,1.0,1
2198,4883,0.9998,2
2198,6851,0.9997,3
2198,5920,0.9997,4
2198,5110,0.9996,5
2199,3253,1.0,1
2199,3018,0.9993,2
2199,4867,0.9989,3
2199,2997,0.9984,4
2199,6058,0.9977,5
2200,4694,1.0,1
2200,448,1.0,2
2200,306,0.9999,3
2200,4806,0.9999,4
2200,672,0.9999,5
2201,3950,0.9994,1
2201,1015,0.9993,2
2201,4395,0.999,3
2201,1627,0.999,4
2201,1144,0.9987,5
2202,4720,0.9997,1
2202,5384,0.9997,2
2202,3845,0.9993,3
2202,996,0.9993,4
2202,5788,0.9993,5
2203,2549,0.9999,1
2203,3648,0.9999,2
2203,2830,0.9999,3
2203,2971,0.9996,4
2203,518,0.9996,5
2204,3742,1.0,1
2204,4823,1.0,2
2204,7023,1.0,3
2204,842,1.0,4
2204,5621,1.0,5
2205,3902,1.0,1
2205,884,1.0,2
2205,1294,1.0,3
2205,2744,1.0,4
2205,6690,0.9999,5
2206,1884,0.9999,1
2206,6237,0.9999,2
2206,949,0.9999,3
2206,6670,0.9999,4
2206,298,0.9999,5
2207,5946,1.0,1
2207,6815,0.9999,2
2207,1266,0.9999,3
2207,4236,0.9999,4
2207,5765,0.9999,5
2208,6655,1.0,1
2208,6832,0.9999,2
2208,2464,0.9998,3
2208,2105,0.9998,4
2208,3463,0.9998,5
2209,1402,0.9993,1
2209,2845,0.9993,2
2209,5934,0.9987,3
2209,32,0.9986,4
2209,3142,0.9984,5
2210,6122,1.0,1
2210,6570,1.0,2
2210,6830,1.0,3
2210,5163,1.0,4
2210,2695,1.0,5
2211,4685,1.0,1
2211,4396,1.0,2
2211,5259,1.0,3
2211,3814,0.9999,4
2211,6204,0.9999,5
2212,6186,1.0,1
2212,892,1.0,2
2212,6352,1.0,3
2212,6640,0.9999,4
2212,2926,0.9999,5
2213,4203,1.0,1
2213,5039,1.0,2
2213,4194,1.0,3
2213,4800,1.0,4
2213,3534,1.0,5
2214,2138,1.0,1
2214,3336,1.0,2
2214,5183,1.0,3
2214,1688,0.9999,4
2214,4752,0.9999,5
2215,2872,1.0,1
2215,714,1.0,2
2215,1347,0.9998,3
2215,759,0.9997,4
2215,5985,0.9997,5
2216,4150,0.9999,1
2216,3134,0.9999,2
2216,6368,0.9998,3
2216,4727,0.9997,4
2216,3178,0.9997,5
2217,1776,1.0,1
2217,1436,1.0,2
2217,4860,0.9999,3
2217,1662,0.9999,4
2217,6038,0.9999,5
2218,396,1.0,1
2218,6223,1.0,2
2218,1739,1.0,3
2218,859,0.9999,4
2218,5266,0.9999,5
2219,1035,1.0,1
2219,6596,1.0,2
2219,5567,0.9999,3
2219,5777,0.9999,4
2219,1378,0.9999,5
2220,5712,1.0,1
2220,5620,0.9999,2
2220,5044,0.9999,3
2220,1493,0.9997,4
2220,6757,0.9996,5
2221,5430,1.0,1
2221,4087,1.0,2
2221,2093,1.0,3
2221,734,1.0,4
2221,1538,1.0,5
2222,2916,0.9999,1
2222,2311,0.9999,2
2222,1806,0.9999,3
2222,2118,0.9999,4
2222,3882,0.9999,5
2223,2491,0.9998,1
2223,6809,0.9998,2
2223,5952,0.9998,3
2223,6861,0.9998,4
2223,3064,0.9998,5
2224,3655,1.0,1
2224,2712,1.0,2
2224,2487,1.0,3
2224,2688,0.9998,4
2224,6328,0.9997,5
2225,6193,0.9997,1
2225,4941,0.9996,2
2225,5958,0.9995,3
2225,2777,0.9995,4
2225,6631,0.9995,5
2226,2539,0.9995,1
2226,6950,0.9988,2
2226,5602,0.9986,3
2226,6882,0.9979,4
2226,2638,0.9975,5
2227,373,0.9996,1
2227,6007,0.9984,2
2227,3061,0.998,3
2227,3734,0.998,4
2227,1243,0.9978,5
2228,6390,1.0,1
2228,4906,1.0,2
2228,3193,1.0,3
2228,5633,1.0,4
2228,3187,1.0,5
2229,3451,1.0,1
2229,5655,1.0,2
2229,6806,1.0,3
2229,5703,0.9999,4
2229,1188,0.9999,5
2230,1464,1.0,1
2230,1363,1.0,2
2230,221,1.0,3
2230,167,1.0,4
2230,2678,0.9999,5
2231,5087,1.0,1
2231,1980,1.0,2
2231,2409,1.0,3
2231,5686,0.9999,4
2231,4275,0.9999,5
2232,6173,1.0,1
2232,1359,1.0,2
2232,2612,1.0,3
2232,6637,1.0,4
2232,4781,0.9998,5
2233,1056,1.0,1
2233,1282,1.0,2
2233,3135,1.0,3
2233,1463,1.0,4
2233,4188,1.0,5
2234,2139,1.0,1
2234,3673,1.0,2
2234,1696,0.9999,3
2234,5351,0.9999,4
2234,5082,0.9999,5
2235,367,1.0,1
2235,5767,0.9999,2
2235,3669,0.9992,3
2235,6576,0.999,4
2235,2894,0.999,5
2236,6053,1.0,1
2236,3400,0.9998,2
2236,1593,0.9998,3
2236,2100,0.9998,4
2236,3382,0.9997,5
2237,2971,0.9999,1
2237,6166,0.9999,2
2237,518,0.9999,3
2237,3155,0.9998,4
2237,4284,0.9998,5
2238,5444,0.999,1
2238,1882,0.999,2
2238,5177,0.9989,3
2238,436,0.9989,4
2238,1753,0.9967,5
2239,2754,1.0,1
2239,2070,1.0,2
2239,6867,1.0,3
2239,1149,0.9999,4
2239,6067,0.9999,5
2240,4666,1.0,1
2240,1846,0.9996,2
2240,2697,0.9989,3
2240,5741,0.9983,4
2240,2422,0.9982,5
2241,740,1.0,1
2241,1918,1.0,2
2241,2885,1.0,3
2241,5471,1.0,4
2241,1113,0.9999,5
2242,6793,1.0,1
2242,4128,1.0,2
2242,4273,1.0,3
2242,4980,1.0,4
2242,1681,1.0,5
2243,424,0.9999,1
2243,1155,0.9998,2
2243,6587,0.9998,3
2243,1430,0.9998,4
2243,6054,0.9998,5
2244,4266,1.0,1
2244,3477,1.0,2
2244,2861,0.9999,3
2244,2283,0.9999,4
2244,6181,0.9999,5
2245,6541,1.0,1
2245,5016,0.9997,2
2245,6633,0.9975,3
2245,4424,0.9955,4
2245,2915,0.9949,5
2246,2685,1.0,1
2246,6204,1.0,2
2246,3814,1.0,3
2246,5259,1.0,4
2246,4248,0.9999,5
2247,6483,0.9999,1
2247,4953,0.9998,2
2247,2798,0.9997,3
2247,3872,0.9997,4
2247,4460,0.9996,5
2248,982,1.0,1
2248,4636,1.0,2
2248,1689,1.0,3
2248,6807,1.0,4
2248,3205,1.0,5
2249,26,0.9996,1
2249,2431,0.9991,2
2249,6549,0.999,3
2249,2489,0.9986,4
2249,1713,0.9985,5
2250,559,1.0,1
2250,6637,0.9997,2
2250,2612,0.9997,3
2250,1359,0.9997,4
2250,6173,0.9996,5
2251,3840,1.0,1
2251,5327,1.0,2
2251,940,1.0,3
2251,6277,1.0,4
2251,6955,1.0,5
2252,559,0.9997,1
2252,2232,0.9996,2
2252,6173,0.9996,3
2252,1359,0.9996,4
2252,3417,0.9996,5
2253,4281,1.0,1
2253,1289,1.0,2
2253,2875,1.0,3
2253,6876,1.0,4
2253,138,1.0,5
2254,5694,1.0,1
2254,6764,0.9999,2
2254,4513,0.9998,3
2254,801,0.9997,4
2254,4507,0.9997,5
2255,4514,1.0,1
2255,1427,0.9999,2
2255,2536,0.9998,3
2255,2181,0.9997,4
2255,2885,0.9997,5
2256,1489,1.0,1
2256,5313,1.0,2
2256,1920,1.0,3
2256,5376,1.0,4
2256,858,1.0,5
2257,5170,0.9997,1
2257,4074,0.9996,2
2257,1604,0.9996,3
2257,2282,0.9995,4
2257,1132,0.9992,5
2258,540,1.0,1
2258,6209,0.9999,2
2258,5812,0.9999,3
2258,6071,0.9999,4
2258,576,0.9999,5
2259,5383,0.9999,1
2259,4475,0.9998,2
2259,4822,0.9997,3
2259,3522,0.9997,4
2259,1183,0.9997,5
2260,3028,1.0,1
2260,4420,1.0,2
2260,2460,1.0,3
2260,4408,1.0,4
2260,1667,1.0,5
2261,3307,1.0,1
2261,1216,1.0,2
2261,2354,1.0,3
2261,3583,1.0,4
2261,4620,1.0,5
2262,5498,1.0,1
2262,2920,0.9991,2
2262,3619,0.9985,3
2262,1761,0.9985,4
2262,1350,0.9984,5
2263,2008,1.0,1
2263,5381,1.0,2
2263,1262,1.0,3
2263,742,1.0,4
2263,533,1.0,5
2264,3147,0.9999,1
2264,1074,0.9998,2
2264,5228,0.9997,3
2264,6233,0.9997,4
2264,4598,0.9997,5
2265,5820,1.0,1
2265,5255,1.0,2
2265,6911,1.0,3
2265,1307,1.0,4
2265,5421,1.0,5
2266,881,0.9982,1
2266,6801,0.9982,2
2266,2295,0.9977,3
2266,179,0.9977,4
2266,877,0.9976,5
2267,6142,1.0,1
2267,427,1.0,2
2267,6010,0.9999,3
2267,3966,0.9999,4
2267,5373,0.9998,5
2268,3108,1.0,1
2268,2538,1.0,2
2268,1171,1.0,3
2268,4798,1.0,4
2268,438,1.0,5
2269,1741,1.0,1
2269,3205,1.0,2
2269,4636,1.0,3
2269,1689,1.0,4
2269,2248,0.9999,5
2270,6591,1.0,1
2270,5813,1.0,2
2270,3726,1.0,3
2270,6041,1.0,4
2270,4790,1.0,5
2271,6092,0.9999,1
2271,1030,0.9999,2
2271,3079,0.9998,3
2271,2185,0.9998,4
2271,6863,0.9996,5
2272,3164,0.9999,1
2272,2416,0.9996,2
2272,5154,0.9996,3
2272,6774,0.9994,4
2272,51,0.9993,5
2273,1944,1.0,1
2273,6082,1.0,2
2273,4091,1.0,3
2273,686,1.0,4
2273,6340,1.0,5
2274,2679,1.0,1
2274,5328,1.0,2
2274,6322,1.0,3
2274,2065,1.0,4
2274,1798,1.0,5
2275,1963,1.0,1
2275,4525,1.0,2
2275,4360,0.9999,3
2275,3877,0.9997,4
2275,2961,0.9997,5
2276,6634,1.0,1
2276,1466,1.0,2
2276,3528,1.0,3
2276,652,1.0,4
2276,5161,1.0,5
2277,6915,0.9999,1
2277,1504,0.9998,2
2277,4265,0.9998,3
2277,6545,0.9997,4
2277,1788,0.9997,5
2278,2970,1.0,1
2278,1841,1.0,2
2278,4320,1.0,3
2278,939,0.9999,4
2278,2866,0.9999,5
2279,1680,0.9996,1
2279,4530,0.9996,2
2279,3894,0.9993,3
2279,5285,0.9993,4
2279,3527,0.9993,5
2280,1777,1.0,1
2280,5704,1.0,2
2280,6708,1.0,3
2280,2507,1.0,4
2280,5897,1.0,5
2281,966,1.0,1
2281,1027,1.0,2
2281,6887,0.9999,3
2281,3588,0.9999,4
2281,906,0.9999,5
2282,159,0.9996,1
2282,5170,0.9995,2
2282,2257,0.9995,3
2282,770,0.9995,4
2282,1604,0.9994,5
2283,4266,1.0,1
2283,4605,0.9999,2
2283,2244,0.9999,3
2283,3477,0.9999,4
2283,2861,0.9998,5
2284,1784,1.0,1
2284,2078,1.0,2
2284,5725,1.0,3
2284,685,1.0,4
2284,4790,1.0,5
2285,1444,1.0,1
2285,1103,1.0,2
2285,3597,0.9999,3
2285,6740,0.9999,4
2285,5717,0.9999,5
2286,1203,1.0,1
2286,1184,1.0,2
2286,4854,1.0,3
2286,174,0.9999,4
2286,6015,0.9999,5
2287,1536,0.9999,1
2287,1590,0.9999,2
2287,963,0.9991,3
2287,2830,0.9979,4
2287,3648,0.9979,5
2288,3118,0.9999,1
2288,3305,0.9999,2
2288,534,0.9999,3
2288,6102,0.9999,4
2288,6256,0.9999,5
2289,1461,1.0,1
2289,276,1.0,2
2289,3051,1.0,3
2289,5799,1.0,4
2289,6212,1.0,5
2290,6243,1.0,1
2290,60,1.0,2
2290,3967,1.0,3
2290,3953,1.0,4
2290,4216,1.0,5
2291,1038,0.9999,1
2291,3167,0.9997,2
2291,4062,0.9995,3
2291,1125,0.9995,4
2291,1952,0.9995,5
2292,3326,1.0,1
2292,723,1.0,2
2292,2174,1.0,3
2292,2478,0.9999,4
2292,5799,0.9999,5
2293,4775,0.9999,1
2293,1657,0.9999,2
2293,2924,0.9998,3
2293,1947,0.9998,4
2293,6079,0.9997,5
2294,1257,1.0,1
2294,857,1.0,2
2294,4680,1.0,3
2294,6230,1.0,4
2294,241,1.0,5
2295,2583,0.9999,1
2295,6194,0.9997,2
2295,881,0.9995,3
2295,6801,0.9993,4
2295,6126,0.9989,5
2296,1332,1.0,1
2296,3093,1.0,2
2296,3774,1.0,3
2296,2996,1.0,4
2296,212,1.0,5
2297,35,1.0,1
2297,1892,1.0,2
2297,1835,1.0,3
2297,6846,1.0,4
2297,5499,1.0,5
2298,3789,1.0,1
2298,6854,1.0,2
2298,3419,1.0,3
2298,6037,0.9999,4
2298,5179,0.9998,5
2299,505,1.0,1
2299,1968,1.0,2
2299,6750,0.9999,3
2299,2010,0.9999,4
2299,3952,0.9999,5
2300,6929,1.0,1
2300,1503,0.9998,2
2300,2378,0.9998,3
2300,6965,0.9997,4
2300,3619,0.9995,5
2301,2053,1.0,1
2301,1386,1.0,2
2301,823,0.9999,3
2301,14,0.9999,4
2301,6949,0.9999,5
2302,5429,0.9998,1
2302,1193,0.9998,2
2302,4561,0.9998,3
2302,5976,0.9997,4
2302,5832,0.9996,5
2303,1795,1.0,1
2303,2041,1.0,2
2303,3441,1.0,3
2303,590,1.0,4
2303,2061,0.9999,5
2304,1834,0.9999,1
2304,6242,0.9998,2
2304,2469,0.9997,3
2304,3333,0.9997,4
2304,705,0.9997,5
2305,5079,1.0,1
2305,6745,0.9999,2
2305,6948,0.9999,3
2305,3553,0.9999,4
2305,4567,0.9999,5
2306,1311,1.0,1
2306,525,0.9995,2
2306,4746,0.9993,3
2306,775,0.9992,4
2306,4868,0.9991,5
2307,1636,1.0,1
2307,6782,1.0,2
2307,5676,1.0,3
2307,1207,1.0,4
2307,1080,1.0,5
2308,612,0.9999,1
2308,4813,0.9999,2
2308,1465,0.9999,3
2308,6866,0.9998,4
2308,5223,0.9998,5
2309,4534,1.0,1
2309,6935,1.0,2
2309,1409,1.0,3
2309,5374,1.0,4
2309,203,1.0,5
2310,6996,0.9999,1
2310,4249,0.9999,2
2310,5314,0.9999,3
2310,4764,0.9998,4
2310,3949,0.9997,5
2311,2916,1.0,1
2311,1806,1.0,2
2311,2118,1.0,3
2311,6515,0.9999,4
2311,2222,0.9999,5
2312,5568,0.9999,1
2312,5373,0.9998,2
2312,2459,0.9998,3
2312,4265,0.9998,4
2312,1589,0.9996,5
2313,5105,1.0,1
2313,2424,1.0,2
2313,6189,1.0,3
2313,6472,1.0,4
2313,2497,1.0,5
2314,337,1.0,1
2314,84,0.9999,2
2314,3109,0.9998,3
2314,5995,0.9998,4
2314,4889,0.9997,5
2315,2718,1.0,1
2315,4271,1.0,2
2315,6660,0.9999,3
2315,6093,0.9999,4
2315,6004,0.9999,5
2316,4297,0.9991,1
2316,2543,0.9988,2
2316,398,0.9987,3
2316,4147,0.9981,4
2316,2495,0.9978,5
2317,6827,1.0,1
2317,125,1.0,2
2317,947,1.0,3
2317,3092,1.0,4
2317,3404,1.0,5
2318,267,0.9999,1
2318,5140,0.9999,2
2318,3899,0.9998,3
2318,1588,0.9998,4
2318,677,0.9998,5
2319,6993,1.0,1
2319,1094,1.0,2
2319,3539,1.0,3
2319,95,0.9999,4
2319,2686,0.9999,5
2320,1249,1.0,1
2320,3265,0.9998,2
2320,1164,0.9998,3
2320,536,0.9998,4
2320,3339,0.9998,5
2321,750,1.0,1
2321,3565,0.9999,2
2321,1730,0.9999,3
2321,5446,0.9999,4
2321,5638,0.9999,5
2322,244,1.0,1
2322,1500,0.9999,2
2322,350,0.9998,3
2322,3923,0.9998,4
2322,5425,0.9997,5
2323,6658,1.0,1
2323,4363,1.0,2
2323,85,1.0,3
2323,1616,1.0,4
2323,6952,1.0,5
2324,3443,1.0,1
2324,2605,0.9996,2
2324,423,0.9996,3
2324,3171,0.9995,4
2324,6702,0.9994,5
2325,1991,0.9997,1
2325,2335,0.9996,2
2325,330,0.9996,3
2325,1305,0.9995,4
2325,5037,0.9995,5
2326,5918,1.0,1
2326,5692,1.0,2
2326,1901,1.0,3
2326,5662,1.0,4
2326,3299,1.0,5
2327,6155,1.0,1
2327,242,1.0,2
2327,3891,1.0,3
2327,4650,1.0,4
2327,6116,1.0,5
2328,6157,1.0,1
2328,5584,1.0,2
2328,6272,0.9999,3
2328,4559,0.9999,4
2328,2419,0.9998,5
2329,3785,1.0,1
2329,298,0.9999,2
2329,1884,0.9999,3
2329,2206,0.9998,4
2329,5258,0.9997,5
2330,5417,1.0,1
2330,2004,1.0,2
2330,1905,0.9999,3
2330,528,0.9999,4
2330,3788,0.9999,5
2331,2658,0.9966,1
2331,33,0.9966,2
2331,149,0.9954,3
2331,6321,0.9954,4
2331,1242,0.9954,5
2332,6199,0.9999,1
2332,4280,0.9999,2
2332,2537,0.9999,3
2332,3972,0.9998,4
2332,6372,0.9997,5
2333,741,0.9999,1
2333,3046,0.9998,2
2333,5116,0.9998,3
2333,4871,0.9995,4
2333,804,0.9994,5
2334,2585,0.9999,1
2334,1583,0.9999,2
2334,6131,0.9999,3
2334,4067,0.9998,4
2334,1379,0.9996,5
2335,5037,1.0,1
2335,1991,1.0,2
2335,1632,0.9999,3
2335,1305,0.9999,4
2335,1309,0.9998,5
2336,3948,1.0,1
2336,6842,1.0,2
2336,1100,1.0,3
2336,6018,1.0,4
2336,4949,0.9999,5
2337,2855,1.0,1
2337,5863,1.0,2
2337,5605,0.9999,3
2337,3137,0.9999,4
2337,4432,0.9994,5
2338,3473,1.0,1
2338,639,1.0,2
2338,3373,0.9999,3
2338,5685,0.9998,4
2338,2076,0.9995,5
2339,2525,1.0,1
2339,1542,1.0,2
2339,3969,1.0,3
2339,4007,1.0,4
2339,406,1.0,5
2340,5534,0.9999,1
2340,511,0.9999,2
2340,646,0.9999,3
2340,506,0.9999,4
2340,2049,0.9996,5
2341,3312,1.0,1
2341,482,1.0,2
2341,6947,1.0,3
2341,3930,0.9992,4
2341,3686,0.9992,5
2342,1037,1.0,1
2342,2927,0.9999,2
2342,5350,0.9999,3
2342,5582,0.9999,4
2342,6290,0.9998,5
2343,1288,0.9999,1
2343,2607,0.9995,2
2343,6167,0.9994,3
2343,737,0.9992,4
2343,3303,0.9992,5
2344,5708,0.9999,1
2344,1764,0.9999,2
2344,780,0.9999,3
2344,4701,0.9999,4
2344,3604,0.9999,5
2345,6981,0.9995,1
2345,1051,0.9985,2
2345,6728,0.9977,3
2345,1640,0.9973,4
2345,2762,0.9973,5
2346,3299,1.0,1
2346,2326,1.0,2
2346,5692,1.0,3
2346,5918,1.0,4
2346,5668,1.0,5
2347,5452,1.0,1
2347,1811,1.0,2
2347,4907,0.9999,3
2347,3130,0.9999,4
2347,3433,0.9999,5
2348,617,0.9999,1
2348,6675,0.9999,2
2348,1945,0.9999,3
2348,3506,0.9999,4
2348,1222,0.9998,5
2349,4041,0.9995,1
2349,6680,0.9986,2
2349,2995,0.9974,3
2349,1638,0.9973,4
2349,867,0.997,5
2350,760,1.0,1
2350,1903,1.0,2
2350,29,1.0,3
2350,4104,1.0,4
2350,5182,1.0,5
2351,6013,1.0,1
2351,5361,1.0,2
2351,4406,0.9999,3
2351,354,0.9999,4
2351,4900,0.9998,5
2352,5094,0.9998,1
2352,3046,0.9995,2
2352,615,0.9994,3
2352,4468,0.9993,4
2352,648,0.9993,5
2353,6569,1.0,1
2353,2695,1.0,2
2353,1495,1.0,3
2353,6830,1.0,4
2353,2391,1.0,5
2354,1216,1.0,1
2354,3583,1.0,2
2354,2261,1.0,3
2354,6889,1.0,4
2354,3307,1.0,5
2355,6444,1.0,1
2355,1356,1.0,2
2355,3934,1.0,3
2355,3012,1.0,4
2355,3790,1.0,5
2356,6146,1.0,1
2356,6133,0.9999,2
2356,1507,0.9999,3
2356,3871,0.9999,4
2356,284,0.9999,5
2357,2109,1.0,1
2357,4522,1.0,2
2357,1895,0.9998,3
2357,3312,0.9992,4
2357,2341,0.9992,5
2358,2126,1.0,1
2358,4761,0.9999,2
2358,2773,0.9999,3
2358,5347,0.9999,4
2358,336,0.9999,5
2359,4221,1.0,1
2359,1848,1.0,2
2359,3602,1.0,3
2359,553,1.0,4
2359,5599,1.0,5
2360,5483,0.9991,1
2360,5748,0.9989,2
2360,5319,0.9984,3
2360,398,0.998,4
2360,184,0.9975,5
2361,3730,1.0,1
2361,5366,1.0,2
2361,2725,1.0,3
2361,5997,1.0,4
2361,2594,1.0,5
2362,1862,1.0,1
2362,1550,1.0,2
2362,1225,1.0,3
2362,3675,1.0,4
2362,3066,1.0,5
2363,5762,0.9998,1
2363,6253,0.9998,2
2363,2090,0.9998,3
2363,3542,0.9998,4
2363,6663,0.9993,5
2364,4444,1.0,1
2364,956,1.0,2
2364,323,1.0,3
2364,6378,1.0,4
2364,2864,1.0,5
2365,173,0.9999,1
2365,3361,0.9997,2
2365,6379,0.9995,3
2365,4516,0.9994,4
2365,5130,0.9993,5
2366,1726,0.9999,1
2366,3955,0.9999,2
2366,56,0.9999,3
2366,4125,0.9998,4
2366,5214,0.9998,5
2367,6097,1.0,1
2367,2423,1.0,2
2367,5826,1.0,3
2367,1996,1.0,4
2367,140,1.0,5
2368,4139,1.0,1
2368,3353,1.0,2
2368,1651,1.0,3
2368,535,0.9999,4
2368,5906,0.9999,5
2369,5348,1.0,1
2369,2026,1.0,2
2369,6769,1.0,3
2369,4207,1.0,4
2369,3206,1.0,5
2370,4098,1.0,1
2370,5411,1.0,2
2370,1397,1.0,3
2370,1416,0.9999,4
2370,5149,0.9999,5
2371,16,1.0,1
2371,1423,0.9999,2
2371,3965,0.9999,3
2371,3509,0.9999,4
2371,2541,0.9999,5
2372,4276,1.0,1
2372,6150,1.0,2
2372,283,1.0,3
2372,377,1.0,4
2372,6608,1.0,5
2373,2061,1.0,1
2373,590,1.0,2
2373,4584,1.0,3
2373,2041,1.0,4
2373,3441,1.0,5
2374,3037,0.9999,1
2374,2563,0.9999,2
2374,6443,0.9997,3
2374,133,0.9997,4
2374,2534,0.9996,5
2375,5596,1.0,1
2375,4795,1.0,2
2375,3380,1.0,3
2375,3791,1.0,4
2375,4661,1.0,5
2376,5795,1.0,1
2376,5320,1.0,2
2376,4337,1.0,3
2376,6602,1.0,4
2376,6478,1.0,5
2377,6513,1.0,1
2377,4579,0.9997,2
2377,596,0.9997,3
2377,7037,0.9995,4
2377,5606,0.9994,5
2378,3619,0.9998,1
2378,2300,0.9998,2
2378,77,0.9998,3
2378,632,0.9997,4
2378,6929,0.9997,5
2379,1192,0.999,1
2379,997,0.9988,2
2379,6676,0.9988,3
2379,6904,0.9987,4
2379,2543,0.9977,5
2380,2803,0.9999,1
2380,2932,0.9999,2
2380,5763,0.9997,3
2380,5939,0.9995,4
2380,397,0.9995,5
2381,4450,0.9999,1
2381,2887,0.9999,2
2381,5167,0.9999,3
2381,3610,0.9999,4
2381,4501,0.9999,5
2382,3910,1.0,1
2382,481,1.0,2
2382,3637,1.0,3
2382,3372,1.0,4
2382,4499,1.0,5
2383,4086,0.9991,1
2383,1147,0.9981,2
2383,6938,0.9981,3
2383,5977,0.9969,4
2383,90,0.9963,5
2384,2083,0.9999,1
2384,4028,0.9998,2
2384,4858,0.9998,3
2384,798,0.9997,4
2384,727,0.9997,5
2385,4382,0.9999,1
2385,630,0.9999,2
2385,644,0.9999,3
2385,5588,0.9997,4
2385,1274,0.9996,5
2386,5881,1.0,1
2386,6601,1.0,2
2386,3222,1.0,3
2386,3224,1.0,4
2386,6778,1.0,5
2387,1327,0.9998,1
2387,6031,0.9998,2
2387,4047,0.9998,3
2387,6143,0.9998,4
2387,5803,0.9997,5
2388,3838,0.9999,1
2388,4739,0.9999,2
2388,3957,0.9998,3
2388,679,0.9997,4
2388,1720,0.9997,5
2389,6089,1.0,1
2389,2653,1.0,2
2389,2734,1.0,3
2389,3203,1.0,4
2389,228,1.0,5
2390,2681,1.0,1
2390,2789,1.0,2
2390,342,1.0,3
2390,2936,1.0,4
2390,1699,1.0,5
2391,1495,1.0,1
2391,793,1.0,2
2391,6569,1.0,3
2391,2353,1.0,4
2391,1441,1.0,5
2392,2556,0.9998,1
2392,2692,0.9998,2
2392,1690,0.9998,3
2392,4392,0.9998,4
2392,1579,0.9998,5
2393,3919,1.0,1
2393,4097,0.9997,2
2393,20,0.9996,3
2393,6803,0.9995,4
2393,2908,0.9994,5
2394,6919,1.0,1
2394,4646,1.0,2
2394,5721,0.9996,3
2394,6441,0.9992,4
2394,4868,0.999,5
2395,2622,1.0,1
2395,4087,0.9999,2
2395,734,0.9999,3
2395,2221,0.9999,4
2395,1538,0.9999,5
2396,1978,1.0,1
2396,4361,0.9999,2
2396,3564,0.9999,3
2396,4285,0.9999,4
2396,948,0.9999,5
2397,3306,1.0,1
2397,2575,0.9999,2
2397,4308,0.9998,3
2397,2416,0.9997,4
2397,6774,0.9997,5
2398,4327,0.9999,1
2398,3005,0.9999,2
2398,5141,0.9999,3
2398,5355,0.9999,4
2398,1743,0.9998,5
2399,3140,1.0,1
2399,3754,1.0,2
2399,1256,1.0,3
2399,2963,1.0,4
2399,6081,0.9999,5
2400,6753,1.0,1
2400,6735,0.9999,2
2400,1202,0.9999,3
2400,1467,0.9998,4
2400,4645,0.9998,5
2401,4241,0.9999,1
2401,2098,0.9998,2
2401,2406,0.9998,3
2401,6844,0.9998,4
2401,4625,0.9997,5
2402,3370,0.9999,1
2402,4843,0.9996,2
2402,245,0.9996,3
2402,5973,0.9983,4
2402,3894,0.9978,5
2403,155,1.0,1
2403,5456,1.0,2
2403,4771,1.0,3
2403,461,1.0,4
2403,5009,1.0,5
2404,1699,1.0,1
2404,4944,1.0,2
2404,2191,1.0,3
2404,2390,1.0,4
2404,2789,1.0,5
2405,6353,1.0,1
2405,6509,1.0,2
2405,6206,0.9999,3
2405,6677,0.9999,4
2405,109,0.9999,5
2406,4241,1.0,1
2406,4625,1.0,2
2406,449,1.0,3
2406,152,0.9999,4
2406,1001,0.9999,5
2407,479,1.0,1
2407,366,1.0,2
2407,6697,1.0,3
2407,5715,0.9998,4
2407,2785,0.9998,5
2408,5,1.0,1
2408,2630,1.0,2
2408,1382,1.0,3
2408,3320,1.0,4
2408,4863,1.0,5
2409,5087,1.0,1
2409,2231,1.0,2
2409,1980,1.0,3
2409,6137,0.9999,4
2409,5786,0.9998,5
2410,5508,1.0,1
2410,1306,0.9999,2
2410,497,0.9994,3
2410,4018,0.9993,4
2410,1883,0.9989,5
2411,3798,1.0,1
2411,1586,0.9998,2
2411,822,0.9998,3
2411,6756,0.9998,4
2411,5306,0.9997,5
2412,3257,0.9999,1
2412,869,0.9998,2
2412,2660,0.9998,3
2412,3699,0.9997,4
2412,7013,0.9996,5
2413,6523,0.9998,1
2413,3214,0.9995,2
2413,5018,0.9995,3
2413,6751,0.9995,4
2413,1907,0.9987,5
2414,5121,1.0,1
2414,6459,0.9999,2
2414,3697,0.9999,3
2414,5392,0.9999,4
2414,1584,0.9999,5
2415,1241,1.0,1
2415,5125,1.0,2
2415,6930,1.0,3
2415,4374,1.0,4
2415,1166,1.0,5
2416,5154,0.9999,1
2416,2575,0.9999,2
2416,3306,0.9997,3
2416,395,0.9997,4
2416,2397,0.9997,5
2417,2960,1.0,1
2417,201,0.9998,2
2417,3171,0.9996,3
2417,6702,0.9996,4
2417,3839,0.9996,5
2418,4131,1.0,1
2418,5537,0.9999,2
2418,6685,0.9998,3
2418,766,0.9998,4
2418,1704,0.9997,5
2419,6272,1.0,1
2419,4559,0.9999,2
2419,6157,0.9998,3
2419,2328,0.9998,4
2419,392,0.9998,5
2420,5276,1.0,1
2420,4629,0.9998,2
2420,1756,0.9998,3
2420,6221,0.9998,4
2420,2962,0.9997,5
2421,1054,0.9999,1
2421,3587,0.9999,2
2421,4975,0.9998,3
2421,4711,0.9997,4
2421,1019,0.9996,5
2422,2697,0.9999,1
2422,5741,0.9999,2
2422,4920,0.9997,3
2422,466,0.9996,4
2422,5213,0.9988,5
2423,2367,1.0,1
2423,1996,1.0,2
2423,6097,1.0,3
2423,5574,1.0,4
2423,5826,1.0,5
2424,5105,1.0,1
2424,2313,1.0,2
2424,6189,1.0,3
2424,6472,1.0,4
2424,2497,1.0,5
2425,2968,0.9997,1
2425,1766,0.9996,2
2425,6128,0.9995,3
2425,5279,0.9995,4
2425,4601,0.9994,5
2426,2953,1.0,1
2426,1061,1.0,2
2426,2761,1.0,3
2426,861,1.0,4
2426,1555,1.0,5
2427,1653,0.9998,1
2427,1052,0.9997,2
2427,5061,0.9994,3
2427,1403,0.9993,4
2427,5566,0.9989,5
2428,5962,1.0,1
2428,4925,1.0,2
2428,1145,1.0,3
2428,134,1.0,4
2428,2466,0.9999,5
2429,2102,0.9999,1
2429,4869,0.9998,2
2429,1470,0.9998,3
2429,4922,0.9998,4
2429,6293,0.9998,5
2430,1649,0.9998,1
2430,1368,0.9997,2
2430,5413,0.9995,3
2430,5961,0.9994,4
2430,1079,0.9994,5
2431,26,0.9999,1
2431,2249,0.9991,2
2431,3543,0.9989,3
2431,1713,0.9989,4
2431,2489,0.9988,5
2432,4181,1.0,1
2432,5412,0.9999,2
2432,6865,0.9999,3
2432,6510,0.9999,4
2432,3186,0.9999,5
2433,3513,0.9999,1
2433,5056,0.9995,2
2433,6460,0.9993,3
2433,6320,0.9991,4
2433,5035,0.999,5
2434,5903,1.0,1
2434,282,0.9999,2
2434,6616,0.9998,3
2434,3189,0.9998,4
2434,5893,0.9998,5
2435,5867,1.0,1
2435,1521,1.0,2
2435,147,1.0,3
2435,4260,1.0,4
2435,4476,1.0,5
2436,5209,0.9999,1
2436,2077,0.9998,2
2436,6514,0.9996,3
2436,3533,0.9995,4
2436,954,0.9992,5
2437,4293,1.0,1
2437,3008,0.9998,2
2437,79,0.9998,3
2437,2144,0.9997,4
2437,307,0.9997,5
2438,5911,0.9998,1
2438,6362,0.9994,2
2438,2556,0.9991,3
2438,1579,0.9989,4
2438,6121,0.9988,5
2439,6964,0.9999,1
2439,3873,0.9999,2
2439,5032,0.9998,3
2439,3957,0.9996,4
2439,5234,0.9996,5
2440,1719,1.0,1
2440,3570,1.0,2
2440,3212,1.0,3
2440,3893,1.0,4
2440,1609,1.0,5
2441,3656,1.0,1
2441,3968,1.0,2
2441,401,1.0,3
2441,4712,1.0,4
2441,6308,1.0,5
2442,411,0.9999,1
2442,1160,0.9999,2
2442,4350,0.9998,3
2442,6553,0.9998,4
2442,4447,0.9998,5
2443,3963,1.0,1
2443,887,1.0,2
2443,5687,0.9999,3
2443,3982,0.9999,4
2443,5494,0.9999,5
2444,2817,1.0,1
2444,6116,1.0,2
2444,2989,1.0,3
2444,194,1.0,4
2444,6687,1.0,5
2445,2579,0.9999,1
2445,4449,0.9999,2
2445,2581,0.9998,3
2445,5189,0.9998,4
2445,6101,0.9995,5
2446,4965,0.999,1
2446,3787,0.999,2
2446,4161,0.999,3
2446,3996,0.9988,4
2446,3745,0.9986,5
2447,1007,1.0,1
2447,4597,1.0,2
2447,5365,0.9999,3
2447,3885,0.9997,4
2447,1900,0.9997,5
2448,4483,1.0,1
2448,4996,1.0,2
2448,2599,1.0,3
2448,83,1.0,4
2448,1127,1.0,5
2449,262,0.9997,1
2449,1133,0.9991,2
2449,2709,0.999,3
2449,3272,0.9989,4
2449,6563,0.9989,5
2450,542,0.9998,1
2450,5270,0.9997,2
2450,7022,0.9997,3
2450,5606,0.9996,4
2450,7037,0.9994,5
2451,4032,1.0,1
2451,1301,1.0,2
2451,551,1.0,3
2451,776,1.0,4
2451,4935,1.0,5
2452,3981,1.0,1
2452,9,0.9999,2
2452,2343,0.9987,3
2452,3862,0.9986,4
2452,1288,0.9985,5
2453,248,1.0,1
2453,177,1.0,2
2453,5124,0.9999,3
2453,6709,0.9999,4
2453,2777,0.9999,5
2454,7042,1.0,1
2454,4664,1.0,2
2454,6810,1.0,3
2454,246,0.9999,4
2454,6644,0.9999,5
2455,2508,1.0,1
2455,2532,1.0,2
2455,4988,1.0,3
2455,1324,1.0,4
2455,1712,1.0,5
2456,5971,1.0,1
2456,774,1.0,2
2456,4215,0.9999,3
2456,2656,0.9999,4
2456,303,0.9999,5
2457,1661,0.9999,1
2457,1637,0.9999,2
2457,5583,0.9998,3
2457,592,0.9998,4
2457,1383,0.9998,5
2458,263,1.0,1
2458,6447,0.9999,2
2458,1706,0.9998,3
2458,4160,0.9997,4
2458,1255,0.9997,5
2459,5373,1.0,1
2459,1589,0.9999,2
2459,5568,0.9998,3
2459,427,0.9998,4
2459,2312,0.9998,5
2460,4408,1.0,1
2460,1667,1.0,2
2460,4226,1.0,3
2460,3737,1.0,4
2460,3028,1.0,5
2461,749,1.0,1
2461,6770,1.0,2
2461,5581,1.0,3
2461,1425,1.0,4
2461,5736,1.0,5
2462,498,1.0,1
2462,5556,1.0,2
2462,3481,1.0,3
2462,3936,1.0,4
2462,348,1.0,5
2463,4418,1.0,1
2463,4063,1.0,2
2463,5117,1.0,3
2463,4485,1.0,4
2463,275,1.0,5
2464,2105,1.0,1
2464,5495,0.9999,2
2464,5212,0.9999,3
2464,2208,0.9998,4
2464,5680,0.9998,5
2465,4747,0.9999,1
2465,1808,0.9999,2
2465,5433,0.9998,3
2465,2707,0.9998,4
2465,4085,0.9998,5
2466,6257,1.0,1
2466,134,1.0,2
2466,5683,1.0,3
2466,1145,1.0,4
2466,4925,1.0,5
2467,4728,1.0,1
2467,4039,1.0,2
2467,6154,1.0,3
2467,5358,1.0,4
2467,5193,1.0,5
2468,6712,1.0,1
2468,2837,1.0,2
2468,1069,0.9999,3
2468,4794,0.9999,4
2468,3870,0.9999,5
2469,2843,1.0,1
2469,4750,0.9999,2
2469,6951,0.9999,3
2469,4341,0.9999,4
2469,705,0.9999,5
2470,214,1.0,1
2470,1643,1.0,2
2470,3156,1.0,3
2470,1049,1.0,4
2470,6271,1.0,5
2471,6301,1.0,1
2471,4484,1.0,2
2471,6791,1.0,3
2471,1744,1.0,4
2471,4835,1.0,5
2472,5468,1.0,1
2472,2939,1.0,2
2472,2476,0.9999,3
2472,1496,0.9999,4
2472,4851,0.9998,5
2473,6939,0.9999,1
2473,1630,0.9999,2
2473,638,0.9999,3
2473,1660,0.9999,4
2473,1163,0.9998,5
2474,6650,1.0,1
2474,5456,1.0,2
2474,4771,1.0,3
2474,2403,1.0,4
2474,155,1.0,5
2475,3911,1.0,1
2475,1928,0.9999,2
2475,1633,0.9999,3
2475,6953,0.9998,4
2475,3535,0.9998,5
2476,1969,1.0,1
2476,5468,0.9999,2
2476,2472,0.9999,3
2476,4851,0.9999,4
2476,6746,0.9999,5
2477,2758,1.0,1
2477,5891,1.0,2
2477,2050,1.0,3
2477,4045,0.9999,4
2477,3993,0.9999,5
2478,4539,1.0,1
2478,1190,1.0,2
2478,1697,0.9999,3
2478,3326,0.9999,4
2478,2292,0.9999,5
2479,2749,1.0,1
2479,5174,1.0,2
2479,3883,1.0,3
2479,1656,0.9999,4
2479,782,0.9999,5
2480,4319,1.0,1
2480,3712,0.9999,2
2480,4817,0.9998,3
2480,5986,0.9997,4
2480,2792,0.9996,5
2481,2167,1.0,1
2481,836,0.9999,2
2481,6966,0.9998,3
2481,5765,0.9998,4
2481,6815,0.9998,5
2482,6084,0.9996,1
2482,3841,0.9995,2
2482,4745,0.9989,3
2482,3019,0.9982,4
2482,3408,0.9978,5
2483,1336,1.0,1
2483,3223,1.0,2
2483,4765,1.0,3
2483,6704,1.0,4
2483,6266,1.0,5
2484,3682,1.0,1
2484,4050,1.0,2
2484,5225,0.9999,3
2484,6454,0.9999,4
2484,5129,0.9999,5
2485,922,1.0,1
2485,5772,1.0,2
2485,6689,1.0,3
2485,2850,1.0,4
2485,1902,1.0,5
2486,2613,1.0,1
2486,202,1.0,2
2486,156,0.9999,3
2486,5424,0.9997,4
2486,928,0.9997,5
2487,2712,1.0,1
2487,2224,1.0,2
2487,2688,0.9999,3
2487,3655,0.9999,4
2487,6328,0.9999,5
2488,1923,0.9991,1
2488,5767,0.9991,2
2488,367,0.999,3
2488,2729,0.9989,4
2488,2235,0.9989,5
2489,6549,0.9995,1
2489,26,0.9989,2
2489,2431,0.9988,3
2489,2249,0.9986,4
2489,1826,0.9983,5
2490,1968,0.9999,1
2490,3219,0.9999,2
2490,4068,0.9999,3
2490,2299,0.9999,4
2490,505,0.9999,5
2491,6809,1.0,1
2491,6293,1.0,2
2491,4922,1.0,3
2491,809,0.9998,4
2491,2223,0.9998,5
2492,4442,1.0,1
2492,2835,1.0,2
2492,1700,1.0,3
2492,5579,1.0,4
2492,2676,1.0,5
2493,5609,1.0,1
2493,4629,0.9998,2
2493,1756,0.9998,3
2493,2962,0.9997,4
2493,1016,0.9997,5
2494,192,1.0,1
2494,2870,1.0,2
2494,5273,0.9999,3
2494,1193,0.9999,4
2494,5976,0.9999,5
2495,4147,1.0,1
2495,1308,0.999,2
2495,4938,0.9986,3
2495,398,0.9979,4
2495,2316,0.9978,5
2496,5982,1.0,1
2496,3897,1.0,2
2496,4004,1.0,3
2496,6344,1.0,4
2496,2018,1.0,5
2497,6189,1.0,1
2497,6472,1.0,2
2497,2313,1.0,3
2497,2424,1.0,4
2497,5105,1.0,5
2498,6283,1.0,1
2498,6096,1.0,2
2498,6373,1.0,3
2498,5674,1.0,4
2498,3508,1.0,5
2499,3359,0.9999,1
2499,783,0.9995,2
2499,517,0.999,3
2499,1022,0.999,4
2499,3094,0.9989,5
2500,6908,1.0,1
2500,2833,0.9998,2
2500,1793,0.9997,3
2500,1516,0.9997,4
2500,5084,0.9997,5
2501,4168,1.0,1
2501,3056,0.9998,2
2501,5427,0.9998,3
2501,2064,0.9998,4
2501,6871,0.9998,5
2502,1825,1.0,1
2502,234,1.0,2
2502,1816,1.0,3
2502,4574,1.0,4
2502,1278,1.0,5
2503,4257,1.0,1
2503,3863,1.0,2
2503,5364,1.0,3
2503,5280,1.0,4
2503,5509,1.0,5
2504,1913,1.0,1
2504,840,1.0,2
2504,6215,1.0,3
2504,4637,1.0,4
2504,469,1.0,5
2505,2162,1.0,1
2505,4639,1.0,2
2505,1224,1.0,3
2505,1406,0.9999,4
2505,5644,0.9999,5
2506,5461,1.0,1
2506,5370,1.0,2
2506,1614,1.0,3
2506,990,1.0,4
2506,1805,1.0,5
2507,1777,1.0,1
2507,2280,1.0,2
2507,5704,1.0,3
2507,3651,1.0,4
2507,4148,1.0,5
2508,4988,1.0,1
2508,2532,1.0,2
2508,2455,1.0,3
2508,1712,1.0,4
2508,3983,1.0,5
2509,4292,1.0,1
2509,5005,1.0,2
2509,2603,1.0,3
2509,6936,0.9999,4
2509,94,0.9999,5
2510,6881,1.0,1
2510,915,1.0,2
2510,3985,1.0,3
2510,3467,1.0,4
2510,5025,1.0,5
2511,6376,1.0,1
2511,3133,1.0,2
2511,4724,1.0,3
2511,5161,1.0,4
2511,490,1.0,5
2512,1629,0.9999,1
2512,3564,0.9999,2
2512,729,0.9997,3
2512,2396,0.9995,4
2512,1978,0.9995,5
2513,6989,0.9996,1
2513,1385,0.9991,2
2513,3198,0.9989,3
2513,462,0.9988,4
2513,1802,0.9988,5
2514,3826,1.0,1
2514,1085,1.0,2
2514,6001,1.0,3
2514,6752,1.0,4
2514,2844,1.0,5
2515,6968,1.0,1
2515,3832,1.0,2
2515,6034,1.0,3
2515,2591,0.9999,4
2515,5410,0.9999,5
2516,2767,1.0,1
2516,6298,0.9999,2
2516,5010,0.9997,3
2516,6078,0.9997,4
2516,2147,0.9997,5
2517,1239,1.0,1
2517,5756,0.9999,2
2517,5793,0.9999,3
2517,271,0.9998,4
2517,3955,0.9998,5
2518,5455,1.0,1
2518,3302,1.0,2
2518,1732,1.0,3
2518,5783,1.0,4
2518,5166,1.0,5
2519,4776,1.0,1
2519,1474,0.9999,2
2519,3432,0.9998,3
2519,1963,0.9997,4
2519,2275,0.9997,5
2520,1437,1.0,1
2520,1780,1.0,2
2520,2099,0.9999,3
2520,3979,0.9999,4
2520,1557,0.9999,5
2521,2066,0.9999,1
2521,4130,0.9998,2
2521,5071,0.9993,3
2521,996,0.9992,4
2521,3845,0.9989,5
2522,5178,0.9999,1
2522,4901,0.9999,2
2522,3485,0.9996,3
2522,2992,0.999,4
2522,3586,0.9987,5
2523,6743,0.9998,1
2523,4116,0.9998,2
2523,6922,0.9998,3
2523,1758,0.9997,4
2523,49,0.9997,5
2524,5752,1.0,1
2524,1259,1.0,2
2524,6050,1.0,3
2524,3268,1.0,4
2524,1701,1.0,5
2525,1542,1.0,1
2525,2339,1.0,2
2525,406,1.0,3
2525,4007,1.0,4
2525,6779,1.0,5
2526,4052,1.0,1
2526,6916,1.0,2
2526,2942,1.0,3
2526,871,1.0,4
2526,3422,1.0,5
2527,3377,1.0,1
2527,5034,1.0,2
2527,6171,1.0,3
2527,4633,1.0,4
2527,102,1.0,5
2528,485,0.9998,1
2528,183,0.9997,2
2528,5212,0.9996,3
2528,5495,0.9995,4
2528,2105,0.9994,5
2529,220,1.0,1
2529,5175,0.9998,2
2529,1106,0.9998,3
2529,5439,0.9998,4
2529,6668,0.9998,5
2530,5885,0.9996,1
2530,572,0.9993,2
2530,4862,0.9987,3
2530,1851,0.9987,4
2530,4880,0.998,5
2531,464,1.0,1
2531,6,0.9999,2
2531,4598,0.9997,3
2531,1539,0.9997,4
2531,5234,0.9996,5
2532,4988,1.0,1
2532,1712,1.0,2
2532,2508,1.0,3
2532,3983,1.0,4
2532,2455,1.0,5
2533,2949,0.9999,1
2533,6497,0.9999,2
2533,5106,0.9998,3
2533,3830,0.9997,4
2533,5669,0.9997,5
2534,1615,1.0,1
2534,6443,1.0,2
2534,133,1.0,3
2534,2563,0.9999,4
2534,3037,0.9997,5
2535,6409,1.0,1
2535,5322,1.0,2
2535,4248,1.0,3
2535,153,0.9999,4
2535,4448,0.9999,5
2536,1427,0.9999,1
2536,4689,0.9999,2
2536,3548,0.9998,3
2536,4514,0.9998,4
2536,2255,0.9998,5
2537,4280,1.0,1
2537,6199,1.0,2
2537,3972,1.0,3
2537,2332,0.9999,4
2537,197,0.9997,5
2538,3108,1.0,1
2538,2268,1.0,2
2538,541,1.0,3
2538,1171,1.0,4
2538,438,1.0,5
2539,5602,0.9997,1
2539,2226,0.9995,2
2539,2638,0.999,3
2539,5901,0.9978,4
2539,6986,0.9978,5
2540,6227,1.0,1
2540,5597,1.0,2
2540,5493,1.0,3
2540,5656,0.9999,4
2540,4413,0.9999,5
2541,6800,1.0,1
2541,1423,0.9999,2
2541,4865,0.9999,3
2541,4767,0.9999,4
2541,5711,0.9999,5
2542,6662,1.0,1
2542,6425,1.0,2
2542,2900,0.9999,3
2542,3684,0.9999,4
2542,787,0.9998,5
2543,4297,1.0,1
2543,2316,0.9988,2
2543,2379,0.9977,3
2543,6676,0.9974,4
2543,398,0.9966,5
2544,6839,0.9999,1
2544,6484,0.9998,2
2544,899,0.9998,3
2544,500,0.9998,4
2544,1435,0.9997,5
2545,96,1.0,1
2545,4500,0.9999,2
2545,4987,0.9999,3
2545,1791,0.9998,4
2545,4740,0.9997,5
2546,1220,1.0,1
2546,837,1.0,2
2546,3318,0.9999,3
2546,6977,0.9999,4
2546,1941,0.9999,5
2547,733,0.9998,1
2547,3745,0.999,2
2547,6962,0.9988,3
2547,2154,0.9987,4
2547,4161,0.9986,5
2548,6130,0.9999,1
2548,6253,0.9993,2
2548,2090,0.9993,3
2548,6748,0.9986,4
2548,2363,0.9984,5
2549,3648,1.0,1
2549,2830,1.0,2
2549,2203,0.9999,3
2549,518,0.9992,4
2549,2971,0.9992,5
2550,7031,1.0,1
2550,5530,1.0,2
2550,459,1.0,3
2550,6855,1.0,4
2550,2648,1.0,5
2551,3391,1.0,1
2551,1746,1.0,2
2551,4759,1.0,3
2551,3402,1.0,4
2551,2194,0.9999,5
2552,2593,1.0,1
2552,2935,1.0,2
2552,3334,1.0,3
2552,225,1.0,4
2552,5710,1.0,5
2553,1588,0.9998,1
2553,1661,0.9998,2
2553,3899,0.9997,3
2553,2457,0.9996,4
2553,677,0.9995,5
2554,3104,0.9999,1
2554,5630,0.9999,2
2554,5681,0.9998,3
2554,2675,0.9997,4
2554,815,0.9994,5
2555,3330,1.0,1
2555,5416,1.0,2
2555,3159,0.9999,3
2555,3912,0.9998,4
2555,4538,0.9995,5
2556,2392,0.9998,1
2556,3489,0.9998,2
2556,1579,0.9998,3
2556,4392,0.9997,4
2556,2692,0.9996,5
2557,1375,1.0,1
2557,2768,0.9998,2
2557,1917,0.9998,3
2557,7025,0.9998,4
2557,5979,0.9998,5
2558,724,1.0,1
2558,3223,0.9999,2
2558,1336,0.9999,3
2558,2483,0.9999,4
2558,4812,0.9999,5
2559,5422,1.0,1
2559,6344,1.0,2
2559,5937,1.0,3
2559,5982,1.0,4
2559,2496,1.0,5
2560,4264,1.0,1
2560,552,1.0,2
2560,3898,1.0,3
2560,4738,1.0,4
2560,4554,1.0,5
2561,3369,1.0,1
2561,1602,0.9999,2
2561,333,0.9999,3
2561,3487,0.9998,4
2561,1028,0.9998,5
2562,3666,1.0,1
2562,369,1.0,2
2562,6240,0.9999,3
2562,589,0.9999,4
2562,417,0.9999,5
2563,6443,0.9999,1
2563,133,0.9999,2
2563,2534,0.9999,3
2563,1615,0.9999,4
2563,2374,0.9999,5
2564,3616,0.9999,1
2564,5134,0.9997,2
2564,3062,0.9996,3
2564,708,0.9995,4
2564,5723,0.9995,5
2565,5738,0.9995,1
2565,4786,0.9994,2
2565,2103,0.9993,3
2565,1993,0.9992,4
2565,4512,0.9988,5
2566,6205,1.0,1
2566,4372,1.0,2
2566,4133,0.9999,3
2566,5894,0.9999,4
2566,828,0.9998,5
2567,1951,1.0,1
2567,1827,0.9999,2
2567,4486,0.9999,3
2567,4715,0.9999,4
2567,5531,0.9999,5
2568,407,1.0,1
2568,4697,0.9999,2
2568,6645,0.9999,3
2568,1172,0.9999,4
2568,4959,0.9999,5
2569,1245,1.0,1
2569,1198,1.0,2
2569,6009,1.0,3
2569,2029,1.0,4
2569,4918,1.0,5
2570,3914,1.0,1
2570,4058,1.0,2
2570,5159,1.0,3
2570,1779,1.0,4
2570,1794,1.0,5
2571,6987,1.0,1
2571,896,1.0,2
2571,5519,1.0,3
2571,5156,1.0,4
2571,515,0.9999,5
2572,3799,1.0,1
2572,5967,0.9999,2
2572,3674,0.9999,3
2572,250,0.9999,4
2572,2745,0.9999,5
2573,4973,1.0,1
2573,222,1.0,2
2573,6100,1.0,3
2573,1324,1.0,4
2573,3650,1.0,5
2574,6664,1.0,1
2574,3363,1.0,2
2574,5437,1.0,3
2574,472,1.0,4
2574,6480,1.0,5
2575,2397,0.9999,1
2575,3306,0.9999,2
2575,2416,0.9999,3
2575,4308,0.9997,4
2575,3444,0.9997,5
2576,5862,1.0,1
2576,4120,1.0,2
2576,529,1.0,3
2576,3901,1.0,4
2576,6350,1.0,5
2577,5179,1.0,1
2577,5878,0.9999,2
2577,231,0.9999,3
2577,3419,0.9998,4
2577,3789,0.9998,5
2578,6474,1.0,1
2578,3773,1.0,2
2578,3210,0.9999,3
2578,6867,0.9999,4
2578,508,0.9999,5
2579,2445,0.9999,1
2579,4449,0.9999,2
2579,4731,0.9997,3
2579,6101,0.9996,4
2579,4183,0.9996,5
2580,6296,1.0,1
2580,5999,1.0,2
2580,5736,1.0,3
2580,1425,1.0,4
2580,5581,1.0,5
2581,5189,1.0,1
2581,1412,0.9999,2
2581,4449,0.9999,3
2581,2445,0.9998,4
2581,6101,0.9996,5
2582,2778,1.0,1
2582,3848,1.0,2
2582,5467,1.0,3
2582,1323,1.0,4
2582,5975,1.0,5
2583,6194,0.9999,1
2583,2295,0.9999,2
2583,6126,0.9995,3
2583,881,0.9991,4
2583,6801,0.9989,5
2584,4895,0.9999,1
2584,6903,0.9999,2
2584,2720,0.9996,3
2584,964,0.9994,4
2584,6006,0.9993,5
2585,6131,1.0,1
2585,2334,0.9999,2
2585,1647,0.9999,3
2585,5522,0.9998,4
2585,1379,0.9998,5
2586,1924,1.0,1
2586,5432,1.0,2
2586,3523,1.0,3
2586,2896,1.0,4
2586,1004,1.0,5
2587,6917,1.0,1
2587,3119,1.0,2
2587,469,1.0,3
2587,4637,1.0,4
2587,6215,1.0,5
2588,2673,1.0,1
2588,6451,1.0,2
2588,3560,1.0,3
2588,1371,1.0,4
2588,4154,1.0,5
2589,4105,1.0,1
2589,3189,0.9999,2
2589,4866,0.9999,3
2589,2062,0.9999,4
2589,6616,0.9999,5
2590,5099,0.9999,1
2590,748,0.9999,2
2590,7009,0.9999,3
2590,246,0.9999,4
2590,3374,0.9999,5
2591,6034,1.0,1
2591,3832,1.0,2
2591,6968,0.9999,3
2591,2515,0.9999,4
2591,5410,0.9998,5
2592,1346,1.0,1
2592,3719,0.9999,2
2592,574,0.9999,3
2592,1518,0.9999,4
2592,13,0.9999,5
2593,2552,1.0,1
2593,2935,1.0,2
2593,3334,1.0,3
2593,225,1.0,4
2593,5710,1.0,5
2594,6262,1.0,1
2594,2361,1.0,2
2594,3730,1.0,3
2594,5366,1.0,4
2594,2725,1.0,5
2595,939,1.0,1
2595,1841,0.9999,2
2595,2278,0.9999,3
2595,2970,0.9999,4
2595,2866,0.9999,5
2596,1511,1.0,1
2596,4232,1.0,2
2596,5286,1.0,3
2596,1017,1.0,4
2596,6359,0.9999,5
2597,2894,0.9993,1
2597,6576,0.9993,2
2597,1627,0.9992,3
2597,3669,0.9989,4
2597,2171,0.9989,5
2598,5023,1.0,1
2598,6304,1.0,2
2598,5770,1.0,3
2598,3041,1.0,4
2598,808,0.9999,5
2599,83,1.0,1
2599,4996,1.0,2
2599,3338,1.0,3
2599,2448,1.0,4
2599,4483,1.0,5
2600,1673,0.9999,1
2600,781,0.9999,2
2600,568,0.9999,3
2600,6983,0.9999,4
2600,4915,0.9998,5
2601,4496,1.0,1
2601,6268,1.0,2
2601,5523,1.0,3
2601,5760,1.0,4
2601,1880,1.0,5
2602,871,1.0,1
2602,589,1.0,2
2602,2942,1.0,3
2602,6240,1.0,4
2602,6916,1.0,5
2603,5005,1.0,1
2603,2509,1.0,2
2603,4292,0.9999,3
2603,94,0.9999,4
2603,3978,0.9999,5
2604,2668,1.0,1
2604,4171,1.0,2
2604,6729,1.0,3
2604,609,1.0,4
2604,1694,1.0,5
2605,423,1.0,1
2605,3443,0.9997,2
2605,2324,0.9996,3
2605,4390,0.9996,4
2605,5426,0.9996,5
2606,4958,1.0,1
2606,6022,1.0,2
2606,5884,1.0,3
2606,2166,1.0,4
2606,995,1.0,5
2607,6167,1.0,1
2607,3303,0.9999,2
2607,5721,0.9997,3
2607,2343,0.9995,4
2607,3165,0.9994,5
2608,5574,1.0,1
2608,5783,1.0,2
2608,5166,1.0,3
2608,1732,1.0,4
2608,3302,1.0,5
2609,1563,1.0,1
2609,5912,1.0,2
2609,6068,0.9999,3
2609,3661,0.9999,4
2609,1960,0.9994,5
2610,1478,1.0,1
2610,6566,1.0,2
2610,821,1.0,3
2610,512,1.0,4
2610,5542,0.9999,5
2611,4175,0.999,1
2611,3770,0.9986,2
2611,5642,0.9982,3
2611,117,0.9982,4
2611,1693,0.9981,5
2612,6637,1.0,1
2612,1359,1.0,2
2612,6173,1.0,3
2612,2232,1.0,4
2612,578,0.9998,5
2613,2486,1.0,1
2613,202,1.0,2
2613,156,0.9999,3
2613,5424,0.9997,4
2613,928,0.9997,5
2614,1209,1.0,1
2614,3889,1.0,2
2614,5301,1.0,3
2614,681,1.0,4
2614,2096,1.0,5
2615,2072,1.0,1
2615,2929,0.9999,2
2615,5081,0.9999,3
2615,3328,0.9998,4
2615,1265,0.9997,5
2616,4268,1.0,1
2616,3623,1.0,2
2616,1612,1.0,3
2616,5182,1.0,4
2616,4104,1.0,5
2617,1295,1.0,1
2617,795,1.0,2
2617,745,0.9999,3
2617,4103,0.9999,4
2617,4471,0.9998,5
2618,410,1.0,1
2618,6382,1.0,2
2618,6450,1.0,3
2618,4785,1.0,4
2618,543,1.0,5
2619,3310,1.0,1
2619,1166,1.0,2
2619,5790,1.0,3
2619,4374,1.0,4
2619,6930,1.0,5
2620,397,1.0,1
2620,5939,0.9999,2
2620,5852,0.9998,3
2620,6988,0.9996,4
2620,2380,0.9994,5
2621,1211,0.9993,1
2621,3531,0.9993,2
2621,1452,0.9993,3
2621,4432,0.9989,4
2621,3163,0.9985,5
2622,2395,1.0,1
2622,4087,0.9999,2
2622,2221,0.9999,3
2622,1017,0.9999,4
2622,734,0.9999,5
2623,522,0.9998,1
2623,1898,0.9995,2
2623,6297,0.9989,3
2623,260,0.9971,4
2623,341,0.9969,5
2624,2157,1.0,1
2624,335,1.0,2
2624,48,1.0,3
2624,742,1.0,4
2624,1949,1.0,5
2625,1221,0.9995,1
2625,5158,0.9984,2
2625,2282,0.9984,3
2625,770,0.9981,4
2625,2621,0.998,5
2626,5941,1.0,1
2626,4364,0.9999,2
2626,6275,0.9999,3
2626,523,0.9998,4
2626,619,0.9998,5
2627,6393,1.0,1
2627,874,0.9999,2
2627,5841,0.9999,3
2627,6942,0.9998,4
2627,1820,0.9996,5
2628,5948,0.9999,1
2628,3671,0.9998,2
2628,5899,0.9998,3
2628,2964,0.9998,4
2628,2110,0.9998,5
2629,4510,0.9999,1
2629,3035,0.9998,2
2629,6499,0.9998,3
2629,5475,0.9998,4
2629,233,0.9998,5
2630,5,1.0,1
2630,1382,1.0,2
2630,2408,1.0,3
2630,3320,1.0,4
2630,4863,1.0,5
2631,6103,0.9999,1
2631,1293,0.9999,2
2631,593,0.9999,3
2631,7013,0.9999,4
2631,144,0.9999,5
2632,2281,0.9999,1
2632,6216,0.9998,2
2632,966,0.9998,3
2632,1027,0.9998,4
2632,3588,0.9997,5
2633,5242,1.0,1
2633,4067,0.9999,2
2633,1583,0.9998,3
2633,6247,0.9998,4
2633,5329,0.9998,5
2634,5149,1.0,1
2634,146,0.9999,2
2634,1397,0.9999,3
2634,1416,0.9999,4
2634,2370,0.9999,5
2635,5944,1.0,1
2635,5451,1.0,2
2635,5906,1.0,3
2635,535,1.0,4
2635,233,1.0,5
2636,6317,1.0,1
2636,1271,1.0,2
2636,6656,0.9999,3
2636,2067,0.9999,4
2636,451,0.9999,5
2637,3410,1.0,1
2637,5538,0.9999,2
2637,3635,0.9998,3
2637,3821,0.9998,4
2637,6256,0.9998,5
2638,4433,0.9998,1
2638,5602,0.9998,2
2638,6986,0.9997,3
2638,5901,0.9997,4
2638,1501,0.9997,5
2639,277,1.0,1
2639,5479,0.9999,2
2639,3229,0.9999,3
2639,898,0.9999,4
2639,1556,0.9999,5
2640,5697,1.0,1
2640,5636,1.0,2
2640,953,0.9998,3
2640,3020,0.9998,4
2640,6609,0.9998,5
2641,955,1.0,1
2641,4688,1.0,2
2641,865,1.0,3
2641,1462,0.9999,4
2641,3258,0.9996,5
2642,963,0.9991,1
2642,6346,0.9985,2
2642,1536,0.9983,3
2642,1590,0.9978,4
2642,2287,0.9977,5
2643,230,1.0,1
2643,2768,0.9998,2
2643,5979,0.9998,3
2643,3859,0.9997,4
2643,1231,0.9997,5
2644,4313,0.9995,1
2644,254,0.9992,2
2644,4130,0.9991,3
2644,4324,0.9991,4
2644,3048,0.999,5
2645,5940,1.0,1
2645,5164,0.9998,2
2645,1403,0.9997,3
2645,5061,0.9996,4
2645,1653,0.9992,5
2646,3143,1.0,1
2646,4157,1.0,2
2646,4066,1.0,3
2646,4243,1.0,4
2646,5677,1.0,5
2647,4737,1.0,1
2647,1039,0.9999,2
2647,1566,0.9999,3
2647,991,0.9998,4
2647,5776,0.9995,5
2648,459,1.0,1
2648,6855,1.0,2
2648,602,1.0,3
2648,3023,1.0,4
2648,5530,1.0,5
2649,3075,1.0,1
2649,5774,0.9993,2
2649,6433,0.9985,3
2649,292,0.9981,4
2649,1279,0.9979,5
2650,6074,1.0,1
2650,2067,1.0,2
2650,451,1.0,3
2650,3322,1.0,4
2650,1018,1.0,5
2651,1413,1.0,1
2651,3232,1.0,2
2651,5700,0.9998,3
2651,1513,0.9997,4
2651,5985,0.9997,5
2652,1219,1.0,1
2652,2005,1.0,2
2652,4405,0.9999,3
2652,6733,0.9999,4
2652,1068,0.9998,5
2653,2389,1.0,1
2653,6089,1.0,2
2653,5520,1.0,3
2653,5554,1.0,4
2653,2734,1.0,5
2654,5573,1.0,1
2654,1156,1.0,2
2654,1537,0.9999,3
2654,297,0.9999,4
2654,833,0.9999,5
2655,4955,1.0,1
2655,384,1.0,2
2655,4213,1.0,3
2655,971,1.0,4
2655,3456,1.0,5
2656,4215,1.0,1
2656,3403,0.9999,2
2656,303,0.9999,3
2656,2969,0.9999,4
2656,5971,0.9999,5
2657,5651,1.0,1
2657,5896,0.9999,2
2657,3095,0.9999,3
2657,3654,0.9996,4
2657,3584,0.9995,5
2658,5068,0.9988,1
2658,6652,0.9986,2
2658,2765,0.997,3
2658,1242,0.9968,4
2658,149,0.9968,5
2659,3162,1.0,1
2659,4069,1.0,2
2659,1400,1.0,3
2659,1533,1.0,4
2659,5883,1.0,5
2660,154,0.9999,1
2660,3257,0.9998,2
2660,266,0.9998,3
2660,2412,0.9998,4
2660,7013,0.9997,5
2661,1263,0.9997,1
2661,2945,0.9996,2
2661,6783,0.9992,3
2661,5458,0.9992,4
2661,6120,0.9992,5
2662,6814,0.9996,1
2662,2374,0.9996,2
2662,3037,0.9994,3
2662,4613,0.9993,4
2662,5950,0.9992,5
2663,47,1.0,1
2663,3849,1.0,2
2663,2055,1.0,3
2663,1072,1.0,4
2663,4277,1.0,5
2664,1269,0.9999,1
2664,3752,0.9999,2
2664,3819,0.9999,3
2664,3850,0.9999,4
2664,3515,0.9999,5
2665,5848,0.9999,1
2665,5854,0.9999,2
2665,6488,0.9999,3
2665,5561,0.9999,4
2665,3804,0.9999,5
2666,725,1.0,1
2666,1390,0.9999,2
2666,579,0.9997,3
2666,5440,0.9997,4
2666,2700,0.9996,5
2667,5825,1.0,1
2667,4540,0.9999,2
2667,3279,0.9999,3
2667,905,0.9997,4
2667,3219,0.9997,5
2668,4171,1.0,1
2668,6729,1.0,2
2668,2604,1.0,3
2668,3898,1.0,4
2668,4738,1.0,5
2669,4243,1.0,1
2669,4066,1.0,2
2669,4492,1.0,3
2669,988,1.0,4
2669,129,1.0,5
2670,3929,0.9997,1
2670,4995,0.9997,2
2670,285,0.9997,3
2670,4780,0.9997,4
2670,7026,0.9996,5
2671,2131,1.0,1
2671,1664,1.0,2
2671,3069,0.9999,3
2671,6207,0.9999,4
2671,3450,0.9999,5
2672,491,1.0,1
2672,1546,1.0,2
2672,4251,1.0,3
2672,5415,0.9999,4
2672,7003,0.9999,5
2673,2588,1.0,1
2673,1371,1.0,2
2673,6451,1.0,3
2673,4154,1.0,4
2673,3560,1.0,5
2674,2961,1.0,1
2674,3877,1.0,2
2674,6899,0.9998,3
2674,4595,0.9997,4
2674,1963,0.9997,5
2675,815,0.9999,1
2675,2554,0.9997,2
2675,1450,0.9997,3
2675,3104,0.9994,4
2675,5630,0.9994,5
2676,1700,1.0,1
2676,1199,1.0,2
2676,2492,1.0,3
2676,2835,1.0,4
2676,4442,1.0,5
2677,6271,1.0,1
2677,1455,1.0,2
2677,2470,1.0,3
2677,214,1.0,4
2677,3156,1.0,5
2678,221,1.0,1
2678,1363,1.0,2
2678,1464,1.0,3
2678,2230,0.9999,4
2678,1003,0.9999,5
2679,5328,1.0,1
2679,6322,1.0,2
2679,2274,1.0,3
2679,2065,1.0,4
2679,1798,1.0,5
2680,4026,1.0,1
2680,1709,1.0,2
2680,6971,1.0,3
2680,5070,0.9999,4
2680,3886,0.9999,5
2681,2789,1.0,1
2681,2390,1.0,2
2681,342,1.0,3
2681,2936,1.0,4
2681,1699,1.0,5
2682,6332,0.9998,1
2682,6663,0.9998,2
2682,4729,0.9995,3
2682,3415,0.9995,4
2682,4,0.9994,5
2683,1540,1.0,1
2683,6824,1.0,2
2683,3482,1.0,3
2683,3409,1.0,4
2683,224,1.0,5
2684,5469,1.0,1
2684,1254,1.0,2
2684,5175,0.9999,3
2684,5654,0.9999,4
2684,5603,0.9998,5
2685,6204,1.0,1
2685,2246,1.0,2
2685,3814,1.0,3
2685,5259,1.0,4
2685,4248,0.9999,5
2686,3113,1.0,1
2686,95,1.0,2
2686,1957,1.0,3
2686,3346,1.0,4
2686,36,1.0,5
2687,5419,0.9999,1
2687,3703,0.9999,2
2687,1297,0.9998,3
2687,5958,0.9997,4
2687,483,0.9997,5
2688,6328,1.0,1
2688,2487,0.9999,2
2688,2712,0.9998,3
2688,2224,0.9998,4
2688,3655,0.9998,5
2689,4783,1.0,1
2689,3277,0.9999,2
2689,6323,0.9999,3
2689,6771,0.9999,4
2689,5927,0.9998,5
2690,4156,1.0,1
2690,465,1.0,2
2690,4230,1.0,3
2690,527,1.0,4
2690,747,0.9999,5
2691,54,1.0,1
2691,4519,1.0,2
2691,4369,0.9999,3
2691,4073,0.9999,4
2691,1551,0.9996,5
2692,1690,1.0,1
2692,1579,1.0,2
2692,4102,0.9998,3
2692,2392,0.9998,4
2692,6121,0.9998,5
2693,5074,0.9999,1
2693,5984,0.9998,2
2693,4310,0.9997,3
2693,4570,0.9995,4
2693,6706,0.9991,5
2694,933,1.0,1
2694,110,1.0,2
2694,1330,1.0,3
2694,4202,1.0,4
2694,1718,1.0,5
2695,6830,1.0,1
2695,6569,1.0,2
2695,2353,1.0,3
2695,2210,1.0,4
2695,1495,1.0,5
2696,6300,1.0,1
2696,3989,0.9999,2
2696,5910,0.9999,3
2696,2057,0.9999,4
2696,2947,0.9998,5
2697,2422,0.9999,1
2697,5741,0.9999,2
2697,4920,0.9996,3
2697,466,0.9994,4
2697,1846,0.9993,5
2698,6736,1.0,1
2698,3204,0.9999,2
2698,820,0.9999,3
2698,1878,0.9999,4
2698,488,0.9999,5
2699,659,1.0,1
2699,4970,1.0,2
2699,4690,1.0,3
2699,5754,1.0,4
2699,5399,1.0,5
2700,3287,0.9999,1
2700,1390,0.9998,2
2700,579,0.9998,3
2700,725,0.9998,4
2700,3842,0.9997,5
2701,6888,1.0,1
2701,1405,0.9999,2
2701,2911,0.9999,3
2701,6028,0.9999,4
2701,1658,0.9998,5
2702,431,1.0,1
2702,5859,1.0,2
2702,213,1.0,3
2702,5929,1.0,4
2702,5310,0.9999,5
2703,390,1.0,1
2703,5869,1.0,2
2703,2173,1.0,3
2703,6897,1.0,4
2703,1869,1.0,5
2704,2153,1.0,1
2704,1447,1.0,2
2704,2828,1.0,3
2704,2857,1.0,4
2704,4065,1.0,5
2705,5211,1.0,1
2705,6891,1.0,2
2705,6273,0.9998,3
2705,4333,0.9998,4
2705,6403,0.9997,5
2706,3383,1.0,1
2706,6720,1.0,2
2706,2981,1.0,3
2706,6818,1.0,4
2706,5025,1.0,5
2707,5433,1.0,1
2707,4747,1.0,2
2707,1224,0.9999,3
2707,2162,0.9999,4
2707,2505,0.9999,5
2708,6284,1.0,1
2708,5550,0.9999,2
2708,5715,0.9999,3
2708,2785,0.9999,4
2708,4953,0.9999,5
2709,3272,0.9999,1
2709,6563,0.9999,2
2709,5391,0.9998,3
2709,5932,0.9996,4
2709,4518,0.9995,5
2710,5608,0.9996,1
2710,5745,0.9996,2
2710,1857,0.9981,3
2710,4368,0.9969,4
2710,4055,0.9935,5
2711,2868,1.0,1
2711,3166,1.0,2
2711,2028,1.0,3
2711,6636,1.0,4
2711,3997,1.0,5
2712,2224,1.0,1
2712,3655,1.0,2
2712,2487,1.0,3
2712,2688,0.9998,4
2712,6328,0.9998,5
2713,3962,1.0,1
2713,611,0.9999,2
2713,5131,0.9999,3
2713,5634,0.9997,4
2713,4990,0.9997,5
2714,2829,1.0,1
2714,2893,1.0,2
2714,2122,1.0,3
2714,691,1.0,4
2714,4011,1.0,5
2715,3860,1.0,1
2715,6015,0.9999,2
2715,174,0.9999,3
2715,4854,0.9999,4
2715,4797,0.9999,5
2716,1906,1.0,1
2716,1829,0.9998,2
2716,4658,0.9998,3
2716,813,0.9998,4
2716,6415,0.9998,5
2717,1123,1.0,1
2717,3483,1.0,2
2717,4962,0.9996,3
2717,287,0.999,4
2717,5053,0.9989,5
2718,4271,1.0,1
2718,6660,1.0,2
2718,2315,1.0,3
2718,4217,1.0,4
2718,1364,1.0,5
2719,6327,1.0,1
2719,3236,0.9999,2
2719,6311,0.9995,3
2719,785,0.9991,4
2719,6456,0.9989,5
2720,964,1.0,1
2720,4071,0.9998,2
2720,4895,0.9998,3
2720,6582,0.9997,4
2720,6239,0.9997,5
2721,4329,0.9999,1
2721,6213,0.9997,2
2721,4982,0.9997,3
2721,6120,0.9997,4
2721,1195,0.9996,5
2722,5987,0.9999,1
2722,4073,0.9999,2
2722,3716,0.9999,3
2722,5709,0.9998,4
2722,4369,0.9997,5
2723,3968,1.0,1
2723,3656,1.0,2
2723,2441,1.0,3
2723,401,1.0,4
2723,4712,1.0,5
2724,4386,1.0,1
2724,4415,1.0,2
2724,3172,1.0,3
2724,1005,1.0,4
2724,3360,1.0,5
2725,5366,1.0,1
2725,5997,1.0,2
2725,3730,1.0,3
2725,2361,1.0,4
2725,2594,1.0,5
2726,3622,1.0,1
2726,3081,1.0,2
2726,853,1.0,3
2726,6134,1.0,4
2726,4110,1.0,5
2727,1767,1.0,1
2727,6673,1.0,2
2727,4154,1.0,3
2727,1371,1.0,4
2727,2673,1.0,5
2728,5933,1.0,1
2728,3823,0.9999,2
2728,4849,0.9999,3
2728,5031,0.9999,4
2728,6030,0.9999,5
2729,1124,0.9998,1
2729,1923,0.9997,2
2729,2488,0.9989,3
2729,3395,0.9989,4
2729,1687,0.9983,5
2730,372,1.0,1
2730,6521,1.0,2
2730,1881,1.0,3
2730,817,1.0,4
2730,3592,0.9999,5
2731,4700,1.0,1
2731,5335,0.9999,2
2731,1633,0.9999,3
2731,1659,0.9998,4
2731,6953,0.9998,5
2732,4192,1.0,1
2732,1548,1.0,2
2732,4029,1.0,3
2732,6738,0.9999,4
2732,4926,0.9999,5
2733,5362,1.0,1
2733,1785,1.0,2
2733,1325,1.0,3
2733,3404,1.0,4
2733,947,1.0,5
2734,3203,1.0,1
2734,228,1.0,2
2734,6089,1.0,3
2734,2389,1.0,4
2734,440,1.0,5
2735,4594,1.0,1
2735,5619,1.0,2
2735,5100,1.0,3
2735,3709,1.0,4
2735,402,1.0,5
2736,6063,0.9999,1
2736,6582,0.9997,2
2736,6239,0.9997,3
2736,3032,0.9996,4
2736,3817,0.9995,5
2737,4160,0.9999,1
2737,6172,0.9999,2
2737,5625,0.9998,3
2737,5930,0.9998,4
2737,6447,0.9998,5
2738,5974,1.0,1
2738,1867,1.0,2
2738,358,1.0,3
2738,4856,1.0,4
2738,7003,1.0,5
2739,3499,1.0,1
2739,3685,1.0,2
2739,5947,0.9996,3
2739,4261,0.9994,4
2739,243,0.9993,5
2740,143,1.0,1
2740,3399,1.0,2
2740,4182,0.9999,3
2740,1275,0.9999,4
2740,4438,0.9999,5
2741,5818,1.0,1
2741,838,1.0,2
2741,5464,1.0,3
2741,2127,1.0,4
2741,4707,1.0,5
2742,3563,1.0,1
2742,294,0.9999,2
2742,583,0.9999,3
2742,6863,0.9999,4
2742,3468,0.9998,5
2743,3286,0.9999,1
2743,6430,0.9999,2
2743,343,0.9999,3
2743,664,0.9998,4
2743,1997,0.9998,5
2744,1294,1.0,1
2744,884,1.0,2
2744,3902,1.0,3
2744,2205,1.0,4
2744,3660,0.9999,5
2745,250,1.0,1
2745,5967,1.0,2
2745,3799,0.9999,3
2745,1046,0.9999,4
2745,362,0.9999,5
2746,5877,1.0,1
2746,586,1.0,2
2746,4586,0.9999,3
2746,6749,0.9999,4
2746,3079,0.9999,5
2747,3407,1.0,1
2747,5533,1.0,2
2747,6772,1.0,3
2747,5402,1.0,4
2747,1338,1.0,5
2748,2808,1.0,1
2748,2042,1.0,2
2748,4874,1.0,3
2748,2045,1.0,4
2748,967,1.0,5
2749,2479,1.0,1
2749,5174,1.0,2
2749,3883,1.0,3
2749,1656,0.9999,4
2749,782,0.9999,5
2750,1233,0.9994,1
2750,546,0.9985,2
2750,5470,0.9974,3
2750,5281,0.9971,4
2750,2495,0.997,5
2751,4476,1.0,1
2751,3809,1.0,2
2751,4260,1.0,3
2751,147,1.0,4
2751,1521,1.0,5
2752,6438,1.0,1
2752,6785,1.0,2
2752,3941,1.0,3
2752,3861,1.0,4
2752,2977,1.0,5
2753,5977,0.9974,1
2753,90,0.9974,2
2753,108,0.9973,3
2753,1147,0.9972,4
2753,2189,0.9968,5
2754,2070,1.0,1
2754,2239,1.0,2
2754,6867,1.0,3
2754,3773,1.0,4
2754,6067,0.9999,5
2755,5065,0.9999,1
2755,5547,0.9999,2
2755,4291,0.9998,3
2755,777,0.9998,4
2755,6044,0.9998,5
2756,4245,1.0,1
2756,6622,1.0,2
2756,1716,1.0,3
2756,3852,1.0,4
2756,2187,1.0,5
2757,4541,1.0,1
2757,3500,1.0,2
2757,1939,1.0,3
2757,4477,1.0,4
2757,1891,1.0,5
2758,2477,1.0,1
2758,5891,0.9999,2
2758,2050,0.9999,3
2758,5949,0.9999,4
2758,3993,0.9999,5
2759,361,1.0,1
2759,2002,1.0,2
2759,732,1.0,3
2759,3129,1.0,4
2759,588,1.0,5
2760,5171,1.0,1
2760,1050,1.0,2
2760,3853,1.0,3
2760,5447,1.0,4
2760,1169,1.0,5
2761,1555,1.0,1
2761,2426,1.0,2
2761,2953,1.0,3
2761,1061,1.0,4
2761,861,1.0,5
2762,621,1.0,1
2762,5360,0.9986,2
2762,4884,0.9983,3
2762,961,0.9982,4
2762,3192,0.9978,5
2763,6147,1.0,1
2763,4672,0.9999,2
2763,2519,0.9997,3
2763,5353,0.9996,4
2763,4776,0.9996,5
2764,6597,1.0,1
2764,3182,1.0,2
2764,6873,0.9999,3
2764,895,0.9999,4
2764,4365,0.9999,5
2765,6652,0.9988,1
2765,5068,0.9987,2
2765,6902,0.9986,3
2765,1523,0.9977,4
2765,4691,0.9977,5
2766,6799,1.0,1
2766,1043,0.9996,2
2766,3417,0.9996,3
2766,6336,0.9996,4
2766,4426,0.9994,5
2767,2516,1.0,1
2767,6298,0.9999,2
2767,5010,0.9997,3
2767,6078,0.9997,4
2767,2147,0.9997,5
2768,5979,1.0,1
2768,2557,0.9998,2
2768,230,0.9998,3
2768,2643,0.9998,4
2768,1375,0.9998,5
2769,1815,1.0,1
2769,295,1.0,2
2769,843,1.0,3
2769,22,1.0,4
2769,2593,1.0,5
2770,550,1.0,1
2770,3190,1.0,2
2770,5983,1.0,3
2770,6955,1.0,4
2770,6731,1.0,5
2771,1517,1.0,1
2771,4550,1.0,2
2771,6326,0.9999,3
2771,903,0.9997,4
2771,6153,0.9997,5
2772,2015,0.9992,1
2772,4359,0.9989,2
2772,596,0.9988,3
2772,1132,0.9986,4
2772,5627,0.9984,5
2773,603,0.9999,1
2773,2358,0.9999,2
2773,5347,0.9999,3
2773,3705,0.9998,4
2773,2126,0.9998,5
2774,554,0.9995,1
2774,1675,0.9994,2
2774,1431,0.9993,3
2774,6007,0.9992,4
2774,5886,0.9992,5
2775,4356,1.0,1
2775,5318,1.0,2
2775,5001,0.9999,3
2775,6951,0.9999,4
2775,4622,0.9999,5
2776,4343,0.9999,1
2776,7032,0.9997,2
2776,4703,0.999,3
2776,6398,0.9987,4
2776,2941,0.9986,5
2777,4941,1.0,1
2777,248,0.9999,2
2777,177,0.9999,3
2777,2453,0.9999,4
2777,5124,0.9998,5
2778,2582,1.0,1
2778,3848,1.0,2
2778,5467,1.0,3
2778,1323,1.0,4
2778,5975,1.0,5
2779,1473,1.0,1
2779,3687,1.0,2
2779,4256,0.9998,3
2779,4527,0.9997,4
2779,3834,0.9997,5
2780,3495,1.0,1
2780,6047,1.0,2
2780,6913,1.0,3
2780,6958,0.9998,4
2780,2464,0.9998,5
2781,3497,1.0,1
2781,2154,0.9999,2
2781,733,0.9992,3
2781,3131,0.9992,4
2781,3269,0.9991,5
2782,7030,0.9999,1
2782,6135,0.9999,2
2782,1680,0.9999,3
2782,2919,0.9998,4
2782,4339,0.9996,5
2783,1787,0.9999,1
2783,5341,0.9998,2
2783,4875,0.9998,3
2783,547,0.9998,4
2783,623,0.9993,5
2784,109,1.0,1
2784,5870,0.9999,2
2784,6509,0.9999,3
2784,6353,0.9998,4
2784,2405,0.9998,5
2785,5715,1.0,1
2785,6284,0.9999,2
2785,2708,0.9999,3
2785,6697,0.9998,4
2785,366,0.9998,5
2786,15,0.9994,1
2786,3862,0.9993,2
2786,378,0.9991,3
2786,3808,0.9983,4
2786,456,0.998,5
2787,1650,1.0,1
2787,751,0.9998,2
2787,1885,0.9997,3
2787,5466,0.9991,4
2787,2795,0.999,5
2788,4506,1.0,1
2788,4551,1.0,2
2788,6818,1.0,3
2788,6720,1.0,4
2788,5194,1.0,5
2789,2681,1.0,1
2789,2390,1.0,2
2789,342,1.0,3
2789,2936,1.0,4
2789,1699,1.0,5
2790,1068,1.0,1
2790,4405,0.9999,2
2790,6733,0.9999,3
2790,2005,0.9998,4
2790,2652,0.9996,5
2791,3855,1.0,1
2791,831,0.9999,2
2791,316,0.9999,3
2791,4713,0.9999,4
2791,4708,0.9999,5
2792,6599,1.0,1
2792,6337,1.0,2
2792,5986,1.0,3
2792,6927,0.9999,4
2792,4872,0.9998,5
2793,616,1.0,1
2793,5855,1.0,2
2793,3763,1.0,3
2793,3797,1.0,4
2793,3240,0.9997,5
2794,1677,1.0,1
2794,2958,1.0,2
2794,4467,1.0,3
2794,3764,1.0,4
2794,866,0.9999,5
2795,1778,0.9992,1
2795,1650,0.999,2
2795,2787,0.999,3
2795,1885,0.9989,4
2795,4803,0.9988,5
2796,3105,1.0,1
2796,2001,0.9999,2
2796,289,0.9999,3
2796,4626,0.9999,4
2796,4524,0.9999,5
2797,6079,1.0,1
2797,1947,1.0,2
2797,2924,0.9999,3
2797,5314,0.9999,4
2797,6920,0.9999,5
2798,3872,1.0,1
2798,3831,0.9999,2
2798,3271,0.9999,3
2798,463,0.9998,4
2798,2247,0.9997,5
2799,4064,1.0,1
2799,656,1.0,2
2799,6525,1.0,3
2799,1981,1.0,4
2799,2922,0.9999,5
2800,5599,1.0,1
2800,553,1.0,2
2800,1848,1.0,3
2800,4221,1.0,4
2800,2359,1.0,5
2801,5176,1.0,1
2801,4946,1.0,2
2801,6649,1.0,3
2801,5042,1.0,4
2801,4719,1.0,5
2802,4548,1.0,1
2802,2610,0.9999,2
2802,1478,0.9999,3
2802,6566,0.9999,4
2802,821,0.9999,5
2803,2932,0.9999,1
2803,2380,0.9999,2
2803,5763,0.9997,3
2803,6237,0.9993,4
2803,1173,0.9992,5
2804,6795,1.0,1
2804,6586,1.0,2
2804,6410,1.0,3
2804,3119,0.9999,4
2804,6917,0.9999,5
2805,1222,1.0,1
2805,3506,0.9999,2
2805,160,0.9999,3
2805,994,0.9999,4
2805,2094,0.9999,5
2806,791,1.0,1
2806,5821,1.0,2
2806,453,1.0,3
2806,5501,0.9999,4
2806,6249,0.9999,5
2807,3016,0.9999,1
2807,869,0.9998,2
2807,6275,0.9998,3
2807,4821,0.9997,4
2807,2159,0.9997,5
2808,2042,1.0,1
2808,2748,1.0,2
2808,2045,1.0,3
2808,4874,1.0,4
2808,967,1.0,5
2809,3728,0.9999,1
2809,970,0.9999,2
2809,6314,0.9998,3
2809,1527,0.9998,4
2809,6463,0.9998,5
2810,4142,0.9989,1
2810,4984,0.9985,2
2810,4841,0.9956,3
2810,4053,0.9935,4
2810,1258,0.9928,5
2811,6381,1.0,1
2811,2068,1.0,2
2811,6588,0.9999,3
2811,628,0.9999,4
2811,610,0.9999,5
2812,1376,1.0,1
2812,3915,1.0,2
2812,2073,1.0,3
2812,7020,1.0,4
2812,2824,1.0,5
2813,3504,1.0,1
2813,5143,1.0,2
2813,1672,1.0,3
2813,1340,1.0,4
2813,4400,1.0,5
2814,2152,1.0,1
2814,4457,1.0,2
2814,3378,1.0,3
2814,2934,1.0,4
2814,4755,1.0,5
2815,5841,0.9998,1
2815,6814,0.9995,2
2815,6942,0.9995,3
2815,6393,0.9994,4
2815,2627,0.9994,5
2816,1059,0.9998,1
2816,5592,0.9998,2
2816,5548,0.9998,3
2816,2009,0.9998,4
2816,1531,0.9997,5
2817,2444,1.0,1
2817,6116,1.0,2
2817,2989,1.0,3
2817,194,1.0,4
2817,6687,1.0,5
2818,119,1.0,1
2818,5575,1.0,2
2818,345,1.0,3
2818,6428,1.0,4
2818,2839,1.0,5
2819,4462,1.0,1
2819,5156,0.9995,2
2819,5519,0.9995,3
2819,896,0.9995,4
2819,2975,0.9995,5
2820,3825,1.0,1
2820,4949,1.0,2
2820,4788,0.9999,3
2820,6402,0.9999,4
2820,1342,0.9999,5
2821,3512,1.0,1
2821,4806,0.9999,2
2821,4493,0.9999,3
2821,306,0.9999,4
2821,448,0.9998,5
2822,6439,1.0,1
2822,5342,1.0,2
2822,7011,1.0,3
2822,2037,1.0,4
2822,3822,1.0,5
2823,3382,1.0,1
2823,3216,1.0,2
2823,6020,1.0,3
2823,6756,0.9998,4
2823,3213,0.9998,5
2824,4502,1.0,1
2824,7020,1.0,2
2824,3915,1.0,3
2824,1376,1.0,4
2824,2812,1.0,5
2825,1420,1.0,1
2825,1591,1.0,2
2825,1515,1.0,3
2825,3231,1.0,4
2825,4246,1.0,5
2826,4469,0.9999,1
2826,645,0.9999,2
2826,3309,0.9999,3
2826,1668,0.9999,4
2826,2160,0.9999,5
2827,4673,1.0,1
2827,6469,0.9998,2
2827,6781,0.9997,3
2827,987,0.9997,4
2827,5892,0.9993,5
2828,4065,1.0,1
2828,2857,1.0,2
2828,2153,1.0,3
2828,2704,1.0,4
2828,1447,1.0,5
2829,2893,1.0,1
2829,691,1.0,2
2829,2122,1.0,3
2829,2714,1.0,4
2829,495,1.0,5
2830,3648,1.0,1
2830,2549,1.0,2
2830,2203,0.9999,3
2830,518,0.9992,4
2830,314,0.9991,5
2831,5454,1.0,1
2831,6249,1.0,2
2831,5501,0.9999,3
2831,6554,0.9999,4
2831,3960,0.9999,5
2832,5932,0.9999,1
2832,5391,0.9999,2
2832,1483,0.9998,3
2832,4518,0.9998,4
2832,2168,0.9995,5
2833,5084,1.0,1
2833,6908,0.9998,2
2833,2500,0.9998,3
2833,1516,0.9992,4
2833,1396,0.9992,5
2834,6077,0.9999,1
2834,4143,0.9999,2
2834,1887,0.9998,3
2834,5367,0.9998,4
2834,4034,0.9998,5
2835,4442,1.0,1
2835,2492,1.0,2
2835,5579,1.0,3
2835,1700,1.0,4
2835,4024,1.0,5
2836,6957,0.9999,1
2836,4296,0.9996,2
2836,1577,0.9994,3
2836,494,0.9986,4
2836,4211,0.9985,5
2837,1069,1.0,1
2837,6712,1.0,2
2837,4794,1.0,3
2837,4258,1.0,4
2837,2468,1.0,5
2838,6970,1.0,1
2838,3676,1.0,2
2838,4022,1.0,3
2838,2893,1.0,4
2838,2829,1.0,5
2839,5689,1.0,1
2839,5021,1.0,2
2839,6428,1.0,3
2839,435,1.0,4
2839,4834,1.0,5
2840,4544,1.0,1
2840,1873,1.0,2
2840,4834,1.0,3
2840,435,1.0,4
2840,5021,1.0,5
2841,627,1.0,1
2841,3246,0.9999,2
2841,5595,0.9999,3
2841,1973,0.9996,4
2841,6984,0.9996,5
2842,5632,1.0,1
2842,4899,1.0,2
2842,4370,1.0,3
2842,1318,1.0,4
2842,3081,1.0,5
2843,2469,1.0,1
2843,4341,0.9999,2
2843,4750,0.9999,3
2843,6951,0.9998,4
2843,705,0.9997,5
2844,6752,1.0,1
2844,6001,1.0,2
2844,1085,1.0,3
2844,3488,1.0,4
2844,3826,1.0,5
2845,1402,1.0,1
2845,6216,0.9996,2
2845,2209,0.9993,3
2845,2632,0.9993,4
2845,302,0.9991,5
2846,5126,1.0,1
2846,2799,0.9998,2
2846,4064,0.9998,3
2846,656,0.9998,4
2846,6525,0.9998,5
2847,6623,1.0,1
2847,4726,0.9999,2
2847,4669,0.9998,3
2847,1283,0.9998,4
2847,4705,0.9997,5
2848,4121,0.9999,1
2848,3562,0.9994,2
2848,706,0.9992,3
2848,919,0.9992,4
2848,3004,0.9991,5
2849,4903,1.0,1
2849,5872,0.9998,2
2849,3292,0.9993,3
2849,1889,0.9992,4
2849,1919,0.9991,5
2850,6689,1.0,1
2850,5772,1.0,2
2850,1902,1.0,3
2850,922,1.0,4
2850,5013,1.0,5
2851,4498,1.0,1
2851,1733,0.9999,2
2851,5750,0.9999,3
2851,1236,0.9999,4
2851,3640,0.9999,5
2852,5638,1.0,1
2852,1827,0.9999,2
2852,3565,0.9999,3
2852,1730,0.9999,4
2852,4715,0.9999,5
2853,1197,1.0,1
2853,5543,0.9999,2
2853,3457,0.9999,3
2853,847,0.9999,4
2853,6005,0.9998,5
2854,6828,1.0,1
2854,6448,1.0,2
2854,3073,0.9999,3
2854,5572,0.9999,4
2854,2258,0.9998,5
2855,2337,1.0,1
2855,5863,1.0,2
2855,3137,0.9999,3
2855,5605,0.9999,4
2855,3124,0.9994,5
2856,1105,1.0,1
2856,4655,1.0,2
2856,4024,1.0,3
2856,5579,1.0,4
2856,2835,1.0,5
2857,4065,1.0,1
2857,2828,1.0,2
2857,2153,1.0,3
2857,2704,1.0,4
2857,1447,1.0,5
2858,741,0.9998,1
2858,804,0.9998,2
2858,4871,0.9998,3
2858,3046,0.9994,4
2858,5116,0.9994,5
2859,3070,1.0,1
2859,3711,1.0,2
2859,634,1.0,3
2859,4088,1.0,4
2859,4590,1.0,5
2860,5471,0.9999,1
2860,3548,0.9999,2
2860,3617,0.9999,3
2860,1113,0.9999,4
2860,2998,0.9999,5
2861,2244,0.9999,1
2861,5740,0.9999,2
2861,6181,0.9999,3
2861,4266,0.9999,4
2861,4084,0.9999,5
2862,3273,1.0,1
2862,6499,1.0,2
2862,778,0.9999,3
2862,5539,0.9999,4
2862,1930,0.9998,5
2863,4019,1.0,1
2863,5524,1.0,2
2863,1213,1.0,3
2863,4847,1.0,4
2863,563,1.0,5
2864,4931,1.0,1
2864,3811,1.0,2
2864,6378,1.0,3
2864,956,1.0,4
2864,2127,1.0,5
2865,5385,0.9999,1
2865,4968,0.9999,2
2865,824,0.9998,3
2865,3294,0.9998,4
2865,854,0.9998,5
2866,4839,0.9999,1
2866,3660,0.9999,2
2866,3931,0.9999,3
2866,1841,0.9999,4
2866,2278,0.9999,5
2867,4734,1.0,1
2867,4547,1.0,2
2867,3001,1.0,3
2867,3354,1.0,4
2867,4295,0.9999,5
2868,2711,1.0,1
2868,3166,1.0,2
2868,2028,1.0,3
2868,3997,1.0,4
2868,6636,1.0,5
2869,4588,1.0,1
2869,4569,0.9999,2
2869,6619,0.9998,3
2869,5914,0.9995,4
2869,3707,0.9994,5
2870,192,1.0,1
2870,2494,1.0,2
2870,1193,0.9999,3
2870,5273,0.9998,4
2870,4632,0.9998,5
2871,561,0.9999,1
2871,3447,0.9999,2
2871,4520,0.9999,3
2871,3819,0.9999,4
2871,1488,0.9999,5
2872,714,1.0,1
2872,2215,1.0,2
2872,5985,0.9998,3
2872,1347,0.9997,4
2872,5700,0.9997,5
2873,1829,0.9997,1
2873,1199,0.9997,2
2873,5497,0.9997,3
2873,4658,0.9997,4
2873,2676,0.9997,5
2874,626,1.0,1
2874,3598,0.9999,2
2874,3173,0.9998,3
2874,4842,0.9995,4
2874,1837,0.9995,5
2875,6876,1.0,1
2875,1289,1.0,2
2875,4281,1.0,3
2875,2253,1.0,4
2875,138,1.0,5
2876,4198,1.0,1
2876,4549,0.9998,2
2876,157,0.9997,3
2876,6880,0.9995,4
2876,2841,0.9994,5
2877,3366,1.0,1
2877,5043,1.0,2
2877,4732,1.0,3
2877,394,1.0,4
2877,1348,1.0,5
2878,6051,1.0,1
2878,1381,1.0,2
2878,6182,1.0,3
2878,2974,0.9999,4
2878,856,0.9999,5
2879,293,0.9995,1
2879,4394,0.9993,2
2879,4254,0.9993,3
2879,1973,0.9993,4
2879,2876,0.9991,5
2880,1188,0.9999,1
2880,2229,0.9999,2
2880,3451,0.9999,3
2880,5703,0.9998,4
2880,5655,0.9998,5
2881,3884,1.0,1
2881,4987,1.0,2
2881,6029,0.9998,3
2881,5585,0.9998,4
2881,5557,0.9997,5
2882,3800,0.9987,1
2882,6321,0.9986,2
2882,1242,0.9986,3
2882,149,0.9986,4
2882,2915,0.9982,5
2883,573,1.0,1
2883,1139,1.0,2
2883,6076,0.9997,3
2883,5627,0.9997,4
2883,5303,0.9996,5
2884,6590,1.0,1
2884,3200,1.0,2
2884,641,1.0,3
2884,4755,1.0,4
2884,3378,1.0,5
2885,740,1.0,1
2885,2241,1.0,2
2885,1918,1.0,3
2885,1113,1.0,4
2885,5471,0.9999,5
2886,6452,1.0,1
2886,3410,0.9993,2
2886,6606,0.9992,3
2886,5538,0.9992,4
2886,6036,0.9992,5
2887,4450,1.0,1
2887,446,0.9999,2
2887,4573,0.9999,3
2887,2381,0.9999,4
2887,2610,0.9999,5
2888,1250,1.0,1
2888,1836,1.0,2
2888,6900,1.0,3
2888,3453,1.0,4
2888,1854,1.0,5
2889,3690,1.0,1
2889,3844,1.0,2
2889,3634,1.0,3
2889,2038,1.0,4
2889,2134,1.0,5
2890,363,1.0,1
2890,4412,0.9998,2
2890,6393,0.9994,3
2890,2627,0.9994,4
2890,3576,0.9994,5
2891,415,0.9999,1
2891,4880,0.9998,2
2891,4196,0.9997,3
2891,1851,0.9996,4
2891,6465,0.9994,5
2892,5289,1.0,1
2892,3552,1.0,2
2892,5641,1.0,3
2892,4316,1.0,4
2892,3031,1.0,5
2893,2829,1.0,1
2893,691,1.0,2
2893,2122,1.0,3
2893,2714,1.0,4
2893,495,1.0,5
2894,6576,1.0,1
2894,3669,0.9997,2
2894,4391,0.9994,3
2894,2597,0.9993,4
2894,2235,0.999,5
2895,6864,1.0,1
2895,5797,0.9997,2
2895,2071,0.9997,3
2895,25,0.9997,4
2895,5965,0.9994,5
2896,1004,1.0,1
2896,1924,1.0,2
2896,5432,1.0,3
2896,2586,1.0,4
2896,3523,1.0,5
2897,1502,1.0,1
2897,6843,1.0,2
2897,3278,1.0,3
2897,995,1.0,4
2897,4695,1.0,5
2898,136,1.0,1
2898,6054,0.9999,2
2898,424,0.9998,3
2898,6995,0.9997,4
2898,2243,0.9997,5
2899,824,0.9997,1
2899,3294,0.9997,2
2899,6362,0.9997,3
2899,565,0.9996,4
2899,854,0.9996,5
2900,3684,1.0,1
2900,2542,0.9999,2
2900,6662,0.9999,3
2900,6425,0.9999,4
2900,787,0.9997,5
2901,1326,1.0,1
2901,3918,1.0,2
2901,2518,1.0,3
2901,5455,1.0,4
2901,1732,1.0,5
2902,4698,1.0,1
2902,4108,1.0,2
2902,4907,1.0,3
2902,6093,1.0,4
2902,1811,0.9999,5
2903,3954,1.0,1
2903,513,0.9999,2
2903,4840,0.9999,3
2903,2169,0.9999,4
2903,5628,0.9999,5
2904,3927,0.9999,1
2904,2993,0.9997,2
2904,1704,0.9997,3
2904,6261,0.9997,4
2904,766,0.9996,5
2905,3932,1.0,1
2905,4309,0.999,2
2905,1886,0.9988,3
2905,3421,0.9978,4
2905,462,0.9975,5
2906,5535,0.9995,1
2906,767,0.9994,2
2906,5964,0.9994,3
2906,2058,0.9994,4
2906,2040,0.9993,5
2907,1584,1.0,1
2907,6459,1.0,2
2907,3697,1.0,3
2907,5392,0.9999,4
2907,4341,0.9999,5
2908,6803,1.0,1
2908,5243,1.0,2
2908,4097,1.0,3
2908,3919,0.9997,4
2908,1796,0.9996,5
2909,6822,1.0,1
2909,5511,0.9997,2
2909,5742,0.9996,3
2909,3688,0.9996,4
2909,1578,0.9995,5
2910,642,0.9999,1
2910,3777,0.9999,2
2910,4210,0.9997,3
2910,3892,0.9997,4
2910,388,0.9996,5
2911,6028,1.0,1
2911,1658,1.0,2
2911,1532,1.0,3
2911,1799,1.0,4
2911,6888,0.9999,5
2912,300,1.0,1
2912,4095,0.9999,2
2912,1287,0.9999,3
2912,3486,0.9999,4
2912,5215,0.9999,5
2913,2086,1.0,1
2913,408,1.0,2
2913,948,0.9997,3
2913,4285,0.9996,4
2913,2396,0.9994,5
2914,1154,1.0,1
2914,587,1.0,2
2914,6477,0.9998,3
2914,3856,0.9997,4
2914,4061,0.9994,5
2915,3800,0.9986,1
2915,2882,0.9982,2
2915,4691,0.9968,3
2915,4424,0.9968,4
2915,4404,0.9953,5
2916,2311,1.0,1
2916,2118,1.0,2
2916,1806,1.0,3
2916,6515,0.9999,4
2916,4616,0.9999,5
2917,6426,0.9998,1
2917,3930,0.9998,2
2917,3686,0.9998,3
2917,6967,0.9995,4
2917,4076,0.9987,5
2918,3505,1.0,1
2918,1759,1.0,2
2918,3964,1.0,3
2918,855,1.0,4
2918,1774,1.0,5
2919,2782,0.9998,1
2919,7030,0.9995,2
2919,1680,0.9995,3
2919,6135,0.9995,4
2919,4339,0.9988,5
2920,5498,0.9993,1
2920,1350,0.9992,2
2920,2262,0.9991,3
2920,608,0.9989,4
2920,4924,0.9982,5
2921,697,1.0,1
2921,1683,1.0,2
2921,3620,1.0,3
2921,4873,1.0,4
2921,6230,1.0,5
2922,1013,1.0,1
2922,5600,0.9999,2
2922,1360,0.9999,3
2922,4064,0.9999,4
2922,2799,0.9999,5
2923,3559,1.0,1
2923,457,1.0,2
2923,6328,0.9998,3
2923,2688,0.9997,4
2923,2487,0.9994,5
2924,6920,1.0,1
2924,6079,0.9999,2
2924,2797,0.9999,3
2924,1947,0.9999,4
2924,2293,0.9998,5
2925,5004,1.0,1
2925,1975,0.9999,2
2925,3888,0.9999,3
2925,978,0.9998,4
2925,5496,0.9998,5
2926,6640,1.0,1
2926,6352,1.0,2
2926,892,1.0,3
2926,6186,0.9999,4
2926,2212,0.9999,5
2927,6567,0.9999,1
2927,2342,0.9999,2
2927,6538,0.9999,3
2927,1037,0.9999,4
2927,1307,0.9999,5
2928,6613,1.0,1
2928,1740,1.0,2
2928,977,1.0,3
2928,3970,1.0,4
2928,6238,1.0,5
2929,1265,0.9999,1
2929,539,0.9999,2
2929,1605,0.9999,3
2929,2615,0.9999,4
2929,2072,0.9999,5
2930,6060,0.9998,1
2930,1151,0.9998,2
2930,5086,0.9998,3
2930,4829,0.9997,4
2930,6692,0.9997,5
2931,6985,1.0,1
2931,3460,0.9996,2
2931,5831,0.9996,3
2931,2747,0.9993,4
2931,3407,0.9993,5
2932,2803,0.9999,1
2932,2380,0.9999,2
2932,5939,0.9995,3
2932,6988,0.9994,4
2932,5763,0.9994,5
2933,6973,0.9998,1
2933,4491,0.9998,2
2933,5138,0.9997,3
2933,5262,0.9997,4
2933,76,0.9996,5
2934,2152,1.0,1
2934,2814,1.0,2
2934,4457,0.9999,3
2934,3378,0.9999,4
2934,4835,0.9999,5
2935,225,1.0,1
2935,3334,1.0,2
2935,2593,1.0,3
2935,2552,1.0,4
2935,5710,1.0,5
2936,3921,1.0,1
2936,342,1.0,2
2936,2789,1.0,3
2936,2390,1.0,4
2936,2681,1.0,5
2937,809,0.9999,1
2937,6396,0.9999,2
2937,5631,0.9998,3
2937,7007,0.9998,4
2937,5449,0.9998,5
2938,862,1.0,1
2938,4353,0.9999,2
2938,6124,0.9999,3
2938,1951,0.9998,4
2938,6520,0.9998,5
2939,2472,1.0,1
2939,5468,0.9999,2
2939,1496,0.9999,3
2939,1624,0.9998,4
2939,2476,0.9998,5
2940,3525,0.9998,1
2940,327,0.9998,2
2940,6954,0.9997,3
2940,5665,0.9996,4
2940,5028,0.9994,5
2941,4703,0.9999,1
2941,426,0.9994,2
2941,1863,0.9992,3
2941,4152,0.999,4
2941,2980,0.999,5
2942,6916,1.0,1
2942,2526,1.0,2
2942,871,1.0,3
2942,4052,1.0,4
2942,2602,1.0,5
2943,2187,1.0,1
2943,89,1.0,2
2943,6724,1.0,3
2943,1856,1.0,4
2943,4245,1.0,5
2944,418,1.0,1
2944,6415,1.0,2
2944,3645,0.9998,3
2944,1906,0.9998,4
2944,4159,0.9998,5
2945,1263,1.0,1
2945,82,0.9998,2
2945,6735,0.9998,3
2945,5458,0.9997,4
2945,6783,0.9997,5
2946,1626,1.0,1
2946,6325,1.0,2
2946,5058,1.0,3
2946,1357,1.0,4
2946,5160,0.9999,5
2947,2057,1.0,1
2947,3989,1.0,2
2947,2966,0.9999,3
2947,6300,0.9999,4
2947,2696,0.9998,5
2948,4470,0.9998,1
2948,1751,0.9998,2
2948,599,0.9995,3
2948,6168,0.9994,4
2948,3649,0.9994,5
2949,2533,0.9999,1
2949,3776,0.9999,2
2949,5106,0.9999,3
2949,3444,0.9998,4
2949,6497,0.9998,5
2950,6506,1.0,1
2950,4744,0.9999,2
2950,4709,0.9998,3
2950,272,0.9998,4
2950,4859,0.9998,5
2951,3938,1.0,1
2951,5668,1.0,2
2951,5564,1.0,3
2951,3299,1.0,4
2951,2346,1.0,5
2952,1232,1.0,1
2952,2143,0.999,2
2952,908,0.9985,3
2952,5492,0.9984,4
2952,444,0.9974,5
2953,2426,1.0,1
2953,1061,1.0,2
2953,2761,1.0,3
2953,861,1.0,4
2953,3239,1.0,5
2954,209,0.9998,1
2954,920,0.9998,2
2954,1703,0.9997,3
2954,5699,0.9997,4
2954,6551,0.9997,5
2955,3338,1.0,1
2955,478,1.0,2
2955,83,1.0,3
2955,2599,1.0,4
2955,4996,1.0,5
2956,6629,1.0,1
2956,4040,1.0,2
2956,3746,1.0,3
2956,5031,0.9999,4
2956,3823,0.9999,5
2957,6975,1.0,1
2957,3870,0.9999,2
2957,6710,0.9999,3
2957,1443,0.9998,4
2957,1496,0.9998,5
2958,3764,1.0,1
2958,1677,1.0,2
2958,2794,1.0,3
2958,866,1.0,4
2958,4467,1.0,5
2959,543,1.0,1
2959,6382,1.0,2
2959,711,1.0,3
2959,6450,1.0,4
2959,4785,1.0,5
2960,2417,1.0,1
2960,201,0.9999,2
2960,6702,0.9996,3
2960,3171,0.9996,4
2960,3839,0.9996,5
2961,3877,1.0,1
2961,2674,1.0,2
2961,6899,1.0,3
2961,1963,0.9997,4
2961,2275,0.9997,5
2962,1016,1.0,1
2962,4629,0.9999,2
2962,1756,0.9999,3
2962,5609,0.9998,4
2962,5276,0.9997,5
2963,188,1.0,1
2963,3140,1.0,2
2963,2399,1.0,3
2963,1256,0.9999,4
2963,6778,0.9999,5
2964,2110,1.0,1
2964,5666,1.0,2
2964,59,1.0,3
2964,176,0.9999,4
2964,1658,0.9998,5
2965,1299,0.9997,1
2965,132,0.9991,2
2965,1490,0.999,3
2965,3280,0.9986,4
2965,2235,0.9979,5
2966,2947,0.9999,1
2966,1498,0.9999,2
2966,2057,0.9999,3
2966,3989,0.9999,4
2966,5910,0.9999,5
2967,6728,0.9998,1
2967,1051,0.9992,2
2967,1640,0.9989,3
2967,3618,0.9981,4
2967,1418,0.9975,5
2968,3913,0.9999,1
2968,198,0.9997,2
2968,3857,0.9997,3
2968,257,0.9997,4
2968,5290,0.9997,5
2969,3979,1.0,1
2969,116,1.0,2
2969,6890,1.0,3
2969,1780,0.9999,4
2969,2099,0.9999,5
2970,2278,1.0,1
2970,1841,1.0,2
2970,4320,1.0,3
2970,3536,0.9999,4
2970,939,0.9999,5
2971,518,1.0,1
2971,314,0.9999,2
2971,4284,0.9999,3
2971,6166,0.9999,4
2971,2237,0.9999,5
2972,829,0.9999,1
2972,62,0.9999,2
2972,6248,0.9998,3
2972,4764,0.9997,4
2972,6996,0.9996,5
2973,432,1.0,1
2973,1482,1.0,2
2973,944,1.0,3
2973,918,1.0,4
2973,4311,1.0,5
2974,856,1.0,1
2974,1275,0.9999,2
2974,890,0.9999,3
2974,6182,0.9999,4
2974,4182,0.9999,5
2975,457,0.9996,1
2975,3843,0.9995,2
2975,5248,0.9995,3
2975,4462,0.9995,4
2975,2819,0.9995,5
2976,1148,1.0,1
2976,2172,0.9999,2
2976,2031,0.9998,3
2976,7012,0.9998,4
2976,5378,0.9998,5
2977,6785,1.0,1
2977,2752,1.0,2
2977,6438,1.0,3
2977,3941,0.9999,4
2977,3861,0.9999,5
2978,4173,1.0,1
2978,3458,1.0,2
2978,1737,1.0,3
2978,3519,1.0,4
2978,102,1.0,5
2979,1959,0.9997,1
2979,7039,0.9996,2
2979,293,0.9994,3
2979,1549,0.9994,4
2979,1973,0.9993,5
2980,4152,0.9999,1
2980,426,0.9996,2
2980,5890,0.9993,3
2980,4703,0.9993,4
2980,3614,0.9992,5
2981,5025,1.0,1
2981,715,1.0,2
2981,3383,1.0,3
2981,2510,1.0,4
2981,2706,1.0,5
2982,7001,1.0,1
2982,6737,1.0,2
2982,4379,1.0,3
2982,6868,1.0,4
2982,5731,1.0,5
2983,99,1.0,1
2983,17,1.0,2
2983,72,1.0,3
2983,3488,1.0,4
2983,2844,0.9999,5
2984,3052,1.0,1
2984,4584,1.0,2
2984,2373,1.0,3
2984,2061,1.0,4
2984,590,1.0,5
2985,3972,0.9997,1
2985,2537,0.9997,2
2985,4280,0.9997,3
2985,6199,0.9997,4
2985,6365,0.9996,5
2986,4808,0.9995,1
2986,6788,0.9994,2
2986,501,0.9994,3
2986,1645,0.9993,4
2986,6000,0.999,5
2987,556,0.9999,1
2987,6754,0.9999,2
2987,2234,0.9998,3
2987,2139,0.9998,4
2987,3673,0.9997,5
2988,1393,1.0,1
2988,3301,1.0,2
2988,5650,1.0,3
2988,5488,1.0,4
2988,6019,1.0,5
2989,194,1.0,1
2989,6687,1.0,2
2989,2817,1.0,3
2989,2444,1.0,4
2989,6116,1.0,5
2990,4393,1.0,1
2990,3314,1.0,2
2990,1817,1.0,3
2990,368,1.0,4
2990,311,1.0,5
2991,3927,0.9999,1
2991,1704,0.9998,2
2991,766,0.9998,3
2991,6685,0.9997,4
2991,2904,0.9996,5
2992,4913,0.9999,1
2992,6397,0.9998,2
2992,6774,0.9997,3
2992,3164,0.9997,4
2992,6174,0.9997,5
2993,935,1.0,1
2993,848,0.9999,2
2993,5800,0.9999,3
2993,6261,0.9999,4
2993,2904,0.9997,5
2994,495,1.0,1
2994,4011,1.0,2
2994,6389,1.0,3
2994,5988,1.0,4
2994,3575,1.0,5
2995,867,1.0,1
2995,5393,0.9998,2
2995,1111,0.9995,3
2995,785,0.9994,4
2995,6680,0.9993,5
2996,212,1.0,1
2996,3774,1.0,2
2996,6608,1.0,3
2996,2296,1.0,4
2996,1332,1.0,5
2997,3018,0.9996,1
2997,4437,0.9994,2
2997,6058,0.999,3
2997,6111,0.999,4
2997,4395,0.9987,5
2998,3548,1.0,1
2998,1264,0.9999,2
2998,4689,0.9999,3
2998,2860,0.9999,4
2998,1113,0.9998,5
2999,4665,1.0,1
2999,6363,1.0,2
2999,5994,1.0,3
2999,493,1.0,4
2999,1562,0.9999,5
3000,6542,1.0,1
3000,6679,1.0,2
3000,2175,1.0,3
3000,4556,1.0,4
3000,2197,1.0,5
3001,4547,1.0,1
3001,4734,1.0,2
3001,2867,1.0,3
3001,3783,1.0,4
3001,3354,0.9999,5
3002,3025,1.0,1
3002,5403,1.0,2
3002,4553,1.0,3
3002,3945,1.0,4
3002,3638,1.0,5
3003,6826,0.9999,1
3003,1984,0.9997,2
3003,4933,0.9996,3
3003,1135,0.9993,4
3003,5323,0.9993,5
3004,4933,0.9995,1
3004,1984,0.9993,2
3004,5922,0.9992,3
3004,2848,0.9991,4
3004,4121,0.999,5
3005,4327,1.0,1
3005,5141,1.0,2
3005,5355,1.0,3
3005,643,1.0,4
3005,845,0.9999,5
3006,1010,0.9999,1
3006,695,0.9996,2
3006,882,0.9996,3
3006,5551,0.9992,4
3006,4981,0.9981,5
3007,4218,1.0,1
3007,6709,1.0,2
3007,5124,0.9999,3
3007,177,0.9999,4
3007,248,0.9999,5
3008,307,1.0,1
3008,4293,0.9999,2
3008,2437,0.9998,3
3008,79,0.9995,4
3008,2144,0.9995,5
3009,4499,1.0,1
3009,402,1.0,2
3009,5100,1.0,3
3009,2735,1.0,4
3009,3637,1.0,5
3010,6002,1.0,1
3010,3093,1.0,2
3010,1332,1.0,3
3010,2296,1.0,4
3010,273,1.0,5
3011,6741,0.9996,1
3011,3485,0.9996,2
3011,114,0.9992,3
3011,4848,0.9991,4
3011,5178,0.9991,5
3012,3934,1.0,1
3012,3790,1.0,2
3012,2355,1.0,3
3012,5202,1.0,4
3012,1356,1.0,5
3013,6247,1.0,1
3013,5329,0.9998,2
3013,3856,0.9998,3
3013,2633,0.9998,4
3013,5242,0.9996,5
3014,5122,1.0,1
3014,3266,1.0,2
3014,3677,0.9987,3
3014,3426,0.9986,4
3014,3700,0.9985,5
3015,3117,1.0,1
3015,5505,1.0,2
3015,6200,0.9999,3
3015,51,0.9999,4
3015,5588,0.9996,5
3016,869,0.9999,1
3016,2807,0.9999,2
3016,2412,0.9996,3
3016,2660,0.9995,4
3016,6275,0.9995,5
3017,3597,1.0,1
3017,3247,1.0,2
3017,6402,1.0,3
3017,1487,0.9999,4
3017,6107,0.9999,5
3018,2997,0.9996,1
3018,6058,0.9994,2
3018,2199,0.9993,3
3018,3253,0.9993,4
3018,4437,0.9989,5
3019,3841,0.9996,1
3019,6084,0.9995,2
3019,3651,0.9993,3
3019,145,0.9993,4
3019,4148,0.9993,5
3020,6609,1.0,1
3020,953,1.0,2
3020,5636,0.9999,3
3020,2640,0.9998,4
3020,5697,0.9995,5
3021,6882,0.9997,1
3021,6950,0.9992,2
3021,6270,0.9991,3
3021,814,0.9985,4
3021,5942,0.9979,5
3022,6042,1.0,1
3022,5017,1.0,2
3022,6565,1.0,3
3022,588,1.0,4
3022,2002,1.0,5
3023,602,1.0,1
3023,5754,1.0,2
3023,4690,1.0,3
3023,2648,1.0,4
3023,459,1.0,5
3024,468,1.0,1
3024,4497,1.0,2
3024,850,1.0,3
3024,633,1.0,4
3024,5735,1.0,5
3025,3002,1.0,1
3025,5403,1.0,2
3025,4553,1.0,3
3025,3945,1.0,4
3025,3638,1.0,5
3026,4603,1.0,1
3026,4484,1.0,2
3026,6791,1.0,3
3026,2471,0.9999,4
3026,6590,0.9999,5
3027,3679,1.0,1
3027,5700,0.9997,2
3027,759,0.9997,3
3027,2023,0.9996,4
3027,4652,0.9996,5
3028,2260,1.0,1
3028,2460,1.0,2
3028,4408,1.0,3
3028,4420,1.0,4
3028,4226,1.0,5
3029,5547,0.9999,1
3029,745,0.9999,2
3029,2617,0.9998,3
3029,1295,0.9998,4
3029,2755,0.9997,5
3030,6281,0.9994,1
3030,3297,0.9991,2
3030,5109,0.9991,3
3030,1966,0.999,4
3030,4897,0.9989,5
3031,4316,1.0,1
3031,6847,1.0,2
3031,5641,1.0,3
3031,3552,1.0,4
3031,2195,1.0,5
3032,6465,1.0,1
3032,415,0.9997,2
3032,2736,0.9996,3
3032,2891,0.9994,4
3032,3817,0.9992,5
3033,4389,1.0,1
3033,3174,1.0,2
3033,6123,1.0,3
3033,3813,1.0,4
3033,3893,1.0,5
3034,6356,1.0,1
3034,4247,1.0,2
3034,105,1.0,3
3034,3965,1.0,4
3034,3660,0.9999,5
3035,233,1.0,1
3035,5475,1.0,2
3035,5451,1.0,3
3035,4510,1.0,4
3035,2635,1.0,5
3036,53,1.0,1
3036,650,0.9998,2
3036,1686,0.9994,3
3036,1783,0.999,4
3036,452,0.9989,5
3037,2374,0.9999,1
3037,6443,0.9998,2
3037,133,0.9998,3
3037,2563,0.9998,4
3037,2534,0.9997,5
3038,1831,1.0,1
3038,175,1.0,2
3038,1081,1.0,3
3038,6308,1.0,4
3038,4712,1.0,5
3039,1679,1.0,1
3039,6370,1.0,2
3039,6033,0.9999,3
3039,4288,0.9999,4
3039,6113,0.9999,5
3040,383,1.0,1
3040,4021,1.0,2
3040,7008,0.9999,3
3040,4784,0.9991,4
3040,6957,0.9987,5
3041,808,1.0,1
3041,5770,1.0,2
3041,976,1.0,3
3041,6304,1.0,4
3041,5023,1.0,5
3042,686,1.0,1
3042,6340,1.0,2
3042,4091,1.0,3
3042,2273,1.0,4
3042,7017,1.0,5
3043,3820,1.0,1
3043,2091,0.9993,2
3043,2553,0.999,3
3043,5293,0.9989,4
3043,668,0.9985,5
3044,5145,0.9999,1
3044,3234,0.9997,2
3044,1514,0.999,3
3044,499,0.999,4
3044,6220,0.999,5
3045,5481,1.0,1
3045,4017,1.0,2
3045,2019,1.0,3
3045,182,1.0,4
3045,1244,1.0,5
3046,2333,0.9998,1
3046,4871,0.9998,2
3046,5094,0.9998,3
3046,741,0.9998,4
3046,2352,0.9995,5
3047,4501,1.0,1
3047,3610,1.0,2
3047,5167,1.0,3
3047,4187,0.9999,4
3047,3283,0.9999,5
3048,4324,1.0,1
3048,254,0.9999,2
3048,718,0.9993,3
3048,3465,0.9992,4
3048,5428,0.9992,5
3049,6605,1.0,1
3049,135,1.0,2
3049,1999,1.0,3
3049,259,1.0,4
3049,4894,1.0,5
3050,4942,1.0,1
3050,2435,1.0,2
3050,5867,1.0,3
3050,758,1.0,4
3050,4445,1.0,5
3051,276,1.0,1
3051,2289,1.0,2
3051,1461,1.0,3
3051,5799,1.0,4
3051,6212,1.0,5
3052,2984,1.0,1
3052,4584,1.0,2
3052,2373,1.0,3
3052,2061,1.0,4
3052,590,1.0,5
3053,5617,0.9997,1
3053,4016,0.9996,2
3053,2089,0.9996,3
3053,3233,0.9993,4
3053,1804,0.999,5
3054,4836,1.0,1
3054,4660,1.0,2
3054,548,1.0,3
3054,5835,1.0,4
3054,5819,0.9999,5
3055,4106,1.0,1
3055,6502,1.0,2
3055,1998,1.0,3
3055,5051,0.9999,4
3055,521,0.9999,5
3056,6871,1.0,1
3056,3642,0.9999,2
3056,4220,0.9998,3
3056,2501,0.9998,4
3056,4168,0.9998,5
3057,6457,1.0,1
3057,5186,1.0,2
3057,1031,0.9999,3
3057,648,0.9999,4
3057,615,0.9999,5
3058,3437,1.0,1
3058,5790,1.0,2
3058,3310,1.0,3
3058,1166,1.0,4
3058,2619,1.0,5
3059,5157,1.0,1
3059,3516,0.9999,2
3059,6442,0.9999,3
3059,2079,0.9995,4
3059,3237,0.9995,5
3060,1018,1.0,1
3060,451,1.0,2
3060,2067,1.0,3
3060,6074,1.0,4
3060,2650,0.9999,5
3061,3127,0.9994,1
3061,373,0.9993,2
3061,6088,0.9993,3
3061,5349,0.9989,4
3061,3734,0.9988,5
3062,5073,0.9998,1
3062,5134,0.9997,2
3062,2564,0.9996,3
3062,4702,0.9994,4
3062,4212,0.9993,5
3063,5014,0.9999,1
3063,6040,0.9987,2
3063,4741,0.9985,3
3063,359,0.9982,4
3063,329,0.9981,5
3064,5952,1.0,1
3064,4869,1.0,2
3064,2102,0.9999,3
3064,1470,0.9999,4
3064,5060,0.9998,5
3065,5926,0.9993,1
3065,4092,0.9993,2
3065,1385,0.999,3
3065,3198,0.9987,4
3065,4572,0.9987,5
3066,3675,1.0,1
3066,3880,1.0,2
3066,1550,1.0,3
3066,1225,1.0,4
3066,965,1.0,5
3067,6468,0.9998,1
3067,6325,0.9998,2
3067,5058,0.9998,3
3067,5160,0.9998,4
3067,1626,0.9998,5
3068,5398,1.0,1
3068,883,0.9999,2
3068,4406,0.9999,3
3068,5799,0.9999,4
3068,5361,0.9998,5
3069,2671,0.9999,1
3069,5257,0.9999,2
3069,3546,0.9999,3
3069,3450,0.9998,4
3069,6207,0.9998,5
3070,2859,1.0,1
3070,3711,1.0,2
3070,634,1.0,3
3070,4088,1.0,4
3070,4590,1.0,5
3071,4214,1.0,1
3071,280,0.9999,2
3071,3738,0.9999,3
3071,4356,0.9999,4
3071,3293,0.9999,5
3072,6168,1.0,1
3072,5436,0.9998,2
3072,716,0.9997,3
3072,2948,0.9994,4
3072,5245,0.9993,5
3073,5572,1.0,1
3073,2854,0.9999,2
3073,6828,0.9999,3
3073,6448,0.9999,4
3073,6898,0.9998,5
3074,5107,0.9999,1
3074,112,0.9999,2
3074,6758,0.9998,3
3074,3083,0.9996,4
3074,878,0.9995,5
3075,2649,1.0,1
3075,5774,0.9991,2
3075,6433,0.9982,3
3075,292,0.9977,4
3075,1279,0.9976,5
3076,203,1.0,1
3076,6399,1.0,2
3076,5374,1.0,3
3076,4534,1.0,4
3076,18,1.0,5
3077,907,0.9993,1
3077,6747,0.9993,2
3077,3418,0.9993,3
3077,958,0.9992,4
3077,4934,0.9989,5
3078,6870,0.9999,1
3078,1958,0.9998,2
3078,4774,0.9997,3
3078,5525,0.9997,4
3078,3503,0.9997,5
3079,586,0.9999,1
3079,5877,0.9999,2
3079,2746,0.9999,3
3079,4586,0.9999,4
3079,6092,0.9999,5
3080,3693,0.9998,1
3080,4777,0.9998,2
3080,1003,0.9998,3
3080,5180,0.9998,4
3080,6487,0.9998,5
3081,3622,1.0,1
3081,2726,1.0,2
3081,853,1.0,3
3081,6134,1.0,4
3081,4899,1.0,5
3082,3304,1.0,1
3082,1362,0.9999,2
3082,4443,0.9999,3
3082,2048,0.9998,4
3082,6771,0.9998,5
3083,878,1.0,1
3083,6758,0.9999,2
3083,1611,0.9999,3
3083,1937,0.9999,4
3083,5107,0.9998,5
3084,921,1.0,1
3084,1204,0.9999,2
3084,4480,0.9999,3
3084,744,0.9999,4
3084,6066,0.9999,5
3085,6620,1.0,1
3085,3704,1.0,2
3085,3794,1.0,3
3085,3945,1.0,4
3085,3638,1.0,5
3086,3838,0.9998,1
3086,4739,0.9997,2
3086,172,0.9997,3
3086,1720,0.9995,4
3086,679,0.9995,5
3087,1813,0.9999,1
3087,4504,0.9998,2
3087,4330,0.9998,3
3087,7026,0.9997,4
3087,5658,0.9997,5
3088,5680,1.0,1
3088,6958,0.9998,2
3088,6832,0.9997,3
3088,6655,0.9996,4
3088,6913,0.9996,5
3089,6299,0.9999,1
3089,1303,0.9998,2
3089,3600,0.9998,3
3089,680,0.9998,4
3089,1729,0.9998,5
3090,3125,1.0,1
3090,3416,1.0,2
3090,5309,0.9999,3
3090,6195,0.9999,4
3090,5773,0.9999,5
3091,5577,1.0,1
3091,6910,1.0,2
3091,4824,0.9999,3
3091,3,0.9999,4
3091,6110,0.9999,5
3092,947,1.0,1
3092,3404,1.0,2
3092,5362,1.0,3
3092,2733,1.0,4
3092,1325,1.0,5
3093,2296,1.0,1
3093,1332,1.0,2
3093,3010,1.0,3
3093,3774,1.0,4
3093,212,1.0,5
3094,1022,1.0,1
3094,517,1.0,2
3094,4803,1.0,3
3094,1778,0.9999,4
3094,2499,0.9989,5
3095,2657,0.9999,1
3095,5651,0.9997,2
3095,5896,0.9997,3
3095,3654,0.9994,4
3095,3584,0.9992,5
3096,640,0.9998,1
3096,1367,0.9998,2
3096,3001,0.9998,3
3096,4547,0.9998,4
3096,3783,0.9998,5
3097,5691,0.9999,1
3097,1353,0.9999,2
3097,3998,0.9997,3
3097,3706,0.9997,4
3097,2311,0.9995,5
3098,6278,1.0,1
3098,5152,1.0,2
3098,5088,1.0,3
3098,1560,1.0,4
3098,3828,1.0,5
3099,5701,0.9999,1
3099,5260,0.9998,2
3099,3573,0.9995,3
3099,4543,0.9995,4
3099,6823,0.9995,5
3100,1609,1.0,1
3100,3212,1.0,2
3100,3570,1.0,3
3100,1719,1.0,4
3100,2440,1.0,5
3101,4797,1.0,1
3101,1905,0.9999,2
3101,6015,0.9999,3
3101,3860,0.9999,4
3101,2715,0.9998,5
3102,5724,0.9999,1
3102,6292,0.9999,2
3102,6246,0.9999,3
3102,3916,0.9997,4
3102,2258,0.9995,5
3103,6138,1.0,1
3103,1167,0.9999,2
3103,6518,0.9999,3
3103,6178,0.9999,4
3103,6056,0.9998,5
3104,5630,1.0,1
3104,2554,0.9999,2
3104,5681,0.9999,3
3104,2675,0.9994,4
3104,4181,0.999,5
3105,2796,1.0,1
3105,4626,0.9999,2
3105,289,0.9999,3
3105,2001,0.9998,4
3105,911,0.9998,5
3106,6062,0.9999,1
3106,4675,0.9992,2
3106,719,0.9992,3
3106,3317,0.9992,4
3106,6694,0.9989,5
3107,3169,1.0,1
3107,5400,1.0,2
3107,4101,1.0,3
3107,3591,1.0,4
3107,3810,1.0,5
3108,2268,1.0,1
3108,2538,1.0,2
3108,1171,1.0,3
3108,4798,1.0,4
3108,438,1.0,5
3109,337,0.9999,1
3109,4889,0.9999,2
3109,3474,0.9999,3
3109,5995,0.9998,4
3109,2314,0.9998,5
3110,4273,1.0,1
3110,2242,0.9999,2
3110,6793,0.9999,3
3110,4128,0.9999,4
3110,4008,0.9999,5
3111,4349,1.0,1
3111,5337,1.0,2
3111,1734,1.0,3
3111,368,1.0,4
3111,584,1.0,5
3112,7040,1.0,1
3112,4787,1.0,2
3112,4976,1.0,3
3112,5849,1.0,4
3112,4398,1.0,5
3113,2686,1.0,1
3113,95,1.0,2
3113,36,1.0,3
3113,1957,1.0,4
3113,3346,1.0,5
3114,6085,1.0,1
3114,339,1.0,2
3114,5991,1.0,3
3114,5664,0.9998,4
3114,5571,0.9998,5
3115,6303,1.0,1
3115,1298,0.9999,2
3115,5120,0.9999,3
3115,5690,0.9999,4
3115,5070,0.9999,5
3116,6507,1.0,1
3116,6379,1.0,2
3116,3354,0.9998,3
3116,4295,0.9998,4
3116,4734,0.9997,5
3117,3015,1.0,1
3117,5505,1.0,2
3117,6200,0.9999,3
3117,51,0.9999,4
3117,5588,0.9996,5
3118,5253,0.9999,1
3118,2288,0.9999,2
3118,5139,0.9999,3
3118,2376,0.9999,4
3118,6806,0.9998,5
3119,6917,1.0,1
3119,2587,1.0,2
3119,469,1.0,3
3119,4637,1.0,4
3119,6215,1.0,5
3120,1822,1.0,1
3120,1810,0.9999,2
3120,4791,0.9998,3
3120,6267,0.9995,4
3120,7016,0.9995,5
3121,1109,1.0,1
3121,2190,1.0,2
3121,6766,1.0,3
3121,1108,1.0,4
3121,1333,0.9999,5
3122,3321,0.9995,1
3122,4681,0.9995,2
3122,5936,0.999,3
3122,5973,0.9984,4
3122,3986,0.9981,5
3123,6943,1.0,1
3123,3408,1.0,2
3123,4853,0.9999,3
3123,3652,0.9998,4
3123,4769,0.9996,5
3124,1894,0.9997,1
3124,3137,0.9995,2
3124,150,0.9994,3
3124,2855,0.9994,4
3124,2337,0.9994,5
3125,3416,1.0,1
3125,3090,1.0,2
3125,6195,1.0,3
3125,5309,0.9999,4
3125,5773,0.9998,5
3126,3392,1.0,1
3126,1594,1.0,2
3126,4455,1.0,3
3126,6373,1.0,4
3126,6283,1.0,5
3127,6088,0.9998,1
3127,3061,0.9994,2
3127,7004,0.9987,3
3127,5357,0.9985,4
3127,3734,0.9985,5
3128,2189,1.0,1
3128,6654,0.9995,2
3128,5148,0.9995,3
3128,90,0.9993,4
3128,4081,0.999,5
3129,732,1.0,1
3129,2759,1.0,2
3129,3243,1.0,3
3129,361,1.0,4
3129,868,1.0,5
3130,3433,1.0,1
3130,1811,0.9999,2
3130,5580,0.9999,3
3130,5452,0.9999,4
3130,2347,0.9999,5
3131,3269,0.9999,1
3131,6962,0.9995,2
3131,2781,0.9992,3
3131,3497,0.9992,4
3131,2000,0.9992,5
3132,5420,1.0,1
3132,4507,1.0,2
3132,502,0.9997,3
3132,801,0.9995,4
3132,4513,0.9995,5
3133,6376,1.0,1
3133,490,1.0,2
3133,5161,1.0,3
3133,4724,1.0,4
3133,2511,1.0,5
3134,2216,0.9999,1
3134,4150,0.9997,2
3134,4727,0.9995,3
3134,3178,0.9994,4
3134,6368,0.9993,5
3135,1282,1.0,1
3135,2233,1.0,2
3135,1056,1.0,3
3135,6653,1.0,4
3135,1463,1.0,5
3136,4001,0.9999,1
3136,6148,0.9999,2
3136,309,0.9999,3
3136,5258,0.9998,4
3136,5669,0.9998,5
3137,2855,0.9999,1
3137,2337,0.9999,2
3137,5863,0.9999,3
3137,5605,0.9997,4
3137,3124,0.9995,5
3138,1458,0.9998,1
3138,4307,0.9998,2
3138,1445,0.9998,3
3138,3743,0.9996,4
3138,3335,0.9995,5
3139,182,1.0,1
3139,6065,1.0,2
3139,2019,1.0,3
3139,1244,1.0,4
3139,6519,1.0,5
3140,2399,1.0,1
3140,2963,1.0,2
3140,3754,1.0,3
3140,188,0.9999,4
3140,1621,0.9999,5
3141,4914,1.0,1
3141,6543,0.9996,2
3141,5702,0.9996,3
3141,45,0.9996,4
3141,1534,0.9996,5
3142,32,1.0,1
3142,6369,0.9999,2
3142,3381,0.9999,3
3142,3160,0.9999,4
3142,5990,0.9999,5
3143,2646,1.0,1
3143,4157,1.0,2
3143,4066,1.0,3
3143,4243,1.0,4
3143,2669,1.0,5
3144,7028,0.9999,1
3144,3226,0.9997,2
3144,4527,0.9997,3
3144,6886,0.9995,4
3144,5969,0.9993,5
3145,6557,1.0,1
3145,5837,1.0,2
3145,3557,1.0,3
3145,5312,1.0,4
3145,6475,1.0,5
3146,3756,0.9999,1
3146,1237,0.9999,2
3146,2048,0.9998,3
3146,2011,0.9998,4
3146,4434,0.9998,5
3147,3831,0.9999,1
3147,2264,0.9999,2
3147,3271,0.9998,3
3147,6233,0.9998,4
3147,463,0.9998,5
3148,567,1.0,1
3148,1179,1.0,2
3148,4170,1.0,3
3148,1424,1.0,4
3148,4693,0.9998,5
3149,1194,0.9999,1
3149,4220,0.9998,2
3149,38,0.9998,3
3149,4997,0.9998,4
3149,4964,0.9996,5
3150,565,0.9998,1
3150,1465,0.9995,2
3150,612,0.9995,3
3150,6982,0.9994,4
3150,5223,0.9993,5
3151,3630,1.0,1
3151,5502,1.0,2
3151,654,1.0,3
3151,5671,0.9999,4
3151,1205,0.9997,5
3152,6564,1.0,1
3152,1337,1.0,2
3152,6543,0.9997,3
3152,1534,0.9996,4
3152,1090,0.9996,5
3153,3173,0.9996,1
3153,391,0.9996,2
3153,3843,0.9995,3
3153,3598,0.9995,4
3153,5248,0.9995,5
3154,1329,1.0,1
3154,5162,1.0,2
3154,3627,0.9996,3
3154,5697,0.9993,4
3154,2640,0.9993,5
3155,1708,0.9998,1
3155,7042,0.9998,2
3155,2237,0.9998,3
3155,2454,0.9998,4
3155,513,0.9997,5
3156,1643,1.0,1
3156,1049,1.0,2
3156,214,1.0,3
3156,2470,1.0,4
3156,4306,1.0,5
3157,5591,1.0,1
3157,4667,1.0,2
3157,6907,1.0,3
3157,3437,1.0,4
3157,3058,1.0,5
3158,3663,1.0,1
3158,1735,0.9999,2
3158,5229,0.9999,3
3158,4659,0.9999,4
3158,1850,0.9999,5
3159,3912,1.0,1
3159,2555,0.9999,2
3159,5416,0.9997,3
3159,3330,0.9997,4
3159,4967,0.9996,5
3160,5990,1.0,1
3160,3142,0.9999,2
3160,4619,0.9999,3
3160,998,0.9999,4
3160,32,0.9999,5
3161,1380,0.9997,1
3161,5950,0.9997,2
3161,5532,0.9996,3
3161,6094,0.9995,4
3161,5003,0.9995,5
3162,4069,1.0,1
3162,1400,1.0,2
3162,1533,1.0,3
3162,5883,1.0,4
3162,6767,1.0,5
3163,4432,0.9994,1
3163,1452,0.9994,2
3163,4572,0.9993,3
3163,4092,0.9992,4
3163,5926,0.999,5
3164,2272,0.9999,1
3164,2992,0.9997,2
3164,6774,0.9996,3
3164,4913,0.9994,4
3164,2416,0.9993,5
3165,3303,0.9997,1
3165,637,0.9997,2
3165,6441,0.9996,3
3165,5426,0.9995,4
3165,4390,0.9995,5
3166,2028,1.0,1
3166,6636,1.0,2
3166,2711,1.0,3
3166,2868,1.0,4
3166,3836,1.0,5
3167,3797,0.9997,1
3167,3763,0.9997,2
3167,2291,0.9997,3
3167,2793,0.9996,4
3167,616,0.9996,5
3168,6486,0.9999,1
3168,730,0.9999,2
3168,3582,0.9999,3
3168,4643,0.9999,4
3168,1344,0.9998,5
3169,3107,1.0,1
3169,5400,1.0,2
3169,4101,1.0,3
3169,3591,1.0,4
3169,3810,1.0,5
3170,5390,0.9998,1
3170,5082,0.9998,2
3170,5351,0.9998,3
3170,1484,0.9997,4
3170,615,0.9993,5
3171,6702,1.0,1
3171,2960,0.9996,2
3171,2417,0.9996,3
3171,423,0.9996,4
3171,2605,0.9996,5
3172,4415,1.0,1
3172,2724,1.0,2
3172,4386,1.0,3
3172,1005,1.0,4
3172,3360,1.0,5
3173,3598,1.0,1
3173,626,0.9999,2
3173,2874,0.9998,3
3173,1837,0.9996,4
3173,3153,0.9996,5
3174,4389,1.0,1
3174,3033,1.0,2
3174,6432,1.0,3
3174,6123,1.0,4
3174,3813,1.0,5
3175,6416,1.0,1
3175,3393,0.9999,2
3175,6456,0.9998,3
3175,6311,0.9995,4
3175,4030,0.9994,5
3176,330,0.9999,1
3176,5419,0.9998,2
3176,2325,0.9994,3
3176,5135,0.9994,4
3176,2687,0.9994,5
3177,5409,1.0,1
3177,4439,1.0,2
3177,5928,1.0,3
3177,687,0.9999,4
3177,448,0.9999,5
3178,4727,1.0,1
3178,4150,0.9999,2
3178,2051,0.9997,3
3178,2216,0.9997,4
3178,6368,0.9996,5
3179,504,1.0,1
3179,4623,1.0,2
3179,852,0.9999,3
3179,4910,0.9999,4
3179,6225,0.9999,5
3180,1599,1.0,1
3180,6921,1.0,2
3180,1129,1.0,3
3180,6759,1.0,4
3180,3560,1.0,5
3181,4792,1.0,1
3181,585,1.0,2
3181,6141,1.0,3
3181,1401,1.0,4
3181,6351,1.0,5
3182,6597,1.0,1
3182,2764,1.0,2
3182,6873,0.9999,3
3182,895,0.9999,4
3182,537,0.9999,5
3183,2114,1.0,1
3183,1475,1.0,2
3183,5569,0.9999,3
3183,5405,0.9999,4
3183,333,0.9998,5
3184,5187,0.9997,1
3184,21,0.999,2
3184,253,0.9987,3
3184,261,0.9987,4
3184,5145,0.9982,5
3185,3547,1.0,1
3185,6596,1.0,2
3185,2191,0.9999,3
3185,6387,0.9999,4
3185,6244,0.9999,5
3186,6510,1.0,1
3186,4397,1.0,2
3186,1335,1.0,3
3186,3653,1.0,4
3186,5412,1.0,5
3187,5633,1.0,1
3187,6434,1.0,2
3187,4906,1.0,3
3187,1654,1.0,4
3187,4582,1.0,5
3188,5828,1.0,1
3188,4422,0.9998,2
3188,439,0.9994,3
3188,4269,0.9994,4
3188,1763,0.9994,5
3189,4105,1.0,1
3189,2589,0.9999,2
3189,2414,0.9999,3
3189,6616,0.9999,4
3189,5121,0.9999,5
3190,5983,1.0,1
3190,6955,1.0,2
3190,2770,1.0,3
3190,550,1.0,4
3190,940,1.0,5
3191,1965,1.0,1
3191,6146,0.9999,2
3191,2356,0.9999,3
3191,3389,0.9999,4
3191,6133,0.9998,5
3192,6032,1.0,1
3192,5360,0.9996,2
3192,4884,0.9986,3
3192,621,0.9979,4
3192,2762,0.9978,5
3193,6390,1.0,1
3193,2228,1.0,2
3193,4906,1.0,3
3193,5633,0.9999,4
3193,3187,0.9999,5
3194,6945,1.0,1
3194,3809,1.0,2
3194,4357,1.0,3
3194,2751,1.0,4
3194,4476,1.0,5
3195,6192,0.9999,1
3195,5885,0.9985,2
3195,572,0.9981,3
3195,4862,0.9977,4
3195,2530,0.9973,5
3196,5169,1.0,1
3196,5236,0.9999,2
3196,5439,0.9999,3
3196,1106,0.9998,4
3196,356,0.9998,5
3197,1497,1.0,1
3197,2111,1.0,2
3197,6140,1.0,3
3197,6614,1.0,4
3197,6351,1.0,5
3198,1802,1.0,1
3198,1385,1.0,2
3198,6989,0.9992,3
3198,2513,0.9989,4
3198,3065,0.9987,5
3199,6324,1.0,1
3199,5235,1.0,2
3199,516,0.9999,3
3199,3335,0.9999,4
3199,3743,0.9999,5
3200,641,1.0,1
3200,4755,1.0,2
3200,2884,1.0,3
3200,6590,1.0,4
3200,3378,1.0,5
3201,945,1.0,1
3201,5372,1.0,2
3201,1104,1.0,3
3201,6313,0.9999,4
3201,5295,0.9999,5
3202,4725,1.0,1
3202,6722,0.9998,2
3202,2966,0.9998,3
3202,1498,0.9998,4
3202,3833,0.9997,5
3203,228,1.0,1
3203,2734,1.0,2
3203,6089,1.0,3
3203,440,1.0,4
3203,2389,1.0,5
3204,1878,1.0,1
3204,4517,1.0,2
3204,488,1.0,3
3204,3815,1.0,4
3204,6183,1.0,5
3205,1741,1.0,1
3205,2269,1.0,2
3205,1689,1.0,3
3205,4636,1.0,4
3205,2248,1.0,5
3206,6769,1.0,1
3206,4611,1.0,2
3206,2369,1.0,3
3206,6119,1.0,4
3206,5348,1.0,5
3207,1724,1.0,1
3207,6650,1.0,2
3207,2474,1.0,3
3207,4560,1.0,4
3207,1142,1.0,5
3208,2180,1.0,1
3208,1273,1.0,2
3208,5017,1.0,3
3208,6156,1.0,4
3208,6042,1.0,5
3209,1313,1.0,1
3209,6316,1.0,2
3209,6711,0.9999,3
3209,4468,0.9999,4
3209,5673,0.9997,5
3210,6474,1.0,1
3210,6241,1.0,2
3210,2578,0.9999,3
3210,3773,0.9998,4
3210,4679,0.9998,5
3211,5646,1.0,1
3211,4164,0.9998,2
3211,4606,0.9997,3
3211,5110,0.9996,4
3211,6851,0.9996,5
3212,1609,1.0,1
3212,3570,1.0,2
3212,3100,1.0,3
3212,1719,1.0,4
3212,2440,1.0,5
3213,1053,0.9999,1
3213,5678,0.9999,2
3213,2100,0.9999,3
3213,3580,0.9998,4
3213,4735,0.9998,5
3214,5018,1.0,1
3214,1907,0.9998,2
3214,2413,0.9995,3
3214,6751,0.9992,4
3214,1481,0.9992,5
3215,3775,0.9999,1
3215,6418,0.9998,2
3215,5714,0.9996,3
3215,4614,0.9994,4
3215,5115,0.9993,5
3216,6020,1.0,1
3216,2823,1.0,2
3216,3382,1.0,3
3216,6455,0.9999,4
3216,1586,0.9998,5
3217,4456,1.0,1
3217,1429,1.0,2
3217,6435,1.0,3
3217,6812,1.0,4
3217,4013,1.0,5
3218,3828,1.0,1
3218,3098,1.0,2
3218,6160,1.0,3
3218,5088,1.0,4
3218,6278,1.0,5
3219,4068,1.0,1
3219,4473,1.0,2
3219,4345,0.9999,3
3219,505,0.9999,4
3219,4540,0.9999,5
3220,3740,1.0,1
3220,4301,1.0,2
3220,6372,1.0,3
3220,6011,1.0,4
3220,197,1.0,5
3221,5512,1.0,1
3221,969,0.9999,2
3221,6648,0.9999,3
3221,5576,0.9999,4
3221,5345,0.9999,5
3222,6601,1.0,1
3222,3224,1.0,2
3222,2386,1.0,3
3222,5881,1.0,4
3222,6778,1.0,5
3223,2483,1.0,1
3223,1336,1.0,2
3223,4894,1.0,3
3223,4765,1.0,4
3223,259,1.0,5
3224,3222,1.0,1
3224,6601,1.0,2
3224,6778,1.0,3
3224,2386,1.0,4
3224,5881,1.0,5
3225,1127,1.0,1
3225,4483,1.0,2
3225,2448,1.0,3
3225,6162,1.0,4
3225,4996,0.9999,5
3226,3144,0.9997,1
3226,4046,0.9994,2
3226,7028,0.9992,3
3226,4527,0.9988,4
3226,6886,0.9987,5
3227,3388,1.0,1
3227,1526,1.0,2
3227,1641,1.0,3
3227,1910,1.0,4
3227,5093,1.0,5
3228,5945,1.0,1
3228,161,0.9996,2
3228,470,0.9996,3
3228,3608,0.999,4
3228,3250,0.9989,5
3229,898,1.0,1
3229,1556,1.0,2
3229,5295,0.9999,3
3229,6313,0.9999,4
3229,2639,0.9999,5
3230,5251,1.0,1
3230,5352,0.9998,2
3230,6600,0.9998,3
3230,2846,0.9998,4
3230,5126,0.9997,5
3231,1515,1.0,1
3231,4246,1.0,2
3231,1591,1.0,3
3231,2825,1.0,4
3231,1420,1.0,5
3232,2651,1.0,1
3232,1413,1.0,2
3232,5700,0.9998,3
3232,1513,0.9997,4
3232,5985,0.9997,5
3233,1804,0.9999,1
3233,4016,0.9999,2
3233,5667,0.9997,3
3233,980,0.9994,4
3233,6763,0.9994,5
3234,5145,0.9999,1
3234,499,0.9998,2
3234,3044,0.9997,3
3234,961,0.9993,4
3234,6865,0.999,5
3235,5720,1.0,1
3235,2155,1.0,2
3235,6493,1.0,3
3235,6732,1.0,4
3235,3836,1.0,5
3236,6327,0.9999,1
3236,2719,0.9999,2
3236,6311,0.9998,3
3236,6456,0.9995,4
3236,785,0.9989,5
3237,597,0.9999,1
3237,2079,0.9999,2
3237,5607,0.9996,3
3237,3516,0.9996,4
3237,6442,0.9996,5
3238,765,1.0,1
3238,1606,1.0,2
3238,3829,1.0,3
3238,600,1.0,4
3238,6377,0.9999,5
3239,6222,1.0,1
3239,861,1.0,2
3239,6491,1.0,3
3239,1061,1.0,4
3239,4989,1.0,5
3240,1226,0.9999,1
3240,6642,0.9998,2
3240,2793,0.9997,3
3240,616,0.9997,4
3240,5855,0.9997,5
3241,1235,1.0,1
3241,6313,0.9999,2
3241,1556,0.9999,3
3241,1104,0.9999,4
3241,231,0.9999,5
3242,3680,1.0,1
3242,6610,1.0,2
3242,5737,1.0,3
3242,3755,1.0,4
3242,663,1.0,5
3243,868,1.0,1
3243,732,1.0,2
3243,3129,1.0,3
3243,1519,1.0,4
3243,5326,1.0,5
3244,6792,1.0,1
3244,5566,0.9997,2
3244,4846,0.9993,3
3244,4832,0.9992,4
3244,2427,0.9985,5
3245,3659,1.0,1
3245,6354,0.9999,2
3245,5959,0.9998,3
3245,3435,0.9998,4
3245,19,0.9998,5
3246,5595,1.0,1
3246,627,0.9999,2
3246,2841,0.9999,3
3246,6984,0.9999,4
3246,157,0.9995,5
3247,6402,1.0,1
3247,3017,1.0,2
3247,3597,1.0,3
3247,1342,0.9999,4
3247,1487,0.9999,5
3248,591,1.0,1
3248,5996,1.0,2
3248,3524,1.0,3
3248,199,1.0,4
3248,3768,1.0,5
3249,5028,0.9999,1
3249,5665,0.9997,2
3249,5816,0.9997,3
3249,3525,0.9997,4
3249,6061,0.9996,5
3250,6933,0.9995,1
3250,3228,0.9989,2
3250,5945,0.9988,3
3250,3418,0.9987,4
3250,161,0.9976,5
3251,165,1.0,1
3251,771,1.0,2
3251,1352,1.0,3
3251,3709,1.0,4
3251,5619,1.0,5
3252,1126,0.9997,1
3252,6988,0.9997,2
3252,1631,0.9993,3
3252,5939,0.9993,4
3252,5852,0.9992,5
3253,2199,1.0,1
3253,3018,0.9993,2
3253,4867,0.999,3
3253,2997,0.9982,4
3253,6058,0.9976,5
3254,6665,1.0,1
3254,1201,0.9999,2
3254,1456,0.9998,3
3254,6536,0.9996,4
3254,6440,0.9995,5
3255,1089,0.9999,1
3255,6834,0.9997,2
3255,6972,0.9997,3
3255,5232,0.9993,4
3255,268,0.999,5
3256,6036,1.0,1
3256,6606,1.0,2
3256,676,1.0,3
3256,1436,0.9999,4
3256,1776,0.9999,5
3257,7013,0.9999,1
3257,2412,0.9999,2
3257,1293,0.9999,3
3257,154,0.9998,4
3257,2660,0.9998,5
3258,865,0.9997,1
3258,4688,0.9997,2
3258,3428,0.9996,3
3258,2641,0.9996,4
3258,6285,0.9995,5
3259,4642,1.0,1
3259,6537,1.0,2
3259,3757,1.0,3
3259,3984,1.0,4
3259,6980,1.0,5
3260,5026,0.9998,1
3260,6598,0.9998,2
3260,5601,0.9998,3
3260,4328,0.9997,4
3260,422,0.9997,5
3261,68,0.9997,1
3261,6419,0.9997,2
3261,6445,0.9995,3
3261,4274,0.9991,4
3261,5382,0.999,5
3262,4596,1.0,1
3262,5185,1.0,2
3262,5615,1.0,3
3262,1639,1.0,4
3262,5891,0.9999,5
3263,4422,0.9996,1
3263,1622,0.999,2
3263,1961,0.999,3
3263,2141,0.9989,4
3263,2066,0.9988,5
3264,1860,1.0,1
3264,852,1.0,2
3264,2012,0.9999,3
3264,1365,0.9999,4
3264,5386,0.9998,5
3265,6844,0.9998,1
3265,2320,0.9998,2
3265,1249,0.9998,3
3265,5832,0.9997,4
3265,2401,0.9996,5
3266,5122,1.0,1
3266,3014,1.0,2
3266,3677,0.9988,3
3266,3426,0.9988,4
3266,3700,0.9987,5
3267,1278,1.0,1
3267,3969,1.0,2
3267,2339,1.0,3
3267,234,1.0,4
3267,2525,1.0,5
3268,6050,1.0,1
3268,1259,1.0,2
3268,4137,1.0,3
3268,2524,1.0,4
3268,5752,1.0,5
3269,3131,0.9999,1
3269,6962,0.9998,2
3269,137,0.9992,3
3269,2000,0.9992,4
3269,2082,0.9992,5
3270,5363,1.0,1
3270,5656,1.0,2
3270,5493,1.0,3
3270,6227,0.9999,4
3270,2650,0.9999,5
3271,463,1.0,1
3271,3831,1.0,2
3271,6386,0.9999,3
3271,3872,0.9999,4
3271,6233,0.9999,5
3272,2709,0.9999,1
3272,5391,0.9998,2
3272,4518,0.9997,3
3272,6563,0.9996,4
3272,1133,0.9996,5
3273,2862,1.0,1
3273,6499,0.9999,2
3273,5539,0.9999,3
3273,1930,0.9999,4
3273,1084,0.9999,5
3274,794,0.9985,1
3274,4424,0.9973,2
3274,1044,0.9971,3
3274,997,0.9965,4
3274,5401,0.9965,5
3275,6884,1.0,1
3275,4568,1.0,2
3275,39,0.9999,3
3275,5406,0.9999,4
3275,6440,0.9997,5
3276,768,1.0,1
3276,6595,1.0,2
3276,1983,1.0,3
3276,2074,1.0,4
3276,6767,1.0,5
3277,6323,1.0,1
3277,6771,1.0,2
3277,1362,0.9999,3
3277,4772,0.9999,4
3277,4467,0.9999,5
3278,995,1.0,1
3278,1502,1.0,2
3278,2897,1.0,3
3278,6843,1.0,4
3278,4695,1.0,5
3279,2667,0.9999,1
3279,5825,0.9999,2
3279,4540,0.9996,3
3279,2764,0.9996,4
3279,924,0.9996,5
3280,1490,0.9998,1
3280,1073,0.9992,2
3280,1299,0.9992,3
3280,1331,0.9989,4
3280,1889,0.9989,5
3281,3753,0.9999,1
3281,2107,0.9999,2
3281,4387,0.9998,3
3281,4744,0.9997,4
3281,6403,0.9996,5
3282,1956,1.0,1
3282,5889,0.9999,2
3282,972,0.9999,3
3282,5317,0.9999,4
3282,900,0.9998,5
3283,2381,0.9999,1
3283,3047,0.9999,2
3283,4438,0.9999,3
3283,4501,0.9998,4
3283,3610,0.9998,5
3284,1214,1.0,1
3284,4844,1.0,2
3284,5274,1.0,3
3284,4346,1.0,4
3284,1909,1.0,5
3285,4059,1.0,1
3285,623,1.0,2
3285,6112,0.9999,3
3285,381,0.9997,4
3285,547,0.9996,5
3286,6430,1.0,1
3286,6939,1.0,2
3286,2743,0.9999,3
3286,1997,0.9998,4
3286,2473,0.9998,5
3287,579,1.0,1
3287,2700,0.9999,2
3287,3842,0.9999,3
3287,1390,0.9999,4
3287,725,0.9997,5
3288,3688,0.9999,1
3288,5742,0.9999,2
3288,5511,0.9997,3
3288,4429,0.9995,4
3288,1446,0.9995,5
3289,6022,1.0,1
3289,4958,1.0,2
3289,2606,1.0,3
3289,5884,1.0,4
3289,2166,1.0,5
3290,7015,1.0,1
3290,5237,0.9999,2
3290,6699,0.9997,3
3290,381,0.9995,4
3290,1315,0.9992,5
3291,3946,1.0,1
3291,876,0.9999,2
3291,4604,0.9998,3
3291,6885,0.9998,4
3291,3906,0.9998,5
3292,1919,1.0,1
3292,2186,0.9999,2
3292,5872,0.9999,3
3292,5325,0.9998,4
3292,3691,0.9995,5
3293,4950,1.0,1
3293,4031,1.0,2
3293,3738,1.0,3
3293,280,1.0,4
3293,4043,1.0,5
3294,824,1.0,1
3294,854,1.0,2
3294,6928,1.0,3
3294,2865,0.9998,4
3294,5385,0.9998,5
3295,3683,1.0,1
3295,6661,1.0,2
3295,6492,1.0,3
3295,6765,1.0,4
3295,3747,1.0,5
3296,5696,1.0,1
3296,6359,1.0,2
3296,1974,1.0,3
3296,4003,1.0,4
3296,4802,1.0,5
3297,1966,1.0,1
3297,4897,0.9999,2
3297,6978,0.9999,3
3297,3030,0.9991,4
3297,226,0.9991,5
3298,5652,1.0,1
3298,171,0.9998,2
3298,376,0.9998,3
3298,5119,0.9998,4
3298,4126,0.9996,5
3299,2346,1.0,1
3299,2326,1.0,2
3299,5692,1.0,3
3299,5918,1.0,4
3299,5668,1.0,5
3300,6290,0.9999,1
3300,3895,0.9999,2
3300,5128,0.9998,3
3300,2927,0.9998,4
3300,2342,0.9998,5
3301,1393,1.0,1
3301,2988,1.0,2
3301,5650,1.0,3
3301,5488,1.0,4
3301,6019,1.0,5
3302,1732,1.0,1
3302,5166,1.0,2
3302,5783,1.0,3
3302,5455,1.0,4
3302,2518,1.0,5
3303,6167,1.0,1
3303,2607,0.9999,2
3303,3165,0.9997,3
3303,5721,0.9996,4
3303,6441,0.9993,5
3304,3082,1.0,1
3304,1362,0.9999,2
3304,4443,0.9999,3
3304,6771,0.9998,4
3304,6323,0.9998,5
3305,6102,1.0,1
3305,6256,1.0,2
3305,2288,0.9999,3
3305,2376,0.9998,4
3305,3118,0.9998,5
3306,2397,1.0,1
3306,2575,0.9999,2
3306,4308,0.9998,3
3306,2416,0.9997,4
3306,6774,0.9997,5
3307,2261,1.0,1
3307,1216,1.0,2
3307,2354,1.0,3
3307,4620,1.0,4
3307,3583,0.9999,5
3308,3749,0.9999,1
3308,310,0.9999,2
3308,6722,0.9998,3
3308,67,0.9998,4
3308,6581,0.9995,5
3309,645,1.0,1
3309,2160,1.0,2
3309,4469,1.0,3
3309,1101,1.0,4
3309,2826,0.9999,5
3310,2619,1.0,1
3310,1166,1.0,2
3310,5790,1.0,3
3310,4374,1.0,4
3310,6930,1.0,5
3311,1652,1.0,1
3311,1372,1.0,2
3311,3933,0.9999,3
3311,6688,0.9999,4
3311,5040,0.9998,5
3312,2341,1.0,1
3312,482,1.0,2
3312,6947,0.9999,3
3312,3686,0.9992,4
3312,3930,0.9992,5
3313,6500,1.0,1
3313,4810,1.0,2
3313,6361,1.0,3
3313,5779,1.0,4
3313,6339,1.0,5
3314,4393,1.0,1
3314,1817,1.0,2
3314,2990,1.0,3
3314,368,1.0,4
3314,311,1.0,5
3315,3975,0.9997,1
3315,1114,0.9995,2
3315,4407,0.9994,3
3315,445,0.9991,4
3315,839,0.9989,5
3316,5275,1.0,1
3316,5197,1.0,2
3316,58,1.0,3
3316,5222,1.0,4
3316,6723,0.9999,5
3317,3106,0.9992,1
3317,1753,0.9988,2
3317,1438,0.9987,3
3317,6062,0.9987,4
3317,6694,0.9986,5
3318,1941,1.0,1
3318,2546,0.9999,2
3318,5660,0.9999,3
3318,1220,0.9999,4
3318,837,0.9999,5
3319,237,1.0,1
3319,8,1.0,2
3319,7041,0.9998,3
3319,611,0.9997,4
3319,1945,0.9995,5
3320,2408,1.0,1
3320,1382,1.0,2
3320,5,1.0,3
3320,2630,1.0,4
3320,4863,1.0,5
3321,4681,1.0,1
3321,3122,0.9995,2
3321,1196,0.9995,3
3321,5438,0.999,4
3321,1182,0.9989,5
3322,2650,1.0,1
3322,6074,1.0,2
3322,2067,1.0,3
3322,451,1.0,4
3322,5656,0.9999,5
3323,1422,1.0,1
3323,5816,1.0,2
3323,4682,1.0,3
3323,5665,0.9999,4
3323,5938,0.9999,5
3324,4440,1.0,1
3324,1345,1.0,2
3324,4272,1.0,3
3324,3574,1.0,4
3324,3720,0.9999,5
3325,1814,1.0,1
3325,1955,1.0,2
3325,5707,1.0,3
3325,5072,1.0,4
3325,1954,1.0,5
3326,2292,1.0,1
3326,723,1.0,2
3326,2174,1.0,3
3326,2478,0.9999,4
3326,5799,0.9999,5
3327,6345,0.9989,1
3327,4848,0.9982,2
3327,4489,0.9981,3
3327,114,0.998,4
3327,1428,0.9968,5
3328,1914,0.9999,1
3328,1414,0.9999,2
3328,3987,0.9999,3
3328,2615,0.9998,4
3328,2072,0.9998,5
3329,5663,1.0,1
3329,6817,1.0,2
3329,5024,1.0,3
3329,4485,1.0,4
3329,5760,1.0,5
3330,5416,1.0,1
3330,2555,1.0,2
3330,3159,0.9997,3
3330,3912,0.9996,4
3330,4538,0.9996,5
3331,4961,0.9998,1
3331,6535,0.9997,2
3331,3951,0.9997,3
3331,3526,0.9997,4
3331,6014,0.9996,5
3332,5219,1.0,1
3332,4381,1.0,2
3332,754,1.0,3
3332,1940,1.0,4
3332,1075,1.0,5
3333,1853,1.0,1
3333,1862,1.0,2
3333,2362,1.0,3
3333,1550,1.0,4
3333,1225,1.0,5
3334,225,1.0,1
3334,5710,1.0,2
3334,2935,1.0,3
3334,2552,1.0,4
3334,2593,1.0,5
3335,3743,1.0,1
3335,3199,0.9999,2
3335,6324,0.9999,3
3335,3474,0.9999,4
3335,5235,0.9999,5
3336,5183,1.0,1
3336,2214,1.0,2
3336,2138,1.0,3
3336,5894,0.9999,4
3336,4752,0.9999,5
3337,6526,1.0,1
3337,3602,1.0,2
3337,2359,1.0,3
3337,2121,1.0,4
3337,4221,1.0,5
3338,2955,1.0,1
3338,2599,1.0,2
3338,83,1.0,3
3338,4996,1.0,4
3338,478,1.0,5
3339,536,1.0,1
3339,5033,1.0,2
3339,1164,1.0,3
3339,1249,0.9998,4
3339,1141,0.9998,5
3340,338,1.0,1
3340,657,0.9999,2
3340,6874,0.9999,3
3340,1613,0.9999,4
3340,6836,0.9999,5
3341,936,0.9999,1
3341,1023,0.9998,2
3341,6837,0.9998,3
3341,5477,0.9998,4
3341,5494,0.9998,5
3342,3657,0.9984,1
3342,1453,0.9983,2
3342,675,0.9981,3
3342,5264,0.9977,4
3342,1863,0.9974,5
3343,2115,1.0,1
3343,3584,0.9994,2
3343,2035,0.9992,3
3343,5896,0.9988,4
3343,5651,0.9987,5
3344,3628,1.0,1
3344,2142,1.0,2
3344,6052,1.0,3
3344,6559,1.0,4
3344,170,1.0,5
3345,5375,0.9999,1
3345,6579,0.9999,2
3345,1722,0.9998,3
3345,6546,0.9998,4
3345,5496,0.9998,5
3346,1957,1.0,1
3346,95,1.0,2
3346,2686,1.0,3
3346,3113,1.0,4
3346,6993,0.9999,5
3347,1721,1.0,1
3347,5570,0.9999,2
3347,6749,0.9999,3
3347,4586,0.9999,4
3347,3079,0.9999,5
3348,1449,1.0,1
3348,4753,1.0,2
3348,1571,1.0,3
3348,5713,1.0,4
3348,4193,1.0,5
3349,2027,1.0,1
3349,5703,1.0,2
3349,5139,1.0,3
3349,6806,1.0,4
3349,4575,1.0,5
3350,118,0.9999,1
3350,5875,0.9999,2
3350,899,0.9998,3
3350,6840,0.9998,4
3350,4678,0.9998,5
3351,4546,1.0,1
3351,4979,1.0,2
3351,1869,1.0,3
3351,5869,1.0,4
3351,2703,1.0,5
3352,1175,0.998,1
3352,2721,0.9979,2
3352,6120,0.9977,3
3352,2661,0.9974,4
3352,6481,0.9971,5
3353,4139,1.0,1
3353,2368,1.0,2
3353,1651,1.0,3
3353,5906,1.0,4
3353,535,1.0,5
3354,4295,1.0,1
3354,4734,1.0,2
3354,2867,1.0,3
3354,4547,0.9999,4
3354,3001,0.9999,5
3355,2003,0.9999,1
3355,5096,0.9997,2
3355,6896,0.9996,3
3355,4056,0.9995,4
3355,4076,0.9993,5
3356,4380,1.0,1
3356,6573,1.0,2
3356,4317,0.9999,3
3356,1419,0.9999,4
3356,1099,0.9999,5
3357,3665,1.0,1
3357,4943,1.0,2
3357,3482,1.0,3
3357,3409,1.0,4
3357,6824,1.0,5
3358,4608,1.0,1
3358,1731,0.9999,2
3358,3413,0.9999,3
3358,492,0.9999,4
3358,5679,0.9999,5
3359,2499,0.9999,1
3359,783,0.9991,2
3359,517,0.9988,3
3359,1022,0.9987,4
3359,3094,0.9987,5
3360,1005,1.0,1
3360,5083,1.0,2
3360,1976,1.0,3
3360,6294,1.0,4
3360,4386,1.0,5
3361,6379,0.9998,1
3361,2365,0.9997,2
3361,3783,0.9997,3
3361,3116,0.9996,4
3361,3001,0.9996,5
3362,5900,0.9995,1
3362,3452,0.9994,2
3362,6725,0.9992,3
3362,1491,0.9992,4
3362,55,0.9991,5
3363,472,1.0,1
3363,6480,1.0,2
3363,2574,1.0,3
3363,440,1.0,4
3363,6664,1.0,5
3364,216,0.9998,1
3364,6768,0.9995,2
3364,6125,0.9995,3
3364,4859,0.9994,4
3364,1417,0.9993,5
3365,4145,1.0,1
3365,1703,1.0,2
3365,5699,1.0,3
3365,920,1.0,4
3365,4595,0.9999,5
3366,2877,1.0,1
3366,5043,1.0,2
3366,4732,1.0,3
3366,394,1.0,4
3366,1348,1.0,5
3367,3545,1.0,1
3367,1454,0.9999,2
3367,2571,0.9995,3
3367,6987,0.9995,4
3367,896,0.9995,5
3368,1118,1.0,1
3368,3649,0.9998,2
3368,599,0.9997,3
3368,1657,0.9997,4
3368,526,0.9997,5
3369,2561,1.0,1
3369,1602,1.0,2
3369,333,1.0,3
3369,3487,0.9998,4
3369,1028,0.9998,5
3370,2402,0.9999,1
3370,4843,0.9995,2
3370,245,0.9995,3
3370,4054,0.9984,4
3370,5973,0.9983,5
3371,4924,0.9997,1
3371,6436,0.9996,2
3371,4076,0.9992,3
3371,1350,0.9992,4
3371,4600,0.9992,5
3372,2382,1.0,1
3372,3910,1.0,2
3372,481,1.0,3
3372,3637,1.0,4
3372,3009,1.0,5
3373,3473,0.9999,1
3373,2338,0.9999,2
3373,639,0.9999,3
3373,5685,0.9999,4
3373,4591,0.9996,5
3374,6530,1.0,1
3374,1596,1.0,2
3374,3496,0.9999,3
3374,420,0.9999,4
3374,7033,0.9999,5
3375,3767,0.9998,1
3375,6346,0.9998,2
3375,4542,0.9987,3
3375,1893,0.9986,4
3375,3639,0.9985,5
3376,317,1.0,1
3376,4733,1.0,2
3376,5734,1.0,3
3376,3626,1.0,4
3376,1138,1.0,5
3377,5034,1.0,1
3377,2527,1.0,2
3377,6171,1.0,3
3377,4633,1.0,4
3377,102,1.0,5
3378,4457,1.0,1
3378,4755,1.0,2
3378,641,1.0,3
3378,3200,1.0,4
3378,2814,1.0,5
3379,486,1.0,1
3379,5787,1.0,2
3379,6580,1.0,3
3379,5931,1.0,4
3379,5057,1.0,5
3380,3791,1.0,1
3380,1134,1.0,2
3380,4795,1.0,3
3380,2375,1.0,4
3380,5596,1.0,5
3381,4801,0.9999,1
3381,3142,0.9999,2
3381,32,0.9999,3
3381,6369,0.9999,4
3381,1977,0.9999,5
3382,2823,1.0,1
3382,3216,1.0,2
3382,6020,0.9999,3
3382,6756,0.9998,4
3382,3213,0.9998,5
3383,2981,1.0,1
3383,2706,1.0,2
3383,715,1.0,3
3383,5025,1.0,4
3383,6720,1.0,5
3384,4155,0.9999,1
3384,5120,0.9998,2
3384,2011,0.9998,3
3384,1298,0.9998,4
3384,6303,0.9998,5
3385,3846,1.0,1
3385,6971,0.9999,2
3385,1709,0.9999,3
3385,6717,0.9999,4
3385,3816,0.9999,5
3386,6742,1.0,1
3386,2025,1.0,2
3386,5352,1.0,3
3386,4191,0.9998,4
3386,40,0.9997,5
3387,5263,0.9999,1
3387,6464,0.9998,2
3387,1379,0.9997,3
3387,973,0.9997,4
3387,1979,0.9997,5
3388,1641,1.0,1
3388,1526,1.0,2
3388,1910,1.0,3
3388,3227,1.0,4
3388,5093,1.0,5
3389,1965,0.9999,1
3389,3191,0.9999,2
3389,115,0.9998,3
3389,4490,0.9997,4
3389,218,0.9996,5
3390,275,1.0,1
3390,5394,1.0,2
3390,7019,1.0,3
3390,4647,1.0,4
3390,4063,1.0,5
3391,2551,1.0,1
3391,1746,1.0,2
3391,4759,1.0,3
3391,3402,1.0,4
3391,2194,0.9999,5
3392,3126,1.0,1
3392,1594,1.0,2
3392,4455,1.0,3
3392,6373,1.0,4
3392,6283,1.0,5
3393,3175,0.9999,1
3393,6456,0.9998,2
3393,6416,0.9998,3
3393,6254,0.9994,4
3393,6311,0.9994,5
3394,2022,1.0,1
3394,2732,0.9999,2
3394,1548,0.9999,3
3394,3434,0.9999,4
3394,5542,0.9999,5
3395,1124,0.999,1
3395,2729,0.9989,2
3395,1687,0.9984,3
3395,1923,0.9981,4
3395,6593,0.9969,5
3396,6520,0.9999,1
3396,3565,0.9999,2
3396,622,0.9999,3
3396,379,0.9998,4
3396,750,0.9998,5
3397,6932,1.0,1
3397,13,0.9999,2
3397,1328,0.9999,3
3397,564,0.9999,4
3397,4113,0.9999,5
3398,1786,1.0,1
3398,6573,0.9999,2
3398,3420,0.9999,3
3398,6683,0.9999,4
3398,2030,0.9999,5
3399,143,1.0,1
3399,2740,1.0,2
3399,6182,1.0,3
3399,1275,0.9999,4
3399,4182,0.9999,5
3400,1593,1.0,1
3400,6053,0.9998,2
3400,2236,0.9998,3
3400,5306,0.9998,4
3400,822,0.9998,5
3401,1310,0.9998,1
3401,5738,0.9997,2
3401,5307,0.9996,3
3401,6703,0.9996,4
3401,5811,0.9995,5
3402,4759,1.0,1
3402,1746,1.0,2
3402,3391,1.0,3
3402,2551,1.0,4
3402,5808,0.9999,5
3403,5592,1.0,1
3403,2656,0.9999,2
3403,5548,0.9999,3
3403,116,0.9999,4
3403,6890,0.9999,5
3404,2733,1.0,1
3404,5362,1.0,2
3404,947,1.0,3
3404,3092,1.0,4
3404,1785,1.0,5
3405,5565,1.0,1
3405,6763,0.9999,2
3405,980,0.9999,3
3405,2089,0.9997,4
3405,6572,0.9996,5
3406,1387,1.0,1
3406,4716,1.0,2
3406,4010,0.9999,3
3406,6103,0.9997,4
3406,154,0.9996,5
3407,5533,1.0,1
3407,2747,1.0,2
3407,6772,1.0,3
3407,5402,1.0,4
3407,1338,1.0,5
3408,6943,1.0,1
3408,3123,1.0,2
3408,4853,0.9998,3
3408,3652,0.9996,4
3408,4745,0.9996,5
3409,3482,1.0,1
3409,3665,1.0,2
3409,6824,1.0,3
3409,3357,1.0,4
3409,4943,1.0,5
3410,2637,1.0,1
3410,5538,0.9999,2
3410,3635,0.9998,3
3410,5743,0.9998,4
3410,1136,0.9998,5
3411,433,0.9999,1
3411,6178,0.9998,2
3411,4479,0.9998,3
3411,3,0.9998,4
3411,3103,0.9997,5
3412,3995,0.9999,1
3412,6010,0.9999,2
3412,6142,0.9997,3
3412,2267,0.9997,4
3412,5049,0.9996,5
3413,492,0.9999,1
3413,4608,0.9999,2
3413,3358,0.9999,3
3413,1731,0.9998,4
3413,5679,0.9998,5
3414,5302,0.9996,1
3414,6845,0.9993,2
3414,930,0.999,3
3414,1392,0.999,4
3414,3655,0.9986,5
3415,6332,0.9997,1
3415,2682,0.9995,2
3415,6663,0.9994,3
3415,1895,0.9993,4
3415,4,0.9992,5
3416,3125,1.0,1
3416,3090,1.0,2
3416,6195,1.0,3
3416,5309,0.9999,4
3416,1639,0.9999,5
3417,559,0.9997,1
3417,2250,0.9996,2
3417,6799,0.9996,3
3417,2766,0.9996,4
3417,2252,0.9996,5
3418,3077,0.9993,1
3418,6933,0.9991,2
3418,6395,0.9989,3
3418,3250,0.9987,4
3418,3947,0.9985,5
3419,3789,1.0,1
3419,2298,1.0,2
3419,5179,0.9999,3
3419,6854,0.9999,4
3419,231,0.9999,5
3420,6683,1.0,1
3420,3398,0.9999,2
3420,1786,0.9999,3
3420,1987,0.9999,4
3420,4317,0.9998,5
3421,6349,0.9999,1
3421,4309,0.999,2
3421,4421,0.999,3
3421,6798,0.9989,4
3421,2905,0.9978,5
3422,4052,1.0,1
3422,2526,1.0,2
3422,6916,1.0,3
3422,2942,0.9999,4
3422,4907,0.9999,5
3423,6219,1.0,1
3423,670,1.0,2
3423,717,0.9999,3
3423,1012,0.9999,4
3423,4773,0.9999,5
3424,4013,1.0,1
3424,382,1.0,2
3424,6435,1.0,3
3424,5954,1.0,4
3424,3217,1.0,5
3425,5460,0.9999,1
3425,4561,0.9998,2
3425,6716,0.9998,3
3425,5832,0.9998,4
3425,5429,0.9998,5
3426,3266,0.9988,1
3426,5122,0.9987,2
3426,3014,0.9986,3
3426,1032,0.9981,4
3426,4421,0.9981,5
3427,4838,1.0,1
3427,4464,1.0,2
3427,2085,1.0,3
3427,977,1.0,4
3427,1740,1.0,5
3428,1953,0.9996,1
3428,3258,0.9996,2
3428,865,0.9995,3
3428,4688,0.9995,4
3428,2641,0.9994,5
3429,6760,1.0,1
3429,6901,1.0,2
3429,3526,0.9999,3
3429,4961,0.9998,4
3429,6974,0.9998,5
3430,4782,1.0,1
3430,5980,1.0,2
3430,1617,1.0,3
3430,4820,1.0,4
3430,5757,1.0,5
3431,174,0.9999,1
3431,3450,0.9999,2
3431,6207,0.9999,3
3431,5257,0.9999,4
3431,4854,0.9998,5
3432,2519,0.9998,1
3432,4776,0.9997,2
3432,4672,0.9997,3
3432,6147,0.9996,4
3432,2763,0.9995,5
3433,3130,1.0,1
3433,5580,0.9999,2
3433,1811,0.9999,3
3433,5452,0.9999,4
3433,2347,0.9999,5
3434,5542,0.9999,1
3434,2022,0.9999,2
3434,512,0.9999,3
3434,3394,0.9999,4
3434,821,0.9999,5
3435,5959,0.9999,1
3435,3659,0.9998,2
3435,3245,0.9998,3
3435,2420,0.9997,4
3435,6221,0.9997,5
3436,3741,1.0,1
3436,4863,1.0,2
3436,3320,0.9999,3
3436,1382,0.9999,4
3436,5,0.9999,5
3437,3058,1.0,1
3437,4667,1.0,2
3437,5790,1.0,3
3437,5591,1.0,4
3437,3310,1.0,5
3438,6185,0.9999,1
3438,3892,0.9997,2
3438,190,0.9997,3
3438,5271,0.9995,4
3438,388,0.9993,5
3439,5658,1.0,1
3439,7026,1.0,2
3439,285,1.0,3
3439,3929,0.9998,4
3439,4995,0.9998,5
3440,1607,1.0,1
3440,5528,1.0,2
3440,1188,1.0,3
3440,2178,0.9999,4
3440,4575,0.9999,5
3441,2041,1.0,1
3441,590,1.0,2
3441,2061,1.0,3
3441,2373,1.0,4
3441,4584,1.0,5
3442,788,1.0,1
3442,6021,0.9998,2
3442,1370,0.9988,3
3442,5774,0.9988,4
3442,6433,0.9988,5
3443,2324,1.0,1
3443,2605,0.9997,2
3443,423,0.9997,3
3443,3171,0.9995,4
3443,6702,0.9995,5
3444,5106,1.0,1
3444,3776,0.9999,2
3444,6148,0.9999,3
3444,2949,0.9998,4
3444,4001,0.9998,5
3445,5942,1.0,1
3445,4766,0.9998,2
3445,6270,0.9994,3
3445,117,0.9981,4
3445,1481,0.998,5
3446,6330,0.9999,1
3446,823,0.9999,2
3446,6949,0.9999,3
3446,4602,0.9998,4
3446,6343,0.9998,5
3447,4992,0.9999,1
3447,3819,0.9999,2
3447,2871,0.9999,3
3447,2664,0.9999,4
3447,779,0.9998,5
3448,1554,1.0,1
3448,3647,1.0,2
3448,4528,0.9999,3
3448,3580,0.9998,4
3448,607,0.9998,5
3449,5378,1.0,1
3449,2976,0.9997,2
3449,7012,0.9997,3
3449,1148,0.9995,4
3449,4669,0.9995,5
3450,6207,1.0,1
3450,5257,1.0,2
3450,6872,0.9999,3
3450,3431,0.9999,4
3450,2671,0.9999,5
3451,2229,1.0,1
3451,5655,1.0,2
3451,6806,1.0,3
3451,5703,1.0,4
3451,2027,0.9999,5
3452,1491,0.9999,1
3452,6725,0.9999,2
3452,3362,0.9994,3
3452,5900,0.9989,4
3452,4585,0.9988,5
3453,6170,1.0,1
3453,3510,1.0,2
3453,1836,1.0,3
3453,2888,1.0,4
3453,1250,1.0,5
3454,1691,1.0,1
3454,6946,1.0,2
3454,417,0.9999,3
3454,3549,0.9999,4
3454,1707,0.9999,5
3455,329,0.9999,1
3455,6040,0.9995,2
3455,5649,0.9991,3
3455,4053,0.9984,4
3455,359,0.9981,5
3456,971,1.0,1
3456,4213,1.0,2
3456,2655,1.0,3
3456,4955,1.0,4
3456,384,1.0,5
3457,6005,1.0,1
3457,5543,0.9999,2
3457,5615,0.9999,3
3457,4596,0.9999,4
3457,1197,0.9999,5
3458,2978,1.0,1
3458,1737,1.0,2
3458,4173,1.0,3
3458,102,1.0,4
3458,3519,1.0,5
3459,5346,0.9998,1
3459,3490,0.9997,2
3459,1988,0.9995,3
3459,6859,0.9995,4
3459,5914,0.9994,5
3460,5831,1.0,1
3460,6210,0.9996,2
3460,6516,0.9996,3
3460,2931,0.9996,4
3460,235,0.9996,5
3461,6893,1.0,1
3461,2006,0.9999,2
3461,6527,0.9999,3
3461,4428,0.9999,4
3461,1927,0.9999,5
3462,3781,1.0,1
3462,1276,0.9998,2
3462,6594,0.9998,3
3462,5476,0.9997,4
3462,4387,0.9995,5
3463,5810,0.9998,1
3463,5212,0.9998,2
3463,805,0.9998,3
3463,183,0.9998,4
3463,5495,0.9998,5
3464,889,1.0,1
3464,5206,1.0,2
3464,6485,1.0,3
3464,1644,0.9999,4
3464,4804,0.9998,5
3465,5428,0.9997,1
3465,254,0.9992,2
3465,4324,0.9992,3
3465,594,0.9992,4
3465,3048,0.9992,5
3466,4812,1.0,1
3466,669,1.0,2
3466,724,0.9999,3
3466,2558,0.9999,4
3466,3480,0.9999,5
3467,3985,1.0,1
3467,1682,1.0,2
3467,4762,1.0,3
3467,915,1.0,4
3467,6881,1.0,5
3468,3563,0.9998,1
3468,2742,0.9998,2
3468,294,0.9997,3
3468,6682,0.9997,4
3468,583,0.9996,5
3469,6295,1.0,1
3469,3853,1.0,2
3469,1050,1.0,3
3469,2760,1.0,4
3469,5171,1.0,5
3470,5761,0.9999,1
3470,4811,0.9998,2
3470,1041,0.9998,3
3470,912,0.9996,4
3470,1772,0.9995,5
3471,3491,1.0,1
3471,5459,0.9999,2
3471,124,0.9999,3
3471,5030,0.9998,4
3471,5903,0.9996,5
3472,1433,1.0,1
3472,4696,1.0,2
3472,6470,1.0,3
3472,4748,1.0,4
3472,950,1.0,5
3473,2338,1.0,1
3473,639,1.0,2
3473,3373,0.9999,3
3473,5685,0.9998,4
3473,2076,0.9995,5
3474,5995,0.9999,1
3474,3109,0.9999,2
3474,3335,0.9999,3
3474,3743,0.9999,4
3474,1479,0.9998,5
3475,4930,0.9997,1
3475,6139,0.9996,2
3475,6411,0.9995,3
3475,5961,0.9995,4
3475,4033,0.9995,5
3476,6577,1.0,1
3476,5233,1.0,2
3476,1477,1.0,3
3476,6278,1.0,4
3476,1560,1.0,5
3477,2244,1.0,1
3477,4266,0.9999,2
3477,4605,0.9999,3
3477,2283,0.9999,4
3477,6181,0.9999,5
3478,6467,1.0,1
3478,5785,0.9998,2
3478,238,0.9995,3
3478,4963,0.9995,4
3478,1824,0.9995,5
3479,4314,0.9999,1
3479,1809,0.9998,2
3479,767,0.9994,3
3479,5964,0.9993,4
3479,789,0.9993,5
3480,4648,1.0,1
3480,669,1.0,2
3480,5174,0.9999,3
3480,3883,0.9999,4
3480,5448,0.9999,5
3481,3936,1.0,1
3481,498,1.0,2
3481,5556,1.0,3
3481,2462,1.0,4
3481,532,1.0,5
3482,3409,1.0,1
3482,3665,1.0,2
3482,6824,1.0,3
3482,3357,1.0,4
3482,4943,1.0,5
3483,2717,1.0,1
3483,1123,1.0,2
3483,4962,0.9996,3
3483,5053,0.999,4
3483,287,0.9989,5
3484,4461,0.9999,1
3484,1200,0.9993,2
3484,4331,0.9993,3
3484,7036,0.999,4
3484,1510,0.9987,5
3485,4901,0.9997,1
3485,5178,0.9997,2
3485,3011,0.9996,3
3485,2522,0.9996,4
3485,4472,0.9994,5
3486,5215,1.0,1
3486,2912,0.9999,2
3486,300,0.9999,3
3486,4095,0.9998,4
3486,3761,0.9998,5
3487,1028,1.0,1
3487,1877,1.0,2
3487,1574,0.9999,3
3487,1602,0.9999,4
3487,333,0.9999,5
3488,2844,1.0,1
3488,72,1.0,2
3488,6001,1.0,3
3488,6752,1.0,4
3488,1085,1.0,5
3489,4392,0.9999,1
3489,2556,0.9998,2
3489,5606,0.9998,3
3489,5270,0.9997,4
3489,2392,0.9997,5
3490,5346,1.0,1
3490,2039,0.9999,2
3490,3459,0.9997,3
3490,1098,0.9995,4
3490,735,0.9994,5
3491,3471,1.0,1
3491,124,0.9999,2
3491,5030,0.9999,3
3491,5459,0.9998,4
3491,5903,0.9997,5
3492,191,0.9997,1
3492,205,0.9995,2
3492,1623,0.9993,3
3492,4298,0.9991,4
3492,1793,0.999,5
3493,5881,1.0,1
3493,2386,1.0,2
3493,6601,1.0,3
3493,3222,1.0,4
3493,3224,1.0,5
3494,1853,0.9999,1
3494,1862,0.9999,2
3494,2362,0.9999,3
3494,3333,0.9999,4
3494,1550,0.9999,5
3495,2780,1.0,1
3495,6047,1.0,2
3495,6913,1.0,3
3495,6958,0.9998,4
3495,2464,0.9998,5
3496,420,1.0,1
3496,7033,1.0,2
3496,1506,1.0,3
3496,92,1.0,4
3496,5342,0.9999,5
3497,2781,1.0,1
3497,2154,0.9999,2
3497,733,0.9992,3
3497,3131,0.9992,4
3497,3269,0.9991,5
3498,4000,1.0,1
3498,6412,1.0,2
3498,3596,0.9999,3
3498,328,0.9999,4
3498,1326,0.9999,5
3499,2739,1.0,1
3499,3685,1.0,2
3499,5947,0.9996,3
3499,4261,0.9994,4
3499,243,0.9993,5
3500,1939,1.0,1
3500,4477,1.0,2
3500,2757,1.0,3
3500,4541,1.0,4
3500,761,1.0,5
3501,5231,1.0,1
3501,528,1.0,2
3501,6508,0.9999,3
3501,3788,0.9999,4
3501,4959,0.9999,5
3502,6070,1.0,1
3502,975,1.0,2
3502,6260,0.9999,3
3502,5379,0.9999,4
3502,4872,0.9998,5
3503,4774,1.0,1
3503,5332,1.0,2
3503,6184,1.0,3
3503,5067,1.0,4
3503,4210,0.9999,5
3504,2813,1.0,1
3504,5143,1.0,2
3504,1340,1.0,3
3504,3784,1.0,4
3504,1672,0.9999,5
3505,2918,1.0,1
3505,1759,1.0,2
3505,3964,1.0,3
3505,855,1.0,4
3505,1774,1.0,5
3506,1222,1.0,1
3506,2805,0.9999,2
3506,994,0.9999,3
3506,160,0.9999,4
3506,2348,0.9999,5
3507,5307,0.9997,1
3507,1310,0.9996,2
3507,1215,0.9996,3
3507,6703,0.9996,4
3507,3401,0.9994,5
3508,5674,1.0,1
3508,6096,1.0,2
3508,5662,1.0,3
3508,2498,1.0,4
3508,1901,1.0,5
3509,6039,1.0,1
3509,1423,1.0,2
3509,5421,1.0,3
3509,6911,1.0,4
3509,5255,0.9999,5
3510,6170,1.0,1
3510,3453,1.0,2
3510,323,1.0,3
3510,1836,1.0,4
3510,2364,1.0,5
3511,3585,1.0,1
3511,1292,1.0,2
3511,952,1.0,3
3511,1830,1.0,4
3511,1670,0.9999,5
3512,2821,1.0,1
3512,672,0.9999,2
3512,4493,0.9999,3
3512,448,0.9999,4
3512,306,0.9999,5
3513,2433,0.9999,1
3513,5056,0.9998,2
3513,6320,0.9995,3
3513,6460,0.9993,4
3513,6024,0.999,5
3514,1316,1.0,1
3514,165,1.0,2
3514,3251,1.0,3
3514,1352,1.0,4
3514,771,1.0,5
3515,6479,1.0,1
3515,3752,0.9999,2
3515,1269,0.9999,3
3515,6786,0.9999,4
3515,5203,0.9999,5
3516,6442,1.0,1
3516,3059,0.9999,2
3516,5157,0.9998,3
3516,6494,0.9997,4
3516,3237,0.9996,5
3517,1520,0.9999,1
3517,2479,0.9999,2
3517,2749,0.9999,3
3517,1656,0.9998,4
3517,5174,0.9998,5
3518,5698,1.0,1
3518,5728,1.0,2
3518,5711,1.0,3
3518,2598,0.9999,4
3518,6914,0.9999,5
3519,4633,1.0,1
3519,102,1.0,2
3519,1320,1.0,3
3519,1253,1.0,4
3519,2527,1.0,5
3520,1646,0.9999,1
3520,4896,0.9999,2
3520,6813,0.9997,3
3520,4472,0.9997,4
3520,1024,0.9997,5
3521,3529,1.0,1
3521,5000,1.0,2
3521,6104,1.0,3
3521,4577,1.0,4
3521,240,1.0,5
3522,4475,1.0,1
3522,1183,1.0,2
3522,4822,0.9998,3
3522,4262,0.9998,4
3522,2259,0.9997,5
3523,2586,1.0,1
3523,1924,1.0,2
3523,5432,1.0,3
3523,2896,1.0,4
3523,1004,1.0,5
3524,199,1.0,1
3524,5996,1.0,2
3524,591,1.0,3
3524,370,1.0,4
3524,3248,1.0,5
3525,5665,0.9999,1
3525,5028,0.9999,2
3525,2940,0.9998,3
3525,327,0.9998,4
3525,3249,0.9997,5
3526,4961,1.0,1
3526,6901,0.9999,2
3526,3951,0.9999,3
3526,3429,0.9999,4
3526,6760,0.9999,5
3527,1893,0.9999,1
3527,4383,0.9998,2
3527,3894,0.9996,3
3527,2279,0.9993,4
3527,3639,0.9992,5
3528,652,1.0,1
3528,1466,1.0,2
3528,475,1.0,3
3528,4902,1.0,4
3528,6634,1.0,5
3529,5000,1.0,1
3529,240,1.0,2
3529,6104,1.0,3
3529,4577,1.0,4
3529,3521,1.0,5
3530,1596,1.0,1
3530,6530,1.0,2
3530,2037,0.9999,3
3530,3822,0.9999,4
3530,2822,0.9999,5
3531,1211,1.0,1
3531,1894,0.9995,2
3531,3137,0.9995,3
3531,2621,0.9993,4
3531,1452,0.9993,5
3532,6431,1.0,1
3532,1042,1.0,2
3532,3521,1.0,3
3532,4235,1.0,4
3532,3529,1.0,5
3533,6514,1.0,1
3533,954,0.9999,2
3533,4451,0.9997,3
3533,5209,0.9996,4
3533,2077,0.9996,5
3534,4800,1.0,1
3534,4194,1.0,2
3534,255,1.0,3
3534,5732,1.0,4
3534,1323,1.0,5
3535,6330,1.0,1
3535,1247,0.9999,2
3535,2475,0.9998,3
3535,3911,0.9998,4
3535,6343,0.9998,5
3536,4926,1.0,1
3536,4292,0.9999,2
3536,4192,0.9999,3
3536,2970,0.9999,4
3536,4320,0.9999,5
3537,6318,1.0,1
3537,6169,1.0,2
3537,3772,1.0,3
3537,5827,1.0,4
3537,81,1.0,5
3538,6080,0.9999,1
3538,6264,0.9998,2
3538,5915,0.9998,3
3538,6211,0.9994,4
3538,474,0.9992,5
3539,1094,1.0,1
3539,2319,1.0,2
3539,6993,1.0,3
3539,3113,0.9999,4
3539,2686,0.9999,5
3540,3847,1.0,1
3540,4035,0.9999,2
3540,1408,0.9999,3
3540,4471,0.9999,4
3540,1738,0.9999,5
3541,484,1.0,1
3541,5809,1.0,2
3541,6794,1.0,3
3541,4650,1.0,4
3541,6413,1.0,5
3542,2090,0.9998,1
3542,2363,0.9998,2
3542,6253,0.9997,3
3542,5762,0.9996,4
3542,6332,0.9992,5
3543,1713,1.0,1
3543,26,0.999,2
3543,2431,0.9989,3
3543,1778,0.9989,4
3543,4803,0.9988,5
3544,6072,1.0,1
3544,1284,1.0,2
3544,450,1.0,3
3544,5923,1.0,4
3544,1912,1.0,5
3545,3367,1.0,1
3545,1454,0.9999,2
3545,2571,0.9995,3
3545,6987,0.9995,4
3545,896,0.9995,5
3546,5889,0.9999,1
3546,1956,0.9999,2
3546,900,0.9999,3
3546,3069,0.9999,4
3546,2671,0.9998,5
3547,3185,1.0,1
3547,6596,1.0,2
3547,2191,0.9999,3
3547,4986,0.9999,4
3547,6387,0.9999,5
3548,4689,1.0,1
3548,2998,1.0,2
3548,1113,0.9999,3
3548,5471,0.9999,4
3548,2860,0.9999,5
3549,5407,1.0,1
3549,369,0.9999,2
3549,2942,0.9999,3
3549,6916,0.9999,4
3549,2526,0.9999,5
3550,6276,0.9997,1
3550,6087,0.9997,2
3550,1290,0.9995,3
3550,4606,0.9995,4
3550,5263,0.9995,5
3551,1321,0.9998,1
3551,775,0.9995,2
3551,5435,0.9994,3
3551,4589,0.9993,4
3551,1115,0.9992,5
3552,5641,1.0,1
3552,5289,1.0,2
3552,4316,1.0,3
3552,3031,1.0,4
3552,6847,1.0,5
3553,6745,1.0,1
3553,6948,0.9999,2
3553,6091,0.9999,3
3553,2305,0.9999,4
3553,929,0.9999,5
3554,1034,1.0,1
3554,1218,1.0,2
3554,74,1.0,3
3554,4779,0.9999,4
3554,744,0.9999,5
3555,753,1.0,1
3555,6598,1.0,2
3555,1964,0.9998,3
3555,142,0.9998,4
3555,3260,0.9997,5
3556,1215,0.9996,1
3556,2151,0.9994,2
3556,3507,0.9993,3
3556,5705,0.9993,4
3556,6880,0.9992,5
3557,5312,1.0,1
3557,6475,1.0,2
3557,2149,1.0,3
3557,4127,1.0,4
3557,461,1.0,5
3558,4055,0.999,1
3558,399,0.998,2
3558,5682,0.9979,3
3558,341,0.9979,4
3558,4300,0.9979,5
3559,2923,1.0,1
3559,457,0.9999,2
3559,6328,0.9998,3
3559,2688,0.9998,4
3559,2487,0.9995,5
3560,6451,1.0,1
3560,6921,1.0,2
3560,2588,1.0,3
3560,3180,1.0,4
3560,2673,1.0,5
3561,1738,1.0,1
3561,1408,0.9999,2
3561,4035,0.9999,3
3561,4659,0.9999,4
3561,4471,0.9999,5
3562,919,1.0,1
3562,2848,0.9994,2
3562,5323,0.9993,3
3562,1135,0.9992,4
3562,4933,0.9992,5
3563,2742,1.0,1
3563,294,0.9999,2
3563,583,0.9999,3
3563,3468,0.9998,4
3563,6863,0.9998,5
3564,1629,1.0,1
3564,729,0.9999,2
3564,1978,0.9999,3
3564,2396,0.9999,4
3564,2512,0.9999,5
3565,750,1.0,1
3565,6520,0.9999,2
3565,2321,0.9999,3
3565,2852,0.9999,4
3565,5638,0.9999,5
3566,5486,1.0,1
3566,3710,1.0,2
3566,5954,1.0,3
3566,858,1.0,4
3566,5376,1.0,5
3567,5386,0.9999,1
3567,2012,0.9999,2
3567,1369,0.9999,3
3567,3179,0.9999,4
3567,504,0.9999,5
3568,4294,1.0,1
3568,1752,1.0,2
3568,1985,0.9997,3
3568,6869,0.9997,4
3568,5729,0.9996,5
3569,5749,1.0,1
3569,5864,0.9996,2
3569,1446,0.9995,3
3569,6899,0.9995,4
3569,3877,0.9992,5
3570,2440,1.0,1
3570,1719,1.0,2
3570,3212,1.0,3
3570,1609,1.0,4
3570,3100,1.0,5
3571,170,1.0,1
3571,5815,1.0,2
3571,6559,1.0,3
3571,2142,1.0,4
3571,3628,1.0,5
3572,87,1.0,1
3572,292,0.9994,2
3572,6433,0.9991,3
3572,6633,0.9986,4
3572,6021,0.9982,5
3573,4543,1.0,1
3573,6823,0.9999,2
3573,893,0.9998,3
3573,986,0.9998,4
3573,5184,0.9995,5
3574,4272,1.0,1
3574,3324,1.0,2
3574,4440,1.0,3
3574,1345,1.0,4
3574,3720,1.0,5
3575,5988,1.0,1
3575,6739,1.0,2
3575,1394,1.0,3
3575,5779,1.0,4
3575,4810,1.0,5
3576,874,0.9998,1
3576,2627,0.9996,2
3576,363,0.9995,3
3576,6393,0.9995,4
3576,1820,0.9995,5
3577,128,1.0,1
3577,985,1.0,2
3577,4634,1.0,3
3577,1870,1.0,4
3577,4612,1.0,5
3578,5207,0.9988,1
3578,5343,0.9985,2
3578,3694,0.9984,3
3578,5966,0.9977,4
3578,1522,0.9957,5
3579,4244,0.9993,1
3579,3692,0.999,2
3579,4325,0.9961,3
3579,3603,0.9952,4
3579,5343,0.9907,5
3580,5678,1.0,1
3580,1053,1.0,2
3580,3213,0.9998,3
3580,6455,0.9998,4
3580,3448,0.9998,5
3581,5111,0.9997,1
3581,6562,0.9997,2
3581,5431,0.9997,3
3581,6579,0.9995,4
3581,1722,0.9994,5
3582,1698,0.9999,1
3582,1755,0.9999,2
3582,3168,0.9999,3
3582,1765,0.9999,4
3582,6486,0.9998,5
3583,2354,1.0,1
3583,6889,1.0,2
3583,1216,1.0,3
3583,2261,1.0,4
3583,3307,0.9999,5
3584,2035,0.9997,1
3584,5896,0.9997,2
3584,5651,0.9997,3
3584,2657,0.9995,4
3584,2115,0.9995,5
3585,1292,1.0,1
3585,1830,1.0,2
3585,3511,1.0,3
3585,1670,1.0,4
3585,5287,0.9999,5
3586,6174,0.9999,1
3586,4913,0.9997,2
3586,6397,0.9996,3
3586,2666,0.9994,4
3586,2992,0.9994,5
3587,1054,1.0,1
3587,4711,0.9999,2
3587,2421,0.9999,3
3587,1019,0.9998,4
3587,4975,0.9994,5
3588,906,0.9999,1
3588,2281,0.9999,2
3588,966,0.9999,3
3588,1027,0.9999,4
3588,6887,0.9998,5
3589,5480,1.0,1
3589,1434,1.0,2
3589,1208,1.0,3
3589,3629,0.9999,4
3589,3937,0.9998,5
3590,5830,1.0,1
3590,4879,0.9997,2
3590,4431,0.9966,3
3590,4234,0.9953,4
3590,2113,0.9952,5
3591,4101,1.0,1
3591,5400,1.0,2
3591,69,1.0,3
3591,2092,1.0,4
3591,3810,1.0,5
3592,817,1.0,1
3592,1881,1.0,2
3592,6521,1.0,3
3592,2730,0.9999,4
3592,372,0.9999,5
3593,148,1.0,1
3593,595,1.0,2
3593,5316,1.0,3
3593,1994,1.0,4
3593,965,1.0,5
3594,1964,0.9999,1
3594,473,0.9998,2
3594,4781,0.9998,3
3594,5601,0.9998,4
3594,4328,0.9998,5
3595,3681,1.0,1
3595,425,0.9997,2
3595,4751,0.9997,3
3595,1803,0.9996,4
3595,3935,0.9995,5
3596,6412,1.0,1
3596,328,1.0,2
3596,6274,1.0,3
3596,6727,1.0,4
3596,4000,1.0,5
3597,3017,1.0,1
3597,3247,1.0,2
3597,6402,1.0,3
3597,1444,0.9999,4
3597,1487,0.9999,5
3598,3173,1.0,1
3598,626,1.0,2
3598,2874,0.9999,3
3598,1837,0.9996,4
3598,3153,0.9995,5
3599,5499,1.0,1
3599,6846,1.0,2
3599,35,0.9999,3
3599,2297,0.9999,4
3599,1835,0.9999,5
3600,680,1.0,1
3600,1303,1.0,2
3600,1729,1.0,3
3600,3089,0.9998,4
3600,6299,0.9996,5
3601,5115,0.9999,1
3601,3775,0.9994,2
3601,5714,0.9994,3
3601,6994,0.9993,4
3601,321,0.9993,5
3602,2359,1.0,1
3602,3337,1.0,2
3602,4221,1.0,3
3602,6526,1.0,4
3602,1848,1.0,5
3603,5207,0.9987,1
3603,1522,0.9976,2
3603,5343,0.9974,3
3603,3694,0.9972,4
3603,4511,0.997,5
3604,4701,1.0,1
3604,211,1.0,2
3604,6228,1.0,3
3604,5708,1.0,4
3604,1764,1.0,5
3605,6046,1.0,1
3605,1849,1.0,2
3605,5937,1.0,3
3605,2559,1.0,4
3605,5422,1.0,5
3606,1063,1.0,1
3606,1685,0.9997,2
3606,3739,0.9997,3
3606,5695,0.9993,4
3606,736,0.9988,5
3607,2165,1.0,1
3607,738,1.0,2
3607,6993,0.9998,3
3607,2319,0.9998,4
3607,1094,0.9998,5
3608,470,0.9998,1
3608,161,0.9997,2
3608,5794,0.9997,3
3608,1065,0.9996,4
3608,279,0.9996,5
3609,4119,0.9998,1
3609,299,0.9998,2
3609,243,0.9992,3
3609,6693,0.9992,4
3609,2129,0.9992,5
3610,5167,1.0,1
3610,4501,1.0,2
3610,3047,1.0,3
3610,6877,0.9999,4
3610,4187,0.9999,5
3611,1435,1.0,1
3611,500,1.0,2
3611,6840,0.9998,3
3611,899,0.9998,4
3611,6839,0.9998,5
3612,362,0.9999,1
3612,5967,0.9999,2
3612,3799,0.9998,3
3612,2572,0.9998,4
3612,250,0.9998,5
3613,3869,0.9999,1
3613,6114,0.9987,2
3613,4458,0.9982,3
3613,6099,0.9976,4
3613,1824,0.9976,5
3614,426,0.9999,1
3614,1863,0.9994,2
3614,675,0.9994,3
3614,1453,0.9994,4
3614,2980,0.9992,5
3615,325,1.0,1
3615,3715,1.0,2
3615,4209,1.0,3
3615,6504,0.9999,4
3615,304,0.9999,5
3616,2564,0.9999,1
3616,708,0.9998,2
3616,5723,0.9998,3
3616,6534,0.9996,4
3616,4909,0.9996,5
3617,2860,0.9999,1
3617,5518,0.9998,2
3617,6420,0.9998,3
3617,2998,0.9997,4
3617,1264,0.9997,5
3618,1418,0.9998,1
3618,1640,0.9991,2
3618,2967,0.9981,3
3618,1070,0.9972,4
3618,357,0.9969,5
3619,2378,0.9998,1
3619,5590,0.9998,2
3619,632,0.9997,3
3619,1958,0.9995,4
3619,2300,0.9995,5
3620,1683,1.0,1
3620,6230,1.0,2
3620,697,1.0,3
3620,2921,1.0,4
3620,4873,1.0,5
3621,6297,0.9995,1
3621,1898,0.9989,2
3621,399,0.9983,3
3621,341,0.9981,4
3621,522,0.9978,5
3622,3081,1.0,1
3622,2726,1.0,2
3622,853,1.0,3
3622,6134,1.0,4
3622,6075,1.0,5
3623,1612,1.0,1
3623,4104,1.0,2
3623,5182,1.0,3
3623,4268,1.0,4
3623,1903,1.0,5
3624,5254,0.9994,1
3624,4799,0.9993,2
3624,5823,0.9993,3
3624,4124,0.9988,4
3624,477,0.9983,5
3625,1158,0.9999,1
3625,6966,0.9998,2
3625,350,0.9998,3
3625,1236,0.9998,4
3625,1500,0.9996,5
3626,5734,1.0,1
3626,1138,1.0,2
3626,3376,1.0,3
3626,317,1.0,4
3626,4733,1.0,5
3627,1889,0.9999,1
3627,3154,0.9996,2
3627,1329,0.9994,3
3627,5162,0.9993,4
3627,953,0.9993,5
3628,3344,1.0,1
3628,2142,1.0,2
3628,6052,1.0,3
3628,6559,1.0,4
3628,170,1.0,5
3629,1208,1.0,1
3629,3589,0.9999,2
3629,5480,0.9999,3
3629,4781,0.9999,4
3629,473,0.9999,5
3630,5502,1.0,1
3630,654,1.0,2
3630,3151,1.0,3
3630,5671,0.9999,4
3630,1205,0.9998,5
3631,125,1.0,1
3631,6827,1.0,2
3631,2317,1.0,3
3631,947,1.0,4
3631,3092,1.0,5
3632,6347,1.0,1
3632,1671,1.0,2
3632,4542,0.9999,3
3632,4162,0.9999,4
3632,688,0.9999,5
3633,943,1.0,1
3633,476,0.9999,2
3633,4206,0.9995,3
3633,789,0.9993,4
3633,5473,0.9993,5
3634,3690,1.0,1
3634,2889,1.0,2
3634,3806,1.0,3
3634,3844,1.0,4
3634,2038,1.0,5
3635,5743,1.0,1
3635,1136,1.0,2
3635,3821,1.0,3
3635,1281,1.0,4
3635,747,1.0,5
3636,5829,1.0,1
3636,1227,1.0,2
3636,1779,1.0,3
3636,1794,1.0,4
3636,5159,1.0,5
3637,481,1.0,1
3637,3910,1.0,2
3637,2382,1.0,3
3637,4499,1.0,4
3637,3009,1.0,5
3638,3794,1.0,1
3638,3945,1.0,2
3638,6620,1.0,3
3638,3085,1.0,4
3638,5403,1.0,5
3639,4162,1.0,1
3639,688,0.9999,2
3639,1671,0.9999,3
3639,4542,0.9999,4
3639,3632,0.9999,5
3640,6406,1.0,1
3640,2851,0.9999,2
3640,5750,0.9999,3
3640,1733,0.9999,4
3640,5612,0.9998,5
3641,6049,0.9999,1
3641,2164,0.9996,2
3641,4122,0.9996,3
3641,4183,0.9995,4
3641,4731,0.9995,5
3642,6871,1.0,1
3642,3056,0.9999,2
3642,6117,0.9998,3
3642,4220,0.9998,4
3642,2501,0.9997,5
3643,5191,0.9999,1
3643,5189,0.9996,2
3643,2581,0.9996,3
3643,4189,0.9996,4
3643,1412,0.9995,5
3644,1157,1.0,1
3644,1617,1.0,2
3644,4782,1.0,3
3644,3430,1.0,4
3644,5980,1.0,5
3645,4159,1.0,1
3645,1693,1.0,2
3645,5642,1.0,3
3645,4593,1.0,4
3645,803,0.9999,5
3646,4172,1.0,1
3646,6444,1.0,2
3646,1356,1.0,3
3646,2355,1.0,4
3646,3934,1.0,5
3647,1554,1.0,1
3647,3448,1.0,2
3647,305,0.9998,3
3647,4528,0.9998,4
3647,3580,0.9998,5
3648,2830,1.0,1
3648,2549,1.0,2
3648,2203,0.9999,3
3648,518,0.9992,4
3648,314,0.9991,5
3649,599,1.0,1
3649,4470,0.9999,2
3649,1751,0.9999,3
3649,1118,0.9998,4
3649,526,0.9998,5
3650,957,1.0,1
3650,4332,1.0,2
3650,6310,1.0,3
3650,4973,1.0,4
3650,2573,1.0,5
3651,4148,1.0,1
3651,145,1.0,2
3651,5897,1.0,3
3651,2507,1.0,4
3651,1777,0.9999,5
3652,4769,1.0,1
3652,4853,0.9999,2
3652,6943,0.9998,3
3652,3123,0.9998,4
3652,3408,0.9996,5
3653,1335,1.0,1
3653,4397,1.0,2
3653,6510,1.0,3
3653,3186,1.0,4
3653,5412,1.0,5
3654,5896,0.9997,1
3654,5651,0.9997,2
3654,2657,0.9996,3
3654,5267,0.9994,4
3654,3095,0.9994,5
3655,2224,1.0,1
3655,2712,1.0,2
3655,2487,0.9999,3
3655,2688,0.9998,4
3655,6328,0.9997,5
3656,2441,1.0,1
3656,3968,1.0,2
3656,401,1.0,3
3656,4712,1.0,4
3656,2723,1.0,5
3657,675,0.9994,1
3657,1863,0.9994,2
3657,1453,0.9994,3
3657,3342,0.9984,4
3657,2941,0.998,5
3658,1117,0.9998,1
3658,1807,0.9998,2
3658,832,0.9997,3
3658,4651,0.9996,4
3658,803,0.9993,5
3659,3245,1.0,1
3659,6221,0.9999,2
3659,3435,0.9998,3
3659,6354,0.9998,4
3659,5959,0.9997,5
3660,4839,1.0,1
3660,3931,1.0,2
3660,2744,0.9999,3
3660,3695,0.9999,4
3660,6356,0.9999,5
3661,6068,1.0,1
3661,1563,0.9999,2
3661,2609,0.9999,3
3661,5912,0.9998,4
3661,1960,0.9997,5
3662,414,1.0,1
3662,4303,0.9999,2
3662,3368,0.9997,3
3662,1365,0.9996,4
3662,1118,0.9996,5
3663,3158,1.0,1
3663,1735,1.0,2
3663,4659,0.9999,3
3663,1408,0.9999,4
3663,4035,0.9999,5
3664,4287,1.0,1
3664,5429,0.9998,2
3664,5460,0.9996,3
3664,2302,0.9996,4
3664,2017,0.9995,5
3665,3357,1.0,1
3665,3409,1.0,2
3665,3482,1.0,3
3665,4943,1.0,4
3665,6824,1.0,5
3666,2562,1.0,1
3666,369,1.0,2
3666,6240,0.9999,3
3666,589,0.9999,4
3666,417,0.9999,5
3667,2182,1.0,1
3667,4083,0.9999,2
3667,5902,0.9999,3
3667,46,0.9999,4
3667,6225,0.9999,5
3668,1161,0.9997,1
3668,1619,0.9997,2
3668,100,0.9996,3
3668,1486,0.9996,4
3668,6306,0.9994,5
3669,6576,0.9997,1
3669,2894,0.9997,2
3669,367,0.9992,3
3669,2235,0.9992,4
3669,5767,0.9992,5
3670,4223,0.9999,1
3670,265,0.9998,2
3670,4002,0.9997,3
3670,2056,0.9993,4
3670,313,0.9992,5
3671,5899,1.0,1
3671,5948,1.0,2
3671,2628,0.9998,3
3671,176,0.9998,4
3671,59,0.9998,5
3672,460,1.0,1
3672,673,1.0,2
3672,1562,1.0,3
3672,2130,1.0,4
3672,5101,1.0,5
3673,2139,1.0,1
3673,2234,1.0,2
3673,1696,1.0,3
3673,5082,0.9998,4
3673,5351,0.9998,5
3674,2572,0.9999,1
3674,5449,0.9999,2
3674,3799,0.9999,3
3674,6617,0.9999,4
3674,6396,0.9998,5
3675,3066,1.0,1
3675,3880,1.0,2
3675,1550,1.0,3
3675,1225,1.0,4
3675,647,1.0,5
3676,4022,1.0,1
3676,6970,1.0,2
3676,2838,1.0,3
3676,2829,1.0,4
3676,2893,1.0,5
3677,3700,1.0,1
3677,3266,0.9988,2
3677,5122,0.9987,3
3677,3014,0.9987,4
3677,1728,0.9985,5
3678,6944,1.0,1
3678,28,1.0,2
3678,181,1.0,3
3678,3903,1.0,4
3678,1,1.0,5
3679,3027,1.0,1
3679,5700,0.9997,2
3679,759,0.9996,3
3679,2023,0.9996,4
3679,4652,0.9995,5
3680,3242,1.0,1
3680,6610,1.0,2
3680,5737,1.0,3
3680,663,1.0,4
3680,1838,1.0,5
3681,3595,1.0,1
3681,425,0.9998,2
3681,4751,0.9998,3
3681,1803,0.9996,4
3681,3935,0.9996,5
3682,2484,1.0,1
3682,4050,1.0,2
3682,5225,0.9999,3
3682,6454,0.9999,4
3682,1504,0.9999,5
3683,3295,1.0,1
3683,6661,1.0,2
3683,6765,1.0,3
3683,6492,1.0,4
3683,3747,1.0,5
3684,2900,1.0,1
3684,6425,0.9999,2
3684,2542,0.9999,3
3684,6662,0.9999,4
3684,787,0.9998,5
3685,3499,1.0,1
3685,2739,1.0,2
3685,5947,0.9996,3
3685,5661,0.9993,4
3685,1843,0.9993,5
3686,3930,1.0,1
3686,2917,0.9998,2
3686,6967,0.9998,3
3686,6426,0.9993,4
3686,3312,0.9992,5
3687,4256,1.0,1
3687,2779,1.0,2
3687,1473,0.9999,3
3687,3834,0.9996,4
3687,2123,0.9996,5
3688,5742,1.0,1
3688,3288,0.9999,2
3688,5511,0.9997,3
3688,1446,0.9997,4
3688,6822,0.9997,5
3689,362,1.0,1
3689,3612,0.9998,2
3689,250,0.9998,3
3689,2745,0.9998,4
3689,1055,0.9998,5
3690,3634,1.0,1
3690,2889,1.0,2
3690,3844,1.0,3
3690,3806,1.0,4
3690,2038,1.0,5
3691,5325,0.9999,1
3691,474,0.9998,2
3691,2186,0.9998,3
3691,1919,0.9997,4
3691,3292,0.9995,5
3692,4244,1.0,1
3692,3579,0.999,2
3692,6773,0.994,3
3692,3603,0.9923,4
3692,4325,0.991,5
3693,5180,1.0,1
3693,1080,1.0,2
3693,651,1.0,3
3693,5676,0.9999,4
3693,6782,0.9999,5
3694,5343,1.0,1
3694,5207,0.9993,2
3694,3578,0.9984,3
3694,5966,0.9982,4
3694,351,0.9974,5
3695,3931,1.0,1
3695,4839,1.0,2
3695,3660,0.9999,3
3695,1587,0.9999,4
3695,6017,0.9999,5
3696,1115,1.0,1
3696,1009,1.0,2
3696,637,0.9996,3
3696,577,0.9995,4
3696,6558,0.9995,5
3697,6459,1.0,1
3697,5392,1.0,2
3697,1584,1.0,3
3697,4622,1.0,4
3697,2907,1.0,5
3698,6176,0.9997,1
3698,6414,0.9996,2
3698,6151,0.9996,3
3698,5957,0.9994,4
3698,891,0.9994,5
3699,5776,0.9999,1
3699,4821,0.9998,2
3699,2412,0.9997,3
3699,3916,0.9996,4
3699,869,0.9995,5
3700,3677,1.0,1
3700,6902,0.9987,2
3700,3266,0.9987,3
3700,5122,0.9986,4
3700,3014,0.9985,5
3701,1760,1.0,1
3701,1972,1.0,2
3701,5643,1.0,3
3701,981,1.0,4
3701,4668,1.0,5
3702,6365,0.9999,1
3702,2196,0.9996,2
3702,1555,0.9995,3
3702,2727,0.9995,4
3702,1767,0.9995,5
3703,2687,0.9999,1
3703,1297,0.9998,2
3703,483,0.9996,3
3703,5958,0.9995,4
3703,5419,0.9994,5
3704,3085,1.0,1
3704,6620,1.0,2
3704,3638,1.0,3
3704,3945,1.0,4
3704,3794,1.0,5
3705,6730,1.0,1
3705,1163,0.9999,2
3705,4190,0.9999,3
3705,2773,0.9998,4
3705,6578,0.9997,5
3706,3998,1.0,1
3706,5423,0.9998,2
3706,3097,0.9997,3
3706,50,0.9994,4
3706,7029,0.9993,5
3707,6288,1.0,1
3707,1029,0.9999,2
3707,4569,0.9998,3
3707,2869,0.9994,4
3707,816,0.9994,5
3708,166,1.0,1
3708,1909,1.0,2
3708,1535,1.0,3
3708,193,1.0,4
3708,1304,1.0,5
3709,5619,1.0,1
3709,771,1.0,2
3709,1352,1.0,3
3709,4594,1.0,4
3709,2735,1.0,5
3710,5486,1.0,1
3710,3566,1.0,2
3710,5954,1.0,3
3710,858,1.0,4
3710,5376,1.0,5
3711,634,1.0,1
3711,2859,1.0,2
3711,3070,1.0,3
3711,4590,1.0,4
3711,6385,1.0,5
3712,4817,0.9999,1
3712,2480,0.9999,2
3712,4319,0.9999,3
3712,4831,0.9997,4
3712,3769,0.9996,5
3713,1432,0.9998,1
3713,5311,0.9997,2
3713,5116,0.9993,3
3713,4347,0.9992,4
3713,804,0.9991,5
3714,5199,0.9999,1
3714,5714,0.9994,2
3714,6208,0.9991,3
3714,699,0.999,4
3714,5913,0.9989,5
3715,325,1.0,1
3715,3615,1.0,2
3715,4773,1.0,3
3715,1120,0.9999,4
3715,304,0.9999,5
3716,5709,1.0,1
3716,5987,1.0,2
3716,2722,0.9999,3
3716,3751,0.9999,4
3716,1580,0.9996,5
3717,6840,0.9999,1
3717,6635,0.9998,2
3717,3611,0.9998,3
3717,1435,0.9997,4
3717,4877,0.9997,5
3718,5059,0.9984,1
3718,1727,0.9982,2
3718,1545,0.9982,3
3718,2016,0.9976,4
3718,3956,0.9962,5
3719,2592,0.9999,1
3719,1346,0.9999,2
3719,374,0.9999,3
3719,13,0.9999,4
3719,121,0.9999,5
3720,3574,1.0,1
3720,4272,0.9999,2
3720,3324,0.9999,3
3720,4440,0.9999,4
3720,1345,0.9999,5
3721,3999,1.0,1
3721,388,1.0,2
3721,2910,0.9996,3
3721,3892,0.9996,4
3721,6185,0.9995,5
3722,4618,1.0,1
3722,704,1.0,2
3722,5618,1.0,3
3722,6160,1.0,4
3722,3828,1.0,5
3723,6384,0.9999,1
3723,4916,0.9995,2
3723,1582,0.9974,3
3723,5349,0.9971,4
3723,6501,0.9967,5
3724,4037,1.0,1
3724,1781,1.0,2
3724,2424,1.0,3
3724,5105,1.0,4
3724,2313,1.0,5
3725,4779,1.0,1
3725,74,1.0,2
3725,825,0.9999,3
3725,1218,0.9999,4
3725,1034,0.9999,5
3726,6591,1.0,1
3726,6041,1.0,2
3726,2270,1.0,3
3726,4647,1.0,4
3726,7019,1.0,5
3727,826,1.0,1
3727,4463,0.9999,2
3727,5858,0.9997,3
3727,4939,0.9995,4
3727,4435,0.9995,5
3728,2809,0.9999,1
3728,1527,0.9998,2
3728,5550,0.9998,3
3728,6030,0.9998,4
3728,5283,0.9998,5
3729,6836,1.0,1
3729,1419,1.0,2
3729,1099,1.0,3
3729,6874,0.9999,4
3729,657,0.9999,5
3730,2361,1.0,1
3730,5366,1.0,2
3730,2725,1.0,3
3730,5997,1.0,4
3730,2594,1.0,5
3731,6449,0.9999,1
3731,4714,0.9999,2
3731,5324,0.9999,3
3731,5127,0.9999,4
3731,2183,0.9998,5
3732,6592,1.0,1
3732,1071,1.0,2
3732,163,1.0,3
3732,3917,1.0,4
3732,667,1.0,5
3733,3479,0.9991,1
3733,524,0.9988,2
3733,5964,0.9987,3
3733,767,0.9984,4
3733,286,0.9984,5
3734,5330,0.9999,1
3734,7004,0.9995,2
3734,5357,0.9995,3
3734,373,0.9992,4
3734,3061,0.9988,5
3735,4687,1.0,1
3735,3887,1.0,2
3735,5253,1.0,3
3735,6478,0.9999,4
3735,6602,0.9999,5
3736,3035,0.9999,1
3736,5475,0.9999,2
3736,233,0.9999,3
3736,5451,0.9999,4
3736,4510,0.9999,5
3737,6188,1.0,1
3737,5216,1.0,2
3737,4226,1.0,3
3737,1667,1.0,4
3737,6287,1.0,5
3738,280,1.0,1
3738,3293,1.0,2
3738,4031,1.0,3
3738,4950,1.0,4
3738,224,0.9999,5
3739,1685,0.9998,1
3739,3606,0.9997,2
3739,1063,0.9996,3
3739,5730,0.9991,4
3739,1990,0.9987,5
3740,4301,1.0,1
3740,3220,1.0,2
3740,6011,1.0,3
3740,197,1.0,4
3740,6372,1.0,5
3741,3436,1.0,1
3741,1784,0.9999,2
3741,4863,0.9999,3
3741,2284,0.9999,4
3741,2078,0.9998,5
3742,2204,1.0,1
3742,4823,1.0,2
3742,7023,1.0,3
3742,842,1.0,4
3742,5621,1.0,5
3743,3335,1.0,1
3743,3199,0.9999,2
3743,6324,0.9999,3
3743,3474,0.9999,4
3743,5235,0.9998,5
3744,6761,1.0,1
3744,705,1.0,2
3744,6242,0.9999,3
3744,6951,0.9999,4
3744,224,0.9999,5
3745,4161,0.9999,1
3745,4965,0.9998,2
3745,733,0.9991,3
3745,2547,0.999,4
3745,3787,0.999,5
3746,4040,1.0,1
3746,6629,1.0,2
3746,2956,1.0,3
3746,152,0.9999,4
3746,5031,0.9999,5
3747,3295,1.0,1
3747,3683,1.0,2
3747,6661,1.0,3
3747,6492,1.0,4
3747,6765,1.0,5
3748,1240,0.9998,1
3748,3961,0.9997,2
3748,4934,0.9996,3
3748,4102,0.9994,4
3748,492,0.9994,5
3749,310,1.0,1
3749,3308,0.9999,2
3749,67,0.9998,3
3749,6722,0.9998,4
3749,6581,0.9997,5
3750,1411,1.0,1
3750,6369,1.0,2
3750,4801,0.9999,3
3750,3142,0.9999,4
3750,1977,0.9999,5
3751,5987,0.9999,1
3751,1580,0.9999,2
3751,3716,0.9999,3
3751,5709,0.9998,4
3751,2722,0.9996,5
3752,3515,0.9999,1
3752,2664,0.9999,2
3752,6479,0.9999,3
3752,1269,0.9999,4
3752,6786,0.9998,5
3753,2107,1.0,1
3753,3281,0.9999,2
3753,4744,0.9998,3
3753,6403,0.9998,4
3753,6506,0.9998,5
3754,6081,1.0,1
3754,2399,1.0,2
3754,3140,1.0,3
3754,1,1.0,4
3754,3903,0.9999,5
3755,663,1.0,1
3755,1572,1.0,2
3755,886,1.0,3
3755,6231,1.0,4
3755,1838,1.0,5
3756,4434,1.0,1
3756,3146,0.9999,2
3756,5070,0.9999,3
3756,5847,0.9999,4
3756,2011,0.9999,5
3757,6537,1.0,1
3757,3259,1.0,2
3757,4642,1.0,3
3757,894,1.0,4
3757,3984,1.0,5
3758,4347,1.0,1
3758,6856,0.9998,2
3758,6997,0.9998,3
3758,5311,0.9998,4
3758,247,0.9995,5
3759,1014,1.0,1
3759,5589,1.0,2
3759,5657,1.0,3
3759,560,1.0,4
3759,6082,1.0,5
3760,5976,1.0,1
3760,5273,0.9999,2
3760,5998,0.9999,3
3760,6879,0.9998,4
3760,5278,0.9998,5
3761,6717,0.9999,1
3761,3816,0.9999,2
3761,5215,0.9999,3
3761,946,0.9998,4
3761,123,0.9998,5
3762,5777,1.0,1
3762,1378,1.0,2
3762,5567,1.0,3
3762,4986,1.0,4
3762,6387,0.9999,5
3763,3797,1.0,1
3763,616,1.0,2
3763,2793,1.0,3
3763,5855,1.0,4
3763,3240,0.9997,5
3764,2958,1.0,1
3764,1677,1.0,2
3764,866,1.0,3
3764,2794,1.0,4
3764,1448,1.0,5
3765,5490,1.0,1
3765,4607,1.0,2
3765,6744,0.9999,3
3765,1688,0.9999,4
3765,4945,0.9999,5
3766,2032,1.0,1
3766,5871,1.0,2
3766,2125,1.0,3
3766,661,1.0,4
3766,4488,1.0,5
3767,6346,0.9999,1
3767,3375,0.9998,2
3767,4542,0.9982,3
3767,1671,0.9979,4
3767,3639,0.9977,5
3768,4165,1.0,1
3768,4935,1.0,2
3768,776,1.0,3
3768,1301,1.0,4
3768,4032,1.0,5
3769,5484,1.0,1
3769,4609,1.0,2
3769,6360,0.9997,3
3769,3712,0.9996,4
3769,2480,0.9995,5
3770,6415,0.9999,1
3770,418,0.9999,2
3770,2944,0.9998,3
3770,2716,0.9998,4
3770,5642,0.9998,5
3771,5089,1.0,1
3771,6912,1.0,2
3771,1789,1.0,3
3771,139,1.0,4
3771,665,1.0,5
3772,3537,1.0,1
3772,6318,1.0,2
3772,4760,1.0,3
3772,6169,1.0,4
3772,3907,1.0,5
3773,2578,1.0,1
3773,6867,1.0,2
3773,2070,1.0,3
3773,6474,1.0,4
3773,2754,1.0,5
3774,2296,1.0,1
3774,1332,1.0,2
3774,212,1.0,3
3774,2996,1.0,4
3774,3093,1.0,5
3775,3215,0.9999,1
3775,4614,0.9997,2
3775,321,0.9997,3
3775,6418,0.9995,4
3775,5115,0.9994,5
3776,3444,0.9999,1
3776,2949,0.9999,2
3776,5106,0.9999,3
3776,2533,0.9997,4
3776,6148,0.9997,5
3777,642,1.0,1
3777,2910,0.9999,2
3777,6503,0.9997,3
3777,3892,0.9997,4
3777,4210,0.9994,5
3778,5865,1.0,1
3778,1067,1.0,2
3778,5887,1.0,3
3778,4137,1.0,4
3778,3268,1.0,5
3779,2145,1.0,1
3779,1048,1.0,2
3779,4057,1.0,3
3779,698,1.0,4
3779,1011,1.0,5
3780,6825,1.0,1
3780,4699,0.9999,2
3780,720,0.9998,3
3780,4819,0.9997,4
3780,5900,0.9994,5
3781,3462,1.0,1
3781,6594,0.9999,2
3781,5476,0.9998,3
3781,4822,0.9997,4
3781,1276,0.9996,5
3782,4149,1.0,1
3782,4954,1.0,2
3782,4306,1.0,3
3782,1049,1.0,4
3782,1643,1.0,5
3783,3001,1.0,1
3783,4547,1.0,2
3783,2867,0.9999,3
3783,4734,0.9999,4
3783,3354,0.9998,5
3784,1340,1.0,1
3784,7043,1.0,2
3784,5143,1.0,3
3784,5051,1.0,4
3784,3504,1.0,5
3785,298,1.0,1
3785,2329,1.0,2
3785,1884,1.0,3
3785,2206,0.9998,4
3785,949,0.9998,5
3786,6575,0.9999,1
3786,1087,0.9999,2
3786,5331,0.9995,3
3786,6626,0.9994,4
3786,1033,0.9994,5
3787,6998,0.9999,1
3787,3745,0.999,2
3787,2446,0.999,3
3787,3996,0.9988,4
3787,4161,0.9987,5
3788,528,1.0,1
3788,5231,0.9999,2
3788,3501,0.9999,3
3788,5417,0.9999,4
3788,4697,0.9999,5
3789,3419,1.0,1
3789,2298,1.0,2
3789,6854,0.9999,3
3789,5179,0.9999,4
3789,6037,0.9998,5
3790,5202,1.0,1
3790,3012,1.0,2
3790,3934,1.0,3
3790,2355,1.0,4
3790,3704,1.0,5
3791,3380,1.0,1
3791,1134,1.0,2
3791,4795,1.0,3
3791,2375,1.0,4
3791,5596,1.0,5
3792,6429,1.0,1
3792,5026,0.9999,2
3792,6224,0.9998,3
3792,4777,0.9998,4
3792,4847,0.9998,5
3793,2515,0.9997,1
3793,5410,0.9997,2
3793,6968,0.9997,3
3793,4640,0.9996,4
3793,5935,0.9996,5
3794,3638,1.0,1
3794,3945,1.0,2
3794,6620,1.0,3
3794,3085,1.0,4
3794,5403,1.0,5
3795,1717,1.0,1
3795,78,1.0,2
3795,5090,1.0,3
3795,1045,0.9999,4
3795,5513,0.9998,5
3796,4465,1.0,1
3796,6029,0.9999,2
3796,928,0.9997,3
3796,5424,0.9997,4
3796,6999,0.9997,5
3797,3763,1.0,1
3797,2793,1.0,2
3797,616,1.0,3
3797,5855,1.0,4
3797,3167,0.9997,5
3798,2411,1.0,1
3798,822,0.9999,2
3798,6756,0.9998,3
3798,1586,0.9998,4
3798,5306,0.9998,5
3799,2572,1.0,1
3799,5967,0.9999,2
3799,250,0.9999,3
3799,2745,0.9999,4
3799,3674,0.9999,5
3800,4691,0.9989,1
3800,2882,0.9987,2
3800,2915,0.9986,3
3800,1242,0.9983,4
3800,149,0.9983,5
3801,1739,1.0,1
3801,4486,1.0,2
3801,396,0.9999,3
3801,2218,0.9999,4
3801,1827,0.9999,5
3802,4336,1.0,1
3802,1632,0.9999,2
3802,5733,0.9996,3
3802,5037,0.9996,4
3802,2335,0.9995,5
3803,4565,1.0,1
3803,799,1.0,2
3803,4521,1.0,3
3803,5639,1.0,4
3803,6108,1.0,5
3804,5561,1.0,1
3804,6488,1.0,2
3804,6355,1.0,3
3804,1159,0.9999,4
3804,5848,0.9999,5
3805,70,1.0,1
3805,1349,1.0,2
3805,4564,1.0,3
3805,356,1.0,4
3805,6380,0.9998,5
3806,3634,1.0,1
3806,346,1.0,2
3806,3690,1.0,3
3806,2889,1.0,4
3806,3844,1.0,5
3807,6193,0.9999,1
3807,863,0.9995,2
3807,2777,0.9995,3
3807,4941,0.9995,4
3807,5503,0.9993,5
3808,456,1.0,1
3808,378,0.9997,2
3808,5623,0.9996,3
3808,15,0.9996,4
3808,3432,0.999,5
3809,2751,1.0,1
3809,3194,1.0,2
3809,6945,1.0,3
3809,4476,1.0,4
3809,147,1.0,5
3810,69,1.0,1
3810,2092,1.0,2
3810,6144,1.0,3
3810,3591,1.0,4
3810,4101,1.0,5
3811,4931,1.0,1
3811,2864,1.0,2
3811,2127,1.0,3
3811,4707,1.0,4
3811,6378,1.0,5
3812,236,1.0,1
3812,4014,1.0,2
3812,6110,1.0,3
3812,5190,0.9999,4
3812,1342,0.9999,5
3813,3893,1.0,1
3813,6123,1.0,2
3813,3033,1.0,3
3813,4389,1.0,4
3813,1719,1.0,5
3814,6204,1.0,1
3814,2685,1.0,2
3814,5259,1.0,3
3814,2246,1.0,4
3814,4685,1.0,5
3815,6183,1.0,1
3815,488,1.0,2
3815,1878,1.0,3
3815,168,1.0,4
3815,3204,1.0,5
3816,946,1.0,1
3816,123,1.0,2
3816,6717,1.0,3
3816,6923,1.0,4
3816,6250,1.0,5
3817,6418,0.9997,1
3817,2736,0.9995,2
3817,6063,0.9993,3
3817,3032,0.9992,4
3817,3215,0.9991,5
3818,5781,1.0,1
3818,2179,1.0,2
3818,5757,1.0,3
3818,671,1.0,4
3818,4820,1.0,5
3819,3850,1.0,1
3819,2664,0.9999,2
3819,3447,0.9999,3
3819,4520,0.9999,4
3819,1269,0.9999,5
3820,3043,1.0,1
3820,2091,0.9993,2
3820,5293,0.9992,3
3820,2553,0.9988,4
3820,668,0.9985,5
3821,1062,1.0,1
3821,3635,1.0,2
3821,629,1.0,3
3821,4886,1.0,4
3821,5743,0.9999,5
3822,2037,1.0,1
3822,2822,1.0,2
3822,6439,1.0,3
3822,5342,1.0,4
3822,7011,1.0,5
3823,5031,1.0,1
3823,3920,1.0,2
3823,2728,0.9999,3
3823,5933,0.9999,4
3823,2956,0.9999,5
3824,1538,1.0,1
3824,734,1.0,2
3824,4087,1.0,3
3824,2221,1.0,4
3824,5430,1.0,5
3825,2820,1.0,1
3825,4949,1.0,2
3825,6402,0.9999,3
3825,3247,0.9999,4
3825,1100,0.9999,5
3826,2514,1.0,1
3826,1085,1.0,2
3826,6752,1.0,3
3826,6001,1.0,4
3826,2844,1.0,5
3827,1083,1.0,1
3827,6150,0.9999,2
3827,4276,0.9999,3
3827,2372,0.9999,4
3827,283,0.9999,5
3828,3218,1.0,1
3828,3098,1.0,2
3828,6160,1.0,3
3828,5088,1.0,4
3828,6278,1.0,5
3829,1606,1.0,1
3829,3238,1.0,2
3829,765,1.0,3
3829,600,0.9999,4
3829,2253,0.9999,5
3830,5670,1.0,1
3830,6915,0.9999,2
3830,2533,0.9997,3
3830,5225,0.9997,4
3830,1504,0.9997,5
3831,3271,1.0,1
3831,2798,0.9999,2
3831,463,0.9999,3
3831,3147,0.9999,4
3831,3872,0.9999,5
3832,6034,1.0,1
3832,6968,1.0,2
3832,2515,1.0,3
3832,2591,1.0,4
3832,5410,0.9999,5
3833,1498,1.0,1
3833,6743,0.9998,2
3833,2966,0.9998,3
3833,49,0.9998,4
3833,3202,0.9997,5
3834,1426,0.9999,1
3834,5969,0.9998,2
3834,3888,0.9997,3
3834,1975,0.9997,4
3834,978,0.9997,5
3835,5168,1.0,1
3835,1979,1.0,2
3835,973,0.9999,3
3835,6057,0.9998,4
3835,6754,0.9997,5
3836,6493,1.0,1
3836,2155,1.0,2
3836,5720,1.0,3
3836,3235,1.0,4
3836,6636,1.0,5
3837,1769,0.9999,1
3837,1635,0.9998,2
3837,1858,0.9998,3
3837,707,0.9997,4
3837,6625,0.9996,5
3838,2388,0.9999,1
3838,4739,0.9999,2
3838,3086,0.9998,3
3838,679,0.9998,4
3838,1720,0.9998,5
3839,5353,0.9997,1
3839,2417,0.9996,2
3839,4672,0.9996,3
3839,2960,0.9996,4
3839,4948,0.9996,5
3840,5327,1.0,1
3840,2251,1.0,2
3840,940,1.0,3
3840,5983,1.0,4
3840,6955,1.0,5
3841,6084,0.9999,1
3841,3019,0.9996,2
3841,2482,0.9995,3
3841,4745,0.999,4
3841,3408,0.9988,5
3842,4308,0.9999,1
3842,3287,0.9999,2
3842,579,0.9998,3
3842,2700,0.9997,4
3842,949,0.9997,5
3843,5248,1.0,1
3843,391,1.0,2
3843,3153,0.9995,3
3843,2975,0.9995,4
3843,2163,0.9991,5
3844,2889,1.0,1
3844,2038,1.0,2
3844,3690,1.0,3
3844,2134,1.0,4
3844,3634,1.0,5
3845,1622,0.9999,1
3845,996,0.9999,2
3845,5071,0.9998,3
3845,2202,0.9993,4
3845,2066,0.9992,5
3846,3385,1.0,1
3846,6971,0.9999,2
3846,1709,0.9999,3
3846,6717,0.9999,4
3846,3816,0.9999,5
3847,3540,1.0,1
3847,4103,0.9999,2
3847,4471,0.9999,3
3847,4035,0.9998,4
3847,1738,0.9998,5
3848,2778,1.0,1
3848,2582,1.0,2
3848,5467,1.0,3
3848,1323,1.0,4
3848,5975,1.0,5
3849,47,1.0,1
3849,2663,1.0,2
3849,1072,1.0,3
3849,2055,1.0,4
3849,4277,1.0,5
3850,3819,1.0,1
3850,1766,0.9999,2
3850,1269,0.9999,3
3850,4520,0.9999,4
3850,2664,0.9999,5
3851,690,1.0,1
3851,4910,1.0,2
3851,6225,0.9999,3
3851,4623,0.9998,4
3851,1122,0.9998,5
3852,1943,1.0,1
3852,1716,1.0,2
3852,6622,1.0,3
3852,2756,1.0,4
3852,4245,1.0,5
3853,1050,1.0,1
3853,5447,1.0,2
3853,2760,1.0,3
3853,5171,1.0,4
3853,5706,1.0,5
3854,4964,0.9998,1
3854,4298,0.9998,2
3854,4286,0.9997,3
3854,4997,0.9997,4
3854,1194,0.9995,5
3855,2791,1.0,1
3855,831,0.9999,2
3855,316,0.9999,3
3855,4713,0.9999,4
3855,4708,0.9999,5
3856,6477,0.9999,1
3856,6247,0.9999,2
3856,3013,0.9998,3
3856,1154,0.9998,4
3856,2914,0.9997,5
3857,5290,1.0,1
3857,257,1.0,2
3857,2147,0.9999,3
3857,6078,0.9999,4
3857,1270,0.9999,5
3858,5326,1.0,1
3858,1519,1.0,2
3858,868,1.0,3
3858,3243,1.0,4
3858,3129,1.0,5
3859,1231,1.0,1
3859,230,0.9997,2
3859,2643,0.9997,3
3859,2768,0.9994,4
3859,5144,0.9994,5
3860,2715,1.0,1
3860,6015,1.0,2
3860,4797,0.9999,3
3860,4854,0.9999,4
3860,1203,0.9999,5
3861,3941,1.0,1
3861,3867,1.0,2
3861,6438,1.0,3
3861,2752,1.0,4
3861,6785,1.0,5
3862,15,0.9997,1
3862,378,0.9996,2
3862,2786,0.9993,3
3862,201,0.999,4
3862,9,0.9988,5
3863,5364,1.0,1
3863,5280,1.0,2
3863,5509,1.0,3
3863,4257,1.0,4
3863,2503,1.0,5
3864,5155,0.9998,1
3864,5511,0.9998,2
3864,6822,0.9995,3
3864,2909,0.9993,4
3864,877,0.9993,5
3865,4536,1.0,1
3865,4390,1.0,2
3865,5426,1.0,3
3865,423,0.9996,4
3865,2605,0.9996,5
3866,4006,1.0,1
3866,6980,1.0,2
3866,3984,1.0,3
3866,3259,1.0,4
3866,6537,1.0,5
3867,3861,1.0,1
3867,3941,1.0,2
3867,6438,1.0,3
3867,2752,1.0,4
3867,6785,1.0,5
3868,6540,0.9999,1
3868,3497,0.9989,2
3868,2781,0.9989,3
3868,4965,0.9988,4
3868,4161,0.9987,5
3869,3613,0.9999,1
3869,6114,0.9992,2
3869,4458,0.9987,3
3869,6099,0.9983,4
3869,6990,0.998,5
3870,6710,0.9999,1
3870,2468,0.9999,2
3870,6712,0.9999,3
3870,6975,0.9999,4
3870,2957,0.9999,5
3871,284,1.0,1
3871,5055,1.0,2
3871,1507,1.0,3
3871,6146,0.9999,4
3871,2356,0.9999,5
3872,2798,1.0,1
3872,3271,0.9999,2
3872,463,0.9999,3
3872,3831,0.9999,4
3872,6386,0.9998,5
3873,6964,1.0,1
3873,6635,0.9999,2
3873,2439,0.9999,3
3873,5032,0.9998,4
3873,5875,0.9997,5
3874,4282,0.9998,1
3874,1334,0.9998,2
3874,6748,0.9996,3
3874,885,0.9992,4
3874,689,0.9986,5
3875,7027,1.0,1
3875,5229,0.9999,2
3875,6471,0.9999,3
3875,290,0.9998,4
3875,1524,0.9998,5
3876,1771,0.9999,1
3876,631,0.9997,2
3876,4259,0.9996,3
3876,614,0.9993,4
3876,2075,0.9993,5
3877,2961,1.0,1
3877,6899,1.0,2
3877,2674,1.0,3
3877,1963,0.9997,4
3877,2275,0.9997,5
3878,1331,0.9993,1
3878,1073,0.9991,2
3878,5955,0.9991,3
3878,4617,0.9991,4
3878,6609,0.9988,5
3879,897,1.0,1
3879,2188,1.0,2
3879,6307,1.0,3
3879,1768,1.0,4
3879,6404,0.9999,5
3880,1994,1.0,1
3880,647,1.0,2
3880,965,1.0,3
3880,3066,1.0,4
3880,3675,1.0,5
3881,1135,1.0,1
3881,5323,1.0,2
3881,919,0.9994,3
3881,3003,0.9993,4
3881,959,0.9992,5
3882,432,0.9999,1
3882,1482,0.9999,2
3882,2973,0.9999,3
3882,503,0.9999,4
3882,5442,0.9999,5
3883,5174,1.0,1
3883,2479,1.0,2
3883,2749,1.0,3
3883,4648,1.0,4
3883,3480,0.9999,5
3884,2881,1.0,1
3884,4987,1.0,2
3884,96,0.9998,3
3884,2545,0.9997,4
3884,5585,0.9997,5
3885,1355,0.9999,1
3885,4597,0.9999,2
3885,1185,0.9998,3
3885,2447,0.9997,4
3885,1007,0.9997,5
3886,6719,1.0,1
3886,694,1.0,2
3886,6931,1.0,3
3886,5622,1.0,4
3886,666,1.0,5
3887,4687,1.0,1
3887,4575,1.0,2
3887,5139,1.0,3
3887,3735,1.0,4
3887,3349,0.9999,5
3888,1975,1.0,1
3888,978,1.0,2
3888,2925,0.9999,3
3888,5004,0.9999,4
3888,6468,0.9998,5
3889,2614,1.0,1
3889,1209,1.0,2
3889,5301,1.0,3
3889,681,1.0,4
3889,2096,1.0,5
3890,4630,1.0,1
3890,1238,1.0,2
3890,6027,1.0,3
3890,1938,1.0,4
3890,189,1.0,5
3891,6155,1.0,1
3891,242,1.0,2
3891,2327,1.0,3
3891,6116,1.0,4
3891,2817,1.0,5
3892,642,0.9997,1
3892,3438,0.9997,2
3892,3777,0.9997,3
3892,6185,0.9997,4
3892,2910,0.9997,5
3893,3813,1.0,1
3893,6123,1.0,2
3893,1719,1.0,3
3893,2440,1.0,4
3893,3033,1.0,5
3894,3527,0.9996,1
3894,2279,0.9993,2
3894,4530,0.9993,3
3894,1893,0.9992,4
3894,4843,0.9989,5
3895,5128,0.9999,1
3895,3300,0.9999,2
3895,6290,0.9998,3
3895,5010,0.9996,4
3895,2927,0.9996,5
3896,1842,1.0,1
3896,1681,1.0,2
3896,4980,1.0,3
3896,4128,1.0,4
3896,6793,1.0,5
3897,4004,1.0,1
3897,2496,1.0,2
3897,5982,1.0,3
3897,2018,1.0,4
3897,4888,1.0,5
3898,4738,1.0,1
3898,4264,1.0,2
3898,2560,1.0,3
3898,552,1.0,4
3898,4621,1.0,5
3899,677,1.0,1
3899,1637,1.0,2
3899,5583,0.9999,3
3899,1588,0.9999,4
3899,1661,0.9999,5
3900,4015,1.0,1
3900,1750,0.9999,2
3900,5296,0.9998,3
3900,3966,0.9998,4
3900,5262,0.9997,5
3901,529,1.0,1
3901,6350,1.0,2
3901,331,1.0,3
3901,4770,1.0,4
3901,2576,1.0,5
3902,2205,1.0,1
3902,884,1.0,2
3902,1294,1.0,3
3902,2744,1.0,4
3902,6690,0.9999,5
3903,1,1.0,1
3903,181,1.0,2
3903,6081,1.0,3
3903,28,1.0,4
3903,1256,1.0,5
3904,4809,0.9999,1
3904,5910,0.9999,2
3904,6300,0.9998,3
3904,1758,0.9998,4
3904,49,0.9998,5
3905,1805,1.0,1
3905,5370,1.0,2
3905,2506,1.0,3
3905,5461,1.0,4
3905,1614,0.9999,5
3906,6885,1.0,1
3906,4604,1.0,2
3906,7000,1.0,3
3906,876,1.0,4
3906,678,0.9999,5
3907,4760,1.0,1
3907,3940,1.0,2
3907,3772,1.0,3
3907,3537,1.0,4
3907,6318,1.0,5
3908,1796,1.0,1
3908,6802,0.9999,2
3908,6164,0.9999,3
3908,5798,0.9997,4
3908,5365,0.9997,5
3909,1026,0.9989,1
3909,4999,0.9989,2
3909,6973,0.9989,3
3909,5138,0.9987,4
3909,2933,0.9987,5
3910,2382,1.0,1
3910,481,1.0,2
3910,3637,1.0,3
3910,3372,1.0,4
3910,4499,1.0,5
3911,2475,1.0,1
3911,1928,0.9999,2
3911,1633,0.9999,3
3911,6953,0.9999,4
3911,3535,0.9998,5
3912,3159,1.0,1
3912,2555,0.9998,2
3912,3330,0.9996,3
3912,5416,0.9996,4
3912,4967,0.9996,5
3913,4628,0.9999,1
3913,5290,0.9999,2
3913,257,0.9999,3
3913,2968,0.9999,4
3913,3857,0.9998,5
3914,5159,1.0,1
3914,1794,1.0,2
3914,1779,1.0,3
3914,2570,1.0,4
3914,4058,1.0,5
3915,1376,1.0,1
3915,2812,1.0,2
3915,7020,1.0,3
3915,2073,1.0,4
3915,2824,1.0,5
3916,6246,0.9999,1
3916,5724,0.9999,2
3916,540,0.9998,3
3916,2258,0.9998,4
3916,6292,0.9998,5
3917,5861,1.0,1
3917,6592,1.0,2
3917,3732,1.0,3
3917,4323,1.0,4
3917,1071,1.0,5
3918,1326,1.0,1
3918,2901,1.0,2
3918,2518,1.0,3
3918,5455,1.0,4
3918,3302,1.0,5
3919,2393,1.0,1
3919,4097,0.9999,2
3919,6803,0.9998,3
3919,2908,0.9997,4
3919,20,0.9996,5
3920,3823,1.0,1
3920,5933,0.9999,2
3920,5031,0.9999,3
3920,4849,0.9999,4
3920,2728,0.9998,5
3921,2936,1.0,1
3921,5097,1.0,2
3921,342,1.0,3
3921,6736,0.9999,4
3921,2789,0.9999,5
3922,1128,0.9991,1
3922,6532,0.9989,2
3922,301,0.9978,3
3922,6976,0.9974,4
3922,4112,0.9959,5
3923,6714,0.9999,1
3923,5766,0.9998,2
3923,5514,0.9998,3
3923,4624,0.9998,4
3923,244,0.9998,5
3924,6621,1.0,1
3924,1930,1.0,2
3924,5539,1.0,3
3924,4545,1.0,4
3924,1096,1.0,5
3925,6618,0.9998,1
3925,2054,0.9997,2
3925,1122,0.9994,3
3925,3308,0.9994,4
3925,4083,0.9994,5
3926,1025,0.9979,1
3926,6676,0.9977,2
3926,558,0.9973,3
3926,4816,0.997,4
3926,6383,0.9969,5
3927,2991,0.9999,1
3927,2904,0.9999,2
3927,1704,0.9999,3
3927,766,0.9998,4
3927,6685,0.9997,5
3928,4318,1.0,1
3928,1931,1.0,2
3928,6614,1.0,3
3928,6234,1.0,4
3928,1879,1.0,5
3929,4995,1.0,1
3929,285,0.9999,2
3929,7026,0.9999,3
3929,5658,0.9998,4
3929,3439,0.9998,5
3930,3686,1.0,1
3930,2917,0.9998,2
3930,6967,0.9996,3
3930,6426,0.9993,4
3930,2341,0.9992,5
3931,4839,1.0,1
3931,3660,1.0,2
3931,3695,1.0,3
3931,105,0.9999,4
3931,2866,0.9999,5
3932,2905,1.0,1
3932,4309,0.9989,2
3932,1886,0.9987,3
3932,3421,0.9976,4
3932,462,0.9972,5
3933,6688,1.0,1
3933,5040,0.9999,2
3933,3311,0.9999,3
3933,6553,0.9999,4
3933,1652,0.9999,5
3934,3012,1.0,1
3934,2355,1.0,2
3934,3790,1.0,3
3934,1356,1.0,4
3934,6444,1.0,5
3935,425,1.0,1
3935,4751,0.9999,2
3935,5892,0.9998,3
3935,570,0.9998,4
3935,3990,0.9996,5
3936,3481,1.0,1
3936,5556,1.0,2
3936,498,1.0,3
3936,2462,1.0,4
3936,532,1.0,5
3937,1434,0.9998,1
3937,5480,0.9998,2
3937,3589,0.9998,3
3937,151,0.9998,4
3937,1568,0.9997,5
3938,5564,1.0,1
3938,5668,1.0,2
3938,2951,1.0,3
3938,3299,1.0,4
3938,2346,1.0,5
3939,5838,0.9999,1
3939,4013,0.9999,2
3939,3424,0.9999,3
3939,6435,0.9999,4
3939,382,0.9999,5
3940,3907,1.0,1
3940,4760,1.0,2
3940,3772,1.0,3
3940,6318,1.0,4
3940,3537,1.0,5
3941,3861,1.0,1
3941,6438,1.0,2
3941,2752,1.0,3
3941,6785,1.0,4
3941,3867,1.0,5
3942,4615,1.0,1
3942,6035,1.0,2
3942,4352,1.0,3
3942,4204,1.0,4
3942,5113,1.0,5
3943,1634,0.9999,1
3943,1801,0.9998,2
3943,135,0.9998,3
3943,1520,0.9998,4
3943,2173,0.9998,5
3944,1855,1.0,1
3944,1835,0.9999,2
3944,1892,0.9999,3
3944,4342,0.9999,4
3944,393,0.9999,5
3945,3794,1.0,1
3945,3638,1.0,2
3945,6620,1.0,3
3945,3085,1.0,4
3945,5403,1.0,5
3946,876,1.0,1
3946,3291,1.0,2
3946,4604,0.9999,3
3946,6885,0.9999,4
3946,3906,0.9999,5
3947,6395,0.9998,1
3947,4392,0.9997,2
3947,2392,0.9995,3
3947,5270,0.9994,4
3947,3489,0.9993,5
3948,2336,1.0,1
3948,6842,1.0,2
3948,1100,1.0,3
3948,6018,1.0,4
3948,4949,0.9999,5
3949,5314,0.9999,1
3949,6996,0.9999,2
3949,2797,0.9998,3
3949,4249,0.9998,4
3949,2310,0.9997,5
3950,1015,1.0,1
3950,1144,0.9997,2
3950,2201,0.9994,3
3950,4599,0.9991,4
3950,5157,0.9986,5
3951,4961,0.9999,1
3951,3526,0.9999,2
3951,6132,0.9997,3
3951,3331,0.9997,4
3951,1866,0.9996,5
3952,2010,1.0,1
3952,6750,1.0,2
3952,6437,1.0,3
3952,4430,1.0,4
3952,5576,1.0,5
3953,4216,1.0,1
3953,6413,1.0,2
3953,5809,1.0,3
3953,6794,1.0,4
3953,3967,1.0,5
3954,2903,1.0,1
3954,513,0.9999,2
3954,2169,0.9999,3
3954,5628,0.9999,4
3954,4840,0.9999,5
3955,1726,1.0,1
3955,271,0.9999,2
3955,56,0.9999,3
3955,2366,0.9999,4
3955,1239,0.9998,5
3956,6780,0.9997,1
3956,6906,0.9979,2
3956,3718,0.9962,3
3956,5059,0.996,4
3956,2238,0.9953,5
3957,2388,0.9998,1
3957,2439,0.9996,2
3957,4739,0.9996,3
3957,3838,0.9995,4
3957,679,0.9993,5
3958,5792,1.0,1
3958,340,1.0,2
3958,4267,0.9999,3
3958,210,0.9999,4
3958,4182,0.9999,5
3959,416,0.9998,1
3959,601,0.9998,2
3959,1090,0.9997,3
3959,1888,0.9994,4
3959,931,0.9994,5
3960,5454,0.9999,1
3960,2831,0.9999,2
3960,1187,0.9998,3
3960,6249,0.9998,4
3960,5501,0.9998,5
3961,4934,0.9998,1
3961,6797,0.9998,2
3961,3748,0.9997,3
3961,1240,0.9997,4
3961,958,0.9996,5
3962,2713,1.0,1
3962,611,0.9999,2
3962,5131,0.9999,3
3962,5634,0.9998,4
3962,4990,0.9997,5
3963,887,1.0,1
3963,2443,1.0,2
3963,5494,0.9999,3
3963,6837,0.9999,4
3963,5938,0.9999,5
3964,1774,1.0,1
3964,2918,1.0,2
3964,3505,1.0,3
3964,1759,1.0,4
3964,855,1.0,5
3965,3034,1.0,1
3965,3902,0.9999,2
3965,2205,0.9999,3
3965,884,0.9999,4
3965,1294,0.9999,5
3966,427,0.9999,1
3966,4015,0.9999,2
3966,2267,0.9999,3
3966,6142,0.9998,4
3966,3900,0.9998,5
3967,60,1.0,1
3967,6243,1.0,2
3967,2290,1.0,3
3967,3953,1.0,4
3967,4216,1.0,5
3968,3656,1.0,1
3968,2441,1.0,2
3968,2723,1.0,3
3968,401,1.0,4
3968,4712,1.0,5
3969,3267,1.0,1
3969,1278,1.0,2
3969,2339,1.0,3
3969,2525,1.0,4
3969,1542,1.0,5
3970,6238,1.0,1
3970,4233,1.0,2
3970,4641,1.0,3
3970,288,1.0,4
3970,2928,1.0,5
3971,2036,0.9997,1
3971,3343,0.9984,2
3971,6853,0.9984,3
3971,2115,0.9983,4
3971,1792,0.9981,5
3972,2537,1.0,1
3972,4280,1.0,2
3972,6199,1.0,3
3972,2332,0.9998,4
3972,197,0.9997,5
3973,1828,1.0,1
3973,6574,1.0,2
3973,6686,0.9999,3
3973,4047,0.9997,4
3973,1480,0.9992,5
3974,4441,1.0,1
3974,1962,0.9997,2
3974,5529,0.9997,3
3974,4985,0.9996,4
3974,1792,0.9995,5
3975,1114,1.0,1
3975,4407,0.9999,2
3975,3315,0.9997,3
3975,1040,0.9992,4
3975,839,0.9991,5
3976,4893,0.9998,1
3976,5546,0.9998,2
3976,5733,0.9997,3
3976,3802,0.9995,4
3976,1925,0.9995,5
3977,661,1.0,1
3977,4488,1.0,2
3977,6105,1.0,3
3977,5789,1.0,4
3977,3766,1.0,5
3978,1525,1.0,1
3978,6738,1.0,2
3978,4029,1.0,3
3978,2509,0.9999,4
3978,4292,0.9999,5
3979,2969,1.0,1
3979,6025,0.9999,2
3979,1437,0.9999,3
3979,2520,0.9999,4
3979,1780,0.9999,5
3980,1407,1.0,1
3980,2063,1.0,2
3980,4413,1.0,3
3980,1036,1.0,4
3980,5146,1.0,5
3981,2452,1.0,1
3981,9,1.0,2
3981,3862,0.9987,3
3981,2343,0.9986,4
3981,201,0.9984,5
3982,5816,0.9999,1
3982,5938,0.9999,2
3982,2443,0.9999,3
3982,3323,0.9999,4
3982,1422,0.9999,5
3983,1712,1.0,1
3983,270,1.0,2
3983,2532,1.0,3
3983,4988,1.0,4
3983,2508,1.0,5
3984,6980,1.0,1
3984,3259,1.0,2
3984,4642,1.0,3
3984,6537,1.0,4
3984,4006,1.0,5
3985,3467,1.0,1
3985,4762,1.0,2
3985,1682,1.0,3
3985,6881,1.0,4
3985,915,1.0,5
3986,357,1.0,1
3986,5973,0.9999,2
3986,245,0.999,3
3986,4681,0.9984,4
3986,3122,0.9981,5
3987,3328,0.9999,1
3987,1914,0.9999,2
3987,1414,0.9997,3
3987,5336,0.9996,4
3987,4048,0.9995,5
3988,4335,1.0,1
3988,1628,0.9999,2
3988,2123,0.9997,3
3988,6045,0.9997,4
3988,978,0.9995,5
3989,2057,1.0,1
3989,2947,1.0,2
3989,2966,0.9999,3
3989,2696,0.9999,4
3989,6300,0.9999,5
3990,4751,0.9999,1
3990,1803,0.9998,2
3990,3935,0.9996,3
3990,3681,0.9996,4
3990,425,0.9996,5
3991,6600,0.9998,1
3991,6862,0.9998,2
3991,772,0.9996,3
3991,2137,0.9995,4
3991,1985,0.9993,5
3992,1112,0.9999,1
3992,4632,0.9999,2
3992,1725,0.9998,3
3992,864,0.9998,4
3992,5283,0.9998,5
3993,4045,1.0,1
3993,5949,1.0,2
3993,6721,1.0,3
3993,1699,0.9999,4
3993,2404,0.9999,5
3994,5442,1.0,1
3994,503,0.9999,2
3994,5133,0.9999,3
3994,1093,0.9999,4
3994,6229,0.9999,5
3995,3412,0.9999,1
3995,6312,0.9999,2
3995,841,0.9999,3
3995,5049,0.9998,4
3995,6245,0.9998,5
3996,413,0.999,1
3996,709,0.9989,2
3996,1092,0.9989,3
3996,2446,0.9988,4
3996,5472,0.9988,5
3997,4978,1.0,1
3997,2868,1.0,2
3997,941,1.0,3
3997,2711,1.0,4
3997,531,1.0,5
3998,3706,1.0,1
3998,5423,0.9998,2
3998,3097,0.9997,3
3998,50,0.9994,4
3998,7029,0.9993,5
3999,3721,1.0,1
3999,388,1.0,2
3999,2910,0.9996,3
3999,3892,0.9995,4
3999,6185,0.9995,5
4000,3498,1.0,1
4000,6412,1.0,2
4000,3596,1.0,3
4000,328,1.0,4
4000,6274,0.9999,5
4001,6148,1.0,1
4001,3136,0.9999,2
4001,5106,0.9999,3
4001,5669,0.9999,4
4001,309,0.9999,5
4002,2056,0.9999,1
4002,4686,0.9998,2
4002,604,0.9998,3
4002,5445,0.9998,4
4002,4223,0.9997,5
4003,4802,1.0,1
4003,1974,1.0,2
4003,6098,1.0,3
4003,5696,1.0,4
4003,6359,1.0,5
4004,3897,1.0,1
4004,2496,1.0,2
4004,5982,1.0,3
4004,2018,1.0,4
4004,4888,1.0,5
4005,5778,1.0,1
4005,5956,1.0,2
4005,5250,1.0,3
4005,1391,0.9999,4
4005,764,0.9999,5
4006,3866,1.0,1
4006,6980,1.0,2
4006,3984,1.0,3
4006,4642,1.0,4
4006,6537,1.0,5
4007,406,1.0,1
4007,6779,1.0,2
4007,1542,1.0,3
4007,1718,1.0,4
4007,5019,1.0,5
4008,5153,1.0,1
4008,4273,0.9999,2
4008,2242,0.9999,3
4008,6793,0.9999,4
4008,4128,0.9999,5
4009,1723,1.0,1
4009,1761,0.9995,2
4009,112,0.9993,3
4009,6965,0.9992,4
4009,4558,0.9991,5
4010,3406,0.9999,1
4010,1387,0.9999,2
4010,154,0.9999,3
4010,4716,0.9999,4
4010,7013,0.9997,5
4011,6389,1.0,1
4011,495,1.0,2
4011,2994,1.0,3
4011,5988,1.0,4
4011,3575,1.0,5
4012,2133,1.0,1
4012,4653,1.0,2
4012,1684,1.0,3
4012,1020,1.0,4
4012,6561,1.0,5
4013,6435,1.0,1
4013,3424,1.0,2
4013,4456,1.0,3
4013,1429,1.0,4
4013,3217,1.0,5
4014,236,1.0,1
4014,3812,1.0,2
4014,6110,1.0,3
4014,4824,0.9999,4
4014,1942,0.9999,5
4015,3900,1.0,1
4015,3966,0.9999,2
4015,1750,0.9998,3
4015,5296,0.9998,4
4015,1589,0.9997,5
4016,3233,0.9999,1
4016,980,0.9997,2
4016,1804,0.9997,3
4016,2089,0.9997,4
4016,6763,0.9997,5
4017,182,1.0,1
4017,6519,1.0,2
4017,1244,1.0,3
4017,6065,1.0,4
4017,2019,1.0,5
4018,1306,0.9998,1
4018,5508,0.9994,2
4018,2410,0.9993,3
4018,4362,0.9989,4
4018,1618,0.9988,5
4019,1213,1.0,1
4019,2863,1.0,2
4019,563,1.0,3
4019,5524,1.0,4
4019,4847,1.0,5
4020,6568,0.9998,1
4020,487,0.9998,2
4020,6715,0.9998,3
4020,52,0.9998,4
4020,6126,0.9998,5
4021,383,1.0,1
4021,3040,1.0,2
4021,7008,0.9999,3
4021,4784,0.9992,4
4021,6957,0.9987,5
4022,3676,1.0,1
4022,6970,1.0,2
4022,2838,1.0,3
4022,2829,1.0,4
4022,2893,1.0,5
4023,5039,1.0,1
4023,2213,1.0,2
4023,4203,1.0,3
4023,4194,1.0,4
4023,4800,1.0,5
4024,5579,1.0,1
4024,1105,1.0,2
4024,2856,1.0,3
4024,4442,1.0,4
4024,2835,1.0,5
4025,4219,1.0,1
4025,4401,1.0,2
4025,4971,1.0,3
4025,1945,0.9999,4
4025,617,0.9999,5
4026,2680,1.0,1
4026,1709,1.0,2
4026,6971,0.9999,3
4026,5070,0.9999,4
4026,6719,0.9999,5
4027,1736,1.0,1
4027,1694,1.0,2
4027,1876,1.0,3
4027,609,1.0,4
4027,438,1.0,5
4028,4858,1.0,1
4028,798,0.9999,2
4028,2384,0.9998,3
4028,2977,0.9997,4
4028,2083,0.9997,5
4029,6738,1.0,1
4029,4192,1.0,2
4029,1525,1.0,3
4029,3978,1.0,4
4029,2732,1.0,5
4030,6254,1.0,1
4030,5096,0.9998,2
4030,3175,0.9994,3
4030,3393,0.9994,4
4030,2003,0.9994,5
4031,4950,1.0,1
4031,3293,1.0,2
4031,4043,1.0,3
4031,3738,1.0,4
4031,280,0.9999,5
4032,2451,1.0,1
4032,1301,1.0,2
4032,551,1.0,3
4032,776,1.0,4
4032,4935,1.0,5
4033,6420,0.9999,1
4033,6139,0.9999,2
4033,3617,0.9997,3
4033,3475,0.9995,4
4033,5518,0.9994,5
4034,1887,1.0,1
4034,4143,1.0,2
4034,256,1.0,3
4034,304,0.9999,4
4034,5367,0.9999,5
4035,1408,1.0,1
4035,4659,1.0,2
4035,3540,0.9999,3
4035,3561,0.9999,4
4035,1735,0.9999,5
4036,1184,0.9999,1
4036,2286,0.9999,2
4036,251,0.9999,3
4036,6872,0.9999,4
4036,1872,0.9998,5
4037,1781,1.0,1
4037,2424,1.0,2
4037,2313,1.0,3
4037,5105,1.0,4
4037,6189,1.0,5
4038,6066,1.0,1
4038,4480,0.9999,2
4038,1204,0.9999,3
4038,6235,0.9999,4
4038,6857,0.9999,5
4039,2467,1.0,1
4039,4728,1.0,2
4039,6154,1.0,3
4039,5358,1.0,4
4039,5193,1.0,5
4040,6629,1.0,1
4040,3746,1.0,2
4040,2956,1.0,3
4040,152,0.9999,4
4040,5031,0.9999,5
4041,2349,0.9995,1
4041,6680,0.9989,2
4041,4240,0.9989,3
4041,4129,0.998,4
4041,1111,0.9974,5
4042,5797,0.9997,1
4042,5333,0.9992,2
4042,5613,0.9992,3
4042,6864,0.9991,4
4042,2895,0.999,5
4043,4031,1.0,1
4043,4950,1.0,2
4043,3293,1.0,3
4043,4943,0.9999,4
4043,3357,0.9999,5
4044,494,0.9998,1
4044,4211,0.9997,2
4044,6903,0.9986,3
4044,6398,0.9984,4
4044,7032,0.9983,5
4045,3993,1.0,1
4045,5949,1.0,2
4045,6721,1.0,3
4045,2404,0.9999,4
4045,1699,0.9999,5
4046,1043,0.9997,1
4046,3226,0.9994,2
4046,6799,0.9993,3
4046,2766,0.9993,4
4046,6336,0.9992,5
4047,1480,0.9998,1
4047,2387,0.9998,2
4047,6686,0.9998,3
4047,3973,0.9997,4
4047,1828,0.9997,5
4048,1414,0.9999,1
4048,862,0.9999,2
4048,1914,0.9999,3
4048,6124,0.9998,4
4048,2938,0.9998,5
4049,24,1.0,1
4049,4419,1.0,2
4049,272,0.9998,3
4049,4859,0.9998,4
4049,6125,0.9998,5
4050,2484,1.0,1
4050,3682,1.0,2
4050,5225,0.9999,3
4050,6454,0.9999,4
4050,1082,0.9999,5
4051,4075,1.0,1
4051,1442,1.0,2
4051,5750,0.9999,3
4051,5612,0.9999,4
4051,6718,0.9998,5
4052,2526,1.0,1
4052,6916,1.0,2
4052,2942,1.0,3
4052,871,1.0,4
4052,3422,1.0,5
4053,5649,0.9994,1
4053,3455,0.9984,2
4053,260,0.9983,3
4053,329,0.9983,4
4053,6040,0.998,5
4054,5936,0.9996,1
4054,963,0.9991,2
4054,3370,0.9984,3
4054,2287,0.9978,4
4054,2402,0.9975,5
4055,399,0.9996,1
4055,341,0.9993,2
4055,4368,0.9991,3
4055,3558,0.999,4
4055,1857,0.9979,5
4056,6896,1.0,1
4056,2003,0.9999,2
4056,4076,0.9998,3
4056,5096,0.9997,4
4056,3355,0.9995,5
4057,6086,1.0,1
4057,2145,1.0,2
4057,3779,1.0,3
4057,1048,1.0,4
4057,1011,0.9999,5
4058,2570,1.0,1
4058,3914,1.0,2
4058,4762,1.0,3
4058,1682,1.0,4
4058,1779,1.0,5
4059,3285,1.0,1
4059,623,1.0,2
4059,6112,0.9999,3
4059,381,0.9997,4
4059,547,0.9996,5
4060,4644,0.9998,1
4060,1915,0.9996,2
4060,75,0.9995,3
4060,4892,0.9995,4
4060,598,0.9995,5
4061,6477,0.9998,1
4061,5242,0.9998,2
4061,2633,0.9997,3
4061,6247,0.9996,4
4061,3856,0.9996,5
4062,1952,1.0,1
4062,1195,0.9999,2
4062,4982,0.9998,3
4062,6213,0.9997,4
4062,1038,0.9997,5
4063,4418,1.0,1
4063,2463,1.0,2
4063,3390,1.0,3
4063,275,1.0,4
4063,5394,1.0,5
4064,2799,1.0,1
4064,656,1.0,2
4064,6525,1.0,3
4064,1981,1.0,4
4064,2922,0.9999,5
4065,2828,1.0,1
4065,2857,1.0,2
4065,2704,1.0,3
4065,2153,1.0,4
4065,1447,1.0,5
4066,4492,1.0,1
4066,4157,1.0,2
4066,4243,1.0,3
4066,988,1.0,4
4066,5677,1.0,5
4067,1583,1.0,1
4067,2633,0.9999,2
4067,5242,0.9998,3
4067,2334,0.9998,4
4067,5329,0.9997,5
4068,3219,1.0,1
4068,4473,1.0,2
4068,4345,0.9999,3
4068,505,0.9999,4
4068,4540,0.9999,5
4069,1400,1.0,1
4069,1533,1.0,2
4069,3162,1.0,3
4069,5883,1.0,4
4069,6767,1.0,5
4070,4567,1.0,1
4070,2101,0.9999,2
4070,403,0.9999,3
4070,5485,0.9999,4
4070,6251,0.9999,5
4071,6239,0.9999,1
4071,964,0.9999,2
4071,2720,0.9998,3
4071,6582,0.9998,4
4071,5062,0.9998,5
4072,6835,0.9997,1
4072,4832,0.9989,2
4072,6261,0.9985,3
4072,5800,0.9985,4
4072,5566,0.9984,5
4073,2722,0.9999,1
4073,4369,0.9999,2
4073,2691,0.9999,3
4073,54,0.9998,4
4073,4519,0.9997,5
4074,1132,0.9997,1
4074,2257,0.9996,2
4074,6048,0.9996,3
4074,5170,0.9995,4
4074,4359,0.9994,5
4075,4051,1.0,1
4075,1442,1.0,2
4075,5750,0.9999,3
4075,5612,0.9999,4
4075,6718,0.9998,5
4076,4056,0.9998,1
4076,6896,0.9998,2
4076,2003,0.9997,3
4076,3355,0.9993,4
4076,5096,0.9992,5
4077,5905,1.0,1
4077,417,1.0,2
4077,6946,0.9999,3
4077,6251,0.9999,4
4077,5485,0.9999,5
4078,5020,1.0,1
4078,5793,0.9999,2
4078,2168,0.9999,3
4078,5756,0.9999,4
4078,1361,0.9999,5
4079,3065,0.9986,1
4079,1128,0.9983,2
4079,2513,0.9981,3
4079,1385,0.9981,4
4079,3198,0.9975,5
4080,507,0.9998,1
4080,6305,0.9996,2
4080,4532,0.9996,3
4080,6668,0.9995,4
4080,1106,0.9994,5
4081,235,1.0,1
4081,6516,1.0,2
4081,6210,0.9999,3
4081,2196,0.9996,4
4081,5831,0.9995,5
4082,6934,1.0,1
4082,5873,1.0,2
4082,6496,1.0,3
4082,810,1.0,4
4082,447,1.0,5
4083,46,1.0,1
4083,5902,1.0,2
4083,6462,0.9999,3
4083,3667,0.9999,4
4083,2182,0.9998,5
4084,2861,0.9999,1
4084,4266,0.9998,2
4084,2283,0.9998,3
4084,2244,0.9998,4
4084,5740,0.9997,5
4085,3940,0.9999,1
4085,3907,0.9999,2
4085,4760,0.9998,3
4085,2465,0.9998,4
4085,3772,0.9998,5
4086,2383,0.9991,1
4086,1147,0.9969,2
4086,6906,0.9963,3
4086,2753,0.9957,4
4086,5977,0.9956,5
4087,2221,1.0,1
4087,734,1.0,2
4087,1538,1.0,3
4087,5430,1.0,4
4087,2093,1.0,5
4088,4592,1.0,1
4088,2859,1.0,2
4088,3070,1.0,3
4088,3711,1.0,4
4088,634,1.0,5
4089,334,1.0,1
4089,6162,0.9998,2
4089,6315,0.9998,3
4089,5111,0.9998,4
4089,1127,0.9997,5
4090,6364,1.0,1
4090,6546,1.0,2
4090,1357,0.9999,3
4090,1722,0.9999,4
4090,1292,0.9998,5
4091,6340,1.0,1
4091,3042,1.0,2
4091,686,1.0,3
4091,2273,1.0,4
4091,7017,1.0,5
4092,5926,1.0,1
4092,4572,0.9995,2
4092,3065,0.9993,3
4092,3163,0.9992,4
4092,5833,0.9987,5
4093,4722,1.0,1
4093,296,1.0,2
4093,4388,1.0,3
4093,4132,1.0,4
4093,6339,1.0,5
4094,308,0.9999,1
4094,1092,0.9998,2
4094,709,0.9997,3
4094,413,0.9994,4
4094,4882,0.9989,5
4095,1287,1.0,1
4095,2511,1.0,2
4095,6376,1.0,3
4095,3133,1.0,4
4095,5161,1.0,5
4096,778,0.9998,1
4096,4947,0.9997,2
4096,1398,0.9997,3
4096,4754,0.9997,4
4096,1448,0.9996,5
4097,6803,1.0,1
4097,2908,1.0,2
4097,5243,0.9999,3
4097,3919,0.9999,4
4097,2393,0.9997,5
4098,2370,1.0,1
4098,5411,1.0,2
4098,1397,1.0,3
4098,1416,0.9999,4
4098,5149,0.9999,5
4099,101,1.0,1
4099,223,1.0,2
4099,5909,1.0,3
4099,1933,1.0,4
4099,6790,1.0,5
4100,5092,0.9999,1
4100,4990,0.9999,2
4100,5131,0.9996,3
4100,870,0.9996,4
4100,4899,0.9996,5
4101,5400,1.0,1
4101,3591,1.0,2
4101,69,1.0,3
4101,2092,1.0,4
4101,3810,1.0,5
4102,6121,1.0,1
4102,2692,0.9998,2
4102,1579,0.9998,3
4102,1690,0.9998,4
4102,3748,0.9994,5
4103,4471,1.0,1
4103,1738,0.9999,2
4103,3847,0.9999,3
4103,3540,0.9999,4
4103,2617,0.9999,5
4104,5182,1.0,1
4104,1612,1.0,2
4104,3623,1.0,3
4104,1903,1.0,4
4104,4268,1.0,5
4105,2589,1.0,1
4105,3189,1.0,2
4105,6616,0.9999,3
4105,4866,0.9999,4
4105,2062,0.9999,5
4106,3055,1.0,1
4106,6502,0.9999,2
4106,1998,0.9999,3
4106,5051,0.9999,4
4106,4448,0.9999,5
4107,319,1.0,1
4107,1619,0.9998,2
4107,1161,0.9998,3
4107,4640,0.9996,4
4107,5935,0.9996,5
4108,4698,1.0,1
4108,6093,1.0,2
4108,2902,1.0,3
4108,6291,0.9999,4
4108,2315,0.9999,5
4109,5960,1.0,1
4109,5650,1.0,2
4109,3301,1.0,3
4109,2988,1.0,4
4109,1393,1.0,5
4110,6134,1.0,1
4110,853,1.0,2
4110,2726,1.0,3
4110,3866,1.0,4
4110,4006,1.0,5
4111,4399,0.9999,1
4111,42,0.9999,2
4111,6149,0.9998,3
4111,97,0.9998,4
4111,4566,0.9998,5
4112,4631,1.0,1
4112,5492,0.9993,2
4112,2143,0.9992,3
4112,301,0.9991,4
4112,1128,0.9985,5
4113,564,1.0,1
4113,1328,1.0,2
4113,6672,1.0,3
4113,1421,0.9999,4
4113,1460,0.9999,5
4114,4188,1.0,1
4114,1463,1.0,2
4114,437,1.0,3
4114,1056,1.0,4
4114,2233,1.0,5
4115,1936,1.0,1
4115,4919,1.0,2
4115,4670,1.0,3
4115,6647,1.0,4
4115,7018,1.0,5
4116,2523,0.9998,1
4116,6743,0.9995,2
4116,2021,0.9995,3
4116,3769,0.9995,4
4116,5484,0.9995,5
4117,405,1.0,1
4117,624,1.0,2
4117,1934,1.0,3
4117,5552,1.0,4
4117,5643,1.0,5
4118,57,1.0,1
4118,4141,1.0,2
4118,890,1.0,3
4118,1397,0.9999,4
4118,1416,0.9999,5
4119,299,1.0,1
4119,243,0.9998,2
4119,6693,0.9998,3
4119,2129,0.9998,4
4119,3609,0.9998,5
4120,2576,1.0,1
4120,5862,1.0,2
4120,529,1.0,3
4120,3901,1.0,4
4120,6350,1.0,5
4121,2848,0.9999,1
4121,6643,0.9992,2
4121,706,0.9991,3
4121,5922,0.999,4
4121,3562,0.999,5
4122,6306,0.9999,1
4122,5935,0.9997,2
4122,4640,0.9996,3
4122,3641,0.9996,4
4122,4474,0.9995,5
4123,6891,0.9995,1
4123,1714,0.9994,2
4123,6273,0.9993,3
4123,2705,0.9992,4
4123,5211,0.9991,5
4124,5823,0.9998,1
4124,5254,0.9997,2
4124,4763,0.9995,3
4124,3624,0.9988,4
4124,3008,0.9988,5
4125,6127,0.9999,1
4125,646,0.9999,2
4125,56,0.9999,3
4125,511,0.9999,4
4125,506,0.9999,5
4126,1875,1.0,1
4126,376,0.9999,2
4126,5119,0.9998,3
4126,4736,0.9998,4
4126,171,0.9997,5
4127,6475,1.0,1
4127,2149,1.0,2
4127,5312,1.0,3
4127,3557,1.0,4
4127,5009,1.0,5
4128,6793,1.0,1
4128,2242,1.0,2
4128,4980,1.0,3
4128,1681,1.0,4
4128,4273,1.0,5
4129,5297,0.9997,1
4129,1366,0.9989,2
4129,6680,0.9988,3
4129,1111,0.9987,4
4129,4240,0.9986,5
4130,2521,0.9998,1
4130,2066,0.9995,2
4130,2644,0.9991,3
4130,5071,0.999,4
4130,702,0.9989,5
4131,2418,1.0,1
4131,5537,0.9999,2
4131,6685,0.9997,3
4131,766,0.9996,4
4131,1704,0.9995,5
4132,4722,1.0,1
4132,296,1.0,2
4132,4388,1.0,3
4132,4093,1.0,4
4132,6339,1.0,5
4133,4372,1.0,1
4133,2566,0.9999,2
4133,828,0.9999,3
4133,6205,0.9999,4
4133,1668,0.9999,5
4134,6560,1.0,1
4134,1625,1.0,2
4134,5380,1.0,3
4134,374,0.9999,4
4134,121,0.9999,5
4135,818,1.0,1
4135,4200,1.0,2
4135,5372,0.9999,3
4135,1251,0.9999,4
4135,2183,0.9999,5
4136,6991,1.0,1
4136,2060,0.9998,2
4136,5991,0.9997,3
4136,339,0.9997,4
4136,6691,0.9997,5
4137,5887,1.0,1
4137,6050,1.0,2
4137,3268,1.0,3
4137,5865,1.0,4
4137,1067,1.0,5
4138,5013,1.0,1
4138,5249,1.0,2
4138,914,1.0,3
4138,520,1.0,4
4138,1902,1.0,5
4139,3353,1.0,1
4139,2368,1.0,2
4139,1651,1.0,3
4139,5906,1.0,4
4139,535,1.0,5
4140,4367,1.0,1
4140,4704,0.9998,2
4140,1812,0.9998,3
4140,925,0.9994,4
4140,5921,0.9993,5
4141,4118,1.0,1
4141,57,1.0,2
4141,890,1.0,3
4141,1416,0.9999,4
4141,1397,0.9999,5
4142,2810,0.9989,1
4142,4984,0.9971,2
4142,4053,0.9971,3
4142,3455,0.9947,4
4142,5649,0.9943,5
4143,1887,1.0,1
4143,4034,1.0,2
4143,304,0.9999,3
4143,256,0.9999,4
4143,2834,0.9999,5
4144,816,1.0,1
4144,1549,0.9997,2
4144,1959,0.9994,3
4144,7039,0.9994,4
4144,3707,0.9994,5
4145,3365,1.0,1
4145,1703,1.0,2
4145,5699,1.0,3
4145,920,1.0,4
4145,4595,0.9999,5
4146,1558,0.9995,1
4146,5272,0.9992,2
4146,6604,0.9991,3
4146,4426,0.9987,4
4146,6048,0.9984,5
4147,2495,1.0,1
4147,1308,0.999,2
4147,4938,0.9984,3
4147,2316,0.9981,4
4147,398,0.9981,5
4148,3651,1.0,1
4148,5897,1.0,2
4148,145,1.0,3
4148,1777,1.0,4
4148,2507,1.0,5
4149,4954,1.0,1
4149,4306,1.0,2
4149,3782,1.0,3
4149,1049,1.0,4
4149,1643,1.0,5
4150,4727,0.9999,1
4150,3178,0.9999,2
4150,2216,0.9999,3
4150,6368,0.9998,4
4150,2051,0.9997,5
4151,353,1.0,1
4151,1286,1.0,2
4151,294,0.9999,3
4151,6061,0.9997,4
4151,2742,0.9997,5
4152,2980,0.9999,1
4152,4703,0.9994,2
4152,426,0.9992,3
4152,2941,0.999,4
4152,5890,0.9988,5
4153,1268,0.9999,1
4153,4643,0.9998,2
4153,4761,0.9998,3
4153,5347,0.9997,4
4153,730,0.9997,5
4154,1371,1.0,1
4154,6673,1.0,2
4154,2673,1.0,3
4154,2588,1.0,4
4154,1767,1.0,5
4155,3384,0.9999,1
4155,3115,0.9998,2
4155,1127,0.9998,3
4155,3225,0.9998,4
4155,4483,0.9998,5
4156,2690,1.0,1
4156,465,1.0,2
4156,527,0.9999,3
4156,4230,0.9999,4
4156,5538,0.9998,5
4157,4492,1.0,1
4157,4066,1.0,2
4157,4243,1.0,3
4157,988,1.0,4
4157,5677,1.0,5
4158,5857,0.9999,1
4158,6059,0.9999,2
4158,5172,0.9998,3
4158,290,0.9998,4
4158,434,0.9998,5
4159,1693,1.0,1
4159,3645,1.0,2
4159,5642,1.0,3
4159,4593,0.9999,4
4159,803,0.9999,5
4160,6172,1.0,1
4160,6447,0.9999,2
4160,2737,0.9999,3
4160,263,0.9998,4
4160,2458,0.9997,5
4161,4965,1.0,1
4161,3745,0.9999,2
4161,733,0.9991,3
4161,2154,0.999,4
4161,2446,0.999,5
4162,3639,1.0,1
4162,688,1.0,2
4162,1671,0.9999,3
4162,3632,0.9999,4
4162,6347,0.9999,5
4163,4994,1.0,1
4163,4311,1.0,2
4163,918,1.0,3
4163,944,1.0,4
4163,2973,1.0,5
4164,4717,0.9999,1
4164,343,0.9999,2
4164,5646,0.9998,3
4164,4416,0.9998,4
4164,5110,0.9998,5
4165,3768,1.0,1
4165,4935,1.0,2
4165,776,1.0,3
4165,1301,1.0,4
4165,2451,1.0,5
4166,774,0.9999,1
4166,5971,0.9998,2
4166,6832,0.9998,3
4166,2456,0.9998,4
4166,5924,0.9997,5
4167,5066,0.9986,1
4167,6043,0.9976,2
4167,5758,0.9966,3
4167,882,0.9966,4
4167,5744,0.9965,5
4168,2501,1.0,1
4168,3056,0.9998,2
4168,5427,0.9998,3
4168,2064,0.9998,4
4168,6871,0.9997,5
4169,5408,0.9994,1
4169,879,0.9992,2
4169,5462,0.9991,3
4169,5522,0.9989,4
4169,1322,0.9986,5
4170,1179,1.0,1
4170,1424,1.0,2
4170,3148,1.0,3
4170,567,1.0,4
4170,487,0.9999,5
4171,6729,1.0,1
4171,2668,1.0,2
4171,2604,1.0,3
4171,3898,1.0,4
4171,4738,1.0,5
4172,3646,1.0,1
4172,1356,1.0,2
4172,6444,1.0,3
4172,2355,1.0,4
4172,3934,1.0,5
4173,2978,1.0,1
4173,3458,1.0,2
4173,1737,1.0,3
4173,1253,1.0,4
4173,4633,1.0,5
4174,131,0.9998,1
4174,5147,0.9996,2
4174,4295,0.9996,3
4174,3354,0.9995,4
4174,6507,0.9993,5
4175,4651,0.9996,1
4175,117,0.9993,2
4175,2611,0.999,3
4175,832,0.9989,4
4175,1807,0.9988,5
4176,5310,1.0,1
4176,180,1.0,2
4176,722,1.0,3
4176,5929,1.0,4
4176,213,1.0,5
4177,6556,1.0,1
4177,2095,1.0,2
4177,4972,1.0,3
4177,2497,1.0,4
4177,6189,1.0,5
4178,6280,0.9998,1
4178,287,0.9995,2
4178,4208,0.9986,3
4178,1123,0.998,4
4178,2717,0.998,5
4179,404,1.0,1
4179,4730,0.9997,2
4179,430,0.9996,3
4179,218,0.9996,4
4179,4977,0.9996,5
4180,1086,0.9998,1
4180,1143,0.9996,2
4180,911,0.9996,3
4180,6709,0.9995,4
4180,3007,0.9993,5
4181,2432,1.0,1
4181,5412,0.9999,2
4181,6865,0.9999,3
4181,6510,0.9999,4
4181,3186,0.9999,5
4182,1275,1.0,1
4182,4267,1.0,2
4182,143,0.9999,3
4182,2740,0.9999,4
4182,2974,0.9999,5
4183,2164,1.0,1
4183,6101,1.0,2
4183,4449,0.9998,3
4183,2579,0.9996,4
4183,1412,0.9995,5
4184,678,1.0,1
4184,1852,0.9999,2
4184,1695,0.9999,3
4184,3906,0.9998,4
4184,7000,0.9998,5
4185,6202,1.0,1
4185,1899,0.9999,2
4185,2024,0.9999,3
4185,6838,0.9999,4
4185,1267,0.9999,5
4186,696,1.0,1
4186,5562,1.0,2
4186,4326,1.0,3
4186,200,1.0,4
4186,5739,1.0,5
4187,6877,1.0,1
4187,4251,0.9999,2
4187,4501,0.9999,3
4187,3610,0.9999,4
4187,5167,0.9999,5
4188,4114,1.0,1
4188,1463,1.0,2
4188,437,1.0,3
4188,1056,1.0,4
4188,2233,1.0,5
4189,5191,0.9999,1
4189,5723,0.9999,2
4189,708,0.9998,3
4189,5300,0.9998,4
4189,1412,0.9997,5
4190,833,0.9999,1
4190,3705,0.9999,2
4190,6730,0.9999,3
4190,6578,0.9999,4
4190,5573,0.9998,5
4191,5352,0.9998,1
4191,2025,0.9998,2
4191,6742,0.9998,3
4191,3386,0.9998,4
4191,5251,0.9997,5
4192,4029,1.0,1
4192,6738,1.0,2
4192,2732,1.0,3
4192,1525,0.9999,4
4192,3536,0.9999,5
4193,400,1.0,1
4193,5027,1.0,2
4193,5713,1.0,3
4193,1571,1.0,4
4193,4753,1.0,5
4194,4800,1.0,1
4194,3534,1.0,2
4194,255,1.0,3
4194,4203,1.0,4
4194,5732,1.0,5
4195,6310,1.0,1
4195,4332,1.0,2
4195,957,1.0,3
4195,3650,1.0,4
4195,4973,1.0,5
4196,4880,0.9999,1
4196,2891,0.9997,2
4196,1851,0.9994,3
4196,415,0.9994,4
4196,1428,0.9993,5
4197,5549,1.0,1
4197,1234,1.0,2
4197,1109,0.9999,3
4197,2190,0.9999,4
4197,4908,0.9999,5
4198,2876,1.0,1
4198,4549,0.9999,2
4198,157,0.9999,3
4198,2841,0.9995,4
4198,627,0.9995,5
4199,5527,0.9999,1
4199,4806,0.9998,2
4199,306,0.9998,3
4199,687,0.9998,4
4199,5928,0.9998,5
4200,818,1.0,1
4200,4135,1.0,2
4200,5372,0.9999,3
4200,945,0.9999,4
4200,3201,0.9999,5
4201,5768,1.0,1
4201,707,1.0,2
4201,5367,0.9999,3
4201,6625,0.9999,4
4201,1858,0.9999,5
4202,110,1.0,1
4202,1330,1.0,2
4202,1718,1.0,3
4202,5019,1.0,4
4202,6779,1.0,5
4203,2213,1.0,1
4203,4194,1.0,2
4203,4800,1.0,3
4203,3534,1.0,4
4203,255,1.0,5
4204,5113,1.0,1
4204,625,1.0,2
4204,1317,1.0,3
4204,4887,1.0,4
4204,5078,1.0,5
4205,5477,1.0,1
4205,1023,1.0,2
4205,5687,0.9999,3
4205,934,0.9998,4
4205,5494,0.9998,5
4206,789,1.0,1
4206,3633,0.9995,2
4206,943,0.9993,3
4206,4314,0.9993,4
4206,1809,0.9993,5
4207,2026,1.0,1
4207,5348,1.0,2
4207,6404,1.0,3
4207,2369,1.0,4
4207,1747,1.0,5
4208,6280,0.9994,1
4208,496,0.9994,2
4208,287,0.9988,3
4208,4178,0.9986,4
4208,349,0.9978,5
4209,3615,1.0,1
4209,325,0.9999,2
4209,6504,0.9999,3
4209,3715,0.9999,4
4209,304,0.9999,5
4210,5067,0.9999,1
4210,6184,0.9999,2
4210,5332,0.9999,3
4210,3503,0.9999,4
4210,4774,0.9998,5
4211,494,0.9999,1
4211,4044,0.9997,2
4211,2836,0.9985,3
4211,6725,0.9984,4
4211,2584,0.9981,5
4212,5134,0.9999,1
4212,4674,0.9999,2
4212,4315,0.9998,3
4212,5073,0.9998,4
4212,2564,0.9994,5
4213,971,1.0,1
4213,3456,1.0,2
4213,2655,1.0,3
4213,4955,1.0,4
4213,384,1.0,5
4214,3071,1.0,1
4214,4356,0.9999,2
4214,280,0.9999,3
4214,3738,0.9999,4
4214,5459,0.9999,5
4215,303,1.0,1
4215,2656,1.0,2
4215,6446,0.9999,3
4215,3979,0.9999,4
4215,2969,0.9999,5
4216,6413,1.0,1
4216,3953,1.0,2
4216,6794,1.0,3
4216,5809,1.0,4
4216,484,1.0,5
4217,849,1.0,1
4217,1364,1.0,2
4217,6190,1.0,3
4217,6660,1.0,4
4217,4271,1.0,5
4218,3007,1.0,1
4218,6709,1.0,2
4218,5124,0.9999,3
4218,1499,0.9999,4
4218,177,0.9999,5
4219,4025,1.0,1
4219,4401,1.0,2
4219,4971,1.0,3
4219,1945,0.9999,4
4219,617,0.9999,5
4220,3056,0.9998,1
4220,3149,0.9998,2
4220,6117,0.9998,3
4220,6871,0.9998,4
4220,1194,0.9998,5
4221,1848,1.0,1
4221,553,1.0,2
4221,2359,1.0,3
4221,5599,1.0,4
4221,2800,1.0,5
4222,6841,1.0,1
4222,2097,1.0,2
4222,5586,1.0,3
4222,5647,1.0,4
4222,311,1.0,5
4223,265,0.9999,1
4223,3670,0.9999,2
4223,4002,0.9997,3
4223,4890,0.9995,4
4223,1669,0.9994,5
4224,763,1.0,1
4224,5764,1.0,2
4224,1207,1.0,3
4224,1636,1.0,4
4224,5204,1.0,5
4225,4375,1.0,1
4225,1844,1.0,2
4225,6615,1.0,3
4225,1861,1.0,4
4225,1138,1.0,5
4226,1667,1.0,1
4226,3737,1.0,2
4226,5216,1.0,3
4226,6188,1.0,4
4226,4408,1.0,5
4227,5846,1.0,1
4227,5847,1.0,2
4227,5611,1.0,3
4227,66,0.9999,4
4227,2106,0.9999,5
4228,1620,0.9999,1
4228,6979,0.9999,2
4228,1296,0.9999,3
4228,4345,0.9999,4
4228,4473,0.9999,5
4229,6555,1.0,1
4229,3747,1.0,2
4229,3683,0.9999,3
4229,3295,0.9999,4
4229,6661,0.9999,5
4230,527,1.0,1
4230,465,1.0,2
4230,747,1.0,3
4230,1281,1.0,4
4230,2690,1.0,5
4231,5496,1.0,1
4231,2146,0.9999,2
4231,5004,0.9998,3
4231,6579,0.9997,4
4231,3345,0.9997,5
4232,5286,1.0,1
4232,2596,1.0,2
4232,1511,1.0,3
4232,1017,1.0,4
4232,1974,0.9999,5
4233,6238,1.0,1
4233,3970,1.0,2
4233,4641,1.0,3
4233,288,1.0,4
4233,2928,1.0,5
4234,2113,1.0,1
4234,538,0.9991,2
4234,1370,0.9986,3
4234,5880,0.9983,4
4234,3442,0.9976,5
4235,12,1.0,1
4235,1042,1.0,2
4235,3532,1.0,3
4235,6431,1.0,4
4235,3521,1.0,5
4236,1266,1.0,1
4236,4710,0.9999,2
4236,5946,0.9999,3
4236,2207,0.9999,4
4236,6815,0.9998,5
4237,4521,1.0,1
4237,6108,1.0,2
4237,5639,1.0,3
4237,4818,1.0,4
4237,6707,1.0,5
4238,1377,1.0,1
4238,1544,1.0,2
4238,6482,1.0,3
4238,1663,1.0,4
4238,37,1.0,5
4239,665,1.0,1
4239,139,1.0,2
4239,1789,1.0,3
4239,5089,1.0,4
4239,3771,1.0,5
4240,4041,0.9989,1
4240,4129,0.9986,2
4240,6748,0.9974,3
4240,2548,0.9973,4
4240,6680,0.9972,5
4241,2406,1.0,1
4241,4625,0.9999,2
4241,449,0.9999,3
4241,152,0.9999,4
4241,2401,0.9999,5
4242,5354,0.9991,1
4242,2171,0.9989,2
4242,3669,0.9988,3
4242,5767,0.9983,4
4242,367,0.9982,5
4243,4492,1.0,1
4243,4157,1.0,2
4243,4066,1.0,3
4243,988,1.0,4
4243,5677,1.0,5
4244,3692,1.0,1
4244,3579,0.9993,2
4244,6773,0.9935,3
4244,3603,0.9929,4
4244,4325,0.992,5
4245,2756,1.0,1
4245,2187,1.0,2
4245,89,1.0,3
4245,2943,1.0,4
4245,6724,1.0,5
4246,3231,1.0,1
4246,1515,1.0,2
4246,5850,1.0,3
4246,1137,1.0,4
4246,1591,1.0,5
4247,6356,1.0,1
4247,105,1.0,2
4247,3034,1.0,3
4247,1587,0.9999,4
4247,2046,0.9999,5
4248,5322,1.0,1
4248,6409,1.0,2
4248,2535,1.0,3
4248,2246,0.9999,4
4248,5201,0.9999,5
4249,5314,0.9999,1
4249,1947,0.9999,2
4249,2310,0.9999,3
4249,6079,0.9999,4
4249,2797,0.9999,5
4250,5303,0.9999,1
4250,4813,0.9997,2
4250,2308,0.9997,3
4250,1212,0.9997,4
4250,6076,0.9996,5
4251,1546,1.0,1
4251,491,1.0,2
4251,2672,1.0,3
4251,340,0.9999,4
4251,2738,0.9999,5
4252,6547,0.9988,1
4252,1916,0.9987,2
4252,226,0.9976,3
4252,6706,0.9963,4
4252,4310,0.996,5
4253,1529,1.0,1
4253,6848,0.9995,2
4253,5002,0.9994,3
4253,4599,0.9994,4
4253,807,0.9993,5
4254,312,1.0,1
4254,7,1.0,2
4254,762,0.9999,3
4254,5195,0.9999,4
4254,4815,0.9997,5
4255,703,0.9999,1
4255,1392,0.9995,2
4255,594,0.9993,3
4255,2156,0.9991,4
4255,6713,0.9991,5
4256,3687,1.0,1
4256,2779,0.9998,2
4256,45,0.9997,3
4256,1473,0.9997,4
4256,2123,0.9997,5
4257,2503,1.0,1
4257,3863,1.0,2
4257,5364,1.0,3
4257,5509,1.0,4
4257,5280,1.0,5
4258,4794,1.0,1
4258,1069,1.0,2
4258,1927,1.0,3
4258,2837,1.0,4
4258,2006,0.9999,5
4259,631,1.0,1
4259,614,0.9999,2
4259,2075,0.9999,3
4259,5230,0.9999,4
4259,3876,0.9996,5
4260,147,1.0,1
4260,1521,1.0,2
4260,4476,1.0,3
4260,2435,1.0,4
4260,5867,1.0,5
4261,5947,0.9999,1
4261,1396,0.9998,2
4261,769,0.9997,3
4261,191,0.9996,4
4261,2129,0.9996,5
4262,1183,0.9999,1
4262,6768,0.9998,2
4262,3522,0.9998,3
4262,4822,0.9998,4
4262,4475,0.9998,5
4263,3918,0.9994,1
4263,3498,0.9994,2
4263,2901,0.9994,3
4263,1326,0.9994,4
4263,4000,0.9993,5
4264,2560,1.0,1
4264,552,1.0,2
4264,4738,1.0,3
4264,3898,1.0,4
4264,851,1.0,5
4265,2312,0.9998,1
4265,1504,0.9998,2
4265,2277,0.9998,3
4265,3682,0.9996,4
4265,2484,0.9995,5
4266,2283,1.0,1
4266,2244,1.0,2
4266,4605,0.9999,3
4266,3477,0.9999,4
4266,2861,0.9999,5
4267,4182,1.0,1
4267,1275,1.0,2
4267,5792,0.9999,3
4267,3958,0.9999,4
4267,2740,0.9999,5
4268,2616,1.0,1
4268,3623,1.0,2
4268,1612,1.0,3
4268,4104,1.0,4
4268,5182,1.0,5
4269,1763,1.0,1
4269,439,1.0,2
4269,6940,0.9999,3
4269,6161,0.9994,4
4269,320,0.9994,5
4270,1900,0.9999,1
4270,4939,0.9999,2
4270,5371,0.9997,3
4270,4435,0.9997,4
4270,4597,0.9997,5
4271,6660,1.0,1
4271,2718,1.0,2
4271,849,1.0,3
4271,4217,1.0,4
4271,1364,1.0,5
4272,3574,1.0,1
4272,3324,1.0,2
4272,4440,1.0,3
4272,1345,1.0,4
4272,3720,0.9999,5
4273,2242,1.0,1
4273,6793,1.0,2
4273,4128,1.0,3
4273,4980,1.0,4
4273,1681,1.0,5
4274,6445,0.9999,1
4274,6419,0.9999,2
4274,2124,0.9998,3
4274,68,0.9998,4
4274,1553,0.9998,5
4275,5686,1.0,1
4275,1980,0.9999,2
4275,2231,0.9999,3
4275,5087,0.9999,4
4275,3119,0.9998,5
4276,2372,1.0,1
4276,6150,1.0,2
4276,283,1.0,3
4276,377,1.0,4
4276,6608,1.0,5
4277,2055,1.0,1
4277,47,1.0,2
4277,2663,1.0,3
4277,3849,1.0,4
4277,71,0.9999,5
4278,122,1.0,1
4278,5640,1.0,2
4278,6282,1.0,3
4278,6808,1.0,4
4278,1142,1.0,5
4279,1598,1.0,1
4279,2468,0.9998,2
4279,1574,0.9998,3
4279,6681,0.9998,4
4279,5356,0.9998,5
4280,2537,1.0,1
4280,6199,1.0,2
4280,3972,1.0,3
4280,2332,0.9999,4
4280,197,0.9997,5
4281,2253,1.0,1
4281,1289,1.0,2
4281,6876,1.0,3
4281,2875,1.0,4
4281,138,1.0,5
4282,1334,1.0,1
4282,3874,0.9998,2
4282,885,0.9998,3
4282,6748,0.9993,4
4282,5217,0.9993,5
4283,1443,0.9999,1
4283,326,0.9999,2
4283,1969,0.9998,3
4283,6498,0.9998,4
4283,2476,0.9996,5
4284,6166,1.0,1
4284,1564,0.9999,2
4284,5369,0.9999,3
4284,4852,0.9999,4
4284,2971,0.9999,5
4285,948,1.0,1
4285,2396,0.9999,2
4285,1978,0.9999,3
4285,4361,0.9997,4
4285,2086,0.9997,5
4286,4298,1.0,1
4286,38,0.9997,2
4286,3854,0.9997,3
4286,1843,0.9995,4
4286,4997,0.9993,5
4287,3664,1.0,1
4287,5429,0.9997,2
4287,2017,0.9996,3
4287,5460,0.9995,4
4287,544,0.9994,5
4288,6113,1.0,1
4288,5241,1.0,2
4288,4793,0.9999,3
4288,3039,0.9999,4
4288,610,0.9999,5
4289,1904,1.0,1
4289,6025,1.0,2
4289,4951,0.9999,3
4289,6446,0.9999,4
4289,3979,0.9998,5
4290,1749,1.0,1
4290,5173,1.0,2
4290,5298,1.0,3
4290,1217,1.0,4
4290,6700,1.0,5
4291,5065,0.9999,1
4291,2755,0.9998,2
4291,777,0.9996,3
4291,5547,0.9995,4
4291,6044,0.9995,5
4292,2509,1.0,1
4292,5005,1.0,2
4292,3536,0.9999,3
4292,2603,0.9999,4
4292,6936,0.9999,5
4293,2437,1.0,1
4293,3008,0.9999,2
4293,79,0.9998,3
4293,2144,0.9998,4
4293,307,0.9998,5
4294,1752,1.0,1
4294,3568,1.0,2
4294,1985,0.9998,3
4294,6869,0.9997,4
4294,5729,0.9996,5
4295,3354,1.0,1
4295,4734,0.9999,2
4295,2867,0.9999,3
4295,4547,0.9999,4
4295,3001,0.9999,5
4296,1577,0.9999,1
4296,2836,0.9996,2
4296,6957,0.9995,3
4296,5718,0.999,4
4296,7008,0.9986,5
4297,2543,1.0,1
4297,2316,0.9991,2
4297,2379,0.9973,3
4297,6676,0.9971,4
4297,398,0.9969,5
4298,4286,1.0,1
4298,3854,0.9998,2
4298,38,0.9997,3
4298,4964,0.9993,4
4298,1843,0.9993,5
4299,5387,1.0,1
4299,1850,0.9999,2
4299,1735,0.9999,3
4299,3663,0.9999,4
4299,662,0.9998,5
4300,1865,0.9985,1
4300,3558,0.9979,2
4300,341,0.9976,3
4300,2043,0.9969,4
4300,399,0.9967,5
4301,3740,1.0,1
4301,3220,1.0,2
4301,6011,1.0,3
4301,197,1.0,4
4301,6372,1.0,5
4302,757,1.0,1
4302,873,1.0,2
4302,5972,1.0,3
4302,6377,1.0,4
4302,1354,1.0,5
4303,1365,0.9999,1
4303,414,0.9999,2
4303,3662,0.9999,3
4303,3264,0.9998,4
4303,1860,0.9997,5
4304,80,1.0,1
4304,1155,0.9999,2
4304,6587,0.9999,3
4304,1430,0.9999,4
4304,424,0.9998,5
4305,5075,1.0,1
4305,6952,1.0,2
4305,1616,0.9999,3
4305,85,0.9999,4
4305,2323,0.9999,5
4306,4954,1.0,1
4306,4149,1.0,2
4306,1049,1.0,3
4306,1643,1.0,4
4306,3156,1.0,5
4307,1445,0.9998,1
4307,3138,0.9998,2
4307,4718,0.9995,3
4307,1674,0.9993,4
4307,1458,0.9993,5
4308,3842,0.9999,1
4308,2397,0.9998,2
4308,3306,0.9998,3
4308,2575,0.9997,4
4308,3287,0.9997,5
4309,2905,0.999,1
4309,3421,0.999,2
4309,462,0.999,3
4309,1886,0.999,4
4309,3932,0.9989,5
4310,5984,1.0,1
4310,6706,0.9999,2
4310,2693,0.9997,3
4310,5074,0.9993,4
4310,4570,0.9983,5
4311,4994,1.0,1
4311,918,1.0,2
4311,4163,1.0,3
4311,944,1.0,4
4311,2973,1.0,5
4312,4711,0.9996,1
4312,1803,0.9996,2
4312,1054,0.9996,3
4312,3595,0.9995,4
4312,3681,0.9994,5
4313,2644,0.9995,1
4313,932,0.9991,2
4313,5294,0.9984,3
4313,254,0.9983,4
4313,206,0.9982,5
4314,1809,1.0,1
4314,3479,0.9999,2
4314,2040,0.9994,3
4314,2058,0.9994,4
4314,4206,0.9993,5
4315,4212,0.9998,1
4315,4674,0.9998,2
4315,5134,0.9995,3
4315,100,0.9995,4
4315,5073,0.9994,5
4316,3031,1.0,1
4316,6847,1.0,2
4316,3552,1.0,3
4316,5641,1.0,4
4316,2195,1.0,5
4317,3356,0.9999,1
4317,6573,0.9999,2
4317,4380,0.9999,3
4317,1948,0.9999,4
4317,4583,0.9999,5
4318,3928,1.0,1
4318,1931,1.0,2
4318,6614,1.0,3
4318,6234,1.0,4
4318,1879,1.0,5
4319,2480,1.0,1
4319,3712,0.9999,2
4319,4817,0.9998,3
4319,5986,0.9997,4
4319,2792,0.9997,5
4320,2970,1.0,1
4320,6936,1.0,2
4320,2278,1.0,3
4320,94,0.9999,4
4320,3536,0.9999,5
4321,5069,1.0,1
4321,1946,1.0,2
4321,4921,1.0,3
4321,3376,1.0,4
4321,317,1.0,5
4322,5135,0.9999,1
4322,5907,0.9999,2
4322,5500,0.9998,3
4322,5544,0.9998,4
4322,6954,0.9997,5
4323,4649,1.0,1
4323,1000,1.0,2
4323,5861,1.0,3
4323,1597,1.0,4
4323,6309,1.0,5
4324,3048,1.0,1
4324,254,1.0,2
4324,718,0.9992,3
4324,3465,0.9992,4
4324,5428,0.9991,5
4325,3579,0.9961,1
4325,4511,0.9956,2
4325,3603,0.9949,3
4325,4340,0.9941,4
4325,7034,0.9928,5
4326,200,1.0,1
4326,4186,1.0,2
4326,761,1.0,3
4326,696,1.0,4
4326,5562,1.0,5
4327,3005,1.0,1
4327,5141,1.0,2
4327,5355,1.0,3
4327,643,1.0,4
4327,2398,0.9999,5
4328,5601,1.0,1
4328,422,1.0,2
4328,563,1.0,3
4328,1213,1.0,4
4328,4019,0.9999,5
4329,6213,0.9999,1
4329,2721,0.9999,2
4329,1195,0.9997,3
4329,4982,0.9997,4
4329,1952,0.9997,5
4330,4504,1.0,1
4330,903,1.0,2
4330,3087,0.9998,3
4330,1559,0.9997,4
4330,4411,0.9997,5
4331,7036,0.9999,1
4331,4461,0.9995,2
4331,3484,0.9993,3
4331,5036,0.9992,4
4331,1200,0.9982,5
4332,6310,1.0,1
4332,957,1.0,2
4332,3650,1.0,3
4332,4195,1.0,4
4332,4973,1.0,5
4333,6403,1.0,1
4333,6273,0.9998,2
4333,5211,0.9998,3
4333,2107,0.9998,4
4333,2705,0.9998,5
4334,4857,0.9999,1
4334,5957,0.9999,2
4334,891,0.9997,3
4334,1228,0.9994,4
4334,6176,0.9994,5
4335,3988,1.0,1
4335,1628,0.9999,2
4335,2123,0.9997,3
4335,6045,0.9997,4
4335,978,0.9996,5
4336,3802,1.0,1
4336,1632,0.9999,2
4336,2335,0.9996,3
4336,5037,0.9996,4
4336,1991,0.9996,5
4337,5320,1.0,1
4337,5795,1.0,2
4337,6602,1.0,3
4337,6478,1.0,4
4337,746,1.0,5
4338,6883,1.0,1
4338,1277,1.0,2
4338,1485,1.0,3
4338,1818,0.9999,4
4338,4825,0.9997,5
4339,5285,1.0,1
4339,4929,0.9999,2
4339,6135,0.9999,3
4339,7030,0.9998,4
4339,1573,0.9997,5
4340,7034,0.9998,1
4340,4511,0.9995,2
4340,1897,0.9994,3
4340,4816,0.9985,4
4340,5771,0.9984,5
4341,2843,0.9999,1
4341,4750,0.9999,2
4341,3697,0.9999,3
4341,6459,0.9999,4
4341,5392,0.9999,5
4342,393,1.0,1
4342,6674,1.0,2
4342,4998,1.0,3
4342,951,1.0,4
4342,3944,0.9999,5
4343,2776,0.9999,1
4343,7032,0.9994,2
4343,4862,0.9989,3
4343,4703,0.9989,4
4343,2941,0.9986,5
4344,2001,0.9999,1
4344,5840,0.9999,2
4344,289,0.9999,3
4344,178,0.9999,4
4344,5628,0.9998,5
4345,4473,1.0,1
4345,4228,0.9999,2
4345,4068,0.9999,3
4345,3219,0.9999,4
4345,1620,0.9999,5
4346,3284,1.0,1
4346,4844,1.0,2
4346,1214,1.0,3
4346,5274,1.0,4
4346,1909,1.0,5
4347,3758,1.0,1
4347,5311,0.9998,2
4347,6997,0.9998,3
4347,6856,0.9998,4
4347,247,0.9996,5
4348,6710,1.0,1
4348,1927,0.9999,2
4348,2006,0.9999,3
4348,4258,0.9999,4
4348,6527,0.9999,5
4349,5337,1.0,1
4349,3111,1.0,2
4349,1734,1.0,3
4349,368,1.0,4
4349,584,1.0,5
4350,1372,0.9999,1
4350,1652,0.9999,2
4350,6553,0.9999,3
4350,5040,0.9999,4
4350,6688,0.9999,5
4351,830,0.9997,1
4351,1990,0.9985,2
4351,2539,0.9975,3
4351,5602,0.9972,4
4351,2226,0.996,5
4352,6035,1.0,1
4352,3942,1.0,2
4352,4615,1.0,3
4352,5093,1.0,4
4352,4204,1.0,5
4353,2938,0.9999,1
4353,1951,0.9999,2
4353,6520,0.9999,3
4353,2567,0.9999,4
4353,2852,0.9999,5
4354,1206,1.0,1
4354,1562,1.0,2
4354,673,1.0,3
4354,3672,1.0,4
4354,460,1.0,5
4355,6628,1.0,1
4355,1285,1.0,2
4355,6466,1.0,3
4355,5919,1.0,4
4355,6201,1.0,5
4356,2775,1.0,1
4356,4214,0.9999,2
4356,124,0.9999,3
4356,5459,0.9999,4
4356,3071,0.9999,5
4357,6945,1.0,1
4357,3194,1.0,2
4357,3809,1.0,3
4357,2751,1.0,4
4357,5668,1.0,5
4358,6277,1.0,1
4358,846,1.0,2
4358,2251,1.0,3
4358,3840,1.0,4
4358,5327,1.0,5
4359,1132,0.9996,1
4359,6048,0.9995,2
4359,4074,0.9994,3
4359,2772,0.9989,4
4359,5272,0.9988,5
4360,4525,1.0,1
4360,2275,0.9999,2
4360,1963,0.9998,3
4360,6899,0.9996,4
4360,6341,0.9996,5
4361,2396,0.9999,1
4361,1978,0.9999,2
4361,1629,0.9999,3
4361,3564,0.9998,4
4361,4285,0.9997,5
4362,5221,0.9996,1
4362,4018,0.9989,2
4362,1883,0.9985,3
4362,1306,0.9984,4
4362,5508,0.9979,5
4363,6658,1.0,1
4363,2323,1.0,2
4363,85,1.0,3
4363,1616,1.0,4
4363,6952,1.0,5
4364,5941,1.0,1
4364,2626,0.9999,2
4364,523,0.9999,3
4364,5536,0.9999,4
4364,6796,0.9999,5
4365,1541,1.0,1
4365,4384,1.0,2
4365,44,1.0,3
4365,4366,1.0,4
4365,924,1.0,5
4366,44,1.0,1
4366,924,1.0,2
4366,4384,1.0,3
4366,1541,1.0,4
4366,4365,1.0,5
4367,4140,1.0,1
4367,4704,0.9999,2
4367,1812,0.9999,3
4367,5921,0.9994,4
4367,925,0.9993,5
4368,4055,0.9991,1
4368,399,0.9988,2
4368,1857,0.9987,3
4368,341,0.998,4
4368,5745,0.9978,5
4369,54,0.9999,1
4369,4519,0.9999,2
4369,2691,0.9999,3
4369,4073,0.9999,4
4369,2722,0.9997,5
4370,1318,1.0,1
4370,5632,1.0,2
4370,2842,1.0,3
4370,4899,1.0,4
4370,5953,0.9999,5
4371,5535,0.9999,1
4371,712,0.9995,2
4371,2119,0.9994,3
4371,4378,0.9993,4
4371,5064,0.9993,5
4372,2566,1.0,1
4372,4133,1.0,2
4372,6205,1.0,3
4372,828,0.9999,4
4372,5894,0.9999,5
4373,4960,1.0,1
4373,2084,1.0,2
4373,2135,1.0,3
4373,23,1.0,4
4373,1339,1.0,5
4374,6930,1.0,1
4374,5125,1.0,2
4374,1241,1.0,3
4374,2619,1.0,4
4374,1166,1.0,5
4375,4225,1.0,1
4375,1844,1.0,2
4375,6615,1.0,3
4375,1861,1.0,4
4375,1138,1.0,5
4376,5010,0.9999,1
4376,6290,0.9998,2
4376,2342,0.9997,3
4376,1037,0.9997,4
4376,6298,0.9997,5
4377,5895,1.0,1
4377,875,1.0,2
4377,6265,0.9999,3
4377,6461,0.9999,4
4377,2150,0.9998,5
4378,2119,1.0,1
4378,2040,0.9998,2
4378,2058,0.9997,3
4378,767,0.9995,4
4378,5535,0.9994,5
4379,6737,1.0,1
4379,7001,1.0,2
4379,2982,1.0,3
4379,6868,1.0,4
4379,5731,0.9999,5
4380,3356,1.0,1
4380,6573,0.9999,2
4380,6874,0.9999,3
4380,1419,0.9999,4
4380,1099,0.9999,5
4381,3332,1.0,1
4381,754,1.0,2
4381,5219,1.0,3
4381,1075,1.0,4
4381,1940,1.0,5
4382,630,1.0,1
4382,644,1.0,2
4382,2385,0.9999,3
4382,1274,0.9997,4
4382,6994,0.9996,5
4383,3527,0.9998,1
4383,1893,0.9997,2
4383,688,0.9996,3
4383,4162,0.9995,4
4383,4929,0.9995,5
4384,44,1.0,1
4384,4366,1.0,2
4384,1541,1.0,3
4384,4365,1.0,4
4384,924,1.0,5
4385,5247,1.0,1
4385,5038,1.0,2
4385,6539,1.0,3
4385,4917,1.0,4
4385,533,1.0,5
4386,2724,1.0,1
4386,1005,1.0,2
4386,3360,1.0,3
4386,4415,1.0,4
4386,3172,1.0,5
4387,1276,0.9999,1
4387,3281,0.9998,2
4387,3753,0.9996,3
4387,3462,0.9995,4
4387,2107,0.9995,5
4388,4722,1.0,1
4388,296,1.0,2
4388,4132,1.0,3
4388,4093,1.0,4
4388,6339,1.0,5
4389,3174,1.0,1
4389,3033,1.0,2
4389,6123,1.0,3
4389,6432,1.0,4
4389,3813,1.0,5
4390,5426,1.0,1
4390,3865,1.0,2
4390,4536,1.0,3
4390,2605,0.9996,4
4390,423,0.9996,5
4391,2894,0.9994,1
4391,6576,0.9993,2
4391,1073,0.9992,3
4391,1490,0.9992,4
4391,3280,0.9988,5
4392,3489,0.9999,1
4392,2392,0.9998,2
4392,5270,0.9998,3
4392,3947,0.9997,4
4392,2556,0.9997,5
4393,3314,1.0,1
4393,1817,1.0,2
4393,2990,1.0,3
4393,368,1.0,4
4393,311,1.0,5
4394,6880,0.9999,1
4394,2879,0.9993,2
4394,2876,0.9993,3
4394,4198,0.9991,4
4394,5243,0.9989,5
4395,6111,1.0,1
4395,4437,0.9994,2
4395,1627,0.9993,3
4395,2201,0.999,4
4395,2997,0.9987,5
4396,2211,1.0,1
4396,4685,1.0,2
4396,5259,1.0,3
4396,3814,0.9999,4
4396,6279,0.9999,5
4397,6510,1.0,1
4397,3186,1.0,2
4397,1335,1.0,3
4397,3653,1.0,4
4397,5412,1.0,5
4398,5849,1.0,1
4398,107,1.0,2
4398,4976,1.0,3
4398,4787,1.0,4
4398,5226,1.0,5
4399,42,1.0,1
4399,4111,0.9999,2
4399,1391,0.9997,3
4399,790,0.9997,4
4399,5956,0.9997,5
4400,1672,1.0,1
4400,1702,1.0,2
4400,2813,1.0,3
4400,3504,0.9999,4
4400,5450,0.9999,5
4401,4971,1.0,1
4401,4219,1.0,2
4401,4025,1.0,3
4401,1945,0.9999,4
4401,617,0.9999,5
4402,786,1.0,1
4402,614,0.9998,2
4402,4259,0.9995,3
4402,631,0.9995,4
4402,2075,0.9994,5
4403,1181,0.9999,1
4403,983,0.9998,2
4403,6407,0.9995,3
4403,1110,0.9995,4
4403,5684,0.9995,5
4404,4431,0.9991,1
4404,5880,0.9972,2
4404,1370,0.9969,3
4404,2882,0.9968,4
4404,2915,0.9953,5
4405,6733,1.0,1
4405,2005,1.0,2
4405,1068,1.0,3
4405,2790,0.9999,4
4405,2652,0.9999,5
4406,883,1.0,1
4406,6003,0.9999,2
4406,2351,0.9999,3
4406,3068,0.9999,4
4406,6013,0.9998,5
4407,1114,1.0,1
4407,3975,0.9999,2
4407,3315,0.9994,3
4407,6392,0.9992,4
4407,1040,0.9991,5
4408,4226,1.0,1
4408,1667,1.0,2
4408,2460,1.0,3
4408,3737,1.0,4
4408,5216,1.0,5
4409,1673,1.0,1
4409,1874,0.9999,2
4409,5614,0.9999,3
4409,6696,0.9999,4
4409,566,0.9999,5
4410,5842,0.9999,1
4410,1170,0.9997,2
4410,6548,0.9987,3
4410,104,0.9987,4
4410,5015,0.9987,5
4411,5992,1.0,1
4411,1559,0.9999,2
4411,5080,0.9998,3
4411,903,0.9997,4
4411,4504,0.9997,5
4412,2890,0.9998,1
4412,363,0.9998,2
4412,5856,0.9994,3
4412,5383,0.9993,4
4412,2259,0.9989,5
4413,1407,1.0,1
4413,3980,1.0,2
4413,5146,1.0,3
4413,2063,1.0,4
4413,1036,1.0,5
4414,912,0.9996,1
4414,4811,0.9996,2
4414,5761,0.9995,3
4414,1493,0.9995,4
4414,1309,0.9994,5
4415,3172,1.0,1
4415,2724,1.0,2
4415,4386,1.0,3
4415,1005,1.0,4
4415,3360,1.0,5
4416,5110,1.0,1
4416,6851,1.0,2
4416,4717,0.9999,3
4416,1351,0.9999,4
4416,5920,0.9999,5
4417,4963,0.9997,1
4417,923,0.9996,2
4417,5874,0.9995,3
4417,5785,0.9995,4
4417,429,0.9995,5
4418,2463,1.0,1
4418,4063,1.0,2
4418,5117,1.0,3
4418,4485,1.0,4
4418,275,1.0,5
4419,24,1.0,1
4419,4049,1.0,2
4419,1187,0.9999,3
4419,272,0.9998,4
4419,4859,0.9998,5
4420,2260,1.0,1
4420,3028,1.0,2
4420,2460,1.0,3
4420,4408,1.0,4
4420,4226,1.0,5
4421,6798,0.9999,1
4421,3421,0.999,2
4421,6349,0.9989,3
4421,3426,0.9981,4
4421,1032,0.9965,5
4422,3188,0.9998,1
4422,5828,0.9997,2
4422,3263,0.9996,3
4422,6940,0.9994,4
4422,126,0.9994,5
4423,515,0.9995,1
4423,577,0.9994,2
4423,2324,0.9994,3
4423,3443,0.9993,4
4423,5519,0.9992,5
4424,794,0.9976,1
4424,3274,0.9973,2
4424,5016,0.9972,3
4424,2915,0.9968,4
4424,2245,0.9955,5
4425,2047,1.0,1
4425,5951,1.0,2
4425,186,1.0,3
4425,273,1.0,4
4425,894,1.0,5
4426,6336,0.9999,1
4426,480,0.9996,2
4426,1043,0.9996,3
4426,150,0.9995,4
4426,6348,0.9995,5
4427,5054,0.9999,1
4427,4533,0.9996,2
4427,4870,0.9996,3
4427,1200,0.9996,4
4427,5963,0.9995,5
4428,6527,1.0,1
4428,1229,1.0,2
4428,2006,1.0,3
4428,1927,0.9999,4
4428,4258,0.9999,5
4429,3288,0.9995,1
4429,209,0.9992,2
4429,5155,0.9991,3
4429,5511,0.9991,4
4429,5102,0.9991,5
4430,6437,1.0,1
4430,6750,1.0,2
4430,752,1.0,3
4430,2010,1.0,4
4430,3952,1.0,5
4431,4404,0.9991,1
4431,5880,0.9987,2
4431,1370,0.9986,3
4431,5830,0.9972,4
4431,3590,0.9966,5
4432,1452,1.0,1
4432,3137,0.9995,2
4432,3163,0.9994,3
4432,2855,0.9994,4
4432,2337,0.9994,5
4433,6986,1.0,1
4433,1501,1.0,2
4433,5901,1.0,3
4433,2638,0.9998,4
4433,6060,0.9991,5
4434,5070,1.0,1
4434,3756,1.0,2
4434,4227,0.9999,3
4434,5846,0.9999,4
4434,5847,0.9999,5
4435,5371,1.0,1
4435,2137,0.9997,2
4435,4270,0.9997,3
4435,826,0.9997,4
4435,4939,0.9996,5
4436,2087,1.0,1
4436,4512,1.0,2
4436,5801,0.9999,3
4436,5981,0.9999,4
4436,4828,0.9996,5
4437,6111,0.9997,1
4437,6058,0.9995,2
4437,2997,0.9994,3
4437,4395,0.9994,4
4437,3018,0.9989,5
4438,2740,0.9999,1
4438,6083,0.9999,2
4438,143,0.9999,3
4438,3283,0.9999,4
4438,1421,0.9999,5
4439,5409,1.0,1
4439,5928,1.0,2
4439,687,1.0,3
4439,3177,1.0,4
4439,5527,0.9999,5
4440,3324,1.0,1
4440,1345,1.0,2
4440,4272,1.0,3
4440,3574,1.0,4
4440,3720,0.9999,5
4441,3974,1.0,1
4441,5529,0.9997,2
4441,1962,0.9997,3
4441,4985,0.9997,4
4441,1792,0.9993,5
4442,2835,1.0,1
4442,2492,1.0,2
4442,5579,1.0,3
4442,1700,1.0,4
4442,4024,1.0,5
4443,1935,0.9999,1
4443,1773,0.9999,2
4443,6505,0.9999,3
4443,3304,0.9999,4
4443,1362,0.9999,5
4444,2364,1.0,1
4444,956,1.0,2
4444,323,1.0,3
4444,6378,1.0,4
4444,2864,1.0,5
4445,758,1.0,1
4445,6158,1.0,2
4445,4942,1.0,3
4445,6259,1.0,4
4445,3050,1.0,5
4446,1107,1.0,1
4446,5411,0.9999,2
4446,4098,0.9999,3
4446,2370,0.9999,4
4446,800,0.9999,5
4447,1160,1.0,1
4447,927,1.0,2
4447,6553,0.9999,3
4447,5040,0.9999,4
4447,1267,0.9999,5
4448,6017,1.0,1
4448,6914,0.9999,2
4448,4106,0.9999,3
4448,1587,0.9999,4
4448,3055,0.9999,5
4449,2445,0.9999,1
4449,6101,0.9999,2
4449,2579,0.9999,3
4449,2581,0.9999,4
4449,4183,0.9998,5
4450,2887,1.0,1
4450,2381,0.9999,2
4450,446,0.9999,3
4450,2610,0.9999,4
4450,4573,0.9999,5
4451,954,0.9999,1
4451,3533,0.9997,2
4451,6514,0.9995,3
4451,2077,0.9994,4
4451,5209,0.9992,5
4452,1260,0.9999,1
4452,1180,0.9997,2
4452,5012,0.9997,3
4452,6132,0.9997,4
4452,5588,0.9996,5
4453,1922,1.0,1
4453,5097,0.9999,2
4453,3921,0.9999,3
4453,2936,0.9999,4
4453,6736,0.9999,5
4454,802,1.0,1
4454,743,1.0,2
4454,1800,1.0,3
4454,6357,1.0,4
4454,86,0.9999,5
4455,6373,1.0,1
4455,6283,1.0,2
4455,2498,1.0,3
4455,6096,1.0,4
4455,5674,1.0,5
4456,1429,1.0,1
4456,3217,1.0,2
4456,6435,1.0,3
4456,6812,1.0,4
4456,4013,1.0,5
4457,3378,1.0,1
4457,4755,1.0,2
4457,2814,1.0,3
4457,641,1.0,4
4457,3200,1.0,5
4458,4657,0.9997,1
4458,286,0.9995,2
4458,6114,0.9993,3
4458,2000,0.9993,4
4458,137,0.9993,5
4459,6852,1.0,1
4459,103,1.0,2
4459,7005,1.0,3
4459,6691,0.9998,4
4459,5571,0.9998,5
4460,1705,1.0,1
4460,4953,0.9999,2
4460,6483,0.9999,3
4460,2708,0.9997,4
4460,6284,0.9997,5
4461,3484,0.9999,1
4461,1200,0.9995,2
4461,4331,0.9995,3
4461,7036,0.9993,4
4461,5981,0.999,5
4462,2819,1.0,1
4462,2975,0.9995,2
4462,2571,0.9995,3
4462,6987,0.9995,4
4462,896,0.9995,5
4463,3727,0.9999,1
4463,826,0.9998,2
4463,5858,0.9997,3
4463,2033,0.9996,4
4463,380,0.9994,5
4464,6613,1.0,1
4464,2928,1.0,2
4464,977,1.0,3
4464,1740,1.0,4
4464,4838,1.0,5
4465,3796,1.0,1
4465,6029,0.9998,2
4465,928,0.9997,3
4465,5424,0.9997,4
4465,5130,0.9996,5
4466,264,1.0,1
4466,6875,0.9996,2
4466,1727,0.9983,3
4466,1545,0.9983,4
4466,5059,0.9978,5
4467,2794,1.0,1
4467,1677,1.0,2
4467,2958,1.0,3
4467,3764,1.0,4
4467,866,0.9999,5
4468,6711,1.0,1
4468,6316,1.0,2
4468,3209,0.9999,3
4468,1313,0.9998,4
4468,648,0.9994,5
4469,645,1.0,1
4469,3309,1.0,2
4469,2160,1.0,3
4469,1101,1.0,4
4469,2826,0.9999,5
4470,1751,1.0,1
4470,599,0.9999,2
4470,3649,0.9999,3
4470,2948,0.9998,4
4470,526,0.9994,5
4471,4103,1.0,1
4471,1738,1.0,2
4471,3540,0.9999,3
4471,3847,0.9999,4
4471,3561,0.9999,5
4472,1646,0.9999,1
4472,3520,0.9997,2
4472,3485,0.9994,3
4472,4896,0.9993,4
4472,739,0.9991,5
4473,4345,1.0,1
4473,3219,1.0,2
4473,4068,1.0,3
4473,4228,0.9999,4
4473,4540,0.9999,5
4474,100,0.9999,1
4474,4122,0.9995,2
4474,6306,0.9994,3
4474,3668,0.9994,4
4474,6963,0.9993,5
4475,3522,1.0,1
4475,1183,1.0,2
4475,4822,0.9998,3
4475,4262,0.9998,4
4475,2259,0.9998,5
4476,147,1.0,1
4476,4260,1.0,2
4476,1521,1.0,3
4476,2751,1.0,4
4476,2435,1.0,5
4477,3500,1.0,1
4477,1939,1.0,2
4477,2757,1.0,3
4477,4541,1.0,4
4477,761,1.0,5
4478,5284,1.0,1
4478,5441,0.9998,2
4478,5474,0.9995,3
4478,5338,0.9994,4
4478,4967,0.9994,5
4479,1942,0.9999,1
4479,3,0.9999,2
4479,1342,0.9999,3
4479,6110,0.9999,4
4479,4788,0.9999,5
4480,6066,1.0,1
4480,4038,0.9999,2
4480,3084,0.9999,3
4480,921,0.9999,4
4480,713,0.9999,5
4481,4956,1.0,1
4481,6925,1.0,2
4481,4537,1.0,3
4481,6489,1.0,4
4481,447,1.0,5
4482,1151,0.9998,1
4482,5304,0.9998,2
4482,2930,0.9991,3
4482,2128,0.9986,4
4482,6060,0.998,5
4483,2448,1.0,1
4483,4996,1.0,2
4483,83,1.0,3
4483,2599,1.0,4
4483,1127,1.0,5
4484,6791,1.0,1
4484,2471,1.0,2
4484,4603,1.0,3
4484,6301,1.0,4
4484,3026,1.0,5
4485,5117,1.0,1
4485,5024,1.0,2
4485,6817,1.0,3
4485,2463,1.0,4
4485,4418,1.0,5
4486,5531,1.0,1
4486,3801,1.0,2
4486,2567,0.9999,3
4486,1739,0.9999,4
4486,1951,0.9999,5
4487,379,1.0,1
4487,5011,1.0,2
4487,266,0.9999,3
4487,5446,0.9999,4
4487,6248,0.9999,5
4488,661,1.0,1
4488,6105,1.0,2
4488,3977,1.0,3
4488,3766,1.0,4
4488,2032,1.0,5
4489,1428,0.9997,1
4489,1757,0.9997,2
4489,6165,0.9993,3
4489,6345,0.9988,4
4489,739,0.9988,5
4490,115,0.9999,1
4490,3389,0.9997,2
4490,6544,0.9995,3
4490,3191,0.9994,4
4490,1965,0.9994,5
4491,5138,0.9999,1
4491,2933,0.9998,2
4491,6973,0.9993,3
4491,5262,0.9992,4
4491,1750,0.9991,5
4492,4243,1.0,1
4492,4157,1.0,2
4492,4066,1.0,3
4492,988,1.0,4
4492,5677,1.0,5
4493,5526,1.0,1
4493,3512,0.9999,2
4493,2821,0.9999,3
4493,672,0.9998,4
4493,5153,0.9996,5
4494,6109,1.0,1
4494,6522,1.0,2
4494,1205,1.0,3
4494,5726,1.0,4
4494,5377,0.9999,5
4495,1748,1.0,1
4495,1868,0.9999,2
4495,4900,0.9999,3
4495,1697,0.9998,4
4495,3736,0.9998,5
4496,2601,1.0,1
4496,6268,1.0,2
4496,5523,1.0,3
4496,5760,1.0,4
4496,1880,1.0,5
4497,850,1.0,1
4497,3024,1.0,2
4497,468,1.0,3
4497,633,1.0,4
4497,5735,1.0,5
4498,2851,1.0,1
4498,1236,0.9999,2
4498,1733,0.9999,3
4498,5750,0.9998,4
4498,1158,0.9998,5
4499,3009,1.0,1
4499,402,1.0,2
4499,5100,1.0,3
4499,2735,1.0,4
4499,3637,1.0,5
4500,1791,1.0,1
4500,2545,0.9999,2
4500,96,0.9999,3
4500,4740,0.9997,4
4500,204,0.9997,5
4501,3610,1.0,1
4501,5167,1.0,2
4501,3047,1.0,3
4501,6877,0.9999,4
4501,4187,0.9999,5
4502,2824,1.0,1
4502,7020,1.0,2
4502,3915,1.0,3
4502,1376,1.0,4
4502,2812,0.9999,5
4503,111,1.0,1
4503,4552,0.9999,2
4503,1624,0.9999,3
4503,5380,0.9998,4
4503,1625,0.9998,5
4504,4330,1.0,1
4504,903,1.0,2
4504,3087,0.9998,3
4504,1559,0.9997,4
4504,4411,0.9997,5
4505,4845,1.0,1
4505,660,1.0,2
4505,1004,1.0,3
4505,2896,1.0,4
4505,3523,1.0,5
4506,2788,1.0,1
4506,6818,1.0,2
4506,6720,1.0,3
4506,4551,1.0,4
4506,2706,1.0,5
4507,3132,1.0,1
4507,5420,0.9999,2
4507,801,0.9997,3
4507,4513,0.9997,4
4507,2254,0.9997,5
4508,1404,1.0,1
4508,5223,0.9999,2
4508,6866,0.9999,3
4508,6115,0.9999,4
4508,6982,0.9999,5
4509,5540,1.0,1
4509,5824,1.0,2
4509,4663,1.0,3
4509,158,1.0,4
4509,1995,1.0,5
4510,3035,1.0,1
4510,233,1.0,2
4510,5475,1.0,3
4510,5451,1.0,4
4510,2635,1.0,5
4511,4340,0.9995,1
4511,5771,0.9989,2
4511,7034,0.9987,3
4511,1522,0.9986,4
4511,1897,0.9977,5
4512,2087,1.0,1
4512,4436,1.0,2
4512,5801,0.9998,3
4512,5981,0.9997,4
4512,4828,0.9996,5
4513,801,1.0,1
4513,4585,0.9999,2
4513,2254,0.9998,3
4513,4507,0.9997,4
4513,6764,0.9997,5
4514,2255,1.0,1
4514,1427,1.0,2
4514,2536,0.9998,3
4514,2885,0.9998,4
4514,740,0.9998,5
4515,454,0.9999,1
4515,1984,0.9992,2
4515,4933,0.9992,3
4515,5610,0.9991,4
4515,710,0.9991,5
4516,1413,0.9997,1
4516,2651,0.9997,2
4516,3232,0.9996,3
4516,2365,0.9994,4
4516,1513,0.9994,5
4517,1642,1.0,1
4517,3204,1.0,2
4517,606,0.9999,3
4517,2059,0.9999,4
4517,241,0.9999,5
4518,5391,0.9999,1
4518,2832,0.9998,2
4518,3272,0.9997,3
4518,3588,0.9996,4
4518,906,0.9996,5
4519,54,1.0,1
4519,2691,1.0,2
4519,4369,0.9999,3
4519,4073,0.9997,4
4519,1551,0.9996,5
4520,3850,0.9999,1
4520,5279,0.9999,2
4520,3819,0.9999,3
4520,2871,0.9999,4
4520,6128,0.9999,5
4521,4237,1.0,1
4521,6108,1.0,2
4521,5639,1.0,3
4521,4818,1.0,4
4521,6707,1.0,5
4522,2357,1.0,1
4522,2109,0.9999,2
4522,1895,0.9996,3
4522,482,0.9992,4
4522,2341,0.9992,5
4523,2112,1.0,1
4523,2274,1.0,2
4523,5328,1.0,3
4523,2679,1.0,4
4523,6322,1.0,5
4524,2001,0.9999,1
4524,1143,0.9999,2
4524,2796,0.9999,3
4524,3105,0.9998,4
4524,4344,0.9996,5
4525,4360,1.0,1
4525,2275,1.0,2
4525,1963,1.0,3
4525,6899,0.9997,4
4525,1474,0.9997,5
4526,1321,0.9997,1
4526,2108,0.9995,2
4526,3545,0.9995,3
4526,3367,0.9995,4
4526,5077,0.9995,5
4527,7028,0.9999,1
4527,1473,0.9998,2
4527,2779,0.9997,3
4527,5969,0.9997,4
4527,1426,0.9997,5
4528,4735,1.0,1
4528,3448,0.9999,2
4528,1554,0.9999,3
4528,318,0.9998,4
4528,1053,0.9998,5
4529,731,0.9998,1
4529,6371,0.9997,2
4529,5245,0.9997,3
4529,1875,0.9996,4
4529,389,0.9995,5
4530,2279,0.9996,1
4530,3894,0.9993,2
4530,1680,0.9989,3
4530,3527,0.9984,4
4530,2782,0.9982,5
4531,5731,1.0,1
4531,4807,1.0,2
4531,2177,1.0,3
4531,6868,1.0,4
4531,1512,1.0,5
4532,6668,1.0,1
4532,1106,1.0,2
4532,5439,0.9999,3
4532,220,0.9998,4
4532,2529,0.9998,5
4533,202,0.9997,1
4533,2486,0.9997,2
4533,2613,0.9997,3
4533,4427,0.9996,4
4533,5054,0.9995,5
4534,5374,1.0,1
4534,203,1.0,2
4534,2309,1.0,3
4534,3076,1.0,4
4534,6399,1.0,5
4535,6517,1.0,1
4535,71,1.0,2
4535,1775,1.0,3
4535,560,1.0,4
4535,5604,1.0,5
4536,3865,1.0,1
4536,4390,1.0,2
4536,5426,1.0,3
4536,2605,0.9996,4
4536,423,0.9996,5
4537,6925,1.0,1
4537,4956,1.0,2
4537,4481,1.0,3
4537,6489,1.0,4
4537,6492,1.0,5
4538,5888,0.9999,1
4538,3240,0.9996,2
4538,3330,0.9996,3
4538,5416,0.9996,4
4538,2555,0.9995,5
4539,1190,1.0,1
4539,2478,1.0,2
4539,1697,1.0,3
4539,3592,0.9999,4
4539,817,0.9999,5
4540,2667,0.9999,1
4540,3219,0.9999,2
4540,4068,0.9999,3
4540,5825,0.9999,4
4540,4473,0.9999,5
4541,2757,1.0,1
4541,3500,1.0,2
4541,1939,1.0,3
4541,4477,1.0,4
4541,1891,1.0,5
4542,1671,1.0,1
4542,3632,0.9999,2
4542,3639,0.9999,3
4542,6347,0.9999,4
4542,4162,0.9999,5
4543,3573,1.0,1
4543,6823,0.9999,2
4543,893,0.9997,3
4543,986,0.9997,4
4543,5184,0.9995,5
4544,2840,1.0,1
4544,1873,1.0,2
4544,4834,1.0,3
4544,435,1.0,4
4544,5021,1.0,5
4545,1096,1.0,1
4545,6191,1.0,2
4545,6621,1.0,3
4545,3924,1.0,4
4545,1209,1.0,5
4546,3351,1.0,1
4546,4979,1.0,2
4546,1869,1.0,3
4546,5869,1.0,4
4546,390,1.0,5
4547,3001,1.0,1
4547,4734,1.0,2
4547,2867,1.0,3
4547,3783,1.0,4
4547,3354,0.9999,5
4548,2802,1.0,1
4548,6877,0.9999,2
4548,2610,0.9999,3
4548,2672,0.9999,4
4548,4187,0.9999,5
4549,157,1.0,1
4549,4198,0.9999,2
4549,2876,0.9998,3
4549,419,0.9997,4
4549,4826,0.9995,5
4550,1517,1.0,1
4550,2771,1.0,2
4550,6326,0.9999,3
4550,903,0.9998,4
4550,6153,0.9997,5
4551,2788,1.0,1
4551,5194,1.0,2
4551,4506,1.0,3
4551,6818,1.0,4
4551,6720,1.0,5
4552,5380,0.9999,1
4552,111,0.9999,2
4552,4503,0.9999,3
4552,872,0.9999,4
4552,1625,0.9999,5
4553,3025,1.0,1
4553,3002,1.0,2
4553,5403,1.0,3
4553,3794,1.0,4
4553,3945,1.0,5
4554,4621,1.0,1
4554,851,1.0,2
4554,552,1.0,3
4554,2560,1.0,4
4554,4264,1.0,5
4555,6551,0.9997,1
4555,2954,0.9997,2
4555,209,0.9994,3
4555,920,0.9993,4
4555,5699,0.9992,5
4556,2197,1.0,1
4556,6214,1.0,2
4556,2175,1.0,3
4556,4677,1.0,4
4556,1348,1.0,5
4557,4229,0.9998,1
4557,6555,0.9997,2
4557,1008,0.9996,3
4557,6849,0.9996,4
4557,3747,0.9996,5
4558,5476,0.9998,1
4558,1272,0.9997,2
4558,6423,0.9996,3
4558,6594,0.9993,4
4558,3781,0.9992,5
4559,392,1.0,1
4559,6272,1.0,2
4559,2419,0.9999,3
4559,5584,0.9999,4
4559,2328,0.9999,5
4560,1724,1.0,1
4560,6651,1.0,2
4560,1142,1.0,3
4560,3207,1.0,4
4560,6808,1.0,5
4561,5832,1.0,1
4561,5429,0.9999,2
4561,3425,0.9998,3
4561,2302,0.9998,4
4561,5460,0.9997,5
4562,1153,0.9998,1
4562,6909,0.9997,2
4562,5513,0.9996,3
4562,1717,0.9996,4
4562,3795,0.9996,5
4563,1768,1.0,1
4563,6136,1.0,2
4563,5114,1.0,3
4563,2668,0.9999,4
4563,6729,0.9999,5
4564,1349,1.0,1
4564,356,1.0,2
4564,70,1.0,3
4564,3805,1.0,4
4564,6380,0.9999,5
4565,3803,1.0,1
4565,799,1.0,2
4565,4237,1.0,3
4565,5639,1.0,4
4565,4521,1.0,5
4566,97,1.0,1
4566,5133,1.0,2
4566,764,0.9999,3
4566,5282,0.9999,4
4566,700,0.9999,5
4567,6948,1.0,1
4567,4070,1.0,2
4567,6745,0.9999,3
4567,5079,0.9999,4
4567,2305,0.9999,5
4568,6884,1.0,1
4568,3275,1.0,2
4568,39,0.9999,3
4568,5406,0.9998,4
4568,6440,0.9997,5
4569,2869,0.9999,1
4569,4588,0.9999,2
4569,3707,0.9998,3
4569,6288,0.9995,4
4569,6619,0.9994,5
4570,5074,0.9998,1
4570,2693,0.9995,2
4570,6281,0.9993,3
4570,5109,0.9992,4
4570,5984,0.9988,5
4571,967,1.0,1
4571,4874,1.0,2
4571,2748,1.0,3
4571,2808,1.0,4
4571,2042,1.0,5
4572,5833,0.9998,1
4572,1121,0.9997,2
4572,4092,0.9995,3
4572,3163,0.9993,4
4572,5926,0.9993,5
4573,446,1.0,1
4573,2887,0.9999,2
4573,512,0.9999,3
4573,5542,0.9999,4
4573,821,0.9999,5
4574,1816,1.0,1
4574,999,1.0,2
4574,6375,1.0,3
4574,2502,1.0,4
4574,1825,1.0,5
4575,5528,1.0,1
4575,3887,1.0,2
4575,2027,1.0,3
4575,3349,1.0,4
4575,5703,1.0,5
4576,1840,1.0,1
4576,5789,1.0,2
4576,5953,1.0,3
4576,3977,0.9999,4
4576,562,0.9999,5
4577,6104,1.0,1
4577,240,1.0,2
4577,3529,1.0,3
4577,5000,1.0,4
4577,3521,1.0,5
4578,979,1.0,1
4578,4983,0.9999,2
4578,7024,0.9999,3
4578,1782,0.9998,4
4578,5299,0.9997,5
4579,5606,0.9998,1
4579,6513,0.9997,2
4579,2377,0.9997,3
4579,3489,0.9995,4
4579,5270,0.9994,5
4580,227,1.0,1
4580,797,0.9999,2
4580,1553,0.9999,3
4580,2124,0.9998,4
4580,4274,0.9993,5
4581,1861,1.0,1
4581,4225,1.0,2
4581,4375,1.0,3
4581,1844,1.0,4
4581,6615,1.0,5
4582,1654,1.0,1
4582,6434,1.0,2
4582,5633,1.0,3
4582,3187,1.0,4
4582,4906,0.9999,5
4583,1948,1.0,1
4583,6329,1.0,2
4583,590,0.9999,3
4583,2061,0.9999,4
4583,2373,0.9999,5
4584,2373,1.0,1
4584,2984,1.0,2
4584,3052,1.0,3
4584,2061,1.0,4
4584,590,1.0,5
4585,4513,0.9999,1
4585,801,0.9999,2
4585,6764,0.9997,3
4585,5900,0.9997,4
4585,2254,0.9996,5
4586,6749,1.0,1
4586,586,1.0,2
4586,5877,0.9999,3
4586,2746,0.9999,4
4586,3079,0.9999,5
4587,6119,1.0,1
4587,4611,1.0,2
4587,3206,1.0,3
4587,2116,0.9999,4
4587,6769,0.9999,5
4588,2869,1.0,1
4588,4569,0.9999,2
4588,6619,0.9999,3
4588,5914,0.9996,4
4588,1549,0.9994,5
4589,5435,1.0,1
4589,775,0.9999,2
4589,5077,0.9998,3
4589,2108,0.9996,4
4589,1321,0.9995,5
4590,6385,1.0,1
4590,5975,1.0,2
4590,2778,1.0,3
4590,3848,1.0,4
4590,2582,1.0,5
4591,6718,1.0,1
4591,2076,0.9999,2
4591,4692,0.9999,3
4591,5612,0.9999,4
4591,530,0.9999,5
4592,4088,1.0,1
4592,3070,1.0,2
4592,2859,1.0,3
4592,3711,1.0,4
4592,634,1.0,5
4593,803,1.0,1
4593,3645,1.0,2
4593,4159,0.9999,3
4593,1693,0.9999,4
4593,5642,0.9999,5
4594,2735,1.0,1
4594,5619,1.0,2
4594,3709,1.0,3
4594,771,1.0,4
4594,1352,1.0,5
4595,4145,0.9999,1
4595,3365,0.9999,2
4595,1703,0.9998,3
4595,5699,0.9998,4
4595,920,0.9998,5
4596,5615,1.0,1
4596,3262,1.0,2
4596,5185,1.0,3
4596,1639,0.9999,4
4596,2050,0.9999,5
4597,2447,1.0,1
4597,1007,1.0,2
4597,3885,0.9999,3
4597,5365,0.9998,4
4597,4270,0.9997,5
4598,6233,0.9999,1
4598,464,0.9999,2
4598,1074,0.9998,3
4598,2531,0.9997,4
4598,2264,0.9997,5
4599,6848,1.0,1
4599,1144,0.9999,2
4599,5157,0.9995,3
4599,3059,0.9995,4
4599,807,0.9995,5
4600,6436,0.9999,1
4600,4924,0.9998,2
4600,1350,0.9995,3
4600,3371,0.9992,4
4600,6423,0.9988,5
4601,443,0.9996,1
4601,2425,0.9994,2
4601,6854,0.9989,3
4601,2968,0.9988,4
4601,1932,0.9988,5
4602,1247,0.9999,1
4602,6330,0.9999,2
4602,3446,0.9998,3
4602,3535,0.9998,4
4602,6343,0.9995,5
4603,3026,1.0,1
4603,6791,1.0,2
4603,4484,1.0,3
4603,2471,1.0,4
4603,2884,0.9999,5
4604,6885,1.0,1
4604,3906,1.0,2
4604,876,1.0,3
4604,7000,1.0,4
4604,678,0.9999,5
4605,2283,0.9999,1
4605,4266,0.9999,2
4605,3477,0.9999,3
4605,2244,0.9999,4
4605,350,0.9998,5
4606,6367,0.9998,1
4606,5646,0.9998,2
4606,1290,0.9998,3
4606,3211,0.9997,4
4606,4164,0.9996,5
4607,5490,1.0,1
4607,3765,1.0,2
4607,1688,0.9999,3
4607,6744,0.9999,4
4607,4945,0.9999,5
4608,1731,1.0,1
4608,3358,1.0,2
4608,5679,1.0,3
4608,4758,0.9999,4
4608,1186,0.9999,5
4609,3769,1.0,1
4609,5484,1.0,2
4609,6360,0.9997,3
4609,3712,0.9996,4
4609,4116,0.9995,5
4610,6211,0.9999,1
4610,6632,0.9999,2
4610,5915,0.9996,3
4610,6264,0.9996,4
4610,6080,0.9995,5
4611,3206,1.0,1
4611,6769,1.0,2
4611,6119,1.0,3
4611,2369,1.0,4
4611,5348,1.0,5
4612,1870,1.0,1
4612,4634,1.0,2
4612,6424,1.0,3
4612,1388,1.0,4
4612,5829,1.0,5
4613,6417,0.9995,1
4613,2662,0.9993,2
4613,6814,0.9993,3
4613,5532,0.9991,4
4613,5950,0.9991,5
4614,3775,0.9997,1
4614,321,0.9996,2
4614,5062,0.9995,3
4614,6776,0.9995,4
4614,5563,0.9994,5
4615,3942,1.0,1
4615,6035,1.0,2
4615,4352,1.0,3
4615,4204,1.0,4
4615,5113,1.0,5
4616,6515,1.0,1
4616,860,1.0,2
4616,2118,1.0,3
4616,1806,1.0,4
4616,1482,1.0,5
4617,5636,0.9993,1
4617,953,0.9993,2
4617,2640,0.9993,3
4617,3020,0.9993,4
4617,6609,0.9993,5
4618,3722,1.0,1
4618,5618,1.0,2
4618,704,1.0,3
4618,6160,1.0,4
4618,3828,1.0,5
4619,998,1.0,1
4619,302,1.0,2
4619,3160,0.9999,3
4619,5990,0.9999,4
4619,3142,0.9997,5
4620,4772,1.0,1
4620,3307,1.0,2
4620,6505,1.0,3
4620,2261,1.0,4
4620,1935,0.9999,5
4621,851,1.0,1
4621,4554,1.0,2
4621,552,1.0,3
4621,2560,1.0,4
4621,4264,1.0,5
4622,5001,1.0,1
4622,5392,1.0,2
4622,5318,1.0,3
4622,3697,1.0,4
4622,6459,1.0,5
4623,504,1.0,1
4623,3179,1.0,2
4623,4910,0.9999,3
4623,690,0.9999,4
4623,3851,0.9998,5
4624,6714,0.9999,1
4624,5766,0.9999,2
4624,2181,0.9998,3
4624,3923,0.9998,4
4624,31,0.9998,5
4625,449,1.0,1
4625,2406,1.0,2
4625,4241,0.9999,3
4625,6992,0.9999,4
4625,1001,0.9999,5
4626,289,1.0,1
4626,3105,0.9999,2
4626,2169,0.9999,3
4626,4840,0.9999,4
4626,2796,0.9999,5
4627,5625,0.9999,1
4627,5930,0.9999,2
4627,2737,0.9995,3
4627,5425,0.9995,4
4627,5413,0.9992,5
4628,3913,0.9999,1
4628,4805,0.9998,2
4628,257,0.9998,3
4628,5290,0.9998,4
4628,2968,0.9997,5
4629,1756,1.0,1
4629,2962,0.9999,2
4629,1016,0.9999,3
4629,2420,0.9998,4
4629,5276,0.9998,5
4630,3890,1.0,1
4630,1238,1.0,2
4630,6027,1.0,3
4630,1938,1.0,4
4630,189,1.0,5
4631,4112,1.0,1
4631,2143,0.9992,2
4631,5492,0.9992,3
4631,301,0.9992,4
4631,1128,0.9982,5
4632,3992,0.9999,1
4632,2870,0.9998,2
4632,192,0.9998,3
4632,4849,0.9997,4
4632,2494,0.9997,5
4633,102,1.0,1
4633,3519,1.0,2
4633,1253,1.0,3
4633,1320,1.0,4
4633,3377,1.0,5
4634,1870,1.0,1
4634,4612,1.0,2
4634,6424,1.0,3
4634,1388,1.0,4
4634,985,1.0,5
4635,1134,1.0,1
4635,3380,1.0,2
4635,3791,1.0,3
4635,4795,1.0,4
4635,2375,1.0,5
4636,1689,1.0,1
4636,1741,1.0,2
4636,3205,1.0,3
4636,2269,1.0,4
4636,2248,1.0,5
4637,6215,1.0,1
4637,469,1.0,2
4637,2587,1.0,3
4637,840,1.0,4
4637,6917,1.0,5
4638,4784,0.9999,1
4638,6764,0.9999,2
4638,5694,0.9997,3
4638,2254,0.9995,4
4638,4585,0.9994,5
4639,2505,1.0,1
4639,2162,1.0,2
4639,1224,1.0,3
4639,5994,0.9999,4
4639,6363,0.9999,5
4640,5935,1.0,1
4640,6306,0.9999,2
4640,4122,0.9996,3
4640,3793,0.9996,4
4640,4107,0.9996,5
4641,288,1.0,1
4641,1880,1.0,2
4641,3970,1.0,3
4641,4233,1.0,4
4641,6238,1.0,5
4642,3259,1.0,1
4642,6537,1.0,2
4642,3757,1.0,3
4642,3984,1.0,4
4642,6980,1.0,5
4643,730,1.0,1
4643,4761,0.9999,2
4643,5347,0.9999,3
4643,3168,0.9999,4
4643,603,0.9999,5
4644,1915,0.9999,1
4644,75,0.9999,2
4644,598,0.9998,3
4644,4892,0.9998,4
4644,4060,0.9998,5
4645,11,0.9999,1
4645,2400,0.9998,2
4645,6753,0.9998,3
4645,6735,0.9998,4
4645,4982,0.9997,5
4646,6919,1.0,1
4646,2394,1.0,2
4646,5721,0.9996,3
4646,6441,0.999,4
4646,5716,0.9989,5
4647,6041,1.0,1
4647,7019,1.0,2
4647,3726,1.0,3
4647,275,1.0,4
4647,3390,1.0,5
4648,3480,1.0,1
4648,669,1.0,2
4648,3883,1.0,3
4648,5174,1.0,4
4648,5817,0.9999,5
4649,1000,1.0,1
4649,1597,1.0,2
4649,6309,1.0,3
4649,252,1.0,4
4649,5845,1.0,5
4650,2327,1.0,1
4650,242,1.0,2
4650,6155,1.0,3
4650,3891,1.0,4
4650,3541,1.0,5
4651,832,0.9997,1
4651,1807,0.9997,2
4651,4175,0.9996,3
4651,3658,0.9996,4
4651,1117,0.9995,5
4652,759,1.0,1
4652,5700,0.9998,2
4652,2215,0.9997,3
4652,1347,0.9997,4
4652,2872,0.9996,5
4653,4012,1.0,1
4653,2133,1.0,2
4653,1684,1.0,3
4653,1020,1.0,4
4653,6561,1.0,5
4654,1545,0.9991,1
4654,1727,0.999,2
4654,4466,0.9972,3
4654,264,0.9968,4
4654,5059,0.9967,5
4655,2856,1.0,1
4655,1105,1.0,2
4655,4024,1.0,3
4655,5579,0.9999,4
4655,2835,0.9999,5
4656,1146,0.9997,1
4656,5319,0.9992,2
4656,184,0.9989,3
4656,692,0.9988,4
4656,5594,0.9986,5
4657,286,1.0,1
4657,4458,0.9997,2
4657,6099,0.9994,3
4657,524,0.9993,4
4657,2082,0.9993,5
4658,1829,1.0,1
4658,813,1.0,2
4658,2716,0.9998,3
4658,6054,0.9998,4
4658,6995,0.9998,5
4659,1408,1.0,1
4659,4035,1.0,2
4659,3561,0.9999,3
4659,3663,0.9999,4
4659,3158,0.9999,5
4660,4836,1.0,1
4660,3054,1.0,2
4660,5835,1.0,3
4660,548,1.0,4
4660,5819,1.0,5
4661,901,1.0,1
4661,2375,1.0,2
4661,5596,1.0,3
4661,5807,1.0,4
4661,4795,1.0,5
4662,6329,1.0,1
4662,820,0.9999,2
4662,5860,0.9999,3
4662,4583,0.9999,4
4662,3052,0.9999,5
4663,158,1.0,1
4663,5824,1.0,2
4663,5553,1.0,3
4663,4749,1.0,4
4663,5759,1.0,5
4664,6810,1.0,1
4664,246,1.0,2
4664,2454,1.0,3
4664,7042,1.0,4
4664,748,0.9999,5
4665,6363,1.0,1
4665,5994,1.0,2
4665,2999,1.0,3
4665,493,0.9999,4
4665,4639,0.9999,5
4666,2240,1.0,1
4666,1846,0.9997,2
4666,2697,0.9991,3
4666,5741,0.9986,4
4666,2422,0.9985,5
4667,5591,1.0,1
4667,3157,1.0,2
4667,3437,1.0,3
4667,3058,1.0,4
4667,6907,1.0,5
4668,1972,1.0,1
4668,3701,1.0,2
4668,1760,1.0,3
4668,5643,1.0,4
4668,981,1.0,5
4669,2031,1.0,1
4669,2172,1.0,2
4669,4705,0.9999,3
4669,6623,0.9998,4
4669,2976,0.9998,5
4670,7018,1.0,1
4670,4115,1.0,2
4670,1936,1.0,3
4670,4919,1.0,4
4670,6647,0.9999,5
4671,5293,0.9998,1
4671,5217,0.9993,2
4671,4729,0.9989,3
4671,6751,0.9983,4
4671,3820,0.9982,5
4672,6147,0.9999,1
4672,2763,0.9999,2
4672,3432,0.9997,3
4672,3839,0.9996,4
4672,2519,0.9995,5
4673,2827,1.0,1
4673,6781,0.9998,2
4673,6469,0.9998,3
4673,987,0.9998,4
4673,6069,0.9994,5
4674,4212,0.9999,1
4674,5134,0.9998,2
4674,4315,0.9998,3
4674,5073,0.9995,4
4674,6963,0.9995,5
4675,719,1.0,1
4675,6062,0.9996,2
4675,3106,0.9992,3
4675,1168,0.9991,4
4675,6734,0.9986,5
4676,1046,1.0,1
4676,6265,0.9999,2
4676,6617,0.9999,3
4676,6461,0.9999,4
4676,3799,0.9999,5
4677,1348,1.0,1
4677,394,1.0,2
4677,4732,1.0,3
4677,6214,1.0,4
4677,5043,1.0,5
4678,118,1.0,1
4678,5875,0.9999,2
4678,6357,0.9999,3
4678,1800,0.9999,4
4678,3350,0.9998,5
4679,508,1.0,1
4679,6067,0.9999,2
4679,3773,0.9999,3
4679,2578,0.9999,4
4679,6474,0.9999,5
4680,241,1.0,1
4680,606,1.0,2
4680,2059,1.0,3
4680,857,1.0,4
4680,2294,1.0,5
4681,3321,1.0,1
4681,3122,0.9995,2
4681,1196,0.9993,3
4681,1182,0.9987,4
4681,5438,0.9987,5
4682,1422,1.0,1
4682,3323,1.0,2
4682,5938,0.9999,3
4682,5816,0.9999,4
4682,5665,0.9999,5
4683,5410,0.9998,1
4683,2419,0.9998,2
4683,6272,0.9996,3
4683,2591,0.9995,4
4683,6034,0.9995,5
4684,4842,1.0,1
4684,5659,0.9998,2
4684,1373,0.9996,3
4684,1837,0.9995,4
4684,2874,0.9994,5
4685,2211,1.0,1
4685,4396,1.0,2
4685,5259,1.0,3
4685,3814,1.0,4
4685,6204,0.9999,5
4686,604,1.0,1
4686,2056,0.9999,2
4686,1314,0.9999,3
4686,5445,0.9998,4
4686,4002,0.9998,5
4687,3887,1.0,1
4687,3735,1.0,2
4687,5253,1.0,3
4687,5139,1.0,4
4687,4575,0.9999,5
4688,865,1.0,1
4688,2641,1.0,2
4688,955,1.0,3
4688,1462,0.9998,4
4688,3258,0.9997,5
4689,3548,1.0,1
4689,2536,0.9999,2
4689,2998,0.9999,3
4689,1427,0.9999,4
4689,1113,0.9999,5
4690,5754,1.0,1
4690,2699,1.0,2
4690,4970,1.0,3
4690,659,1.0,4
4690,602,1.0,5
4691,3800,0.9989,1
4691,5068,0.9988,2
4691,2765,0.9977,3
4691,2915,0.9968,4
4691,1242,0.9959,5
4692,2076,1.0,1
4692,530,1.0,2
4692,6718,0.9999,3
4692,6312,0.9999,4
4692,4591,0.9999,5
4693,1457,1.0,1
4693,3148,0.9998,2
4693,1179,0.9998,3
4693,567,0.9998,4
4693,4170,0.9998,5
4694,2200,1.0,1
4694,448,1.0,2
4694,306,1.0,3
4694,4806,0.9999,4
4694,672,0.9999,5
4695,6959,1.0,1
4695,5593,1.0,2
4695,6843,1.0,3
4695,1502,1.0,4
4695,2897,1.0,5
4696,1433,1.0,1
4696,4748,1.0,2
4696,950,1.0,3
4696,3472,1.0,4
4696,6831,1.0,5
4697,1076,0.9999,1
4697,4959,0.9999,2
4697,2568,0.9999,3
4697,3788,0.9999,4
4697,407,0.9999,5
4698,4108,1.0,1
4698,6093,1.0,2
4698,2902,1.0,3
4698,4907,0.9999,4
4698,6291,0.9999,5
4699,6825,1.0,1
4699,3780,0.9999,2
4699,720,0.9998,3
4699,4819,0.9998,4
4699,6139,0.9995,5
4700,2731,1.0,1
4700,5335,0.9999,2
4700,1633,0.9999,3
4700,1659,0.9998,4
4700,6953,0.9998,5
4701,3604,1.0,1
4701,211,1.0,2
4701,6228,1.0,3
4701,5708,1.0,4
4701,1764,1.0,5
4702,268,0.9996,1
4702,5073,0.9996,2
4702,274,0.9996,3
4702,3062,0.9994,4
4702,5134,0.9991,5
4703,2941,0.9999,1
4703,4152,0.9994,2
4703,426,0.9993,3
4703,2980,0.9993,4
4703,7032,0.999,5
4704,4367,0.9999,1
4704,1812,0.9999,2
4704,4140,0.9998,3
4704,5921,0.9995,4
4704,291,0.9994,5
4705,4669,0.9999,1
4705,2031,0.9999,2
4705,2172,0.9999,3
4705,4726,0.9998,4
4705,1186,0.9998,5
4706,938,1.0,1
4706,5927,1.0,2
4706,620,0.9998,3
4706,1908,0.9998,4
4706,5654,0.9998,5
4707,2127,1.0,1
4707,838,1.0,2
4707,5818,1.0,3
4707,2741,1.0,4
4707,5464,1.0,5
4708,5335,0.9999,1
4708,2791,0.9999,2
4708,3855,0.9999,3
4708,385,0.9999,4
4708,831,0.9998,5
4709,2950,0.9998,1
4709,6506,0.9997,2
4709,4744,0.9995,3
4709,272,0.9995,4
4709,4859,0.9994,5
4710,4236,0.9999,1
4710,1266,0.9998,2
4710,5946,0.9998,3
4710,2207,0.9998,4
4710,6820,0.9998,5
4711,3587,0.9999,1
4711,1054,0.9999,2
4711,2421,0.9997,3
4711,4312,0.9996,4
4711,1019,0.9996,5
4712,401,1.0,1
4712,6308,1.0,2
4712,1081,1.0,3
4712,2441,1.0,4
4712,3656,1.0,5
4713,831,1.0,1
4713,2791,0.9999,2
4713,3855,0.9999,3
4713,5335,0.9999,4
4713,1091,0.9998,5
4714,5324,1.0,1
4714,6449,1.0,2
4714,3731,0.9999,3
4714,4992,0.9999,4
4714,6705,0.9999,5
4715,1827,1.0,1
4715,5095,1.0,2
4715,6358,1.0,3
4715,1739,0.9999,4
4715,2567,0.9999,5
4716,1387,1.0,1
4716,3406,1.0,2
4716,4010,0.9999,3
4716,6103,0.9998,4
4716,2631,0.9997,5
4717,343,1.0,1
4717,4416,0.9999,2
4717,4164,0.9999,3
4717,5110,0.9999,4
4717,6851,0.9999,5
4718,4307,0.9995,1
4718,1445,0.9989,2
4718,6788,0.9989,3
4718,5796,0.9988,4
4718,6000,0.9987,5
4719,1102,1.0,1
4719,4946,1.0,2
4719,6649,1.0,3
4719,405,1.0,4
4719,1934,1.0,5
4720,5384,1.0,1
4720,2202,0.9997,2
4720,5071,0.9992,3
4720,996,0.9992,4
4720,3845,0.9989,5
4721,467,1.0,1
4721,6588,0.9999,2
4721,2068,0.9999,3
4721,3477,0.9999,4
4721,7024,0.9999,5
4722,6339,1.0,1
4722,4388,1.0,2
4722,4132,1.0,3
4722,4093,1.0,4
4722,296,1.0,5
4723,6087,0.9999,1
4723,6464,0.9998,2
4723,5263,0.9997,3
4723,1220,0.9996,4
4723,2546,0.9995,5
4724,5161,1.0,1
4724,490,1.0,2
4724,3133,1.0,3
4724,6376,1.0,4
4724,2511,1.0,5
4725,3202,1.0,1
4725,2966,0.9999,2
4725,2947,0.9998,3
4725,6722,0.9998,4
4725,2057,0.9998,5
4726,6755,0.9999,1
4726,2847,0.9999,2
4726,6623,0.9999,3
4726,1283,0.9999,4
4726,4705,0.9998,5
4727,3178,1.0,1
4727,4150,0.9999,2
4727,2216,0.9997,3
4727,2051,0.9996,4
4727,6368,0.9995,5
4728,2467,1.0,1
4728,4039,1.0,2
4728,6154,1.0,3
4728,5193,1.0,4
4728,5358,1.0,5
4729,6663,0.9995,1
4729,2682,0.9995,2
4729,6332,0.9992,3
4729,5762,0.999,4
4729,4671,0.9989,5
4730,5055,0.9999,1
4730,284,0.9999,2
4730,3871,0.9999,3
4730,404,0.9998,4
4730,6638,0.9998,5
4731,2579,0.9997,1
4731,3641,0.9995,2
4731,408,0.9994,3
4731,2164,0.9994,4
4731,2445,0.9993,5
4732,394,1.0,1
4732,1348,1.0,2
4732,5043,1.0,3
4732,4677,1.0,4
4732,2877,1.0,5
4733,317,1.0,1
4733,3376,1.0,2
4733,3626,1.0,3
4733,5734,1.0,4
4733,1138,1.0,5
4734,2867,1.0,1
4734,4547,1.0,2
4734,3001,1.0,3
4734,3354,1.0,4
4734,4295,0.9999,5
4735,4528,1.0,1
4735,3213,0.9998,2
4735,318,0.9998,3
4735,3448,0.9998,4
4735,1053,0.9998,5
4736,1917,1.0,1
4736,7025,1.0,2
4736,376,0.9998,3
4736,2557,0.9998,4
4736,171,0.9998,5
4737,1039,1.0,1
4737,2647,1.0,2
4737,991,0.9999,3
4737,1566,0.9999,4
4737,6360,0.9996,5
4738,3898,1.0,1
4738,4264,1.0,2
4738,2560,1.0,3
4738,552,1.0,4
4738,851,1.0,5
4739,3838,0.9999,1
4739,2388,0.9999,2
4739,3086,0.9997,3
4739,3957,0.9996,4
4739,1720,0.9994,5
4740,1648,0.9999,1
4740,1494,0.9999,2
4740,2545,0.9997,3
4740,96,0.9997,4
4740,4500,0.9997,5
4741,5208,0.9998,1
4741,6236,0.9995,2
4741,5014,0.9986,3
4741,6040,0.9985,4
4741,3063,0.9985,5
4742,271,0.9999,1
4742,5020,0.9999,2
4742,4078,0.9998,3
4742,5793,0.9998,4
4742,5756,0.9998,5
4743,6375,1.0,1
4743,999,1.0,2
4743,1528,1.0,3
4743,4574,1.0,4
4743,1816,1.0,5
4744,6506,1.0,1
4744,2950,0.9999,2
4744,6125,0.9998,3
4744,4859,0.9998,4
4744,2107,0.9998,5
4745,3408,0.9996,1
4745,6084,0.9994,2
4745,3123,0.9993,3
4745,6943,0.9993,4
4745,3841,0.999,5
4746,4868,1.0,1
4746,525,1.0,2
4746,6558,0.9996,3
4746,2306,0.9993,4
4746,1311,0.9992,5
4747,5433,1.0,1
4747,2707,1.0,2
4747,1224,0.9999,3
4747,2162,0.9999,4
4747,5847,0.9999,5
4748,950,1.0,1
4748,4696,1.0,2
4748,1433,1.0,3
4748,6831,1.0,4
4748,5397,1.0,5
4749,5759,1.0,1
4749,5553,1.0,2
4749,4663,1.0,3
4749,158,1.0,4
4749,1921,1.0,5
4750,6951,1.0,1
4750,2469,0.9999,2
4750,4341,0.9999,3
4750,5318,0.9999,4
4750,5001,0.9999,5
4751,3990,0.9999,1
4751,3935,0.9999,2
4751,425,0.9999,3
4751,3681,0.9998,4
4751,3595,0.9997,5
4752,4592,0.9999,1
4752,5183,0.9999,2
4752,3336,0.9999,3
4752,4088,0.9999,4
4752,5894,0.9999,5
4753,1571,1.0,1
4753,5713,1.0,2
4753,4193,1.0,3
4753,400,1.0,4
4753,1449,1.0,5
4754,1448,1.0,1
4754,4947,1.0,2
4754,866,1.0,3
4754,3764,0.9999,4
4754,2958,0.9999,5
4755,641,1.0,1
4755,3378,1.0,2
4755,3200,1.0,3
4755,4457,1.0,4
4755,2884,1.0,5
4756,5261,0.9999,1
4756,6414,0.9994,2
4756,6151,0.9994,3
4756,6176,0.9994,4
4756,2108,0.9993,5
4757,5748,0.9988,1
4757,1728,0.9986,2
4757,5319,0.998,3
4757,4833,0.9962,4
4757,4878,0.9959,5
4758,1186,1.0,1
4758,5679,1.0,2
4758,1731,1.0,3
4758,4608,0.9999,4
4758,3358,0.9998,5
4759,1746,1.0,1
4759,3402,1.0,2
4759,3391,1.0,3
4759,2551,1.0,4
4759,4239,0.9999,5
4760,3772,1.0,1
4760,3907,1.0,2
4760,6318,1.0,3
4760,3537,1.0,4
4760,6169,1.0,5
4761,5347,1.0,1
4761,603,0.9999,2
4761,2358,0.9999,3
4761,4643,0.9999,4
4761,2126,0.9999,5
4762,1682,1.0,1
4762,4058,1.0,2
4762,3467,1.0,3
4762,3985,1.0,4
4762,2570,1.0,5
4763,5823,0.9997,1
4763,4124,0.9995,2
4763,5254,0.9986,3
4763,3624,0.998,4
4763,1710,0.9979,5
4764,6858,0.9999,1
4764,2310,0.9998,2
4764,6508,0.9997,3
4764,2972,0.9997,4
4764,6821,0.9997,5
4765,6266,1.0,1
4765,6704,1.0,2
4765,2483,1.0,3
4765,1336,1.0,4
4765,780,1.0,5
4766,3445,0.9998,1
4766,5942,0.9997,2
4766,1481,0.9991,3
4766,6270,0.9985,4
4766,1907,0.998,5
4767,4865,1.0,1
4767,5114,1.0,2
4767,6136,1.0,3
4767,2268,0.9999,4
4767,3108,0.9999,5
4768,510,1.0,1
4768,1374,1.0,2
4768,1174,1.0,3
4768,2646,1.0,4
4768,3143,1.0,5
4769,3652,1.0,1
4769,4853,0.9998,2
4769,6943,0.9996,3
4769,3123,0.9996,4
4769,145,0.9995,5
4770,331,1.0,1
4770,5504,1.0,2
4770,6350,1.0,3
4770,653,1.0,4
4770,5397,1.0,5
4771,5456,1.0,1
4771,2403,1.0,2
4771,155,1.0,3
4771,461,1.0,4
4771,5009,1.0,5
4772,6505,1.0,1
4772,4620,1.0,2
4772,1935,1.0,3
4772,3307,0.9999,4
4772,2261,0.9999,5
4773,3715,1.0,1
4773,325,0.9999,2
4773,1120,0.9999,3
4773,6219,0.9999,4
4773,3423,0.9999,5
4774,3503,1.0,1
4774,5332,1.0,2
4774,6184,1.0,3
4774,5067,1.0,4
4774,4210,0.9998,5
4775,1657,1.0,1
4775,2293,0.9999,2
4775,526,0.9999,3
4775,5904,0.9998,4
4775,4891,0.9998,5
4776,2519,1.0,1
4776,1474,1.0,2
4776,3432,0.9997,3
4776,1963,0.9997,4
4776,2275,0.9997,5
4777,37,0.9998,1
4777,3792,0.9998,2
4777,1663,0.9998,3
4777,3080,0.9998,4
4777,6429,0.9998,5
4778,5838,1.0,1
4778,2256,0.9999,2
4778,5313,0.9999,3
4778,1489,0.9999,4
4778,1920,0.9999,5
4779,74,1.0,1
4779,3725,1.0,2
4779,1218,1.0,3
4779,1034,1.0,4
4779,3554,0.9999,5
4780,196,0.9997,1
4780,1953,0.9997,2
4780,5041,0.9997,3
4780,2670,0.9997,4
4780,4995,0.9995,5
4781,473,1.0,1
4781,578,0.9999,2
4781,3629,0.9999,3
4781,1208,0.9999,4
4781,3594,0.9998,5
4782,3430,1.0,1
4782,1617,1.0,2
4782,5980,1.0,3
4782,4820,1.0,4
4782,5757,1.0,5
4783,2689,1.0,1
4783,3277,0.9999,2
4783,6323,0.9999,3
4783,6771,0.9999,4
4783,5927,0.9998,5
4784,4638,0.9999,1
4784,6764,0.9995,2
4784,5694,0.9993,3
4784,4021,0.9992,4
4784,383,0.9992,5
4785,543,1.0,1
4785,2959,1.0,2
4785,711,1.0,3
4785,6382,1.0,4
4785,1492,1.0,5
4786,2103,1.0,1
4786,4512,0.9996,2
4786,2087,0.9996,3
4786,4436,0.9995,4
4786,2565,0.9994,5
4787,4976,1.0,1
4787,3112,1.0,2
4787,4398,1.0,3
4787,5849,1.0,4
4787,7040,1.0,5
4788,6178,1.0,1
4788,2820,0.9999,2
4788,4479,0.9999,3
4788,1942,0.9999,4
4788,1342,0.9999,5
4789,1970,0.9998,1
4789,1417,0.9996,2
4789,4262,0.9994,3
4789,1183,0.9993,4
4789,3522,0.9993,5
4790,685,1.0,1
4790,5813,1.0,2
4790,2270,1.0,3
4790,5725,1.0,4
4790,2078,1.0,5
4791,1810,0.9999,1
4791,1822,0.9999,2
4791,3120,0.9998,3
4791,4952,0.9995,4
4791,6267,0.9994,5
4792,585,1.0,1
4792,3181,1.0,2
4792,1401,1.0,3
4792,6141,1.0,4
4792,6351,1.0,5
4793,5241,1.0,1
4793,610,1.0,2
4793,5222,1.0,3
4793,4288,0.9999,4
4793,3316,0.9999,5
4794,4258,1.0,1
4794,1069,1.0,2
4794,1927,1.0,3
4794,2837,1.0,4
4794,6712,0.9999,5
4795,3791,1.0,1
4795,3380,1.0,2
4795,5596,1.0,3
4795,2375,1.0,4
4795,1134,1.0,5
4796,6833,1.0,1
4796,3818,1.0,2
4796,5781,1.0,3
4796,2179,1.0,4
4796,671,0.9999,5
4797,3101,1.0,1
4797,3860,0.9999,2
4797,6015,0.9999,3
4797,1905,0.9999,4
4797,2715,0.9999,5
4798,438,1.0,1
4798,1876,1.0,2
4798,1171,1.0,3
4798,4027,1.0,4
4798,1694,1.0,5
4799,477,0.9998,1
4799,5254,0.9996,2
4799,5802,0.9995,3
4799,3624,0.9993,4
4799,4124,0.9986,5
4800,3534,1.0,1
4800,4194,1.0,2
4800,255,1.0,3
4800,5732,1.0,4
4800,1323,1.0,5
4801,1977,1.0,1
4801,3381,0.9999,2
4801,3750,0.9999,3
4801,1411,0.9999,4
4801,6369,0.9999,5
4802,4003,1.0,1
4802,1974,1.0,2
4802,6098,1.0,3
4802,6359,1.0,4
4802,5696,1.0,5
4803,3094,1.0,1
4803,1778,1.0,2
4803,1022,0.9999,3
4803,517,0.9999,4
4803,783,0.999,5
4804,889,0.9998,1
4804,5206,0.9998,2
4804,3464,0.9998,3
4804,6485,0.9997,4
4804,2060,0.9997,5
4805,4628,0.9998,1
4805,3913,0.9996,2
4805,257,0.9995,3
4805,5290,0.9995,4
4805,1270,0.9994,5
4806,306,1.0,1
4806,448,1.0,2
4806,4694,0.9999,3
4806,2200,0.9999,4
4806,2821,0.9999,5
4807,2177,1.0,1
4807,1512,1.0,2
4807,4531,1.0,3
4807,5731,1.0,4
4807,6868,1.0,5
4808,501,1.0,1
4808,2986,0.9995,2
4808,1645,0.998,3
4808,6788,0.9979,4
4808,6000,0.9972,5
4809,1758,1.0,1
4809,6922,0.9999,2
4809,3904,0.9999,3
4809,1566,0.9998,4
4809,6360,0.9997,5
4810,5779,1.0,1
4810,3313,1.0,2
4810,6500,1.0,3
4810,6361,1.0,4
4810,6339,1.0,5
4811,912,1.0,1
4811,1041,0.9999,2
4811,3470,0.9998,3
4811,5761,0.9997,4
4811,1772,0.9996,5
4812,3466,1.0,1
4812,669,1.0,2
4812,2558,0.9999,3
4812,724,0.9999,4
4812,3480,0.9999,5
4813,2308,0.9999,1
4813,1404,0.9998,2
4813,4508,0.9998,3
4813,6115,0.9997,4
4813,1319,0.9997,5
4814,6511,1.0,1
4814,2150,0.9999,2
4814,875,0.9999,3
4814,61,0.9999,4
4814,27,0.9998,5
4815,5195,0.9999,1
4815,762,0.9999,2
4815,7,0.9998,3
4815,312,0.9998,4
4815,4254,0.9997,5
4816,558,1.0,1
4816,1897,0.9998,2
4816,7034,0.9994,3
4816,1025,0.999,4
4816,4340,0.9985,5
4817,3712,0.9999,1
4817,4831,0.9999,2
4817,4319,0.9998,3
4817,2480,0.9998,4
4817,6927,0.9997,5
4818,409,1.0,1
4818,557,1.0,2
4818,6707,1.0,3
4818,773,1.0,4
4818,6762,1.0,5
4819,6825,0.9998,1
4819,4699,0.9998,2
4819,6777,0.9998,3
4819,3780,0.9997,4
4819,6411,0.9996,5
4820,5980,1.0,1
4820,5757,1.0,2
4820,671,1.0,3
4820,2179,1.0,4
4820,3430,1.0,5
4821,2159,0.9999,1
4821,869,0.9998,2
4821,3699,0.9998,3
4821,2807,0.9997,4
4821,5776,0.9997,5
4822,1183,0.9998,1
4822,6594,0.9998,2
4822,3522,0.9998,3
4822,4475,0.9998,4
4822,4262,0.9998,5
4823,3742,1.0,1
4823,2204,1.0,2
4823,7023,1.0,3
4823,842,1.0,4
4823,5621,1.0,5
4824,5190,1.0,1
4824,5577,1.0,2
4824,6910,1.0,3
4824,2117,1.0,4
4824,3091,0.9999,5
4825,1754,1.0,1
4825,1818,1.0,2
4825,31,0.9999,3
4825,2181,0.9999,4
4825,1485,0.9998,5
4826,419,1.0,1
4826,157,0.9996,2
4826,4549,0.9995,3
4826,6984,0.9994,4
4826,2151,0.9994,5
4827,1133,0.9992,1
4827,6366,0.9992,2
4827,6887,0.9991,3
4827,1027,0.9988,4
4827,906,0.9988,5
4828,5963,1.0,1
4828,4870,0.9999,2
4828,5054,0.9996,3
4828,4436,0.9996,4
4828,4512,0.9996,5
4829,6692,1.0,1
4829,5086,1.0,2
4829,6060,0.9999,3
4829,2930,0.9997,4
4829,2128,0.9995,5
4830,6956,1.0,1
4830,434,1.0,2
4830,6069,0.9999,3
4830,1300,0.9998,4
4830,545,0.9998,5
4831,4817,0.9999,1
4831,6924,0.9998,2
4831,164,0.9998,3
4831,3712,0.9997,4
4831,6400,0.9996,5
4832,5566,0.9997,1
4832,3244,0.9992,2
4832,6792,0.9992,3
4832,4072,0.9989,4
4832,1052,0.998,5
4833,1044,0.9996,1
4833,5401,0.9988,2
4833,1728,0.9986,3
4833,5748,0.9963,4
4833,4757,0.9962,5
4834,435,1.0,1
4834,1873,1.0,2
4834,5021,1.0,3
4834,4544,1.0,4
4834,2839,1.0,5
4835,1744,1.0,1
4835,6301,1.0,2
4835,2471,1.0,3
4835,6791,0.9999,4
4835,4484,0.9999,5
4836,4660,1.0,1
4836,3054,1.0,2
4836,548,1.0,3
4836,5835,1.0,4
4836,5819,1.0,5
4837,6643,0.9998,1
4837,4206,0.9993,2
4837,789,0.9993,3
4837,706,0.999,4
4837,4121,0.9989,5
4838,3427,1.0,1
4838,4464,1.0,2
4838,2085,1.0,3
4838,1740,1.0,4
4838,977,1.0,5
4839,3660,1.0,1
4839,3931,1.0,2
4839,3695,1.0,3
4839,4247,0.9999,4
4839,105,0.9999,5
4840,2169,1.0,1
4840,5628,0.9999,2
4840,2903,0.9999,3
4840,4626,0.9999,4
4840,3954,0.9999,5
4841,1258,0.9995,1
4841,974,0.9994,2
4841,4984,0.9969,3
4841,2810,0.9956,4
4841,4936,0.9955,5
4842,4684,1.0,1
4842,1837,0.9997,2
4842,5659,0.9996,3
4842,1373,0.9996,4
4842,2874,0.9995,5
4843,2402,0.9996,1
4843,3370,0.9995,2
4843,3894,0.9989,3
4843,245,0.9984,4
4843,4530,0.998,5
4844,1214,1.0,1
4844,5274,1.0,2
4844,3284,1.0,3
4844,1909,1.0,4
4844,3708,1.0,5
4845,660,1.0,1
4845,4505,1.0,2
4845,1004,1.0,3
4845,2896,1.0,4
4845,3523,1.0,5
4846,6792,0.9994,1
4846,3244,0.9993,2
4846,5061,0.9983,3
4846,5566,0.9982,4
4846,1403,0.9982,5
4847,5524,1.0,1
4847,6224,1.0,2
4847,2863,1.0,3
4847,4019,1.0,4
4847,1213,1.0,5
4848,114,1.0,1
4848,6345,0.9998,2
4848,3011,0.9991,3
4848,6741,0.999,4
4848,3327,0.9982,5
4849,5933,1.0,1
4849,1112,0.9999,2
4849,6030,0.9999,3
4849,2728,0.9999,4
4849,3920,0.9999,5
4850,5624,0.9997,1
4850,6427,0.9997,2
4850,5791,0.9997,3
4850,6143,0.9996,4
4850,1439,0.9995,5
4851,6746,1.0,1
4851,2476,0.9999,2
4851,1969,0.9999,3
4851,6338,0.9999,4
4851,5434,0.9999,5
4852,5369,1.0,1
4852,328,0.9999,2
4852,6274,0.9999,3
4852,3596,0.9999,4
4852,4284,0.9999,5
4853,6943,0.9999,1
4853,3652,0.9999,2
4853,3123,0.9999,3
4853,4769,0.9998,4
4853,3408,0.9998,5
4854,1203,1.0,1
4854,174,1.0,2
4854,2286,1.0,3
4854,1184,0.9999,4
4854,3860,0.9999,5
4855,5053,0.9998,1
4855,352,0.9993,2
4855,6458,0.9992,3
4855,4962,0.9986,4
4855,5284,0.9985,5
4856,1867,1.0,1
4856,5974,1.0,2
4856,2738,1.0,3
4856,4660,0.9999,4
4856,4836,0.9999,5
4857,4334,0.9999,1
4857,5957,0.9997,2
4857,6414,0.9994,3
4857,6151,0.9994,4
4857,6176,0.9994,5
4858,4028,1.0,1
4858,798,1.0,2
4858,2384,0.9998,3
4858,2977,0.9998,4
4858,6785,0.9997,5
4859,272,1.0,1
4859,6125,1.0,2
4859,216,0.9999,3
4859,4049,0.9998,4
4859,6506,0.9998,5
4860,6038,1.0,1
4860,2217,0.9999,2
4860,1662,0.9998,3
4860,1776,0.9998,4
4860,1436,0.9998,5
4861,570,0.9989,1
4861,4131,0.9985,2
4861,6685,0.9983,3
4861,2418,0.9983,4
4861,766,0.9981,5
4862,572,0.9999,1
4862,5885,0.9997,2
4862,4343,0.9989,3
4862,2530,0.9987,4
4862,2776,0.9983,5
4863,3320,1.0,1
4863,2408,1.0,2
4863,2630,1.0,3
4863,1382,1.0,4
4863,5,1.0,5
4864,6639,1.0,1
4864,5978,1.0,2
4864,6095,1.0,3
4864,6912,1.0,4
4864,3771,1.0,5
4865,4767,1.0,1
4865,5114,1.0,2
4865,6136,1.0,3
4865,2268,0.9999,4
4865,3108,0.9999,5
4866,2062,1.0,1
4866,2589,0.9999,2
4866,4966,0.9999,3
4866,4105,0.9999,4
4866,2907,0.9998,5
4867,159,0.9993,1
4867,3253,0.999,2
4867,2199,0.9989,3
4867,1604,0.9983,4
4867,30,0.9982,5
4868,4746,1.0,1
4868,525,0.9999,2
4868,6558,0.9996,3
4868,2306,0.9991,4
4868,1311,0.999,5
4869,2102,1.0,1
4869,3064,1.0,2
4869,1470,1.0,3
4869,5952,1.0,4
4869,2429,0.9998,5
4870,5963,1.0,1
4870,4828,0.9999,2
4870,5054,0.9999,3
4870,4427,0.9996,4
4870,5801,0.9996,5
4871,3046,0.9998,1
4871,741,0.9998,2
4871,2858,0.9998,3
4871,2333,0.9995,4
4871,5094,0.9995,5
4872,5379,1.0,1
4872,5986,0.9999,2
4872,975,0.9998,3
4872,2792,0.9998,4
4872,6337,0.9998,5
4873,2921,1.0,1
4873,5057,1.0,2
4873,5931,1.0,3
4873,697,1.0,4
4873,1683,1.0,5
4874,967,1.0,1
4874,2748,1.0,2
4874,2042,1.0,3
4874,2808,1.0,4
4874,2045,1.0,5
4875,5341,1.0,1
4875,1787,1.0,2
4875,2783,0.9998,3
4875,305,0.9995,4
4875,3647,0.9994,5
4876,4402,0.9982,1
4876,786,0.9981,2
4876,4491,0.9979,3
4876,1750,0.9976,4
4876,614,0.9975,5
4877,3717,0.9997,1
4877,6635,0.9996,2
4877,3873,0.9995,3
4877,6964,0.9993,4
4877,6840,0.9992,5
4878,413,0.999,1
4878,5472,0.9988,2
4878,709,0.9988,3
4878,1092,0.9988,4
4878,692,0.9987,5
4879,3590,0.9997,1
4879,5830,0.9994,2
4879,4362,0.9954,3
4879,2113,0.9953,4
4879,4234,0.9952,5
4880,4196,0.9999,1
4880,2891,0.9998,2
4880,1851,0.9998,3
4880,415,0.9996,4
4880,6465,0.9989,5
4881,6585,1.0,1
4881,6144,1.0,2
4881,3810,1.0,3
4881,2092,1.0,4
4881,69,1.0,5
4882,4094,0.9989,1
4882,6998,0.9989,2
4882,3787,0.9986,3
4882,308,0.9986,4
4882,3996,0.9985,5
4883,701,0.9999,1
4883,5118,0.9999,2
4883,2198,0.9998,3
4883,5423,0.9996,4
4883,7029,0.9994,5
4884,961,0.9999,1
4884,5360,0.9997,2
4884,499,0.9993,3
4884,3234,0.9987,4
4884,3192,0.9986,5
4885,6677,1.0,1
4885,6206,0.9998,2
4885,2405,0.9998,3
4885,6353,0.9998,4
4885,6509,0.9998,5
4886,629,1.0,1
4886,1062,1.0,2
4886,746,1.0,3
4886,3821,1.0,4
4886,4337,0.9999,5
4887,5078,1.0,1
4887,1317,1.0,2
4887,625,1.0,3
4887,4204,1.0,4
4887,5113,1.0,5
4888,2018,1.0,1
4888,3897,1.0,2
4888,4004,1.0,3
4888,2496,1.0,4
4888,5982,1.0,5
4889,3109,0.9999,1
4889,1247,0.9998,2
4889,337,0.9998,3
4889,5445,0.9997,4
4889,2314,0.9997,5
4890,5814,0.9997,1
4890,6187,0.9997,2
4890,1358,0.9996,3
4890,265,0.9996,4
4890,4223,0.9995,5
4891,1184,0.9999,1
4891,2286,0.9999,2
4891,4775,0.9998,3
4891,5904,0.9998,4
4891,4036,0.9998,5
4892,598,1.0,1
4892,5775,0.9999,2
4892,4644,0.9998,3
4892,5385,0.9996,4
4892,1915,0.9996,5
4893,3976,0.9998,1
4893,4336,0.9995,2
4893,5546,0.9995,3
4893,3802,0.9995,4
4893,1925,0.9995,5
4894,1999,1.0,1
4894,259,1.0,2
4894,6605,1.0,3
4894,3049,1.0,4
4894,3223,1.0,5
4895,2584,0.9999,1
4895,2720,0.9998,2
4895,964,0.9997,3
4895,6903,0.9996,4
4895,6006,0.9994,5
4896,3520,0.9999,1
4896,6813,0.9999,2
4896,1024,0.9999,3
4896,6208,0.9997,4
4896,1646,0.9997,5
4897,6978,1.0,1
4897,1966,1.0,2
4897,3297,0.9999,3
4897,226,0.9995,4
4897,6281,0.9991,5
4898,6811,1.0,1
4898,1890,0.9994,2
4898,6678,0.9993,3
4898,6205,0.9992,4
4898,2566,0.9991,5
4899,2842,1.0,1
4899,5632,1.0,2
4899,4370,1.0,3
4899,1318,1.0,4
4899,3081,1.0,5
4900,354,0.9999,1
4900,4495,0.9999,2
4900,1748,0.9999,3
4900,6013,0.9999,4
4900,2351,0.9998,5
4901,2522,0.9999,1
4901,5178,0.9998,2
4901,3485,0.9997,3
4901,2992,0.9992,4
4901,4913,0.9988,5
4902,475,1.0,1
4902,1466,1.0,2
4902,652,1.0,3
4902,3528,1.0,4
4902,4354,1.0,5
4903,2849,1.0,1
4903,5872,0.9997,2
4903,3292,0.9992,3
4903,1889,0.9991,4
4903,1299,0.9991,5
4904,6805,1.0,1
4904,4951,0.9999,2
4904,5273,0.9999,3
4904,5998,0.9999,4
4904,2494,0.9998,5
4905,39,0.9998,1
4905,1645,0.9996,2
4905,6884,0.9996,3
4905,4568,0.9996,4
4905,3275,0.9995,5
4906,6390,1.0,1
4906,2228,1.0,2
4906,3187,1.0,3
4906,5633,1.0,4
4906,6434,1.0,5
4907,2902,1.0,1
4907,5452,0.9999,2
4907,2347,0.9999,3
4907,3422,0.9999,4
4907,1811,0.9999,5
4908,5805,1.0,1
4908,5898,1.0,2
4908,270,1.0,3
4908,3983,1.0,4
4908,1712,1.0,5
4909,6534,1.0,1
4909,708,0.9998,2
4909,5723,0.9997,3
4909,5191,0.9997,4
4909,3616,0.9996,5
4910,6225,1.0,1
4910,690,1.0,2
4910,3851,1.0,3
4910,504,0.9999,4
4910,3179,0.9999,5
4911,5340,1.0,1
4911,2176,1.0,2
4911,2156,1.0,3
4911,594,0.9997,4
4911,930,0.9997,5
4912,1291,1.0,1
4912,6630,1.0,2
4912,2081,1.0,3
4912,5518,0.9998,4
4912,1165,0.9998,5
4913,6397,0.9999,1
4913,6174,0.9999,2
4913,2992,0.9999,3
4913,6774,0.9998,4
4913,3586,0.9997,5
4914,3141,1.0,1
4914,1534,0.9998,2
4914,45,0.9997,3
4914,6543,0.9996,4
4914,1337,0.9996,5
4915,6983,1.0,1
4915,5196,1.0,2
4915,1567,0.9999,3
4915,568,0.9999,4
4915,781,0.9998,5
4916,6384,0.9995,1
4916,3723,0.9995,2
4916,1582,0.999,3
4916,6501,0.9983,4
4916,4846,0.9975,5
4917,5038,1.0,1
4917,6289,1.0,2
4917,4385,1.0,3
4917,5247,1.0,4
4917,6539,1.0,5
4918,2029,1.0,1
4918,1575,1.0,2
4918,6731,1.0,3
4918,6009,1.0,4
4918,1198,1.0,5
4919,6647,1.0,1
4919,1936,1.0,2
4919,4115,1.0,3
4919,5578,1.0,4
4919,4670,1.0,5
4920,466,0.9999,1
4920,5741,0.9999,2
4920,5213,0.9997,3
4920,2422,0.9997,4
4920,2697,0.9996,5
4921,317,1.0,1
4921,3376,1.0,2
4921,4733,1.0,3
4921,3626,1.0,4
4921,5734,1.0,5
4922,6293,1.0,1
4922,6809,1.0,2
4922,2491,1.0,3
4922,2429,0.9998,4
4922,809,0.9997,5
4923,2806,0.9999,1
4923,791,0.9999,2
4923,5821,0.9999,3
4923,4927,0.9998,4
4923,453,0.9998,5
4924,6436,1.0,1
4924,1350,0.9998,2
4924,4600,0.9998,3
4924,3371,0.9997,4
4924,608,0.9992,5
4925,5962,1.0,1
4925,2428,1.0,2
4925,1145,1.0,3
4925,134,1.0,4
4925,2466,1.0,5
4926,3536,1.0,1
4926,1841,0.9999,2
4926,2278,0.9999,3
4926,2732,0.9999,4
4926,2970,0.9999,5
4927,4923,0.9998,1
4927,1635,0.9997,2
4927,6554,0.9997,3
4927,1769,0.9996,4
4927,6625,0.9995,5
4928,5836,1.0,1
4928,1798,1.0,2
4928,2065,1.0,3
4928,6322,1.0,4
4928,2679,1.0,5
4929,5285,0.9999,1
4929,4339,0.9999,2
4929,1573,0.9999,3
4929,951,0.9996,4
4929,4998,0.9996,5
4930,6411,1.0,1
4930,5961,0.9999,2
4930,3475,0.9997,3
4930,5413,0.9997,4
4930,1368,0.9997,5
4931,3811,1.0,1
4931,2864,1.0,2
4931,4707,1.0,3
4931,2127,1.0,4
4931,6378,1.0,5
4932,567,0.9998,1
4932,877,0.9998,2
4932,3148,0.9998,3
4932,179,0.9997,4
4932,6801,0.9997,5
4933,1984,1.0,1
4933,6826,0.9998,2
4933,3003,0.9996,3
4933,3004,0.9995,4
4933,919,0.9992,5
4934,958,0.9999,1
4934,6747,0.9999,2
4934,907,0.9998,3
4934,3961,0.9998,4
4934,3748,0.9996,5
4935,776,1.0,1
4935,3768,1.0,2
4935,4165,1.0,3
4935,1301,1.0,4
4935,4032,1.0,5
4936,5868,0.9984,1
4936,974,0.9982,2
4936,4841,0.9955,3
4936,5205,0.9952,4
4936,1258,0.9949,5
4937,5489,0.9999,1
4937,1082,0.9998,2
4937,1260,0.9998,3
4937,5225,0.9996,4
4937,4452,0.9996,5
4938,1308,0.9996,1
4938,2495,0.9986,2
4938,4147,0.9984,3
4938,5453,0.998,4
4938,4407,0.9962,5
4939,4270,0.9999,1
4939,5858,0.9997,2
4939,3885,0.9997,3
4939,826,0.9997,4
4939,1355,0.9996,5
4940,1152,1.0,1
4940,6490,1.0,2
4940,1655,1.0,3
4940,584,1.0,4
4940,1734,1.0,5
4941,2777,1.0,1
4941,177,0.9999,2
4941,248,0.9999,3
4941,2453,0.9999,4
4941,5124,0.9998,5
4942,3050,1.0,1
4942,4445,1.0,2
4942,6158,1.0,3
4942,758,1.0,4
4942,6259,1.0,5
4943,3357,1.0,1
4943,3665,1.0,2
4943,3409,1.0,3
4943,3482,1.0,4
4943,6824,1.0,5
4944,2191,1.0,1
4944,2404,1.0,2
4944,1699,1.0,3
4944,486,0.9999,4
4944,5057,0.9999,5
4945,5218,1.0,1
4945,6744,1.0,2
4945,2094,1.0,3
4945,5490,0.9999,4
4945,3765,0.9999,5
4946,6649,1.0,1
4946,4719,1.0,2
4946,1102,1.0,3
4946,5176,1.0,4
4946,2801,1.0,5
4947,4754,1.0,1
4947,1448,1.0,2
4947,866,1.0,3
4947,3764,0.9999,4
4947,2958,0.9999,5
4948,5353,1.0,1
4948,2763,0.9996,2
4948,6147,0.9996,3
4948,3839,0.9996,4
4948,4672,0.9995,5
4949,3825,1.0,1
4949,2820,1.0,2
4949,6740,0.9999,3
4949,3247,0.9999,4
4949,3017,0.9999,5
4950,4031,1.0,1
4950,3293,1.0,2
4950,4043,1.0,3
4950,3738,1.0,4
4950,280,0.9999,5
4951,1904,0.9999,1
4951,4904,0.9999,2
4951,4289,0.9999,3
4951,6446,0.9999,4
4951,6805,0.9998,5
4952,392,0.9995,1
4952,6667,0.9995,2
4952,4791,0.9995,3
4952,4559,0.9995,4
4952,6272,0.9993,5
4953,6483,0.9999,1
4953,6284,0.9999,2
4953,4460,0.9999,3
4953,2708,0.9999,4
4953,1705,0.9998,5
4954,4149,1.0,1
4954,4306,1.0,2
4954,3782,1.0,3
4954,1049,1.0,4
4954,1643,1.0,5
4955,384,1.0,1
4955,2655,1.0,2
4955,4213,1.0,3
4955,3456,1.0,4
4955,971,1.0,5
4956,4481,1.0,1
4956,6925,1.0,2
4956,4537,1.0,3
4956,6489,1.0,4
4956,810,1.0,5
4957,5091,0.9999,1
4957,827,0.9999,2
4957,1033,0.9997,3
4957,6627,0.9996,4
4957,1565,0.9996,5
4958,2606,1.0,1
4958,6022,1.0,2
4958,5884,1.0,3
4958,2166,1.0,4
4958,995,1.0,5
4959,4697,0.9999,1
4959,5231,0.9999,2
4959,528,0.9999,3
4959,3501,0.9999,4
4959,407,0.9999,5
4960,23,1.0,1
4960,1339,1.0,2
4960,4373,1.0,3
4960,2135,1.0,4
4960,2084,1.0,5
4961,3526,1.0,1
4961,3951,0.9999,2
4961,6901,0.9998,3
4961,3429,0.9998,4
4961,3331,0.9998,5
4962,3483,0.9996,1
4962,2717,0.9996,2
4962,1123,0.9996,3
4962,5053,0.9995,4
4962,6458,0.9994,5
4963,4417,0.9997,1
4963,1090,0.9996,2
4963,601,0.9995,3
4963,931,0.9995,4
4963,6467,0.9995,5
4964,4997,1.0,1
4964,1194,0.9999,2
4964,6117,0.9998,3
4964,3854,0.9998,4
4964,38,0.9997,5
4965,4161,1.0,1
4965,3745,0.9998,2
4965,733,0.9991,3
4965,2154,0.999,4
4965,2446,0.999,5
4966,2007,0.9999,1
4966,2062,0.9999,2
4966,4866,0.9999,3
4966,2907,0.9998,4
4966,1584,0.9997,5
4967,5441,0.9999,1
4967,3912,0.9996,2
4967,3159,0.9996,3
4967,2555,0.9994,4
4967,4478,0.9994,5
4968,2865,0.9999,1
4968,683,0.9998,2
4968,75,0.9998,3
4968,796,0.9998,4
4968,1915,0.9997,5
4969,6302,0.9998,1
4969,5015,0.9995,2
4969,1585,0.9995,3
4969,5718,0.9994,4
4969,130,0.999,5
4970,659,1.0,1
4970,2699,1.0,2
4970,5754,1.0,3
4970,4690,1.0,4
4970,5399,1.0,5
4971,4401,1.0,1
4971,4025,1.0,2
4971,4219,1.0,3
4971,6675,0.9999,4
4971,1945,0.9999,5
4972,6556,1.0,1
4972,2095,1.0,2
4972,5516,1.0,3
4972,4177,1.0,4
4972,5359,1.0,5
4973,2573,1.0,1
4973,222,1.0,2
4973,3650,1.0,3
4973,6100,1.0,4
4973,1324,1.0,5
4974,1361,0.9999,1
4974,2168,0.9999,2
4974,5020,0.9997,3
4974,4078,0.9996,4
4974,239,0.9996,5
4975,1852,0.9998,1
4975,2466,0.9998,2
4975,6257,0.9998,3
4975,5683,0.9998,4
4975,2421,0.9998,5
4976,4787,1.0,1
4976,5849,1.0,2
4976,4398,1.0,3
4976,3112,1.0,4
4976,107,1.0,5
4977,218,1.0,1
4977,1302,0.9998,2
4977,4179,0.9996,3
4977,1965,0.9996,4
4977,3389,0.9996,5
4978,3997,1.0,1
4978,941,1.0,2
4978,531,1.0,3
4978,2868,1.0,4
4978,2711,1.0,5
4979,1869,1.0,1
4979,3351,1.0,2
4979,4546,1.0,3
4979,390,1.0,4
4979,2703,1.0,5
4980,1681,1.0,1
4980,1842,1.0,2
4980,3896,1.0,3
4980,4128,1.0,4
4980,6793,1.0,5
4981,1010,0.9987,1
4981,5551,0.9987,2
4981,695,0.9985,3
4981,3006,0.9981,4
4981,6533,0.9974,5
4982,1195,1.0,1
4982,1952,0.9999,2
4982,4062,0.9998,3
4982,6120,0.9998,4
4982,11,0.9997,5
4983,1782,0.9999,1
4983,4578,0.9999,2
4983,979,0.9999,3
4983,5299,0.9999,4
4983,6334,0.9998,5
4984,2810,0.9985,1
4984,4142,0.9971,2
4984,4841,0.9969,3
4984,1258,0.9958,4
4984,974,0.9936,5
4985,1962,1.0,1
4985,4441,0.9997,2
4985,2035,0.9997,3
4985,3974,0.9996,4
4985,5529,0.9989,5
4986,6387,1.0,1
4986,6244,1.0,2
4986,2161,1.0,3
4986,3762,1.0,4
4986,6918,1.0,5
4987,3884,1.0,1
4987,2881,1.0,2
4987,96,0.9999,3
4987,2545,0.9999,4
4987,185,0.9997,5
4988,2532,1.0,1
4988,1712,1.0,2
4988,2508,1.0,3
4988,3983,1.0,4
4988,2455,1.0,5
4989,1131,1.0,1
4989,6491,1.0,2
4989,6222,1.0,3
4989,3239,1.0,4
4989,861,1.0,5
4990,5131,0.9999,1
4990,4100,0.9999,2
4990,2713,0.9997,3
4990,3962,0.9997,4
4990,5092,0.9996,5
4991,1821,1.0,1
4991,795,0.9999,2
4991,782,0.9999,3
4991,1295,0.9999,4
4991,2617,0.9998,5
4992,5324,0.9999,1
4992,5545,0.9999,2
4992,779,0.9999,3
4992,3447,0.9999,4
4992,4714,0.9999,5
4993,689,0.9998,1
4993,668,0.9994,2
4993,2200,0.9986,3
4993,1790,0.9986,4
4993,4694,0.9985,5
4994,4163,1.0,1
4994,4311,1.0,2
4994,918,1.0,3
4994,944,1.0,4
4994,2973,1.0,5
4995,3929,1.0,1
4995,285,0.9999,2
4995,7026,0.9999,3
4995,5658,0.9998,4
4995,3439,0.9998,5
4996,83,1.0,1
4996,2599,1.0,2
4996,2448,1.0,3
4996,4483,1.0,4
4996,3338,1.0,5
4997,1194,1.0,1
4997,4964,1.0,2
4997,6117,0.9998,3
4997,3149,0.9998,4
4997,38,0.9998,5
4998,951,1.0,1
4998,393,1.0,2
4998,4342,1.0,3
4998,6674,1.0,4
4998,1573,0.9999,5
4999,6038,0.9999,1
4999,73,0.9998,2
4999,1026,0.9998,3
4999,4860,0.9998,4
4999,2217,0.9997,5
5000,3529,1.0,1
5000,4577,1.0,2
5000,240,1.0,3
5000,6104,1.0,4
5000,3521,1.0,5
5001,4622,1.0,1
5001,5318,1.0,2
5001,5392,1.0,3
5001,6459,1.0,4
5001,3697,1.0,5
5002,64,0.9994,1
5002,4253,0.9994,2
5002,5955,0.9994,3
5002,807,0.9994,4
5002,1529,0.9993,5
5003,5532,0.9999,1
5003,5950,0.9999,2
5003,1380,0.9998,3
5003,6417,0.9996,4
5003,3161,0.9995,5
5004,2925,1.0,1
5004,5496,0.9999,2
5004,1975,0.9999,3
5004,3888,0.9999,4
5004,4231,0.9998,5
5005,2603,1.0,1
5005,2509,1.0,2
5005,4292,1.0,3
5005,94,0.9999,4
5005,3978,0.9999,5
5006,5631,0.9999,1
5006,516,0.9999,2
5006,1191,0.9999,3
5006,7007,0.9999,4
5006,6607,0.9999,5
5007,6408,0.9999,1
5007,5607,0.9999,2
5007,5794,0.9996,3
5007,1065,0.9996,4
5007,2079,0.9996,5
5008,5465,1.0,1
5008,6789,1.0,2
5008,1280,1.0,3
5008,2415,1.0,4
5008,1241,1.0,5
5009,461,1.0,1
5009,4771,1.0,2
5009,5456,1.0,3
5009,2403,1.0,4
5009,155,1.0,5
5010,6290,0.9999,1
5010,4376,0.9999,2
5010,5128,0.9998,3
5010,3300,0.9997,4
5010,2767,0.9997,5
5011,4487,1.0,1
5011,266,1.0,2
5011,379,0.9999,3
5011,5446,0.9999,4
5011,6248,0.9998,5
5012,1180,1.0,1
5012,395,0.9999,2
5012,6961,0.9999,3
5012,5154,0.9997,4
5012,4452,0.9997,5
5013,4138,1.0,1
5013,5249,1.0,2
5013,914,1.0,3
5013,520,1.0,4
5013,1902,1.0,5
5014,3063,0.9999,1
5014,4741,0.9986,2
5014,5834,0.9983,3
5014,6040,0.9981,4
5014,6236,0.9979,5
5015,4969,0.9995,1
5015,130,0.9993,2
5015,5718,0.9991,3
5015,6302,0.999,4
5015,4410,0.9987,5
5016,2245,0.9997,1
5016,6541,0.9997,2
5016,4424,0.9972,3
5016,6633,0.9955,4
5016,3578,0.9951,5
5017,3022,1.0,1
5017,6042,1.0,2
5017,3208,1.0,3
5017,6565,1.0,4
5017,588,1.0,5
5018,3214,1.0,1
5018,1907,0.9998,2
5018,2413,0.9995,3
5018,6751,0.9992,4
5018,1481,0.9992,5
5019,1718,1.0,1
5019,6779,1.0,2
5019,406,1.0,3
5019,4007,1.0,4
5019,4202,1.0,5
5020,4078,1.0,1
5020,2168,0.9999,2
5020,1361,0.9999,3
5020,5793,0.9999,4
5020,4742,0.9999,5
5021,4834,1.0,1
5021,435,1.0,2
5021,1873,1.0,3
5021,5689,1.0,4
5021,2839,1.0,5
5022,7010,0.9997,1
5022,6984,0.9994,2
5022,5473,0.9993,3
5022,4826,0.9992,4
5022,419,0.999,5
5023,6304,1.0,1
5023,2598,1.0,2
5023,5770,1.0,3
5023,3041,1.0,4
5023,808,1.0,5
5024,6817,1.0,1
5024,4485,1.0,2
5024,5663,1.0,3
5024,3329,1.0,4
5024,5117,1.0,5
5025,715,1.0,1
5025,2981,1.0,2
5025,2510,1.0,3
5025,3383,1.0,4
5025,6881,1.0,5
5026,6429,0.9999,1
5026,3792,0.9999,2
5026,1544,0.9998,3
5026,6482,0.9998,4
5026,1377,0.9998,5
5027,400,1.0,1
5027,4193,1.0,2
5027,6561,1.0,3
5027,5713,1.0,4
5027,4653,1.0,5
5028,5665,0.9999,1
5028,3249,0.9999,2
5028,5816,0.9999,3
5028,3525,0.9999,4
5028,3323,0.9998,5
5029,5210,1.0,1
5029,6687,1.0,2
5029,194,1.0,3
5029,5103,1.0,4
5029,5198,1.0,5
5030,124,1.0,1
5030,5121,0.9999,2
5030,5318,0.9999,3
5030,2775,0.9999,4
5030,5001,0.9999,5
5031,3823,1.0,1
5031,2956,0.9999,2
5031,3920,0.9999,3
5031,2728,0.9999,4
5031,6629,0.9999,5
5032,6964,0.9999,1
5032,5875,0.9999,2
5032,118,0.9999,3
5032,4678,0.9998,4
5032,2439,0.9998,5
5033,3339,1.0,1
5033,536,1.0,2
5033,1164,0.9999,3
5033,1249,0.9998,4
5033,5334,0.9998,5
5034,2527,1.0,1
5034,3377,1.0,2
5034,6171,1.0,3
5034,4633,1.0,4
5034,3519,1.0,5
5035,6460,0.9995,1
5035,2433,0.999,2
5035,3513,0.9987,3
5035,5056,0.9979,4
5035,6320,0.9972,5
5036,7036,0.9994,1
5036,2906,0.9993,2
5036,4331,0.9992,3
5036,6203,0.999,4
5036,712,0.9982,5
5037,2335,1.0,1
5037,1991,1.0,2
5037,1305,0.9999,3
5037,1632,0.9999,4
5037,1309,0.9999,5
5038,4385,1.0,1
5038,5247,1.0,2
5038,4917,1.0,3
5038,6539,1.0,4
5038,6289,1.0,5
5039,2213,1.0,1
5039,4203,1.0,2
5039,4023,1.0,3
5039,4194,1.0,4
5039,3534,1.0,5
5040,6553,1.0,1
5040,6688,1.0,2
5040,3933,0.9999,3
5040,927,0.9999,4
5040,4447,0.9999,5
5041,196,1.0,1
5041,1953,0.9998,2
5041,4780,0.9997,3
5041,1446,0.9997,4
5041,5864,0.9995,5
5042,5176,1.0,1
5042,2801,1.0,2
5042,6649,1.0,3
5042,4946,1.0,4
5042,1102,1.0,5
5043,2877,1.0,1
5043,4732,1.0,2
5043,394,1.0,3
5043,3366,1.0,4
5043,1348,1.0,5
5044,5712,0.9999,1
5044,5620,0.9999,2
5044,2220,0.9999,3
5044,1493,0.9996,4
5044,4414,0.9994,5
5045,5623,0.9997,1
5045,6551,0.9997,2
5045,920,0.9997,3
5045,1703,0.9997,4
5045,5699,0.9997,5
5046,445,0.9991,1
5046,5882,0.9991,2
5046,839,0.9987,3
5046,546,0.9986,4
5046,1233,0.9978,5
5047,1854,1.0,1
5047,6900,1.0,2
5047,2888,1.0,3
5047,1250,1.0,4
5047,1836,1.0,5
5048,6383,0.9985,1
5048,3926,0.9957,2
5048,558,0.9952,3
5048,4816,0.9947,4
5048,5453,0.9935,5
5049,6245,1.0,1
5049,6820,0.9999,2
5049,841,0.9999,3
5049,6312,0.9999,4
5049,3995,0.9998,5
5050,34,1.0,1
5050,4099,1.0,2
5050,5909,1.0,3
5050,223,1.0,4
5050,101,1.0,5
5051,7043,1.0,1
5051,3784,1.0,2
5051,1340,0.9999,3
5051,3055,0.9999,4
5051,4106,0.9999,5
5052,514,1.0,1
5052,904,1.0,2
5052,2136,0.9999,3
5052,1488,0.9999,4
5052,4200,0.9999,5
5053,4855,0.9998,1
5053,352,0.9997,2
5053,6458,0.9996,3
5053,4962,0.9995,4
5053,3483,0.999,5
5054,4427,0.9999,1
5054,4870,0.9999,2
5054,5963,0.9998,3
5054,4828,0.9996,4
5054,5981,0.9996,5
5055,284,1.0,1
5055,3871,1.0,2
5055,1507,1.0,3
5055,2356,0.9999,4
5055,6146,0.9999,5
5056,6320,0.9999,1
5056,3513,0.9998,2
5056,2433,0.9995,3
5056,6460,0.9992,4
5056,6179,0.9987,5
5057,5931,1.0,1
5057,4873,1.0,2
5057,486,1.0,3
5057,3379,1.0,4
5057,5787,1.0,5
5058,6325,1.0,1
5058,1626,1.0,2
5058,2946,1.0,3
5058,5160,1.0,4
5058,1357,0.9999,5
5059,1727,0.9994,1
5059,1545,0.9992,2
5059,3718,0.9984,3
5059,6875,0.9984,4
5059,264,0.998,5
5060,2102,0.9999,1
5060,1189,0.9999,2
5060,4869,0.9998,3
5060,1470,0.9998,4
5060,3064,0.9998,5
5061,1403,1.0,1
5061,1653,0.9998,2
5061,5940,0.9997,3
5061,2645,0.9996,4
5061,5164,0.9995,5
5062,5563,0.9999,1
5062,4071,0.9998,2
5062,6239,0.9997,3
5062,964,0.9995,4
5062,6063,0.9995,5
5063,6008,0.9998,1
5063,5271,0.9997,2
5063,190,0.9996,3
5063,635,0.9994,4
5063,5617,0.9993,5
5064,162,0.9995,1
5064,4371,0.9993,2
5064,4826,0.9991,3
5064,2151,0.9991,4
5064,419,0.9989,5
5065,2755,0.9999,1
5065,4291,0.9999,2
5065,777,0.9998,3
5065,6044,0.9998,4
5065,5547,0.9997,5
5066,4167,0.9986,1
5066,5205,0.9975,2
5066,5758,0.9974,3
5066,6043,0.9971,4
5066,5744,0.9965,5
5067,6184,1.0,1
5067,5332,1.0,2
5067,3503,1.0,3
5067,4774,1.0,4
5067,4210,0.9999,5
5068,2658,0.9988,1
5068,4691,0.9988,2
5068,2765,0.9987,3
5068,3800,0.9979,4
5068,6652,0.9978,5
5069,4321,1.0,1
5069,1946,1.0,2
5069,4921,1.0,3
5069,317,0.9999,4
5069,3376,0.9999,5
5070,4434,1.0,1
5070,4026,0.9999,2
5070,3756,0.9999,3
5070,2680,0.9999,4
5070,5611,0.9999,5
5071,996,1.0,1
5071,3845,0.9998,2
5071,1622,0.9995,3
5071,2066,0.9993,4
5071,2521,0.9993,5
5072,1954,1.0,1
5072,2130,1.0,2
5072,5101,1.0,3
5072,582,1.0,4
5072,1955,1.0,5
5073,5134,0.9999,1
5073,3062,0.9998,2
5073,4212,0.9998,3
5073,4702,0.9996,4
5073,4674,0.9995,5
5074,2693,0.9999,1
5074,4570,0.9998,2
5074,5984,0.9996,3
5074,4310,0.9993,4
5074,5109,0.9992,5
5075,4305,1.0,1
5075,6952,1.0,2
5075,1616,1.0,3
5075,85,1.0,4
5075,6658,0.9999,5
5076,1410,0.9998,1
5076,113,0.9998,2
5076,6804,0.9998,3
5076,6509,0.9996,4
5076,5688,0.9996,5
5077,2108,1.0,1
5077,4589,0.9998,2
5077,5435,0.9997,3
5077,775,0.9995,4
5077,4526,0.9995,5
5078,4887,1.0,1
5078,1317,1.0,2
5078,625,1.0,3
5078,5113,1.0,4
5078,4204,1.0,5
5079,2305,1.0,1
5079,4567,0.9999,2
5079,6948,0.9999,3
5079,1576,0.9999,4
5079,6745,0.9999,5
5080,4411,0.9998,1
5080,1559,0.9997,2
5080,5992,0.9997,3
5080,5414,0.9996,4
5080,6153,0.9993,5
5081,2072,0.9999,1
5081,2615,0.9999,2
5081,5531,0.9999,3
5081,1786,0.9998,4
5081,4486,0.9998,5
5082,5351,1.0,1
5082,2234,0.9999,2
5082,2139,0.9999,3
5082,3673,0.9998,4
5082,3170,0.9998,5
5083,3360,1.0,1
5083,6294,1.0,2
5083,1976,1.0,3
5083,1005,1.0,4
5083,4386,1.0,5
5084,2833,1.0,1
5084,6908,0.9997,2
5084,2500,0.9997,3
5084,1396,0.9995,4
5084,4261,0.9989,5
5085,6269,1.0,1
5085,5626,1.0,2
5085,1921,1.0,3
5085,5759,1.0,4
5085,4749,1.0,5
5086,6060,1.0,1
5086,4829,1.0,2
5086,6692,1.0,3
5086,2930,0.9998,4
5086,2128,0.9993,5
5087,2231,1.0,1
5087,1980,1.0,2
5087,2409,1.0,3
5087,5686,0.9999,4
5087,6724,0.9999,5
5088,1560,1.0,1
5088,6278,1.0,2
5088,5152,1.0,3
5088,3476,1.0,4
5088,6577,1.0,5
5089,1789,1.0,1
5089,139,1.0,2
5089,3771,1.0,3
5089,665,1.0,4
5089,4239,1.0,5
5090,1045,1.0,1
5090,78,1.0,2
5090,1717,1.0,3
5090,3795,1.0,4
5090,5693,0.9999,5
5091,827,1.0,1
5091,4957,0.9999,2
5091,6627,0.9999,3
5091,1033,0.9996,4
5091,6216,0.9993,5
5092,4100,0.9999,1
5092,1911,0.9998,2
5092,6892,0.9998,3
5092,6571,0.9997,4
5092,6175,0.9996,5
5093,4352,1.0,1
5093,4615,1.0,2
5093,3942,1.0,3
5093,6035,1.0,4
5093,1910,1.0,5
5094,2352,0.9998,1
5094,3046,0.9998,2
5094,4871,0.9995,3
5094,2333,0.9994,4
5094,741,0.9992,5
5095,6358,1.0,1
5095,4715,1.0,2
5095,1827,1.0,3
5095,396,0.9999,4
5095,2218,0.9999,5
5096,6254,0.9998,1
5096,4030,0.9998,2
5096,2003,0.9998,3
5096,6896,0.9998,4
5096,4056,0.9997,5
5097,6736,1.0,1
5097,3921,1.0,2
5097,2936,1.0,3
5097,1642,0.9999,4
5097,4453,0.9999,5
5098,6055,0.9998,1
5098,3114,0.9997,2
5098,6085,0.9996,3
5098,339,0.9995,4
5098,1189,0.9995,5
5099,2590,0.9999,1
5099,3933,0.9998,2
5099,246,0.9997,3
5099,7009,0.9997,4
5099,748,0.9997,5
5100,402,1.0,1
5100,4499,1.0,2
5100,3009,1.0,3
5100,2735,1.0,4
5100,4594,1.0,5
5101,582,1.0,1
5101,2130,1.0,2
5101,5072,1.0,3
5101,1954,1.0,4
5101,1955,1.0,5
5102,5155,0.9996,1
5102,4429,0.9991,2
5102,209,0.999,3
5102,3864,0.9988,4
5102,179,0.9986,5
5103,5198,1.0,1
5103,551,1.0,2
5103,5210,1.0,3
5103,5029,1.0,4
5103,2451,1.0,5
5104,454,0.9988,1
5104,3003,0.9986,2
5104,4255,0.9983,3
5104,6826,0.9982,4
5104,4515,0.9981,5
5105,2313,1.0,1
5105,2424,1.0,2
5105,6189,1.0,3
5105,2497,1.0,4
5105,6472,1.0,5
5106,3444,1.0,1
5106,6148,0.9999,2
5106,2949,0.9999,3
5106,4001,0.9999,4
5106,3776,0.9999,5
5107,3074,0.9999,1
5107,6758,0.9998,2
5107,3083,0.9998,3
5107,878,0.9997,4
5107,112,0.9996,5
5108,5333,1.0,1
5108,5797,0.9997,2
5108,5277,0.9992,3
5108,2895,0.9992,4
5108,6864,0.9991,5
5109,6281,1.0,1
5109,4570,0.9992,2
5109,5074,0.9992,3
5109,3030,0.9991,4
5109,226,0.9991,5
5110,6851,1.0,1
5110,4416,1.0,2
5110,1351,0.9999,3
5110,4717,0.9999,4
5110,5920,0.9999,5
5111,4089,0.9998,1
5111,334,0.9998,2
5111,3581,0.9997,3
5111,6562,0.9997,4
5111,5287,0.9997,5
5112,5913,1.0,1
5112,1130,1.0,2
5112,699,1.0,3
5112,6208,0.9999,4
5112,6813,0.9997,5
5113,4204,1.0,1
5113,625,1.0,2
5113,1317,1.0,3
5113,4887,1.0,4
5113,5078,1.0,5
5114,6136,1.0,1
5114,4767,1.0,2
5114,4865,1.0,3
5114,4563,1.0,4
5114,1876,0.9999,5
5115,3601,0.9999,1
5115,5714,0.9998,2
5115,3775,0.9994,3
5115,699,0.9993,4
5115,3215,0.9993,5
5116,2333,0.9998,1
5116,741,0.9998,2
5116,804,0.9998,3
5116,2858,0.9994,4
5116,3046,0.9993,5
5117,2463,1.0,1
5117,4418,1.0,2
5117,4485,1.0,3
5117,4063,1.0,4
5117,6817,1.0,5
5118,4883,0.9999,1
5118,701,0.9997,2
5118,5423,0.9995,3
5118,2198,0.9994,4
5118,3706,0.9992,5
5119,4126,0.9998,1
5119,381,0.9998,2
5119,1875,0.9998,3
5119,376,0.9998,4
5119,3298,0.9998,5
5120,1298,1.0,1
5120,6303,1.0,2
5120,2011,1.0,3
5120,3115,0.9999,4
5120,3756,0.9999,5
5121,2414,1.0,1
5121,5030,0.9999,2
5121,5392,0.9999,3
5121,6459,0.9999,4
5121,3697,0.9999,5
5122,3014,1.0,1
5122,3266,1.0,2
5122,3677,0.9987,3
5122,3426,0.9987,4
5122,3700,0.9986,5
5123,6734,0.9999,1
5123,1438,0.9996,2
5123,1753,0.9993,3
5123,3106,0.9988,4
5123,6062,0.9988,5
5124,1499,1.0,1
5124,177,0.9999,2
5124,248,0.9999,3
5124,2453,0.9999,4
5124,4218,0.9999,5
5125,4374,1.0,1
5125,6930,1.0,2
5125,1241,1.0,3
5125,2415,1.0,4
5125,3310,1.0,5
5126,2846,1.0,1
5126,4064,0.9998,2
5126,2799,0.9998,3
5126,656,0.9998,4
5126,6525,0.9998,5
5127,811,0.9999,1
5127,1251,0.9999,2
5127,2183,0.9999,3
5127,3731,0.9999,4
5127,1982,0.9998,5
5128,3895,0.9999,1
5128,3300,0.9998,2
5128,6290,0.9998,3
5128,5010,0.9998,4
5128,4376,0.9994,5
5129,6454,1.0,1
5129,4050,0.9999,2
5129,1866,0.9999,3
5129,1082,0.9999,4
5129,2484,0.9999,5
5130,928,0.9998,1
5130,5424,0.9997,2
5130,173,0.9997,3
5130,4465,0.9996,4
5130,156,0.9996,5
5131,4990,0.9999,1
5131,2713,0.9999,2
5131,3962,0.9999,3
5131,611,0.9996,4
5131,4100,0.9996,5
5132,5569,0.9999,1
5132,1475,0.9999,2
5132,6263,0.9998,3
5132,3183,0.9998,4
5132,5870,0.9998,5
5133,4566,1.0,1
5133,97,1.0,2
5133,3994,0.9999,3
5133,700,0.9999,4
5133,3882,0.9999,5
5134,4212,0.9999,1
5134,5073,0.9999,2
5134,4674,0.9998,3
5134,2564,0.9997,4
5134,3062,0.9997,5
5135,5500,1.0,1
5135,4322,0.9999,2
5135,5907,0.9998,3
5135,6631,0.9997,4
5135,5544,0.9997,5
5136,4066,1.0,1
5136,4157,1.0,2
5136,4243,1.0,3
5136,988,1.0,4
5136,2669,1.0,5
5137,6258,0.9999,1
5137,346,0.9999,2
5137,916,0.9999,3
5137,5482,0.9999,4
5137,3806,0.9999,5
5138,4491,0.9999,1
5138,2933,0.9997,2
5138,6973,0.9993,3
5138,5262,0.9989,4
5138,76,0.9988,5
5139,5253,1.0,1
5139,3349,1.0,2
5139,2027,1.0,3
5139,3887,1.0,4
5139,4687,1.0,5
5140,267,1.0,1
5140,687,0.9999,2
5140,5928,0.9999,3
5140,2318,0.9999,4
5140,5409,0.9999,5
5141,5355,1.0,1
5141,3005,1.0,2
5141,4327,1.0,3
5141,643,1.0,4
5141,845,0.9999,5
5142,6156,1.0,1
5142,1273,1.0,2
5142,2180,1.0,3
5142,3208,1.0,4
5142,5017,1.0,5
5143,3504,1.0,1
5143,1340,1.0,2
5143,2813,1.0,3
5143,3784,1.0,4
5143,7043,0.9999,5
5144,6462,0.9997,1
5144,3662,0.9995,2
5144,414,0.9995,3
5144,3859,0.9994,4
5144,1231,0.9994,5
5145,3044,0.9999,1
5145,3234,0.9999,2
5145,499,0.9993,3
5145,1514,0.9987,4
5145,6220,0.9987,5
5146,4413,1.0,1
5146,1407,1.0,2
5146,3980,1.0,3
5146,2063,1.0,4
5146,1036,1.0,5
5147,2017,0.9998,1
5147,4295,0.9997,2
5147,544,0.9997,3
5147,3354,0.9997,4
5147,428,0.9997,5
5148,6654,1.0,1
5148,3128,0.9995,2
5148,2189,0.9995,3
5148,6365,0.9991,4
5148,2196,0.999,5
5149,146,1.0,1
5149,2634,1.0,2
5149,1576,0.9999,3
5149,5411,0.9999,4
5149,4098,0.9999,5
5150,5997,1.0,1
5150,2725,1.0,2
5150,5366,1.0,3
5150,2361,1.0,4
5150,3730,1.0,5
5151,6646,1.0,1
5151,7031,1.0,2
5151,2550,1.0,3
5151,5530,1.0,4
5151,6855,1.0,5
5152,1560,1.0,1
5152,6278,1.0,2
5152,5088,1.0,3
5152,3476,1.0,4
5152,6577,1.0,5
5153,4008,1.0,1
5153,4273,0.9999,2
5153,2242,0.9999,3
5153,6793,0.9999,4
5153,4128,0.9999,5
5154,2416,0.9999,1
5154,395,0.9999,2
5154,6961,0.9999,3
5154,5012,0.9997,4
5154,1180,0.9997,5
5155,3864,0.9998,1
5155,5102,0.9996,2
5155,5511,0.9995,3
5155,179,0.9993,4
5155,877,0.9992,5
5156,5519,1.0,1
5156,896,1.0,2
5156,6987,1.0,3
5156,2571,1.0,4
5156,515,1.0,5
5157,3059,1.0,1
5157,3516,0.9998,2
5157,6442,0.9998,3
5157,2079,0.9996,4
5157,4599,0.9995,5
5158,1894,0.9997,1
5158,6348,0.9995,2
5158,480,0.9994,3
5158,3531,0.9992,4
5158,1211,0.9992,5
5159,1779,1.0,1
5159,1794,1.0,2
5159,3914,1.0,3
5159,1227,1.0,4
5159,2570,1.0,5
5160,5058,1.0,1
5160,6325,1.0,2
5160,1626,0.9999,3
5160,1666,0.9999,4
5160,2946,0.9999,5
5161,4724,1.0,1
5161,490,1.0,2
5161,3133,1.0,3
5161,6376,1.0,4
5161,2511,1.0,5
5162,1329,1.0,1
5162,3154,1.0,2
5162,3627,0.9993,3
5162,5697,0.9993,4
5162,3691,0.9992,5
5163,6570,1.0,1
5163,6122,1.0,2
5163,1451,1.0,3
5163,2210,1.0,4
5163,6830,1.0,5
5164,5940,0.9998,1
5164,2645,0.9998,2
5164,1403,0.9996,3
5164,5061,0.9995,4
5164,1653,0.9987,5
5165,1045,0.9999,1
5165,5090,0.9998,2
5165,78,0.9997,3
5165,1717,0.9997,4
5165,3795,0.9997,5
5166,5783,1.0,1
5166,1732,1.0,2
5166,3302,1.0,3
5166,2608,1.0,4
5166,5455,1.0,5
5167,3610,1.0,1
5167,4501,1.0,2
5167,3047,1.0,3
5167,6877,0.9999,4
5167,2381,0.9999,5
5168,3835,1.0,1
5168,1979,1.0,2
5168,973,0.9999,3
5168,6057,0.9998,4
5168,6217,0.9997,5
5169,3196,1.0,1
5169,5236,1.0,2
5169,356,0.9998,3
5169,5439,0.9998,4
5169,6380,0.9998,5
5170,1604,1.0,1
5170,2257,0.9997,2
5170,1132,0.9996,3
5170,2282,0.9995,4
5170,4074,0.9995,5
5171,5706,1.0,1
5171,3853,1.0,2
5171,1050,1.0,3
5171,2760,1.0,4
5171,5447,1.0,5
5172,434,0.9999,1
5172,4158,0.9998,2
5172,6956,0.9998,3
5172,4830,0.9998,4
5172,5857,0.9998,5
5173,1749,1.0,1
5173,4290,1.0,2
5173,1508,1.0,3
5173,5298,1.0,4
5173,1217,1.0,5
5174,3883,1.0,1
5174,2749,1.0,2
5174,2479,1.0,3
5174,4648,1.0,4
5174,3480,0.9999,5
5175,5469,0.9999,1
5175,2684,0.9999,2
5175,1971,0.9998,3
5175,509,0.9998,4
5175,5719,0.9998,5
5176,2801,1.0,1
5176,6649,1.0,2
5176,4946,1.0,3
5176,5042,1.0,4
5176,1102,1.0,5
5177,5444,1.0,1
5177,1882,0.9996,2
5177,436,0.9994,3
5177,2238,0.9989,4
5177,3317,0.9984,5
5178,2522,0.9999,1
5178,4901,0.9998,2
5178,3485,0.9997,3
5178,3011,0.9991,4
5178,2992,0.9984,5
5179,2577,1.0,1
5179,3419,0.9999,2
5179,3789,0.9999,3
5179,6405,0.9999,4
5179,6037,0.9999,5
5180,1080,1.0,1
5180,651,1.0,2
5180,3693,1.0,3
5180,5676,1.0,4
5180,6782,1.0,5
5181,7029,1.0,1
5181,50,0.9999,2
5181,5920,0.9998,3
5181,1351,0.9998,4
5181,5423,0.9998,5
5182,4104,1.0,1
5182,3623,1.0,2
5182,1612,1.0,3
5182,1903,1.0,4
5182,4268,1.0,5
5183,3336,1.0,1
5183,2214,1.0,2
5183,2138,1.0,3
5183,5894,0.9999,4
5183,4752,0.9999,5
5184,986,0.9998,1
5184,5844,0.9996,2
5184,3573,0.9995,3
5184,4543,0.9995,4
5184,6823,0.9995,5
5185,3262,1.0,1
5185,1639,1.0,2
5185,4596,1.0,3
5185,5615,1.0,4
5185,2477,0.9999,5
5186,3057,1.0,1
5186,6457,1.0,2
5186,1031,0.9999,3
5186,648,0.9999,4
5186,615,0.9998,5
5187,3184,0.9997,1
5187,21,0.9994,2
5187,253,0.9992,3
5187,261,0.9986,4
5187,3044,0.9978,5
5188,6545,0.9999,1
5188,684,0.9999,2
5188,1788,0.9999,3
5188,6497,0.9997,4
5188,1126,0.9997,5
5189,2581,1.0,1
5189,1412,0.9999,2
5189,4449,0.9998,3
5189,2445,0.9998,4
5189,3643,0.9996,5
5190,2117,1.0,1
5190,5437,1.0,2
5190,4824,1.0,3
5190,6664,1.0,4
5190,2574,0.9999,5
5191,3643,0.9999,1
5191,4189,0.9999,2
5191,6534,0.9997,3
5191,1412,0.9997,4
5191,4909,0.9997,5
5192,1060,1.0,1
5192,6331,0.9998,2
5192,1066,0.9998,3
5192,1219,0.9996,4
5192,2652,0.9995,5
5193,5358,1.0,1
5193,1547,1.0,2
5193,1692,1.0,3
5193,4728,1.0,4
5193,2467,1.0,5
5194,4551,1.0,1
5194,2788,1.0,2
5194,4506,1.0,3
5194,6818,1.0,4
5194,6720,1.0,5
5195,762,1.0,1
5195,7,1.0,2
5195,312,1.0,3
5195,4815,0.9999,4
5195,4254,0.9999,5
5196,1567,1.0,1
5196,4915,1.0,2
5196,6983,1.0,3
5196,297,0.9998,4
5196,806,0.9998,5
5197,5275,1.0,1
5197,58,1.0,2
5197,3316,1.0,3
5197,5222,0.9999,4
5197,1662,0.9999,5
5198,5103,1.0,1
5198,551,1.0,2
5198,5210,1.0,3
5198,5029,1.0,4
5198,4032,1.0,5
5199,3714,0.9999,1
5199,5714,0.9997,2
5199,699,0.9991,3
5199,5115,0.999,4
5199,6208,0.999,5
5200,1610,1.0,1
5200,316,0.9999,2
5200,6106,0.9999,3
5200,3855,0.9998,4
5200,2791,0.9998,5
5201,6391,1.0,1
5201,2080,1.0,2
5201,6583,0.9999,3
5201,18,0.9999,4
5201,4248,0.9999,5
5202,3790,1.0,1
5202,3012,1.0,2
5202,3934,1.0,3
5202,3704,1.0,4
5202,3085,1.0,5
5203,198,1.0,1
5203,1269,1.0,2
5203,1766,0.9999,3
5203,6479,0.9999,4
5203,3515,0.9999,5
5204,6819,1.0,1
5204,763,1.0,2
5204,4224,1.0,3
5204,5764,0.9999,4
5204,1207,0.9999,5
5205,5744,0.9989,1
5205,6043,0.9985,2
5205,5066,0.9975,3
5205,5868,0.9954,4
5205,4936,0.9952,5
5206,889,1.0,1
5206,3464,1.0,2
5206,6485,1.0,3
5206,1644,0.9999,4
5206,4804,0.9998,5
5207,5343,0.9994,1
5207,3694,0.9993,2
5207,3578,0.9988,3
5207,3603,0.9987,4
5207,1522,0.9974,5
5208,4741,0.9998,1
5208,6236,0.9995,2
5208,355,0.9988,3
5208,5649,0.998,4
5208,6040,0.9977,5
5209,2077,0.9999,1
5209,2436,0.9999,2
5209,6514,0.9996,3
5209,3533,0.9996,4
5209,954,0.9994,5
5210,5029,1.0,1
5210,5103,1.0,2
5210,5198,1.0,3
5210,6687,1.0,4
5210,194,1.0,5
5211,2705,1.0,1
5211,6891,0.9999,2
5211,4333,0.9998,3
5211,6273,0.9998,4
5211,6403,0.9998,5
5212,5495,1.0,1
5212,2105,1.0,2
5212,183,1.0,3
5212,2464,0.9999,4
5212,3463,0.9998,5
5213,4920,0.9997,1
5213,466,0.9996,2
5213,5741,0.9993,3
5213,63,0.9989,4
5213,2422,0.9988,5
5214,1726,0.9998,1
5214,5761,0.9998,2
5214,2366,0.9998,3
5214,271,0.9997,4
5214,3955,0.9997,5
5215,3486,1.0,1
5215,300,0.9999,2
5215,4095,0.9999,3
5215,2912,0.9999,4
5215,3761,0.9999,5
5216,6188,1.0,1
5216,3737,1.0,2
5216,6287,1.0,3
5216,4226,1.0,4
5216,1667,1.0,5
5217,885,0.9996,1
5217,4671,0.9993,2
5217,4282,0.9993,3
5217,1334,0.9992,4
5217,5293,0.9991,5
5218,4945,1.0,1
5218,2094,1.0,2
5218,6744,1.0,3
5218,5490,0.9999,4
5218,3765,0.9999,5
5219,3332,1.0,1
5219,4381,1.0,2
5219,754,1.0,3
5219,3500,1.0,4
5219,1939,1.0,5
5220,5739,1.0,1
5220,5541,1.0,2
5220,5288,1.0,3
5220,1459,1.0,4
5220,5562,1.0,5
5221,4362,0.9996,1
5221,4018,0.9981,2
5221,1306,0.9971,3
5221,2795,0.9966,4
5221,1883,0.9965,5
5222,4793,1.0,1
5222,3316,1.0,2
5222,5275,0.9999,3
5222,5197,0.9999,4
5222,1662,0.9999,5
5223,6866,1.0,1
5223,6982,1.0,2
5223,4508,0.9999,3
5223,1404,0.9998,4
5223,2308,0.9998,5
5224,5672,1.0,1
5224,5443,1.0,2
5224,455,0.9999,3
5224,3725,0.9999,4
5224,5746,0.9999,5
5225,4050,0.9999,1
5225,2484,0.9999,2
5225,5489,0.9999,3
5225,3682,0.9999,4
5225,1082,0.9999,5
5226,107,1.0,1
5226,5621,1.0,2
5226,3742,1.0,3
5226,4823,1.0,4
5226,2204,1.0,5
5227,5989,1.0,1
5227,6319,1.0,2
5227,2485,1.0,3
5227,922,1.0,4
5227,5772,1.0,5
5228,1001,0.9999,1
5228,6992,0.9999,2
5228,152,0.9998,3
5228,449,0.9998,4
5228,4625,0.9998,5
5229,7027,1.0,1
5229,3158,0.9999,2
5229,3875,0.9999,3
5229,1524,0.9999,4
5229,6471,0.9999,5
5230,2075,1.0,1
5230,4259,0.9999,2
5230,614,0.9998,3
5230,1788,0.9998,4
5230,6545,0.9997,5
5231,3501,1.0,1
5231,528,1.0,2
5231,3788,0.9999,3
5231,6508,0.9999,4
5231,4959,0.9999,5
5232,1089,0.9997,1
5232,2517,0.9997,2
5232,1239,0.9996,3
5232,5756,0.9996,4
5232,6563,0.9996,5
5233,6577,1.0,1
5233,3476,1.0,2
5233,1477,1.0,3
5233,5152,1.0,4
5233,5088,1.0,5
5234,1539,1.0,1
5234,86,0.9998,2
5234,6,0.9998,3
5234,5032,0.9997,4
5234,2531,0.9996,5
5235,6324,1.0,1
5235,3199,1.0,2
5235,516,0.9999,3
5235,7007,0.9999,4
5235,3335,0.9999,5
5236,5169,1.0,1
5236,3196,0.9999,2
5236,6380,0.9998,3
5236,5747,0.9998,4
5236,356,0.9997,5
5237,7015,1.0,1
5237,3290,0.9999,2
5237,6699,0.9998,3
5237,1315,0.9994,4
5237,5688,0.9993,5
5238,6286,1.0,1
5238,6211,0.9991,2
5238,5915,0.9991,3
5238,783,0.9991,4
5238,6264,0.9991,5
5239,6572,0.9994,1
5239,5695,0.9991,2
5239,5667,0.9988,3
5239,980,0.9986,4
5239,6763,0.9986,5
5240,6333,1.0,1
5240,4248,0.9999,2
5240,521,0.9999,3
5240,5322,0.9999,4
5240,1998,0.9999,5
5241,4793,1.0,1
5241,610,1.0,2
5241,4288,1.0,3
5241,6381,0.9999,4
5241,5222,0.9999,5
5242,2633,1.0,1
5242,4067,0.9998,2
5242,4061,0.9998,3
5242,1583,0.9998,4
5242,6247,0.9997,5
5243,2908,1.0,1
5243,6803,1.0,2
5243,4097,0.9999,3
5243,6802,0.9996,4
5243,6164,0.9996,5
5244,5705,0.9998,1
5244,5798,0.9997,2
5244,1355,0.9996,3
5244,1185,0.9996,4
5244,6164,0.9996,5
5245,6371,1.0,1
5245,716,0.9998,2
5245,4529,0.9997,3
5245,389,0.9997,4
5245,5769,0.9997,5
5246,532,1.0,1
5246,6529,1.0,2
5246,3481,1.0,3
5246,3936,1.0,4
5246,498,1.0,5
5247,4385,1.0,1
5247,6539,1.0,2
5247,5038,1.0,3
5247,533,1.0,4
5247,4917,1.0,5
5248,3843,1.0,1
5248,391,0.9999,2
5248,2975,0.9995,3
5248,3153,0.9995,4
5248,457,0.9993,5
5249,520,1.0,1
5249,914,1.0,2
5249,5013,1.0,3
5249,4138,1.0,4
5249,1902,1.0,5
5250,764,1.0,1
5250,5282,1.0,2
5250,4005,1.0,3
5250,700,1.0,4
5250,5778,0.9999,5
5251,3230,1.0,1
5251,5352,0.9999,2
5251,2025,0.9998,3
5251,6600,0.9998,4
5251,4191,0.9997,5
5252,314,1.0,1
5252,518,0.9999,2
5252,1564,0.9999,3
5252,2971,0.9999,4
5252,4284,0.9998,5
5253,5139,1.0,1
5253,4687,1.0,2
5253,3735,1.0,3
5253,3118,0.9999,4
5253,3887,0.9999,5
5254,4124,0.9997,1
5254,4799,0.9996,2
5254,5823,0.9995,3
5254,3624,0.9994,4
5254,5802,0.9993,5
5255,6911,1.0,1
5255,2265,1.0,2
5255,5820,1.0,3
5255,5421,1.0,4
5255,6039,1.0,5
5256,5594,0.9998,1
5256,692,0.9996,2
5256,926,0.999,3
5256,1146,0.9988,4
5256,4656,0.998,5
5257,3450,1.0,1
5257,6207,1.0,2
5257,3069,0.9999,3
5257,3431,0.9999,4
5257,2671,0.9998,5
5258,309,0.9999,1
5258,1631,0.9999,2
5258,3136,0.9998,3
5258,5669,0.9997,4
5258,298,0.9997,5
5259,3814,1.0,1
5259,6204,1.0,2
5259,2685,1.0,3
5259,2246,1.0,4
5259,4685,1.0,5
5260,3099,0.9998,1
5260,5701,0.9997,2
5260,4543,0.9993,3
5260,3573,0.9993,4
5260,2144,0.9992,5
5261,4756,0.9999,1
5261,126,0.9994,2
5261,6176,0.9994,3
5261,6151,0.9994,4
5261,6414,0.9994,5
5262,76,0.9998,1
5262,1750,0.9998,2
5262,3900,0.9997,3
5262,6973,0.9997,4
5262,2933,0.9997,5
5263,6464,1.0,1
5263,3387,0.9999,2
5263,4723,0.9997,3
5263,973,0.9997,4
5263,1379,0.9995,5
5264,1833,0.9998,1
5264,169,0.9994,2
5264,3614,0.9989,3
5264,1453,0.9988,4
5264,675,0.9987,5
5265,5897,0.9993,1
5265,6708,0.9992,2
5265,4148,0.9991,3
5265,5704,0.9991,4
5265,3651,0.9991,5
5266,859,1.0,1
5266,6223,1.0,2
5266,2218,0.9999,3
5266,3729,0.9999,4
5266,396,0.9999,5
5267,3654,0.9994,1
5267,3095,0.9989,2
5267,2657,0.9988,3
5267,5651,0.9986,4
5267,5896,0.9986,5
5268,655,0.9999,1
5268,726,0.9999,2
5268,386,0.9997,3
5268,1450,0.9993,4
5268,815,0.9988,5
5269,1896,0.9999,1
5269,5292,0.9999,2
5269,4453,0.9999,3
5269,820,0.9999,4
5269,2050,0.9998,5
5270,5606,0.9999,1
5270,4392,0.9998,2
5270,2450,0.9997,3
5270,3489,0.9997,4
5270,542,0.9995,5
5271,635,0.9999,1
5271,6008,0.9997,2
5271,6185,0.9997,3
5271,190,0.9997,4
5271,5063,0.9997,5
5272,6048,0.9999,1
5272,6604,0.9996,2
5272,1558,0.9994,3
5272,4074,0.9993,4
5272,4146,0.9992,5
5273,5998,1.0,1
5273,6879,0.9999,2
5273,2494,0.9999,3
5273,5278,0.9999,4
5273,5924,0.9999,5
5274,4844,1.0,1
5274,1214,1.0,2
5274,1909,1.0,3
5274,3284,1.0,4
5274,166,1.0,5
5275,5197,1.0,1
5275,58,1.0,2
5275,3316,1.0,3
5275,5222,0.9999,4
5275,1662,0.9999,5
5276,2420,1.0,1
5276,4629,0.9998,2
5276,1756,0.9998,3
5276,6221,0.9998,4
5276,2962,0.9997,5
5277,77,0.9997,1
5277,632,0.9994,2
5277,2378,0.9994,3
5277,5108,0.9992,4
5277,5333,0.999,5
5278,5924,1.0,1
5278,6879,1.0,2
5278,5998,1.0,3
5278,5273,0.9999,4
5278,6805,0.9999,5
5279,6128,1.0,1
5279,4520,0.9999,2
5279,561,0.9997,3
5279,2871,0.9997,4
5279,1766,0.9996,5
5280,5509,1.0,1
5280,5364,1.0,2
5280,3863,1.0,3
5280,1234,1.0,4
5280,4257,1.0,5
5281,5470,1.0,1
5281,206,0.9997,2
5281,5294,0.9996,3
5281,932,0.9991,4
5281,6421,0.9991,5
5282,764,1.0,1
5282,700,1.0,2
5282,5250,1.0,3
5282,4566,0.9999,4
5282,97,0.9999,5
5283,864,1.0,1
5283,1527,1.0,2
5283,1725,1.0,3
5283,6314,0.9999,4
5283,970,0.9999,5
5284,4478,1.0,1
5284,5441,0.9997,2
5284,5474,0.9995,3
5284,5338,0.9994,4
5284,4967,0.9992,5
5285,4339,1.0,1
5285,4929,0.9999,2
5285,6135,0.9998,3
5285,7030,0.9998,4
5285,1573,0.9997,5
5286,4232,1.0,1
5286,2596,1.0,2
5286,1511,1.0,3
5286,1017,1.0,4
5286,4802,0.9999,5
5287,1670,1.0,1
5287,1830,1.0,2
5287,3585,0.9999,3
5287,1292,0.9999,4
5287,3511,0.9998,5
5288,5541,1.0,1
5288,1459,1.0,2
5288,3676,1.0,3
5288,4022,1.0,4
5288,2838,1.0,5
5289,2892,1.0,1
5289,3552,1.0,2
5289,5641,1.0,3
5289,3031,1.0,4
5289,6847,1.0,5
5290,257,1.0,1
5290,3857,1.0,2
5290,1270,0.9999,3
5290,2147,0.9999,4
5290,3913,0.9999,5
5291,6401,0.9999,1
5291,1120,0.9999,2
5291,322,0.9999,3
5291,1012,0.9999,4
5291,6504,0.9999,5
5292,1896,1.0,1
5292,5615,0.9999,2
5292,5543,0.9999,3
5292,5269,0.9999,4
5292,4596,0.9999,5
5293,4671,0.9998,1
5293,3820,0.9992,2
5293,5217,0.9991,3
5293,3043,0.9989,4
5293,6523,0.9983,5
5294,206,1.0,1
5294,932,0.9999,2
5294,5281,0.9996,3
5294,5470,0.9995,4
5294,5882,0.9991,5
5295,3229,0.9999,1
5295,3201,0.9999,2
5295,945,0.9999,3
5295,5372,0.9999,4
5295,898,0.9999,5
5296,1589,0.9999,1
5296,3900,0.9998,2
5296,4015,0.9998,3
5296,1750,0.9997,4
5296,3966,0.9996,5
5297,4129,0.9997,1
5297,1366,0.9994,2
5297,1111,0.9988,3
5297,3393,0.9987,4
5297,6254,0.9984,5
5298,1217,1.0,1
5298,6700,1.0,2
5298,4290,1.0,3
5298,1749,1.0,4
5298,5173,1.0,5
5299,6334,1.0,1
5299,1782,0.9999,2
5299,4983,0.9999,3
5299,5685,0.9998,4
5299,4578,0.9997,5
5300,6963,0.9999,1
5300,1412,0.9999,2
5300,4189,0.9998,3
5300,6101,0.9996,4
5300,2581,0.9996,5
5301,681,1.0,1
5301,3889,1.0,2
5301,2096,1.0,3
5301,2614,1.0,4
5301,208,1.0,5
5302,6845,1.0,1
5302,3414,0.9996,2
5302,3655,0.9994,3
5302,2224,0.9994,4
5302,2712,0.9993,5
5303,4250,0.9999,1
5303,6076,0.9999,2
5303,2308,0.9998,3
5303,1139,0.9997,4
5303,612,0.9997,5
5304,4482,0.9998,1
5304,1151,0.9991,2
5304,4,0.9986,3
5304,6684,0.9982,4
5304,2682,0.9981,5
5305,5751,1.0,1
5305,2104,0.9996,2
5305,4180,0.9993,3
5305,2044,0.999,4
5305,1086,0.9989,5
5306,822,1.0,1
5306,6177,0.9999,2
5306,3400,0.9998,3
5306,3798,0.9998,4
5306,1593,0.9998,5
5307,3507,0.9997,1
5307,3401,0.9996,2
5307,5738,0.9994,3
5307,162,0.9993,4
5307,1310,0.9993,5
5308,845,1.0,1
5308,3456,1.0,2
5308,971,1.0,3
5308,4213,1.0,4
5308,643,1.0,5
5309,5773,1.0,1
5309,1620,0.9999,2
5309,3090,0.9999,3
5309,3125,0.9999,4
5309,3416,0.9999,5
5310,4176,1.0,1
5310,722,1.0,2
5310,180,1.0,3
5310,213,1.0,4
5310,5929,1.0,5
5311,4347,0.9998,1
5311,3758,0.9998,2
5311,1432,0.9998,3
5311,3713,0.9997,4
5311,6856,0.9996,5
5312,3557,1.0,1
5312,4127,1.0,2
5312,2149,1.0,3
5312,6475,1.0,4
5312,5009,1.0,5
5313,1489,1.0,1
5313,2256,1.0,2
5313,1920,1.0,3
5313,858,1.0,4
5313,5376,1.0,5
5314,3949,0.9999,1
5314,4249,0.9999,2
5314,6996,0.9999,3
5314,2797,0.9999,4
5314,2310,0.9999,5
5315,6229,1.0,1
5315,1093,1.0,2
5315,503,1.0,3
5315,5442,1.0,4
5315,50,0.9999,5
5316,595,1.0,1
5316,1871,1.0,2
5316,3593,1.0,3
5316,148,1.0,4
5316,965,1.0,5
5317,972,1.0,1
5317,3282,0.9999,2
5317,232,0.9999,3
5317,900,0.9998,4
5317,1956,0.9998,5
5318,5001,1.0,1
5318,4622,1.0,2
5318,5392,1.0,3
5318,2775,1.0,4
5318,3697,0.9999,5
5319,5748,0.9996,1
5319,4656,0.9992,2
5319,5483,0.9989,3
5319,2360,0.9984,4
5319,184,0.9981,5
5320,5795,1.0,1
5320,6602,1.0,2
5320,6478,1.0,3
5320,4337,1.0,4
5320,746,1.0,5
5321,351,0.9986,1
5321,1279,0.9984,2
5321,6773,0.9983,3
5321,292,0.9954,4
5321,6433,0.9953,5
5322,4248,1.0,1
5322,6409,1.0,2
5322,2535,1.0,3
5322,2246,0.9999,4
5322,5201,0.9999,5
5323,1135,1.0,1
5323,3881,1.0,2
5323,919,0.9995,3
5323,3003,0.9993,4
5323,3562,0.9993,5
5324,4714,1.0,1
5324,6449,1.0,2
5324,4992,0.9999,3
5324,3731,0.9999,4
5324,6705,0.9999,5
5325,2186,1.0,1
5325,1919,0.9999,2
5325,3691,0.9999,3
5325,3292,0.9998,4
5325,474,0.9995,5
5326,1519,1.0,1
5326,868,1.0,2
5326,3243,1.0,3
5326,3858,1.0,4
5326,732,1.0,5
5327,3840,1.0,1
5327,940,1.0,2
5327,2251,1.0,3
5327,6955,1.0,4
5327,3190,1.0,5
5328,2679,1.0,1
5328,6322,1.0,2
5328,2274,1.0,3
5328,2065,1.0,4
5328,1798,1.0,5
5329,3013,0.9998,1
5329,2633,0.9998,2
5329,6247,0.9998,3
5329,1583,0.9998,4
5329,4067,0.9997,5
5330,3734,0.9999,1
5330,5357,0.9995,2
5330,7004,0.9995,3
5330,373,0.9987,4
5330,2774,0.9986,5
5331,1033,0.9996,1
5331,6626,0.9996,2
5331,3786,0.9995,3
5331,1565,0.9995,4
5331,6575,0.9995,5
5332,3503,1.0,1
5332,4774,1.0,2
5332,6184,1.0,3
5332,5067,1.0,4
5332,4210,0.9999,5
5333,5108,1.0,1
5333,5797,0.9998,2
5333,2895,0.9994,3
5333,6864,0.9992,4
5333,4042,0.9992,5
5334,1141,0.9999,1
5334,5729,0.9998,2
5334,5033,0.9998,3
5334,3339,0.9997,4
5334,536,0.9997,5
5335,4708,0.9999,1
5335,2731,0.9999,2
5335,4700,0.9999,3
5335,4713,0.9999,4
5335,831,0.9999,5
5336,6552,0.9999,1
5336,1107,0.9999,2
5336,4446,0.9998,3
5336,1914,0.9997,4
5336,5411,0.9997,5
5337,4349,1.0,1
5337,3111,1.0,2
5337,1734,1.0,3
5337,368,1.0,4
5337,584,1.0,5
5338,5474,0.9999,1
5338,5441,0.9995,2
5338,4478,0.9994,3
5338,5284,0.9994,4
5338,4967,0.9992,5
5339,1561,0.999,1
5339,1990,0.9989,2
5339,983,0.998,3
5339,830,0.9976,4
5339,4403,0.9969,5
5340,4911,1.0,1
5340,2176,1.0,2
5340,2156,0.9999,3
5340,930,0.9997,4
5340,594,0.9996,5
5341,1787,1.0,1
5341,4875,1.0,2
5341,2783,0.9998,3
5341,305,0.9995,4
5341,547,0.9994,5
5342,7011,1.0,1
5342,6439,1.0,2
5342,2822,1.0,3
5342,2037,1.0,4
5342,92,1.0,5
5343,3694,1.0,1
5343,5207,0.9994,2
5343,3578,0.9985,3
5343,5966,0.998,4
5343,3603,0.9974,5
5344,3856,0.9997,1
5344,1154,0.9996,2
5344,3013,0.9994,3
5344,2914,0.9994,4
5344,6477,0.9994,5
5345,969,1.0,1
5345,6648,1.0,2
5345,297,0.9999,3
5345,806,0.9999,4
5345,5512,0.9999,5
5346,3490,1.0,1
5346,2039,0.9998,2
5346,3459,0.9998,3
5346,1098,0.9995,4
5346,5782,0.9994,5
5347,603,1.0,1
5347,4761,1.0,2
5347,4643,0.9999,3
5347,730,0.9999,4
5347,2358,0.9999,5
5348,2026,1.0,1
5348,4207,1.0,2
5348,2369,1.0,3
5348,6404,1.0,4
5348,1747,1.0,5
5349,6088,0.9989,1
5349,3061,0.9989,2
5349,3127,0.9981,3
5349,6384,0.9974,4
5349,373,0.9972,5
5350,16,0.9999,1
5350,5255,0.9999,2
5350,2265,0.9999,3
5350,6911,0.9999,4
5350,5820,0.9999,5
5351,5082,1.0,1
5351,2234,0.9999,2
5351,2139,0.9999,3
5351,3673,0.9998,4
5351,3170,0.9998,5
5352,2025,1.0,1
5352,6742,1.0,2
5352,3386,1.0,3
5352,5251,0.9999,4
5352,4191,0.9998,5
5353,4948,1.0,1
5353,3839,0.9997,2
5353,2763,0.9996,3
5353,6147,0.9996,4
5353,4672,0.9995,5
5354,4242,0.9991,1
5354,2171,0.9988,2
5354,6058,0.9974,3
5354,4437,0.997,4
5354,3669,0.9969,5
5355,5141,1.0,1
5355,643,1.0,2
5355,3005,1.0,3
5355,4327,1.0,4
5355,845,1.0,5
5356,6681,1.0,1
5356,5889,0.9999,2
5356,1956,0.9999,3
5356,1877,0.9999,4
5356,1028,0.9999,5
5357,7004,1.0,1
5357,5330,0.9995,2
5357,3734,0.9995,3
5357,3127,0.9985,4
5357,3061,0.9978,5
5358,5193,1.0,1
5358,1547,1.0,2
5358,1692,1.0,3
5358,4728,1.0,4
5358,2467,1.0,5
5359,5516,1.0,1
5359,2148,1.0,2
5359,4972,1.0,3
5359,6556,1.0,4
5359,2095,1.0,5
5360,4884,0.9997,1
5360,3192,0.9996,2
5360,6032,0.9996,3
5360,961,0.9992,4
5360,621,0.9986,5
5361,2351,1.0,1
5361,5799,0.9999,2
5361,1461,0.9999,3
5361,2289,0.9999,4
5361,354,0.9999,5
5362,2733,1.0,1
5362,1325,1.0,2
5362,1785,1.0,3
5362,3404,1.0,4
5362,947,1.0,5
5363,3270,1.0,1
5363,5656,1.0,2
5363,5493,1.0,3
5363,6227,0.9999,4
5363,2650,0.9999,5
5364,3863,1.0,1
5364,5509,1.0,2
5364,5280,1.0,3
5364,1234,1.0,4
5364,4257,1.0,5
5365,1007,0.9999,1
5365,2447,0.9999,2
5365,4597,0.9998,3
5365,1900,0.9997,4
5365,3908,0.9997,5
5366,2725,1.0,1
5366,2361,1.0,2
5366,3730,1.0,3
5366,5997,1.0,4
5366,2594,1.0,5
5367,256,0.9999,1
5367,5768,0.9999,2
5367,4201,0.9999,3
5367,707,0.9999,4
5367,4034,0.9999,5
5368,3182,0.9998,1
5368,6597,0.9998,2
5368,93,0.9998,3
5368,219,0.9998,4
5368,2764,0.9998,5
5369,4852,1.0,1
5369,328,0.9999,2
5369,3596,0.9999,3
5369,4284,0.9999,4
5369,6412,0.9999,5
5370,2506,1.0,1
5370,5461,1.0,2
5370,1805,1.0,3
5370,3905,1.0,4
5370,1614,1.0,5
5371,4435,1.0,1
5371,4270,0.9997,2
5371,2137,0.9997,3
5371,826,0.9997,4
5371,1900,0.9996,5
5372,945,1.0,1
5372,3201,1.0,2
5372,1104,0.9999,3
5372,4200,0.9999,4
5372,5295,0.9999,5
5373,2459,1.0,1
5373,1589,0.9999,2
5373,5568,0.9998,3
5373,427,0.9998,4
5373,2312,0.9998,5
5374,4534,1.0,1
5374,203,1.0,2
5374,3076,1.0,3
5374,2309,1.0,4
5374,6399,1.0,5
5375,6468,1.0,1
5375,3345,0.9999,2
5375,6364,0.9998,3
5375,1357,0.9998,4
5375,4090,0.9998,5
5376,858,1.0,1
5376,3566,1.0,2
5376,5486,1.0,3
5376,3710,1.0,4
5376,5954,1.0,5
5377,5726,1.0,1
5377,6522,0.9999,2
5377,6109,0.9999,3
5377,4494,0.9999,4
5377,3861,0.9998,5
5378,3449,1.0,1
5378,2976,0.9998,2
5378,7012,0.9998,3
5378,1148,0.9996,4
5378,4669,0.9995,5
5379,4872,1.0,1
5379,975,0.9999,2
5379,3502,0.9999,3
5379,6070,0.9998,4
5379,5986,0.9998,5
5380,1625,1.0,1
5380,4134,1.0,2
5380,6560,1.0,3
5380,4552,0.9999,4
5380,872,0.9999,5
5381,2008,1.0,1
5381,2263,1.0,2
5381,1262,1.0,3
5381,742,1.0,4
5381,2157,1.0,5
5382,6421,0.9999,1
5382,5470,0.9991,2
5382,555,0.9991,3
5382,5281,0.9991,4
5382,68,0.9991,5
5383,2259,0.9999,1
5383,4475,0.9995,2
5383,3522,0.9995,3
5383,5856,0.9995,4
5383,4822,0.9994,5
5384,4720,1.0,1
5384,2202,0.9997,2
5384,5071,0.9992,3
5384,996,0.9992,4
5384,3845,0.9988,5
5385,2865,0.9999,1
5385,683,0.9999,2
5385,75,0.9999,3
5385,1915,0.9999,4
5385,6928,0.9999,5
5386,2012,1.0,1
5386,3567,0.9999,2
5386,1860,0.9999,3
5386,852,0.9999,4
5386,3264,0.9998,5
5387,4299,1.0,1
5387,1850,1.0,2
5387,662,0.9999,3
5387,3663,0.9999,4
5387,3158,0.9999,5
5388,5881,1.0,1
5388,2386,1.0,2
5388,6601,1.0,3
5388,3493,1.0,4
5388,3222,1.0,5
5389,557,1.0,1
5389,6707,1.0,2
5389,409,1.0,3
5389,773,1.0,4
5389,6762,1.0,5
5390,1484,1.0,1
5390,615,0.9998,2
5390,3170,0.9998,3
5390,648,0.9998,4
5390,1031,0.9998,5
5391,4518,0.9999,1
5391,2832,0.9999,2
5391,5932,0.9998,3
5391,3272,0.9998,4
5391,2709,0.9998,5
5392,6459,1.0,1
5392,3697,1.0,2
5392,4622,1.0,3
5392,5001,1.0,4
5392,1584,1.0,5
5393,867,0.9999,1
5393,785,0.9999,2
5393,2995,0.9998,3
5393,1111,0.9989,4
5393,6680,0.9984,5
5394,3390,1.0,1
5394,275,1.0,2
5394,7019,1.0,3
5394,4647,1.0,4
5394,4063,1.0,5
5395,1119,1.0,1
5395,1633,0.9999,2
5395,2053,0.9999,3
5395,6343,0.9998,4
5395,6949,0.9998,5
5396,728,1.0,1
5396,5804,1.0,2
5396,315,1.0,3
5396,5558,0.9999,4
5396,509,0.9999,5
5397,653,1.0,1
5397,5504,1.0,2
5397,6831,1.0,3
5397,4770,1.0,4
5397,331,1.0,5
5398,3068,1.0,1
5398,805,1.0,2
5398,1461,0.9999,3
5398,2289,0.9999,4
5398,3051,0.9999,5
5399,580,1.0,1
5399,6159,1.0,2
5399,659,1.0,3
5399,2699,1.0,4
5399,4970,1.0,5
5400,4101,1.0,1
5400,3591,1.0,2
5400,3107,1.0,3
5400,3169,1.0,4
5400,2092,1.0,5
5401,4833,0.9988,1
5401,997,0.9987,2
5401,1044,0.9985,3
5401,3274,0.9965,4
5401,2360,0.9961,5
5402,1338,1.0,1
5402,6772,1.0,2
5402,2014,1.0,3
5402,5533,1.0,4
5402,3407,1.0,5
5403,3002,1.0,1
5403,3025,1.0,2
5403,3638,1.0,3
5403,3794,1.0,4
5403,3945,1.0,5
5404,5487,0.9999,1
5404,2012,0.9999,2
5404,5386,0.9998,3
5404,523,0.9998,4
5404,5536,0.9997,5
5405,1665,1.0,1
5405,333,1.0,2
5405,1602,0.9999,3
5405,1574,0.9999,4
5405,3183,0.9999,5
5406,3275,0.9999,1
5406,4568,0.9998,2
5406,6884,0.9998,3
5406,6536,0.9997,4
5406,39,0.9996,5
5407,3549,1.0,1
5407,4052,0.9999,2
5407,2526,0.9999,3
5407,6916,0.9999,4
5407,2942,0.9999,5
5408,5462,0.9997,1
5408,3211,0.9994,2
5408,4169,0.9994,3
5408,5646,0.9993,4
5408,701,0.9991,5
5409,4439,1.0,1
5409,5928,1.0,2
5409,687,1.0,3
5409,3177,1.0,4
5409,5527,0.9999,5
5410,3832,0.9999,1
5410,6034,0.9999,2
5410,6968,0.9999,3
5410,2515,0.9999,4
5410,2591,0.9998,5
5411,4098,1.0,1
5411,2370,1.0,2
5411,1397,0.9999,3
5411,5149,0.9999,4
5411,146,0.9999,5
5412,6510,1.0,1
5412,3186,1.0,2
5412,4397,1.0,3
5412,1335,1.0,4
5412,3653,1.0,5
5413,5961,0.9999,1
5413,4930,0.9997,2
5413,1368,0.9995,3
5413,2430,0.9995,4
5413,6411,0.9995,5
5414,772,0.9999,1
5414,6153,0.9998,2
5414,5992,0.9996,3
5414,5080,0.9996,4
5414,4411,0.9995,5
5415,7003,1.0,1
5415,358,1.0,2
5415,2738,0.9999,3
5415,2672,0.9999,4
5415,5974,0.9999,5
5416,3330,1.0,1
5416,2555,1.0,2
5416,3159,0.9997,3
5416,3912,0.9996,4
5416,4538,0.9996,5
5417,2004,1.0,1
5417,2330,1.0,2
5417,3788,0.9999,3
5417,1905,0.9999,4
5417,528,0.9999,5
5418,2015,0.9996,1
5418,2436,0.9989,2
5418,596,0.9986,3
5418,7037,0.9986,4
5418,5209,0.9984,5
5419,2687,0.9999,1
5419,3176,0.9998,2
5419,5958,0.9997,3
5419,330,0.9996,4
5419,1297,0.9995,5
5420,3132,1.0,1
5420,4507,0.9999,2
5420,502,0.9998,3
5420,801,0.9995,4
5420,4513,0.9995,5
5421,6039,1.0,1
5421,6911,1.0,2
5421,5255,1.0,3
5421,2265,1.0,4
5421,3509,1.0,5
5422,2559,1.0,1
5422,6344,1.0,2
5422,5937,1.0,3
5422,5982,1.0,4
5422,2496,1.0,5
5423,7029,0.9998,1
5423,3998,0.9998,2
5423,3706,0.9998,3
5423,5181,0.9998,4
5423,50,0.9997,5
5424,928,1.0,1
5424,6999,1.0,2
5424,1176,0.9998,3
5424,3796,0.9997,4
5424,2613,0.9997,5
5425,244,0.9999,1
5425,1500,0.9998,2
5425,5514,0.9998,3
5425,2322,0.9997,4
5425,3923,0.9997,5
5426,4390,1.0,1
5426,3865,1.0,2
5426,4536,1.0,3
5426,423,0.9996,4
5426,2605,0.9996,5
5427,2021,0.9999,1
5427,2064,0.9998,2
5427,2501,0.9998,3
5427,4168,0.9998,4
5427,1047,0.9997,5
5428,3465,0.9997,1
5428,2156,0.9993,2
5428,2176,0.9992,3
5428,4911,0.9992,4
5428,594,0.9992,5
5429,4561,0.9999,1
5429,2302,0.9998,2
5429,5460,0.9998,3
5429,3664,0.9998,4
5429,3425,0.9998,5
5430,2093,1.0,1
5430,2221,1.0,2
5430,4087,1.0,3
5430,734,1.0,4
5430,1538,1.0,5
5431,3581,0.9997,1
5431,2146,0.9994,2
5431,6579,0.9993,3
5431,6152,0.9992,4
5431,6562,0.9991,5
5432,1924,1.0,1
5432,2586,1.0,2
5432,3523,1.0,3
5432,2896,1.0,4
5432,1004,1.0,5
5433,2707,1.0,1
5433,4747,1.0,2
5433,1224,0.9999,3
5433,2162,0.9999,4
5433,2505,0.9999,5
5434,6338,1.0,1
5434,6746,0.9999,2
5434,1518,0.9999,3
5434,4851,0.9999,4
5434,574,0.9998,5
5435,4589,1.0,1
5435,775,1.0,2
5435,5077,0.9997,3
5435,1321,0.9995,4
5435,2108,0.9995,5
5436,3072,0.9998,1
5436,6168,0.9998,2
5436,716,0.9997,3
5436,6371,0.9996,4
5436,5245,0.9996,5
5437,2117,1.0,1
5437,6664,1.0,2
5437,5190,1.0,3
5437,2574,1.0,4
5437,3363,1.0,5
5438,1196,0.9998,1
5438,1182,0.9997,2
5438,1832,0.9992,3
5438,3321,0.999,4
5438,278,0.999,5
5439,1106,1.0,1
5439,6668,1.0,2
5439,4532,0.9999,3
5439,3196,0.9999,4
5439,2529,0.9998,5
5440,725,0.9998,1
5440,2700,0.9997,2
5440,2666,0.9997,3
5440,1390,0.9996,4
5440,3287,0.9994,5
5441,4967,0.9999,1
5441,4478,0.9998,2
5441,5284,0.9997,3
5441,3912,0.9995,4
5441,5338,0.9995,5
5442,503,1.0,1
5442,1093,1.0,2
5442,6229,1.0,3
5442,3994,1.0,4
5442,5315,1.0,5
5443,5672,1.0,1
5443,5224,1.0,2
5443,455,1.0,3
5443,5746,1.0,4
5443,744,0.9999,5
5444,5177,1.0,1
5444,1882,0.9998,2
5444,436,0.9997,3
5444,2238,0.999,4
5444,3317,0.9978,5
5445,2056,1.0,1
5445,604,0.9999,2
5445,4686,0.9998,3
5445,4002,0.9998,4
5445,4889,0.9997,5
5446,2321,0.9999,1
5446,5011,0.9999,2
5446,4487,0.9999,3
5446,750,0.9999,4
5446,379,0.9999,5
5447,5706,1.0,1
5447,3853,1.0,2
5447,1050,1.0,3
5447,6775,1.0,4
5447,2760,1.0,5
5448,5817,1.0,1
5448,1656,1.0,2
5448,135,0.9999,3
5448,3480,0.9999,4
5448,4648,0.9999,5
5449,6396,0.9999,1
5449,3674,0.9999,2
5449,809,0.9999,3
5449,2937,0.9998,4
5449,2572,0.9997,5
5450,7035,1.0,1
5450,6335,1.0,2
5450,2020,1.0,3
5450,929,0.9999,4
5450,6091,0.9999,5
5451,5475,1.0,1
5451,233,1.0,2
5451,2635,1.0,3
5451,3035,1.0,4
5451,5944,1.0,5
5452,2347,1.0,1
5452,1811,1.0,2
5452,4907,0.9999,3
5452,3130,0.9999,4
5452,3433,0.9999,5
5453,1308,0.9989,1
5453,6383,0.9983,2
5453,4938,0.998,3
5453,4147,0.996,4
5453,2495,0.996,5
5454,2831,1.0,1
5454,6249,1.0,2
5454,5501,0.9999,3
5454,6554,0.9999,4
5454,3960,0.9999,5
5455,3302,1.0,1
5455,1732,1.0,2
5455,2518,1.0,3
5455,5166,1.0,4
5455,5783,1.0,5
5456,4771,1.0,1
5456,2403,1.0,2
5456,155,1.0,3
5456,461,1.0,4
5456,5009,1.0,5
5457,844,1.0,1
5457,5560,1.0,2
5457,942,0.9999,3
5457,5506,0.9999,4
5457,1986,0.9999,5
5458,6783,1.0,1
5458,82,0.9999,2
5458,1263,0.9998,3
5458,2945,0.9997,4
5458,282,0.9997,5
5459,124,1.0,1
5459,4356,0.9999,2
5459,4214,0.9999,3
5459,3471,0.9999,4
5459,3071,0.9999,5
5460,3425,0.9999,1
5460,5429,0.9998,2
5460,4561,0.9997,3
5460,6716,0.9997,4
5460,3664,0.9996,5
5461,2506,1.0,1
5461,5370,1.0,2
5461,1614,1.0,3
5461,990,1.0,4
5461,1805,1.0,5
5462,5408,0.9997,1
5462,879,0.9995,2
5462,3211,0.9995,3
5462,1322,0.9995,4
5462,5646,0.9995,5
5463,1223,0.9999,1
5463,664,0.9999,2
5463,3318,0.9999,3
5463,5876,0.9998,4
5463,1290,0.9997,5
5464,5908,1.0,1
5464,5818,1.0,2
5464,838,1.0,3
5464,2741,1.0,4
5464,4707,1.0,5
5465,6789,1.0,1
5465,5008,1.0,2
5465,1280,1.0,3
5465,2415,1.0,4
5465,1241,1.0,5
5466,1650,0.9991,1
5466,2787,0.9991,2
5466,6632,0.999,3
5466,5238,0.999,4
5466,751,0.9989,5
5467,1323,1.0,1
5467,5732,1.0,2
5467,3848,1.0,3
5467,2778,1.0,4
5467,2582,1.0,5
5468,2472,1.0,1
5468,2939,0.9999,2
5468,2476,0.9999,3
5468,1496,0.9999,4
5468,1969,0.9998,5
5469,2684,1.0,1
5469,1254,1.0,2
5469,5175,0.9999,3
5469,5654,0.9999,4
5469,5603,0.9998,5
5470,5281,1.0,1
5470,206,0.9996,2
5470,5294,0.9995,3
5470,546,0.9991,4
5470,5382,0.9991,5
5471,1113,1.0,1
5471,2241,1.0,2
5471,740,1.0,3
5471,1918,0.9999,4
5471,2885,0.9999,5
5472,413,0.9997,1
5472,709,0.9993,2
5472,1092,0.9992,3
5472,308,0.9989,4
5472,4878,0.9988,5
5473,476,0.9998,1
5473,943,0.9995,2
5473,7010,0.9993,3
5473,3633,0.9993,4
5473,5022,0.9993,5
5474,5338,0.9999,1
5474,4478,0.9995,2
5474,5284,0.9995,3
5474,5441,0.9993,4
5474,4967,0.9989,5
5475,233,1.0,1
5475,5451,1.0,2
5475,3035,1.0,3
5475,2635,1.0,4
5475,5944,1.0,5
5476,4558,0.9998,1
5476,6594,0.9998,2
5476,3781,0.9998,3
5476,3462,0.9997,4
5476,1272,0.9995,5
5477,1023,1.0,1
5477,4205,1.0,2
5477,934,0.9999,3
5477,5494,0.9999,4
5477,5687,0.9999,5
5478,6580,1.0,1
5478,6918,1.0,2
5478,5787,1.0,3
5478,3379,1.0,4
5478,486,1.0,5
5479,277,0.9999,1
5479,2639,0.9999,2
5479,5878,0.9999,3
5479,1556,0.9999,4
5479,2158,0.9999,5
5480,3589,1.0,1
5480,1434,1.0,2
5480,1208,1.0,3
5480,3629,0.9999,4
5480,3937,0.9998,5
5481,3045,1.0,1
5481,4017,1.0,2
5481,3139,1.0,3
5481,6519,1.0,4
5481,1244,1.0,5
5482,916,1.0,1
5482,3822,1.0,2
5482,2037,1.0,3
5482,6258,1.0,4
5482,2822,1.0,5
5483,184,0.9996,1
5483,2360,0.9991,2
5483,398,0.9989,3
5483,5319,0.9989,4
5483,4656,0.9985,5
5484,3769,1.0,1
5484,4609,1.0,2
5484,6360,0.9997,3
5484,3712,0.9996,4
5484,2480,0.9995,5
5485,403,1.0,1
5485,2101,1.0,2
5485,6251,1.0,3
5485,4077,0.9999,4
5485,4070,0.9999,5
5486,3710,1.0,1
5486,3566,1.0,2
5486,5954,1.0,3
5486,858,1.0,4
5486,5376,1.0,5
5487,5404,0.9999,1
5487,2012,0.9997,2
5487,5386,0.9997,3
5487,523,0.9996,4
5487,6920,0.9995,5
5488,2988,1.0,1
5488,3301,1.0,2
5488,1393,1.0,3
5488,5650,1.0,4
5488,6019,1.0,5
5489,1082,0.9999,1
5489,5225,0.9999,2
5489,4937,0.9999,3
5489,4050,0.9999,4
5489,2484,0.9998,5
5490,3765,1.0,1
5490,4607,1.0,2
5490,6744,0.9999,3
5490,1688,0.9999,4
5490,4945,0.9999,5
5491,6894,1.0,1
5491,6528,0.9999,2
5491,281,0.9999,3
5491,1100,0.9999,4
5491,6842,0.9999,5
5492,2143,0.9998,1
5492,4112,0.9993,2
5492,4631,0.9992,3
5492,1232,0.9988,4
5492,2952,0.9984,5
5493,5656,1.0,1
5493,6227,1.0,2
5493,3270,1.0,3
5493,5363,1.0,4
5493,2540,1.0,5
5494,6837,1.0,1
5494,5687,1.0,2
5494,887,0.9999,3
5494,1023,0.9999,4
5494,3963,0.9999,5
5495,5212,1.0,1
5495,2105,1.0,2
5495,183,1.0,3
5495,2464,0.9999,4
5495,3463,0.9998,5
5496,4231,1.0,1
5496,5004,0.9999,2
5496,2925,0.9998,3
5496,3345,0.9998,4
5496,6886,0.9997,5
5497,6995,1.0,1
5497,6054,0.9999,2
5497,136,0.9998,3
5497,1829,0.9998,4
5497,4658,0.9998,5
5498,2262,1.0,1
5498,2920,0.9993,2
5498,1350,0.9987,3
5498,3619,0.9983,4
5498,1761,0.9982,5
5499,6846,1.0,1
5499,3599,1.0,2
5499,35,1.0,3
5499,2297,1.0,4
5499,1892,0.9999,5
5500,5135,1.0,1
5500,5907,0.9999,2
5500,5544,0.9999,3
5500,6631,0.9999,4
5500,4322,0.9998,5
5501,453,1.0,1
5501,6249,1.0,2
5501,2806,0.9999,3
5501,791,0.9999,4
5501,5821,0.9999,5
5502,3630,1.0,1
5502,654,1.0,2
5502,3151,1.0,3
5502,5671,0.9999,4
5502,1205,0.9998,5
5503,2044,0.9996,1
5503,2777,0.9995,2
5503,2453,0.9995,3
5503,4941,0.9994,4
5503,248,0.9994,5
5504,653,1.0,1
5504,5397,1.0,2
5504,4770,1.0,3
5504,6831,1.0,4
5504,331,1.0,5
5505,3117,1.0,1
5505,3015,1.0,2
5505,6200,0.9999,3
5505,51,0.9998,4
5505,1024,0.9997,5
5506,5560,0.9999,1
5506,1986,0.9999,2
5506,5457,0.9999,3
5506,7041,0.9999,4
5506,844,0.9999,5
5507,34,1.0,1
5507,4099,1.0,2
5507,5909,1.0,3
5507,5050,1.0,4
5507,101,1.0,5
5508,2410,1.0,1
5508,1306,0.9999,2
5508,4018,0.9994,3
5508,497,0.9993,4
5508,1883,0.9988,5
5509,5280,1.0,1
5509,5364,1.0,2
5509,3863,1.0,3
5509,1234,1.0,4
5509,4257,1.0,5
5510,3480,0.9999,1
5510,4648,0.9999,2
5510,669,0.9999,3
5510,3466,0.9999,4
5510,4812,0.9999,5
5511,6822,0.9998,1
5511,3864,0.9998,2
5511,3288,0.9997,3
5511,3688,0.9997,4
5511,5742,0.9997,5
5512,3221,1.0,1
5512,1156,0.9999,2
5512,5345,0.9999,3
5512,969,0.9999,4
5512,6648,0.9999,5
5513,6909,1.0,1
5513,5693,0.9999,2
5513,3795,0.9998,3
5513,1717,0.9998,4
5513,78,0.9998,5
5514,3923,0.9998,1
5514,5425,0.9998,2
5514,1264,0.9996,3
5514,244,0.9996,4
5514,6714,0.9996,5
5515,249,1.0,1
5515,5604,1.0,2
5515,5653,1.0,3
5515,1775,1.0,4
5515,1834,0.9999,5
5516,5359,1.0,1
5516,4972,1.0,2
5516,6556,1.0,3
5516,2095,1.0,4
5516,2148,1.0,5
5517,6086,0.9998,1
5517,4943,0.9998,2
5517,4057,0.9998,3
5517,3357,0.9998,4
5517,3665,0.9998,5
5518,141,0.9999,1
5518,2860,0.9998,2
5518,4912,0.9998,3
5518,3617,0.9998,4
5518,1918,0.9998,5
5519,5156,1.0,1
5519,896,1.0,2
5519,6987,1.0,3
5519,2571,1.0,4
5519,515,1.0,5
5520,5554,1.0,1
5520,2653,1.0,2
5520,2389,1.0,3
5520,6089,1.0,4
5520,2734,1.0,5
5521,5536,0.9999,1
5521,6796,0.9999,2
5521,1369,0.9999,3
5521,523,0.9999,4
5521,4364,0.9997,5
5522,1647,0.9999,1
5522,879,0.9999,2
5522,6131,0.9999,3
5522,2585,0.9998,4
5522,1322,0.9997,5
5523,5760,1.0,1
5523,4496,1.0,2
5523,6268,1.0,3
5523,2601,1.0,4
5523,3329,1.0,5
5524,4847,1.0,1
5524,2863,1.0,2
5524,6224,1.0,3
5524,4019,1.0,4
5524,1213,1.0,5
5525,6870,1.0,1
5525,5590,0.9998,2
5525,4210,0.9998,3
5525,632,0.9997,4
5525,6184,0.9997,5
5526,4493,1.0,1
5526,672,0.9999,2
5526,3512,0.9999,3
5526,2821,0.9998,4
5526,5153,0.9998,5
5527,687,1.0,1
5527,5928,1.0,2
5527,4439,0.9999,3
5527,5409,0.9999,4
5527,4199,0.9999,5
5528,4575,1.0,1
5528,3440,1.0,2
5528,1607,1.0,3
5528,5703,1.0,4
5528,1188,0.9999,5
5529,4441,0.9997,1
5529,3974,0.9997,2
5529,1792,0.9995,3
5529,6853,0.9992,4
5529,1962,0.9989,5
5530,2550,1.0,1
5530,7031,1.0,2
5530,459,1.0,3
5530,2648,1.0,4
5530,6855,1.0,5
5531,4486,1.0,1
5531,1951,0.9999,2
5531,2567,0.9999,3
5531,3801,0.9999,4
5531,5081,0.9999,5
5532,5950,1.0,1
5532,5003,0.9999,2
5532,6417,0.9998,3
5532,1380,0.9997,4
5532,3161,0.9996,5
5533,3407,1.0,1
5533,2747,1.0,2
5533,6772,1.0,3
5533,5402,1.0,4
5533,1338,1.0,5
5534,2340,0.9999,1
5534,2049,0.9999,2
5534,646,0.9998,3
5534,511,0.9998,4
5534,1486,0.9998,5
5535,4371,0.9999,1
5535,2906,0.9995,2
5535,712,0.9994,3
5535,4378,0.9994,4
5535,2119,0.9994,5
5536,6796,1.0,1
5536,523,1.0,2
5536,5521,0.9999,3
5536,4364,0.9999,4
5536,5941,0.9998,5
5537,2418,0.9999,1
5537,4131,0.9999,2
5537,6685,0.9996,3
5537,766,0.9995,4
5537,1704,0.9995,5
5538,747,1.0,1
5538,1281,1.0,2
5538,527,1.0,3
5538,4230,1.0,4
5538,1136,0.9999,5
5539,1930,1.0,1
5539,3924,1.0,2
5539,6621,1.0,3
5539,4545,0.9999,4
5539,1096,0.9999,5
5540,4509,1.0,1
5540,5824,1.0,2
5540,4663,1.0,3
5540,158,1.0,4
5540,5553,1.0,5
5541,5288,1.0,1
5541,1459,1.0,2
5541,4022,1.0,3
5541,2838,1.0,4
5541,3676,1.0,5
5542,512,1.0,1
5542,821,1.0,2
5542,6566,1.0,3
5542,1478,1.0,4
5542,2610,0.9999,5
5543,3457,0.9999,1
5543,5292,0.9999,2
5543,1896,0.9999,3
5543,2853,0.9999,4
5543,1613,0.9999,5
5544,5907,1.0,1
5544,5500,0.9999,2
5544,4322,0.9998,3
5544,5135,0.9997,4
5544,3751,0.9996,5
5545,779,1.0,1
5545,6705,1.0,2
5545,4992,0.9999,3
5545,4573,0.9999,4
5545,446,0.9998,5
5546,3976,0.9998,1
5546,1925,0.9998,2
5546,215,0.9995,3
5546,5733,0.9995,4
5546,4893,0.9995,5
5547,3029,0.9999,1
5547,2755,0.9999,2
5547,745,0.9997,3
5547,5065,0.9997,4
5547,777,0.9996,5
5548,116,1.0,1
5548,6890,1.0,2
5548,1531,0.9999,3
5548,3403,0.9999,4
5548,755,0.9999,5
5549,4197,1.0,1
5549,1234,1.0,2
5549,5280,1.0,3
5549,5509,1.0,4
5549,4908,0.9999,5
5550,2708,0.9999,1
5550,6284,0.9999,2
5550,5715,0.9998,3
5550,2785,0.9998,4
5550,3728,0.9998,5
5551,695,0.9999,1
5551,1010,0.9996,2
5551,6533,0.9992,3
5551,3006,0.9992,4
5551,4981,0.9987,5
5552,5643,1.0,1
5552,981,1.0,2
5552,624,1.0,3
5552,4117,1.0,4
5552,405,1.0,5
5553,5759,1.0,1
5553,4749,1.0,2
5553,4663,1.0,3
5553,158,1.0,4
5553,5824,1.0,5
5554,5520,1.0,1
5554,2653,1.0,2
5554,2389,1.0,3
5554,6089,1.0,4
5554,2734,1.0,5
5555,344,1.0,1
5555,1137,1.0,2
5555,5850,1.0,3
5555,4246,1.0,4
5555,3231,0.9999,5
5556,498,1.0,1
5556,3481,1.0,2
5556,3936,1.0,3
5556,2462,1.0,4
5556,532,1.0,5
5557,1176,1.0,1
5557,185,0.9999,2
5557,6999,0.9999,3
5557,2881,0.9997,4
5557,3884,0.9997,5
5558,6937,1.0,1
5558,6611,1.0,2
5558,1057,1.0,3
5558,315,1.0,4
5558,728,0.9999,5
5559,1747,1.0,1
5559,6404,1.0,2
5559,4207,1.0,3
5559,2026,1.0,4
5559,5348,1.0,5
5560,5457,1.0,1
5560,844,0.9999,2
5560,5506,0.9999,3
5560,942,0.9998,4
5560,1986,0.9998,5
5561,3804,1.0,1
5561,6488,1.0,2
5561,6355,1.0,3
5561,1159,0.9999,4
5561,6473,0.9999,5
5562,696,1.0,1
5562,5220,1.0,2
5562,5739,1.0,3
5562,4186,1.0,4
5562,5541,1.0,5
5563,5062,0.9999,1
5563,4071,0.9996,2
5563,6776,0.9996,3
5563,964,0.9994,4
5563,4614,0.9994,5
5564,3938,1.0,1
5564,5668,1.0,2
5564,2951,1.0,3
5564,3299,1.0,4
5564,2346,1.0,5
5565,6763,1.0,1
5565,980,1.0,2
5565,3405,1.0,3
5565,6572,0.9997,4
5565,2089,0.9997,5
5566,4832,0.9997,1
5566,3244,0.9997,2
5566,6792,0.9997,3
5566,2427,0.9989,4
5566,1052,0.9988,5
5567,1378,1.0,1
5567,5777,1.0,2
5567,3762,1.0,3
5567,2219,0.9999,4
5567,1035,0.9999,5
5568,442,0.9999,1
5568,549,0.9999,2
5568,2312,0.9999,3
5568,5373,0.9998,4
5568,2459,0.9998,5
5569,5870,1.0,1
5569,5132,0.9999,2
5569,3183,0.9999,3
5569,2114,0.9999,4
5569,109,0.9998,5
5570,3347,0.9999,1
5570,1721,0.9999,2
5570,936,0.9999,3
5570,934,0.9999,4
5570,3079,0.9998,5
5571,5664,1.0,1
5571,6691,0.9999,2
5571,375,0.9999,3
5571,7005,0.9998,4
5571,6085,0.9998,5
5572,3073,1.0,1
5572,6209,0.9999,2
5572,5812,0.9999,3
5572,6898,0.9999,4
5572,6071,0.9999,5
5573,2654,1.0,1
5573,833,1.0,2
5573,1156,0.9999,3
5573,4190,0.9998,4
5573,1537,0.9998,5
5574,1996,1.0,1
5574,2608,1.0,2
5574,2423,1.0,3
5574,5783,1.0,4
5574,5166,1.0,5
5575,345,1.0,1
5575,2818,1.0,2
5575,119,1.0,3
5575,6428,1.0,4
5575,5689,1.0,5
5576,3952,1.0,1
5576,2010,0.9999,2
5576,6750,0.9999,3
5576,3221,0.9999,4
5576,1968,0.9999,5
5577,6910,1.0,1
5577,3091,1.0,2
5577,4824,1.0,3
5577,3,0.9999,4
5577,6110,0.9999,5
5578,6647,1.0,1
5578,4919,1.0,2
5578,1936,1.0,3
5578,4115,1.0,4
5578,4670,0.9999,5
5579,4024,1.0,1
5579,4442,1.0,2
5579,2835,1.0,3
5579,2492,1.0,4
5579,1105,1.0,5
5580,3433,0.9999,1
5580,3130,0.9999,2
5580,1987,0.9999,3
5580,6291,0.9999,4
5580,1770,0.9999,5
5581,1425,1.0,1
5581,5736,1.0,2
5581,6770,1.0,3
5581,5999,1.0,4
5581,2580,1.0,5
5582,16,0.9999,1
5582,6690,0.9999,2
5582,5350,0.9999,3
5582,3965,0.9999,4
5582,1037,0.9999,5
5583,1637,1.0,1
5583,6657,1.0,2
5583,677,1.0,3
5583,3899,0.9999,4
5583,2457,0.9998,5
5584,2328,1.0,1
5584,6157,0.9999,2
5584,392,0.9999,3
5584,4559,0.9999,4
5584,6272,0.9998,5
5585,5747,0.9998,1
5585,6380,0.9998,2
5585,2881,0.9998,3
5585,3884,0.9997,4
5585,1648,0.9997,5
5586,4222,1.0,1
5586,2097,1.0,2
5586,6841,1.0,3
5586,5647,1.0,4
5586,311,1.0,5
5587,989,1.0,1
5587,1129,1.0,2
5587,6759,1.0,3
5587,1599,1.0,4
5587,3180,1.0,5
5588,2385,0.9997,1
5588,4452,0.9996,2
5588,3015,0.9996,3
5588,3117,0.9996,4
5588,4382,0.9994,5
5589,3759,1.0,1
5589,5657,1.0,2
5589,1014,1.0,3
5589,6082,1.0,4
5589,1944,1.0,5
5590,632,0.9999,1
5590,3619,0.9998,2
5590,5525,0.9998,3
5590,6870,0.9998,4
5590,1958,0.9997,5
5591,4667,1.0,1
5591,3157,1.0,2
5591,3437,1.0,3
5591,6907,1.0,4
5591,3058,1.0,5
5592,3403,1.0,1
5592,5548,0.9999,2
5592,2816,0.9998,3
5592,116,0.9998,4
5592,6890,0.9998,5
5593,6959,1.0,1
5593,189,1.0,2
5593,4695,1.0,3
5593,1938,1.0,4
5593,2897,1.0,5
5594,692,1.0,1
5594,5256,0.9998,2
5594,1146,0.999,3
5594,4656,0.9986,4
5594,926,0.9986,5
5595,3246,1.0,1
5595,627,0.9999,2
5595,6984,0.9999,3
5595,2841,0.9999,4
5595,157,0.9995,5
5596,2375,1.0,1
5596,4795,1.0,2
5596,3380,1.0,3
5596,3791,1.0,4
5596,901,1.0,5
5597,2540,1.0,1
5597,6227,1.0,2
5597,5146,0.9999,3
5597,5493,0.9999,4
5597,4413,0.9999,5
5598,6757,1.0,1
5598,1246,0.9999,2
5598,6145,0.9999,3
5598,1509,0.9996,4
5598,5712,0.9996,5
5599,2800,1.0,1
5599,553,1.0,2
5599,1848,1.0,3
5599,4221,1.0,4
5599,2359,1.0,5
5600,1360,1.0,1
5600,65,1.0,2
5600,2922,0.9999,3
5600,2098,0.9999,4
5600,6992,0.9999,5
5601,4328,1.0,1
5601,422,1.0,2
5601,563,1.0,3
5601,1213,1.0,4
5601,4019,0.9999,5
5602,2638,0.9998,1
5602,2539,0.9997,2
5602,4433,0.999,3
5602,5901,0.999,4
5602,1501,0.999,5
5603,5719,1.0,1
5603,509,1.0,2
5603,315,0.9999,3
5603,728,0.9998,4
5603,5469,0.9998,5
5604,5653,1.0,1
5604,249,1.0,2
5604,5515,1.0,3
5604,1775,1.0,4
5604,6517,1.0,5
5605,5863,1.0,1
5605,2337,0.9999,2
5605,2855,0.9999,3
5605,3137,0.9997,4
5605,1742,0.9995,5
5606,5270,0.9999,1
5606,4579,0.9998,2
5606,3489,0.9998,3
5606,4392,0.9997,4
5606,6513,0.9996,5
5607,5007,0.9999,1
5607,279,0.9996,2
5607,6408,0.9996,3
5607,3237,0.9996,4
5607,2079,0.9995,5
5608,5745,1.0,1
5608,2710,0.9996,2
5608,1857,0.9994,3
5608,4368,0.9978,4
5608,4055,0.9955,5
5609,2493,1.0,1
5609,2962,0.9998,2
5609,1016,0.9998,3
5609,6481,0.9998,4
5609,1175,0.9997,5
5610,710,1.0,1
5610,1676,0.9993,2
5610,4515,0.9991,3
5610,454,0.999,4
5610,458,0.9989,5
5611,66,1.0,1
5611,2106,1.0,2
5611,5846,1.0,3
5611,4227,1.0,4
5611,6931,1.0,5
5612,6718,0.9999,1
5612,4051,0.9999,2
5612,5750,0.9999,3
5612,4591,0.9999,4
5612,4075,0.9999,5
5613,6853,0.9997,1
5613,1792,0.9995,2
5613,4042,0.9992,3
5613,2036,0.9986,4
5613,5529,0.9984,5
5614,1874,1.0,1
5614,6816,1.0,2
5614,790,0.9999,3
5614,4409,0.9999,4
5614,566,0.9999,5
5615,4596,1.0,1
5615,3262,1.0,2
5615,5185,1.0,3
5615,5292,0.9999,4
5615,1896,0.9999,5
5616,34,1.0,1
5616,101,1.0,2
5616,1933,1.0,3
5616,2034,1.0,4
5616,223,1.0,5
5617,6008,0.9997,1
5617,3053,0.9997,2
5617,1116,0.9997,3
5617,5063,0.9993,4
5617,635,0.9989,5
5618,4618,1.0,1
5618,3722,1.0,2
5618,704,1.0,3
5618,6160,1.0,4
5618,3218,1.0,5
5619,4594,1.0,1
5619,3709,1.0,2
5619,2735,1.0,3
5619,771,1.0,4
5619,1352,1.0,5
5620,5712,1.0,1
5620,2220,0.9999,2
5620,5044,0.9999,3
5620,5598,0.9996,4
5620,6757,0.9995,5
5621,3742,1.0,1
5621,4823,1.0,2
5621,2204,1.0,3
5621,7023,1.0,4
5621,842,1.0,5
5622,666,1.0,1
5622,3886,1.0,2
5622,6016,1.0,3
5622,6719,1.0,4
5622,6250,1.0,5
5623,5045,0.9997,1
5623,456,0.9997,2
5623,3808,0.9996,3
5623,3432,0.9993,4
5623,6551,0.999,5
5624,5791,1.0,1
5624,1439,0.9999,2
5624,1110,0.9999,3
5624,1021,0.9997,4
5624,4850,0.9997,5
5625,5930,1.0,1
5625,4627,0.9999,2
5625,2737,0.9998,3
5625,4160,0.9995,4
5625,6172,0.9995,5
5626,1921,1.0,1
5626,5085,1.0,2
5626,5759,1.0,3
5626,4749,1.0,4
5626,5553,1.0,5
5627,2883,0.9997,1
5627,573,0.9997,2
5627,1139,0.9995,3
5627,6076,0.9995,4
5627,5303,0.999,5
5628,2169,1.0,1
5628,5840,1.0,2
5628,4840,0.9999,3
5628,289,0.9999,4
5628,3954,0.9999,5
5629,1150,1.0,1
5629,6484,1.0,2
5629,2544,0.9997,3
5629,899,0.9996,4
5629,3386,0.9996,5
5630,3104,1.0,1
5630,5681,1.0,2
5630,2554,0.9999,3
5630,2675,0.9994,4
5630,4181,0.9992,5
5631,5006,0.9999,1
5631,6669,0.9999,2
5631,2937,0.9998,3
5631,7007,0.9998,4
5631,516,0.9998,5
5632,2842,1.0,1
5632,4370,1.0,2
5632,4899,1.0,3
5632,1318,1.0,4
5632,3081,1.0,5
5633,3187,1.0,1
5633,6434,1.0,2
5633,4906,1.0,3
5633,1654,1.0,4
5633,4582,1.0,5
5634,2032,1.0,1
5634,2125,1.0,2
5634,3766,0.9999,3
5634,1678,0.9999,4
5634,5871,0.9999,5
5635,409,1.0,1
5635,557,1.0,2
5635,773,1.0,3
5635,4818,1.0,4
5635,6762,1.0,5
5636,2640,1.0,1
5636,953,0.9999,2
5636,3020,0.9999,3
5636,6609,0.9999,4
5636,5697,0.9999,5
5637,545,0.9998,1
5637,6781,0.9996,2
5637,1570,0.9996,3
5637,6524,0.9993,4
5637,4830,0.9993,5
5638,2852,1.0,1
5638,1730,1.0,2
5638,4715,0.9999,3
5638,1827,0.9999,4
5638,750,0.9999,5
5639,6108,1.0,1
5639,4237,1.0,2
5639,4521,1.0,3
5639,773,1.0,4
5639,6762,1.0,5
5640,6282,1.0,1
5640,122,1.0,2
5640,6808,1.0,3
5640,4278,1.0,4
5640,1142,1.0,5
5641,3552,1.0,1
5641,5289,1.0,2
5641,4316,1.0,3
5641,3031,1.0,4
5641,6847,1.0,5
5642,1693,1.0,1
5642,4159,1.0,2
5642,3645,1.0,3
5642,4593,0.9999,4
5642,6415,0.9998,5
5643,981,1.0,1
5643,3701,1.0,2
5643,1760,1.0,3
5643,5552,1.0,4
5643,1972,1.0,5
5644,1406,1.0,1
5644,1252,1.0,2
5644,5707,1.0,3
5644,5645,1.0,4
5644,3325,1.0,5
5645,1808,1.0,1
5645,1406,1.0,2
5645,5644,1.0,3
5645,1252,1.0,4
5645,5707,0.9999,5
5646,3211,1.0,1
5646,4164,0.9998,2
5646,4606,0.9998,3
5646,4416,0.9996,4
5646,5110,0.9996,5
5647,6252,1.0,1
5647,311,1.0,2
5647,2990,1.0,3
5647,3314,1.0,4
5647,4393,1.0,5
5648,1623,0.9997,1
5648,4468,0.9993,2
5648,205,0.9993,3
5648,6711,0.9993,4
5648,6316,0.9992,5
5649,4053,0.9994,1
5649,6040,0.9994,2
5649,329,0.9993,3
5649,3455,0.9991,4
5649,4741,0.9982,5
5650,3301,1.0,1
5650,1393,1.0,2
5650,2988,1.0,3
5650,5488,1.0,4
5650,5960,1.0,5
5651,5896,1.0,1
5651,2657,1.0,2
5651,3095,0.9997,3
5651,3654,0.9997,4
5651,3584,0.9997,5
5652,3298,1.0,1
5652,171,0.9998,2
5652,376,0.9998,3
5652,5119,0.9997,4
5652,4126,0.9995,5
5653,5604,1.0,1
5653,249,1.0,2
5653,5515,1.0,3
5653,1775,1.0,4
5653,6517,1.0,5
5654,1254,1.0,1
5654,620,0.9999,2
5654,1908,0.9999,3
5654,2684,0.9999,4
5654,5469,0.9999,5
5655,6806,1.0,1
5655,3451,1.0,2
5655,2229,1.0,3
5655,2027,1.0,4
5655,1476,1.0,5
5656,5493,1.0,1
5656,3270,1.0,2
5656,5363,1.0,3
5656,6227,1.0,4
5656,2540,0.9999,5
5657,6082,1.0,1
5657,1944,1.0,2
5657,5589,1.0,3
5657,2273,1.0,4
5657,4091,1.0,5
5658,3439,1.0,1
5658,7026,1.0,2
5658,285,1.0,3
5658,3929,0.9998,4
5658,4995,0.9998,5
5659,4684,0.9998,1
5659,4842,0.9996,2
5659,6285,0.9996,3
5659,1373,0.9992,4
5659,1219,0.999,5
5660,1941,1.0,1
5660,6977,0.9999,2
5660,3318,0.9999,3
5660,837,0.9999,4
5660,1344,0.9998,5
5661,6177,0.9998,1
5661,1992,0.9997,2
5661,658,0.9997,3
5661,5306,0.9996,4
5661,822,0.9995,5
5662,1901,1.0,1
5662,3508,1.0,2
5662,2326,1.0,3
5662,5692,1.0,4
5662,5918,1.0,5
5663,3329,1.0,1
5663,5024,1.0,2
5663,6817,1.0,3
5663,4485,1.0,4
5663,5760,1.0,5
5664,5571,1.0,1
5664,375,0.9999,2
5664,6691,0.9999,3
5664,7005,0.9998,4
5664,3114,0.9998,5
5665,5028,0.9999,1
5665,3323,0.9999,2
5665,1422,0.9999,3
5665,5816,0.9999,4
5665,3525,0.9999,5
5666,59,1.0,1
5666,176,1.0,2
5666,2964,1.0,3
5666,2110,0.9999,4
5666,2911,0.9998,5
5667,1804,0.9997,1
5667,3233,0.9997,2
5667,980,0.9994,3
5667,4016,0.9994,4
5667,6763,0.9994,5
5668,3938,1.0,1
5668,5564,1.0,2
5668,2951,1.0,3
5668,2346,1.0,4
5668,3299,1.0,5
5669,309,0.9999,1
5669,6497,0.9999,2
5669,4001,0.9999,3
5669,1631,0.9999,4
5669,3136,0.9998,5
5670,3830,1.0,1
5670,6915,0.9998,2
5670,5225,0.9997,3
5670,2533,0.9997,4
5670,2949,0.9997,5
5671,654,1.0,1
5671,5502,0.9999,2
5671,3630,0.9999,3
5671,1205,0.9999,4
5671,3151,0.9999,5
5672,5224,1.0,1
5672,5443,1.0,2
5672,455,0.9999,3
5672,5746,0.9999,4
5672,3725,0.9999,5
5673,1313,0.9998,1
5673,5186,0.9997,2
5673,3209,0.9997,3
5673,3057,0.9996,4
5673,6457,0.9996,5
5674,6096,1.0,1
5674,3508,1.0,2
5674,2498,1.0,3
5674,6283,1.0,4
5674,5662,1.0,5
5675,6512,0.9998,1
5675,2374,0.9996,2
5675,6814,0.9996,3
5675,2563,0.9995,4
5675,2815,0.9993,5
5676,6782,1.0,1
5676,1080,1.0,2
5676,651,1.0,3
5676,2307,1.0,4
5676,5180,1.0,5
5677,4066,1.0,1
5677,4157,1.0,2
5677,4243,1.0,3
5677,988,1.0,4
5677,2669,1.0,5
5678,1053,1.0,1
5678,3580,1.0,2
5678,3213,0.9999,3
5678,6020,0.9998,4
5678,4528,0.9998,5
5679,4758,1.0,1
5679,1731,1.0,2
5679,1186,1.0,3
5679,4608,1.0,4
5679,3358,0.9999,5
5680,3088,1.0,1
5680,2464,0.9998,2
5680,6832,0.9998,3
5680,6958,0.9998,4
5680,6655,0.9998,5
5681,5630,1.0,1
5681,3104,0.9999,2
5681,2554,0.9998,3
5681,4181,0.9995,4
5681,2432,0.9994,5
5682,3558,0.9979,1
5682,4763,0.9979,2
5682,5823,0.9964,3
5682,1710,0.9959,4
5682,4124,0.9954,5
5683,6257,1.0,1
5683,2466,1.0,2
5683,1695,1.0,3
5683,134,1.0,4
5683,1145,1.0,5
5684,6407,1.0,1
5684,1021,1.0,2
5684,1181,0.9999,3
5684,5791,0.9997,4
5684,5624,0.9997,5
5685,3373,0.9999,1
5685,5299,0.9998,2
5685,6334,0.9998,3
5685,2338,0.9998,4
5685,3473,0.9998,5
5686,4275,1.0,1
5686,1980,1.0,2
5686,2231,0.9999,3
5686,5087,0.9999,4
5686,3119,0.9999,5
5687,5494,1.0,1
5687,6837,0.9999,2
5687,4205,0.9999,3
5687,2443,0.9999,4
5687,5477,0.9999,5
5688,6804,1.0,1
5688,113,0.9999,2
5688,5769,0.9998,3
5688,389,0.9998,4
5688,1410,0.9997,5
5689,2839,1.0,1
5689,5021,1.0,2
5689,6428,1.0,3
5689,4834,1.0,4
5689,435,1.0,5
5690,3115,0.9999,1
5690,4026,0.9999,2
5690,2680,0.9998,3
5690,5070,0.9998,4
5690,1709,0.9998,5
5691,1353,1.0,1
5691,3097,0.9999,2
5691,2311,0.9995,3
5691,2916,0.9995,4
5691,3706,0.9993,5
5692,2326,1.0,1
5692,5918,1.0,2
5692,1901,1.0,3
5692,5662,1.0,4
5692,2346,1.0,5
5693,5513,0.9999,1
5693,6909,0.9999,2
5693,5090,0.9999,3
5693,78,0.9999,4
5693,1045,0.9999,5
5694,2254,1.0,1
5694,6764,0.9999,2
5694,4638,0.9997,3
5694,4513,0.9996,4
5694,801,0.9996,5
5695,736,0.9996,1
5695,1063,0.9995,2
5695,3606,0.9993,3
5695,5239,0.9991,4
5695,1685,0.9986,5
5696,6359,1.0,1
5696,3296,1.0,2
5696,1974,1.0,3
5696,4003,1.0,4
5696,4802,1.0,5
5697,2640,1.0,1
5697,5636,0.9999,2
5697,953,0.9996,3
5697,6609,0.9995,4
5697,3020,0.9995,5
5698,3518,1.0,1
5698,5728,1.0,2
5698,5711,1.0,3
5698,2598,0.9999,4
5698,6914,0.9999,5
5699,1703,1.0,1
5699,920,1.0,2
5699,3365,1.0,3
5699,4145,1.0,4
5699,4595,0.9998,5
5700,759,0.9999,1
5700,3232,0.9998,2
5700,4652,0.9998,3
5700,2651,0.9998,4
5700,1413,0.9998,5
5701,3099,0.9999,1
5701,5260,0.9997,2
5701,127,0.9994,3
5701,6659,0.9992,4
5701,4543,0.9989,5
5702,6543,0.9999,1
5702,3141,0.9996,2
5702,1337,0.9995,3
5702,4914,0.9995,4
5702,923,0.9994,5
5703,2027,1.0,1
5703,3349,1.0,2
5703,1188,1.0,3
5703,3451,1.0,4
5703,5528,1.0,5
5704,2280,1.0,1
5704,6708,1.0,2
5704,1777,1.0,3
5704,2507,1.0,4
5704,5897,1.0,5
5705,5244,0.9998,1
5705,1215,0.9998,2
5705,1185,0.9996,3
5705,1355,0.9994,4
5705,3556,0.9993,5
5706,1050,1.0,1
5706,3853,1.0,2
5706,5171,1.0,3
5706,2760,1.0,4
5706,5447,1.0,5
5707,1252,1.0,1
5707,3325,1.0,2
5707,5644,1.0,3
5707,1814,1.0,4
5707,1955,1.0,5
5708,1764,1.0,1
5708,780,1.0,2
5708,6266,1.0,3
5708,6704,1.0,4
5708,3604,1.0,5
5709,3716,1.0,1
5709,5987,0.9999,2
5709,2722,0.9998,3
5709,3751,0.9998,4
5709,4073,0.9995,5
5710,225,1.0,1
5710,3334,1.0,2
5710,7021,1.0,3
5710,2935,1.0,4
5710,2593,1.0,5
5711,5728,1.0,1
5711,6800,1.0,2
5711,5698,1.0,3
5711,3518,1.0,4
5711,6197,0.9999,5
5712,5620,1.0,1
5712,2220,1.0,2
5712,5044,0.9999,3
5712,5598,0.9996,4
5712,6757,0.9995,5
5713,1571,1.0,1
5713,4193,1.0,2
5713,4753,1.0,3
5713,400,1.0,4
5713,5027,1.0,5
5714,5115,0.9998,1
5714,5199,0.9997,2
5714,3215,0.9996,3
5714,3601,0.9994,4
5714,3775,0.9994,5
5715,2785,1.0,1
5715,2708,0.9999,2
5715,6284,0.9999,3
5715,6697,0.9999,4
5715,366,0.9999,5
5716,605,0.9999,1
5716,5721,0.999,2
5716,4646,0.9989,3
5716,2607,0.9988,4
5716,6167,0.9988,5
5717,6107,1.0,1
5717,1487,1.0,2
5717,440,0.9999,3
5717,472,0.9999,4
5717,6480,0.9999,5
5718,130,0.9998,1
5718,6302,0.9997,2
5718,4969,0.9994,3
5718,1577,0.9993,4
5718,5015,0.9991,5
5719,509,1.0,1
5719,5603,1.0,2
5719,728,0.9999,3
5719,5396,0.9999,4
5719,315,0.9998,5
5720,3235,1.0,1
5720,6493,1.0,2
5720,2155,1.0,3
5720,6732,1.0,4
5720,3836,1.0,5
5721,6167,0.9997,1
5721,2607,0.9997,2
5721,4646,0.9996,3
5721,6919,0.9996,4
5721,2394,0.9996,5
5722,1168,0.998,1
5722,719,0.9957,2
5722,4675,0.9957,3
5722,6734,0.9957,4
5722,6641,0.9943,5
5723,708,1.0,1
5723,4189,0.9999,2
5723,3616,0.9998,3
5723,6534,0.9998,4
5723,4909,0.9997,5
5724,3102,0.9999,1
5724,3916,0.9999,2
5724,6246,0.9998,3
5724,6292,0.9998,4
5724,5776,0.9997,5
5725,2078,1.0,1
5725,2284,1.0,2
5725,4790,1.0,3
5725,685,1.0,4
5725,1784,1.0,5
5726,6522,1.0,1
5726,6109,1.0,2
5726,4494,1.0,3
5726,5377,1.0,4
5726,1205,1.0,5
5727,364,1.0,1
5727,693,1.0,2
5727,1701,1.0,3
5727,2524,0.9999,4
5727,5752,0.9999,5
5728,5711,1.0,1
5728,5698,1.0,2
5728,3518,1.0,3
5728,6800,1.0,4
5728,6197,0.9999,5
5729,1141,1.0,1
5729,5334,0.9998,2
5729,1164,0.9998,3
5729,536,0.9998,4
5729,3339,0.9997,5
5730,1685,0.9996,1
5730,1804,0.9993,2
5730,3739,0.9991,3
5730,5667,0.999,4
5730,3233,0.9988,5
5731,4531,1.0,1
5731,6868,1.0,2
5731,4807,1.0,3
5731,2177,1.0,4
5731,1512,1.0,5
5732,255,1.0,1
5732,1323,1.0,2
5732,5467,1.0,3
5732,3534,1.0,4
5732,4800,1.0,5
5733,1493,0.9999,1
5733,3976,0.9997,2
5733,3802,0.9996,3
5733,5546,0.9995,4
5733,4336,0.9995,5
5734,3626,1.0,1
5734,1138,1.0,2
5734,3376,1.0,3
5734,317,1.0,4
5734,4733,1.0,5
5735,468,1.0,1
5735,3024,1.0,2
5735,4497,1.0,3
5735,168,1.0,4
5735,850,1.0,5
5736,5581,1.0,1
5736,1425,1.0,2
5736,5999,1.0,3
5736,6770,1.0,4
5736,2580,1.0,5
5737,663,1.0,1
5737,3755,1.0,2
5737,886,1.0,3
5737,1572,1.0,4
5737,1838,1.0,5
5738,3401,0.9997,1
5738,1993,0.9996,2
5738,2565,0.9995,3
5738,5307,0.9994,4
5738,1310,0.999,5
5739,5220,1.0,1
5739,5288,1.0,2
5739,5541,1.0,3
5739,1459,1.0,4
5739,5562,1.0,5
5740,618,1.0,1
5740,6181,0.9999,2
5740,2861,0.9999,3
5740,6370,0.9999,4
5740,628,0.9998,5
5741,4920,0.9999,1
5741,2422,0.9999,2
5741,2697,0.9999,3
5741,466,0.9998,4
5741,5213,0.9993,5
5742,3688,1.0,1
5742,3288,0.9999,2
5742,5511,0.9997,3
5742,1446,0.9997,4
5742,6822,0.9997,5
5743,1136,1.0,1
5743,1281,1.0,2
5743,747,1.0,3
5743,3635,1.0,4
5743,527,1.0,5
5744,6043,0.9999,1
5744,5205,0.9989,2
5744,5868,0.9967,3
5744,4167,0.9965,4
5744,5066,0.9965,5
5745,5608,1.0,1
5745,2710,0.9996,2
5745,1857,0.9994,3
5745,4368,0.9978,4
5745,4055,0.9955,5
5746,744,1.0,1
5746,455,1.0,2
5746,5443,1.0,3
5746,5672,0.9999,4
5746,1218,0.9999,5
5747,6380,1.0,1
5747,356,0.9999,2
5747,5236,0.9998,3
5747,5585,0.9998,4
5747,4564,0.9998,5
5748,5319,0.9996,1
5748,2360,0.9989,2
5748,4757,0.9988,3
5748,5483,0.9981,4
5748,4656,0.9976,5
5749,3569,1.0,1
5749,6899,0.9996,2
5749,3877,0.9995,3
5749,2961,0.9995,4
5749,5864,0.9993,5
5750,4051,0.9999,1
5750,2851,0.9999,2
5750,4075,0.9999,3
5750,3640,0.9999,4
5750,5612,0.9999,5
5751,5305,1.0,1
5751,2104,0.9996,2
5751,4180,0.9991,3
5751,2044,0.999,4
5751,5503,0.9988,5
5752,2524,1.0,1
5752,1259,1.0,2
5752,3268,1.0,3
5752,6050,1.0,4
5752,1701,1.0,5
5753,5822,1.0,1
5753,6766,1.0,2
5753,3121,0.9999,3
5753,3863,0.9999,4
5753,5364,0.9999,5
5754,4690,1.0,1
5754,659,1.0,2
5754,2699,1.0,3
5754,4970,1.0,4
5754,602,1.0,5
5755,6584,1.0,1
5755,1995,1.0,2
5755,4509,1.0,3
5755,5540,1.0,4
5755,5824,1.0,5
5756,5793,1.0,1
5756,2517,0.9999,2
5756,1239,0.9999,3
5756,4078,0.9999,4
5756,5020,0.9998,5
5757,671,1.0,1
5757,2179,1.0,2
5757,4820,1.0,3
5757,5980,1.0,4
5757,3430,1.0,5
5758,359,0.9984,1
5758,882,0.9976,2
5758,5066,0.9974,3
5758,3006,0.9971,4
5758,4167,0.9966,5
5759,4749,1.0,1
5759,5553,1.0,2
5759,4663,1.0,3
5759,158,1.0,4
5759,1921,1.0,5
5760,5523,1.0,1
5760,4496,1.0,2
5760,6268,1.0,3
5760,2601,1.0,4
5760,3329,1.0,5
5761,3470,0.9999,1
5761,5214,0.9998,2
5761,4811,0.9997,3
5761,4414,0.9995,4
5761,1041,0.9995,5
5762,2363,0.9998,1
5762,6663,0.9998,2
5762,6332,0.9998,3
5762,3542,0.9996,4
5762,6253,0.9993,5
5763,2380,0.9997,1
5763,2803,0.9997,2
5763,2932,0.9994,3
5763,397,0.9988,4
5763,1173,0.9987,5
5764,763,1.0,1
5764,4224,1.0,2
5764,1207,1.0,3
5764,1636,1.0,4
5764,2307,1.0,5
5765,6815,1.0,1
5765,2207,0.9999,2
5765,5946,0.9999,3
5765,1266,0.9999,4
5765,4236,0.9998,5
5766,6714,1.0,1
5766,4624,0.9999,2
5766,3923,0.9998,3
5766,31,0.9996,4
5766,4084,0.9995,5
5767,367,1.0,1
5767,2235,0.9999,2
5767,3669,0.9992,3
5767,2488,0.9991,4
5767,6576,0.9988,5
5768,4201,1.0,1
5768,707,1.0,2
5768,1858,0.9999,3
5768,5367,0.9999,4
5768,6625,0.9999,5
5769,389,1.0,1
5769,5688,0.9998,2
5769,6804,0.9998,3
5769,113,0.9997,4
5769,5245,0.9997,5
5770,6304,1.0,1
5770,5023,1.0,2
5770,3041,1.0,3
5770,808,1.0,4
5770,2598,1.0,5
5771,1522,0.9997,1
5771,4511,0.9989,2
5771,4340,0.9984,3
5771,7034,0.9976,4
5771,1897,0.9966,5
5772,922,1.0,1
5772,6689,1.0,2
5772,2850,1.0,3
5772,2485,1.0,4
5772,1902,1.0,5
5773,1620,1.0,1
5773,5309,1.0,2
5773,3090,0.9999,3
5773,4228,0.9999,4
5773,3125,0.9998,5
5774,6433,0.9998,1
5774,292,0.9997,2
5774,2649,0.9993,3
5774,3075,0.9991,4
5774,1279,0.9988,5
5775,4892,0.9999,1
5775,598,0.9999,2
5775,6928,0.9996,3
5775,854,0.9996,4
5775,5385,0.9994,5
5776,3699,0.9999,1
5776,3916,0.9997,2
5776,4821,0.9997,3
5776,5724,0.9997,4
5776,2647,0.9995,5
5777,1378,1.0,1
5777,5567,1.0,2
5777,3762,1.0,3
5777,4986,0.9999,4
5777,2219,0.9999,5
5778,5956,1.0,1
5778,4005,1.0,2
5778,1391,1.0,3
5778,5250,0.9999,4
5778,764,0.9999,5
5779,6500,1.0,1
5779,4810,1.0,2
5779,3313,1.0,3
5779,6361,1.0,4
5779,296,1.0,5
5780,7005,0.9998,1
5780,103,0.9998,2
5780,6852,0.9998,3
5780,6603,0.9998,4
5780,4459,0.9998,5
5781,3818,1.0,1
5781,2179,1.0,2
5781,5757,1.0,3
5781,671,1.0,4
5781,4820,1.0,5
5782,735,0.9998,1
5782,5346,0.9994,2
5782,3490,0.9994,3
5782,3459,0.9993,4
5782,3655,0.9992,5
5783,5166,1.0,1
5783,3302,1.0,2
5783,1732,1.0,3
5783,2608,1.0,4
5783,5455,1.0,5
5784,1601,1.0,1
5784,649,0.9999,2
5784,2185,0.9999,3
5784,6090,0.9999,4
5784,2192,0.9998,5
5785,5874,0.9998,1
5785,3478,0.9998,2
5785,6467,0.9998,3
5785,429,0.9997,4
5785,4417,0.9995,5
5786,2120,1.0,1
5786,6137,1.0,2
5786,1856,1.0,3
5786,6724,1.0,4
5786,2187,1.0,5
5787,3379,1.0,1
5787,486,1.0,2
5787,6580,1.0,3
5787,5478,1.0,4
5787,5931,1.0,5
5788,2202,0.9993,1
5788,1622,0.9991,2
5788,6161,0.999,3
5788,3845,0.9988,4
5788,6940,0.9986,5
5789,4576,1.0,1
5789,1840,1.0,2
5789,5953,1.0,3
5789,3977,1.0,4
5789,562,1.0,5
5790,1166,1.0,1
5790,2619,1.0,2
5790,3310,1.0,3
5790,3058,1.0,4
5790,6930,1.0,5
5791,5624,1.0,1
5791,1439,0.9999,2
5791,1110,0.9999,3
5791,1021,0.9997,4
5791,5684,0.9997,5
5792,3958,1.0,1
5792,340,0.9999,2
5792,4267,0.9999,3
5792,210,0.9999,4
5792,4182,0.9999,5
5793,5756,1.0,1
5793,1239,0.9999,2
5793,2517,0.9999,3
5793,4078,0.9999,4
5793,5020,0.9999,5
5794,1065,1.0,1
5794,279,0.9999,2
5794,3608,0.9997,3
5794,5007,0.9996,4
5794,6408,0.9996,5
5795,5320,1.0,1
5795,6602,1.0,2
5795,6478,1.0,3
5795,4337,1.0,4
5795,746,1.0,5
5796,3199,0.9999,1
5796,6324,0.9999,2
5796,5235,0.9998,3
5796,5006,0.9998,4
5796,6607,0.9998,5
5797,5333,0.9998,1
5797,2895,0.9997,2
5797,6864,0.9997,3
5797,4042,0.9997,4
5797,5108,0.9997,5
5798,6164,1.0,1
5798,6802,0.9999,2
5798,1796,0.9999,3
5798,5244,0.9997,4
5798,3908,0.9997,5
5799,2289,1.0,1
5799,1461,1.0,2
5799,276,1.0,3
5799,3051,1.0,4
5799,6212,0.9999,5
5800,6261,1.0,1
5800,2993,0.9999,2
5800,935,0.9999,3
5800,848,0.9998,4
5800,2904,0.9996,5
5801,5981,1.0,1
5801,4436,0.9999,2
5801,4512,0.9998,3
5801,2087,0.9998,4
5801,4870,0.9996,5
5802,477,0.9999,1
5802,307,0.9995,2
5802,4799,0.9995,3
5802,3008,0.9994,4
5802,5254,0.9993,5
5803,6143,0.9999,1
5803,6031,0.9997,2
5803,6427,0.9997,3
5803,2132,0.9997,4
5803,2387,0.9997,5
5804,5396,1.0,1
5804,728,1.0,2
5804,315,0.9999,3
5804,509,0.9998,4
5804,5719,0.9998,5
5805,5898,1.0,1
5805,4908,1.0,2
5805,270,1.0,3
5805,3983,1.0,4
5805,1712,1.0,5
5806,278,0.9994,1
5806,5853,0.9989,2
5806,1832,0.9982,3
5806,2044,0.9981,4
5806,5438,0.998,5
5807,6159,1.0,1
5807,580,1.0,2
5807,901,1.0,3
5807,4661,1.0,4
5807,5399,1.0,5
5808,4239,1.0,1
5808,665,1.0,2
5808,139,1.0,3
5808,1789,1.0,4
5808,5089,0.9999,5
5809,6794,1.0,1
5809,484,1.0,2
5809,6413,1.0,3
5809,4216,1.0,4
5809,3541,1.0,5
5810,805,0.9999,1
5810,3463,0.9998,2
5810,6212,0.9998,3
5810,5398,0.9998,4
5810,2208,0.9997,5
5811,2023,0.9997,1
5811,1310,0.9996,2
5811,380,0.9996,3
5811,6703,0.9995,4
5811,3401,0.9995,5
5812,6071,1.0,1
5812,6209,1.0,2
5812,576,1.0,3
5812,2170,0.9999,4
5812,5572,0.9999,5
5813,685,1.0,1
5813,4790,1.0,2
5813,2270,1.0,3
5813,6591,1.0,4
5813,3726,1.0,5
5814,1358,1.0,1
5814,6187,0.9999,2
5814,4890,0.9997,3
5814,1314,0.9997,4
5814,4708,0.9995,5
5815,3571,1.0,1
5815,170,1.0,2
5815,6559,1.0,3
5815,2142,1.0,4
5815,3344,1.0,5
5816,3323,1.0,1
5816,1422,1.0,2
5816,3982,0.9999,3
5816,4682,0.9999,4
5816,5665,0.9999,5
5817,5448,1.0,1
5817,1656,1.0,2
5817,4648,0.9999,3
5817,3480,0.9999,4
5817,135,0.9999,5
5818,2741,1.0,1
5818,838,1.0,2
5818,5464,1.0,3
5818,4707,1.0,4
5818,2127,1.0,5
5819,548,1.0,1
5819,5835,1.0,2
5819,636,1.0,3
5819,4660,1.0,4
5819,4836,1.0,5
5820,2265,1.0,1
5820,1307,1.0,2
5820,5255,1.0,3
5820,6538,1.0,4
5820,6911,1.0,5
5821,2806,1.0,1
5821,791,1.0,2
5821,453,1.0,3
5821,5501,0.9999,4
5821,6249,0.9999,5
5822,5753,1.0,1
5822,6766,1.0,2
5822,4257,0.9999,3
5822,2503,0.9999,4
5822,3863,0.9999,5
5823,4124,0.9998,1
5823,4763,0.9997,2
5823,5254,0.9995,3
5823,3624,0.9993,4
5823,4799,0.9983,5
5824,5540,1.0,1
5824,158,1.0,2
5824,4663,1.0,3
5824,4509,1.0,4
5824,5553,1.0,5
5825,2667,1.0,1
5825,4540,0.9999,2
5825,3279,0.9999,3
5825,905,0.9998,4
5825,4473,0.9997,5
5826,6097,1.0,1
5826,140,1.0,2
5826,2367,1.0,3
5826,2134,1.0,4
5826,2423,1.0,5
5827,81,1.0,1
5827,6169,1.0,2
5827,2195,1.0,3
5827,3031,1.0,4
5827,4316,1.0,5
5828,3188,1.0,1
5828,4422,0.9997,2
5828,439,0.9994,3
5828,4269,0.9994,4
5828,1763,0.9993,5
5829,3636,1.0,1
5829,1388,1.0,2
5829,6424,1.0,3
5829,1227,1.0,4
5829,4612,1.0,5
5830,3590,1.0,1
5830,4879,0.9994,2
5830,4431,0.9972,3
5830,1883,0.9953,4
5830,4234,0.9952,5
5831,3460,1.0,1
5831,6210,0.9996,2
5831,6516,0.9996,3
5831,235,0.9996,4
5831,2931,0.9996,5
5832,4561,1.0,1
5832,6844,0.9999,2
5832,3425,0.9998,3
5832,3265,0.9997,4
5832,5429,0.9997,5
5833,1121,1.0,1
5833,4572,0.9998,2
5833,6422,0.9991,3
5833,3163,0.9989,4
5833,4092,0.9987,5
5834,5014,0.9983,1
5834,6981,0.9975,2
5834,3063,0.9974,3
5834,6236,0.9971,4
5834,4741,0.9961,5
5835,548,1.0,1
5835,5819,1.0,2
5835,636,1.0,3
5835,4660,1.0,4
5835,4836,1.0,5
5836,1798,1.0,1
5836,4928,1.0,2
5836,2065,1.0,3
5836,6322,1.0,4
5836,5328,1.0,5
5837,6557,1.0,1
5837,3145,1.0,2
5837,3557,1.0,3
5837,5312,1.0,4
5837,6475,1.0,5
5838,4778,1.0,1
5838,3939,0.9999,2
5838,1920,0.9999,3
5838,2256,0.9999,4
5838,858,0.9999,5
5839,1696,0.9997,1
5839,164,0.9996,2
5839,3673,0.9995,3
5839,5351,0.9995,4
5839,5082,0.9995,5
5840,5628,1.0,1
5840,2169,0.9999,2
5840,178,0.9999,3
5840,4344,0.9999,4
5840,289,0.9999,5
5841,6942,0.9999,1
5841,6393,0.9999,2
5841,2627,0.9999,3
5841,2815,0.9998,4
5841,874,0.9998,5
5842,1170,0.9999,1
5842,4410,0.9999,2
5842,6548,0.9993,3
5842,104,0.9992,4
5842,6905,0.998,5
5843,204,0.9999,1
5843,185,0.9999,2
5843,96,0.9997,3
5843,2545,0.9997,4
5843,4987,0.9997,5
5844,5184,0.9996,1
5844,986,0.9994,2
5844,6267,0.9991,3
5844,7016,0.9989,4
5844,893,0.9989,5
5845,252,1.0,1
5845,6309,1.0,2
5845,1597,1.0,3
5845,4649,1.0,4
5845,1000,1.0,5
5846,4227,1.0,1
5846,5847,1.0,2
5846,5611,1.0,3
5846,66,0.9999,4
5846,2106,0.9999,5
5847,4227,1.0,1
5847,5846,1.0,2
5847,5611,0.9999,3
5847,5433,0.9999,4
5847,2707,0.9999,5
5848,2665,0.9999,1
5848,6355,0.9999,2
5848,3804,0.9999,3
5848,5561,0.9999,4
5848,6488,0.9999,5
5849,4398,1.0,1
5849,107,1.0,2
5849,4976,1.0,3
5849,4787,1.0,4
5849,5226,1.0,5
5850,1137,1.0,1
5850,4246,1.0,2
5850,3231,1.0,3
5850,1515,1.0,4
5850,344,1.0,5
5851,1581,0.9999,1
5851,863,0.9996,2
5851,5853,0.9995,3
5851,452,0.9993,4
5851,3807,0.9991,5
5852,5939,0.9998,1
5852,6988,0.9998,2
5852,2620,0.9998,3
5852,397,0.9997,4
5852,3252,0.9992,5
5853,452,0.9998,1
5853,5851,0.9995,2
5853,1581,0.9994,3
5853,5806,0.9989,4
5853,650,0.9988,5
5854,800,1.0,1
5854,2665,0.9999,2
5854,6552,0.9999,3
5854,6645,0.9999,4
5854,1107,0.9998,5
5855,2793,1.0,1
5855,616,1.0,2
5855,3763,1.0,3
5855,3797,1.0,4
5855,3240,0.9997,5
5856,5383,0.9995,1
5856,4412,0.9994,2
5856,2259,0.9991,3
5856,3371,0.9987,4
5856,2890,0.9986,5
5857,4158,0.9999,1
5857,1300,0.9999,2
5857,434,0.9999,3
5857,6956,0.9998,4
5857,4830,0.9998,5
5858,4939,0.9997,1
5858,3727,0.9997,2
5858,4463,0.9997,3
5858,1185,0.9997,4
5858,826,0.9996,5
5859,431,1.0,1
5859,213,1.0,2
5859,5929,1.0,3
5859,2702,1.0,4
5859,5310,1.0,5
5860,2984,1.0,1
5860,3052,1.0,2
5860,4584,1.0,3
5860,2373,0.9999,4
5860,5735,0.9999,5
5861,3917,1.0,1
5861,4323,1.0,2
5861,3732,1.0,3
5861,6592,1.0,4
5861,1071,1.0,5
5862,2576,1.0,1
5862,4120,1.0,2
5862,529,1.0,3
5862,3901,1.0,4
5862,6350,1.0,5
5863,2337,1.0,1
5863,2855,1.0,2
5863,5605,1.0,3
5863,3137,0.9999,4
5863,4432,0.9993,5
5864,1446,0.9997,1
5864,3569,0.9996,2
5864,1462,0.9996,3
5864,5041,0.9995,4
5864,196,0.9994,5
5865,1067,1.0,1
5865,5887,1.0,2
5865,4137,1.0,3
5865,3778,1.0,4
5865,3268,1.0,5
5866,968,1.0,1
5866,1879,1.0,2
5866,6234,1.0,3
5866,4318,1.0,4
5866,3928,1.0,5
5867,2435,1.0,1
5867,147,1.0,2
5867,1521,1.0,3
5867,4260,1.0,4
5867,4476,1.0,5
5868,4936,0.9984,1
5868,5744,0.9967,2
5868,6043,0.9955,3
5868,5205,0.9954,4
5868,974,0.9937,5
5869,390,1.0,1
5869,2703,1.0,2
5869,2173,1.0,3
5869,6897,1.0,4
5869,1869,1.0,5
5870,5569,1.0,1
5870,109,0.9999,2
5870,2784,0.9999,3
5870,2114,0.9998,4
5870,6374,0.9998,5
5871,3766,1.0,1
5871,3977,1.0,2
5871,5789,0.9999,3
5871,661,0.9999,4
5871,2032,0.9999,5
5872,3292,0.9999,1
5872,2849,0.9998,2
5872,1919,0.9997,3
5872,4903,0.9997,4
5872,2186,0.9996,5
5873,6496,1.0,1
5873,6878,1.0,2
5873,6934,1.0,3
5873,4082,1.0,4
5873,2085,1.0,5
5874,429,1.0,1
5874,365,0.9999,2
5874,5785,0.9998,3
5874,4417,0.9995,4
5874,6467,0.9993,5
5875,118,1.0,1
5875,4678,0.9999,2
5875,5032,0.9999,3
5875,3350,0.9999,4
5875,6635,0.9998,5
5876,5463,0.9998,1
5876,5993,0.9998,2
5876,664,0.9998,3
5876,1223,0.9996,4
5876,2473,0.9996,5
5877,2746,1.0,1
5877,586,1.0,2
5877,4586,0.9999,3
5877,6749,0.9999,4
5877,3079,0.9999,5
5878,1556,1.0,1
5878,2577,0.9999,2
5878,5479,0.9999,3
5878,898,0.9999,4
5878,3241,0.9999,5
5879,5866,1.0,1
5879,968,1.0,2
5879,1879,1.0,3
5879,6234,1.0,4
5879,3928,1.0,5
5880,1370,1.0,1
5880,788,0.9988,2
5880,6021,0.9988,3
5880,3442,0.9988,4
5880,4431,0.9987,5
5881,2386,1.0,1
5881,6601,1.0,2
5881,3222,1.0,3
5881,3224,1.0,4
5881,6778,1.0,5
5882,546,0.9996,1
5882,5046,0.9991,2
5882,206,0.9991,3
5882,5294,0.9991,4
5882,932,0.9989,5
5883,6767,1.0,1
5883,1533,1.0,2
5883,1400,1.0,3
5883,4069,1.0,4
5883,2074,1.0,5
5884,2166,1.0,1
5884,2606,1.0,2
5884,4958,1.0,3
5884,6022,1.0,4
5884,995,1.0,5
5885,572,0.9999,1
5885,4862,0.9997,2
5885,2530,0.9996,3
5885,3195,0.9985,4
5885,6192,0.998,5
5886,1431,1.0,1
5886,6589,1.0,2
5886,1675,1.0,3
5886,554,0.9999,4
5886,6372,0.9997,5
5887,5865,1.0,1
5887,1067,1.0,2
5887,4137,1.0,3
5887,6050,1.0,4
5887,3268,1.0,5
5888,4538,0.9999,1
5888,1226,0.9996,2
5888,3240,0.9996,3
5888,6642,0.9996,4
5888,5416,0.9994,5
5889,1956,1.0,1
5889,3282,0.9999,2
5889,3546,0.9999,3
5889,5356,0.9999,4
5889,6681,0.9999,5
5890,6163,0.9999,1
5890,2980,0.9993,2
5890,3614,0.999,3
5890,426,0.999,4
5890,169,0.9989,5
5891,2050,1.0,1
5891,2477,1.0,2
5891,2758,0.9999,3
5891,4596,0.9999,4
5891,3262,0.9999,5
5892,425,0.9999,1
5892,3935,0.9998,2
5892,570,0.9997,3
5892,4751,0.9995,4
5892,3681,0.9995,5
5893,282,0.9999,1
5893,5903,0.9998,2
5893,2434,0.9998,3
5893,6616,0.9995,4
5893,6783,0.9995,5
5894,5183,0.9999,1
5894,3336,0.9999,2
5894,6205,0.9999,3
5894,2566,0.9999,4
5894,4752,0.9999,5
5895,4377,1.0,1
5895,875,0.9999,2
5895,2150,0.9999,3
5895,6461,0.9999,4
5895,6265,0.9998,5
5896,5651,1.0,1
5896,2657,0.9999,2
5896,3654,0.9997,3
5896,3095,0.9997,4
5896,3584,0.9997,5
5897,4148,1.0,1
5897,3651,1.0,2
5897,5704,1.0,3
5897,2280,1.0,4
5897,1777,1.0,5
5898,5805,1.0,1
5898,4908,1.0,2
5898,270,1.0,3
5898,3983,1.0,4
5898,1712,1.0,5
5899,3671,1.0,1
5899,5948,1.0,2
5899,2628,0.9998,3
5899,176,0.9998,4
5899,59,0.9998,5
5900,4585,0.9997,1
5900,801,0.9995,2
5900,4513,0.9995,3
5900,3362,0.9995,4
5900,3780,0.9994,5
5901,1501,1.0,1
5901,6986,1.0,2
5901,4433,1.0,3
5901,2638,0.9997,4
5901,6060,0.9991,5
5902,46,1.0,1
5902,4083,1.0,2
5902,6462,0.9999,3
5902,3667,0.9999,4
5902,2182,0.9998,5
5903,2434,1.0,1
5903,282,0.9999,2
5903,5893,0.9998,3
5903,6616,0.9998,4
5903,3189,0.9998,5
5904,526,1.0,1
5904,4775,0.9998,2
5904,4891,0.9998,3
5904,1657,0.9998,4
5904,4036,0.9998,5
5905,417,1.0,1
5905,4077,1.0,2
5905,6946,1.0,3
5905,3666,0.9999,4
5905,2562,0.9999,5
5906,535,1.0,1
5906,5944,1.0,2
5906,2635,1.0,3
5906,5451,1.0,4
5906,233,1.0,5
5907,5544,1.0,1
5907,5500,0.9999,2
5907,4322,0.9999,3
5907,5135,0.9998,4
5907,3751,0.9996,5
5908,5464,1.0,1
5908,838,1.0,2
5908,5818,1.0,3
5908,2741,1.0,4
5908,3351,1.0,5
5909,34,1.0,1
5909,101,1.0,2
5909,1933,1.0,3
5909,2034,1.0,4
5909,223,1.0,5
5910,49,1.0,1
5910,6300,0.9999,2
5910,6743,0.9999,3
5910,2966,0.9999,4
5910,2696,0.9999,5
5911,2438,0.9998,1
5911,6121,0.9994,2
5911,7012,0.9994,3
5911,5378,0.9993,4
5911,3449,0.9992,5
5912,2609,1.0,1
5912,1563,1.0,2
5912,6068,0.9998,3
5912,3661,0.9998,4
5912,5388,0.9995,5
5913,699,1.0,1
5913,5112,1.0,2
5913,1130,1.0,3
5913,6208,0.9999,4
5913,6813,0.9997,5
5914,6619,0.9999,1
5914,4588,0.9996,2
5914,2869,0.9995,3
5914,3459,0.9994,4
5914,4569,0.999,5
5915,6264,1.0,1
5915,6080,1.0,2
5915,6211,0.9999,3
5915,3538,0.9998,4
5915,4610,0.9996,5
5916,6118,1.0,1
5916,2052,1.0,2
5916,1304,1.0,3
5916,193,1.0,4
5916,1535,1.0,5
5917,370,1.0,1
5917,541,1.0,2
5917,199,1.0,3
5917,2538,1.0,4
5917,3524,1.0,5
5918,2326,1.0,1
5918,5692,1.0,2
5918,1901,1.0,3
5918,5662,1.0,4
5918,2346,1.0,5
5919,6201,1.0,1
5919,269,1.0,2
5919,195,1.0,3
5919,1285,1.0,4
5919,4355,1.0,5
5920,1351,1.0,1
5920,6851,0.9999,2
5920,5110,0.9999,3
5920,4416,0.9999,4
5920,5181,0.9998,5
5921,127,0.9998,1
5921,4704,0.9995,2
5921,4367,0.9994,3
5921,6659,0.9993,4
5921,4140,0.9993,5
5922,3004,0.9992,1
5922,4121,0.999,2
5922,2848,0.9988,3
5922,4882,0.998,4
5922,6998,0.9978,5
5923,450,1.0,1
5923,1284,1.0,2
5923,842,1.0,3
5923,6072,1.0,4
5923,7023,1.0,5
5924,5278,1.0,1
5924,6879,1.0,2
5924,5998,1.0,3
5924,5273,0.9999,4
5924,2456,0.9998,5
5925,6262,1.0,1
5925,2594,1.0,2
5925,2361,1.0,3
5925,3730,1.0,4
5925,5366,1.0,5
5926,4092,1.0,1
5926,3065,0.9993,2
5926,4572,0.9993,3
5926,3163,0.999,4
5926,5833,0.9983,5
5927,4706,1.0,1
5927,938,1.0,2
5927,2689,0.9998,3
5927,4783,0.9998,4
5927,1908,0.9998,5
5928,687,1.0,1
5928,4439,1.0,2
5928,5409,1.0,3
5928,3177,1.0,4
5928,5527,1.0,5
5929,213,1.0,1
5929,5859,1.0,2
5929,431,1.0,3
5929,5310,1.0,4
5929,2702,1.0,5
5930,5625,1.0,1
5930,4627,0.9999,2
5930,2737,0.9998,3
5930,6172,0.9995,4
5930,5413,0.9995,5
5931,5057,1.0,1
5931,4873,1.0,2
5931,486,1.0,3
5931,3379,1.0,4
5931,5787,1.0,5
5932,1483,0.9999,1
5932,2832,0.9999,2
5932,5391,0.9998,3
5932,4078,0.9997,4
5932,5020,0.9996,5
5933,2728,1.0,1
5933,4849,1.0,2
5933,6030,0.9999,3
5933,3920,0.9999,4
5933,3823,0.9999,5
5934,6895,1.0,1
5934,1402,0.9987,2
5934,2209,0.9987,3
5934,2845,0.9986,4
5934,6366,0.9986,5
5935,4640,1.0,1
5935,6306,0.9999,2
5935,4122,0.9997,3
5935,3793,0.9996,4
5935,4107,0.9996,5
5936,4054,0.9996,1
5936,3122,0.999,2
5936,3370,0.9982,3
5936,245,0.998,4
5936,5973,0.9977,5
5937,5422,1.0,1
5937,2559,1.0,2
5937,6344,1.0,3
5937,5982,1.0,4
5937,2496,1.0,5
5938,4682,0.9999,1
5938,887,0.9999,2
5938,3982,0.9999,3
5938,3963,0.9999,4
5938,1422,0.9999,5
5939,6988,0.9999,1
5939,397,0.9999,2
5939,2620,0.9999,3
5939,5852,0.9998,4
5939,2380,0.9995,5
5940,2645,1.0,1
5940,5164,0.9998,2
5940,1403,0.9998,3
5940,5061,0.9997,4
5940,1653,0.9993,5
5941,4364,1.0,1
5941,2626,1.0,2
5941,523,0.9999,3
5941,5536,0.9998,4
5941,6796,0.9998,5
5942,3445,1.0,1
5942,4766,0.9997,2
5942,6270,0.9996,3
5942,117,0.9985,4
5942,1481,0.998,5
5943,324,1.0,1
5943,41,0.9998,2
5943,2589,0.9995,3
5943,6616,0.9994,4
5943,4105,0.9993,5
5944,2635,1.0,1
5944,535,1.0,2
5944,5906,1.0,3
5944,5451,1.0,4
5944,5475,1.0,5
5945,3228,1.0,1
5945,161,0.9994,2
5945,470,0.9994,3
5945,1389,0.9989,4
5945,6933,0.9989,5
5946,2207,1.0,1
5946,1266,0.9999,2
5946,6815,0.9999,3
5946,4236,0.9999,4
5946,5765,0.9999,5
5947,4261,0.9999,1
5947,769,0.9998,2
5947,2129,0.9998,3
5947,6693,0.9998,4
5947,243,0.9997,5
5948,3671,1.0,1
5948,5899,1.0,2
5948,2628,0.9999,3
5948,176,0.9998,4
5948,59,0.9998,5
5949,3993,1.0,1
5949,4045,1.0,2
5949,6721,1.0,3
5949,2404,0.9999,4
5949,1699,0.9999,5
5950,5532,1.0,1
5950,5003,0.9999,2
5950,6417,0.9997,3
5950,3161,0.9997,4
5950,1380,0.9997,5
5951,2047,1.0,1
5951,4425,1.0,2
5951,894,1.0,3
5951,186,1.0,4
5951,273,1.0,5
5952,3064,1.0,1
5952,4869,1.0,2
5952,2102,0.9999,3
5952,1470,0.9998,4
5952,6861,0.9998,5
5953,1840,1.0,1
5953,4576,1.0,2
5953,5789,1.0,3
5953,1318,1.0,4
5953,4370,0.9999,5
5954,382,1.0,1
5954,3710,1.0,2
5954,5486,1.0,3
5954,3566,1.0,4
5954,3424,1.0,5
5955,5002,0.9994,1
5955,4617,0.9992,2
5955,3878,0.9991,3
5955,4253,0.9986,4
5955,1529,0.9985,5
5956,5778,1.0,1
5956,1391,1.0,2
5956,4005,1.0,3
5956,5250,0.9999,4
5956,790,0.9999,5
5957,891,0.9999,1
5957,4334,0.9999,2
5957,4857,0.9997,3
5957,1472,0.9997,4
5957,229,0.9994,5
5958,2687,0.9997,1
5958,5419,0.9997,2
5958,6631,0.9996,3
5958,2225,0.9995,4
5958,3703,0.9995,5
5959,3435,0.9999,1
5959,3245,0.9998,2
5959,6354,0.9998,3
5959,3659,0.9997,4
5959,19,0.9997,5
5960,5650,1.0,1
5960,1393,1.0,2
5960,2988,1.0,3
5960,3301,1.0,4
5960,4109,1.0,5
5961,4930,0.9999,1
5961,5413,0.9999,2
5961,6411,0.9999,3
5961,1368,0.9997,4
5961,3475,0.9995,5
5962,2428,1.0,1
5962,4925,1.0,2
5962,1145,1.0,3
5962,134,1.0,4
5962,2466,0.9999,5
5963,4870,1.0,1
5963,4828,1.0,2
5963,5054,0.9998,3
5963,4436,0.9996,4
5963,5801,0.9996,5
5964,767,1.0,1
5964,2058,0.9999,2
5964,2040,0.9998,3
5964,2906,0.9994,4
5964,3479,0.9993,5
5965,6864,0.9995,1
5965,2895,0.9994,2
5965,2071,0.9993,3
5965,25,0.9992,4
5965,1611,0.9989,5
5966,351,0.9983,1
5966,3694,0.9982,2
5966,5343,0.998,3
5966,3578,0.9977,4
5966,87,0.9969,5
5967,2745,1.0,1
5967,250,1.0,2
5967,3799,0.9999,3
5967,2572,0.9999,4
5967,1046,0.9999,5
5968,6865,0.9999,1
5968,2432,0.9997,2
5968,4181,0.9997,3
5968,499,0.9995,4
5968,5412,0.9994,5
5969,1426,1.0,1
5969,6886,1.0,2
5969,3834,0.9998,3
5969,5004,0.9997,4
5969,2925,0.9997,5
5970,1472,0.9997,1
5970,1823,0.9997,2
5970,891,0.9994,3
5970,1088,0.9993,4
5970,930,0.9989,5
5971,2456,1.0,1
5971,774,1.0,2
5971,2656,0.9999,3
5971,4215,0.9999,4
5971,303,0.9998,5
5972,873,1.0,1
5972,4302,1.0,2
5972,757,1.0,3
5972,1354,1.0,4
5972,613,1.0,5
5973,3986,0.9999,1
5973,357,0.9998,2
5973,245,0.9996,3
5973,3122,0.9984,4
5973,2402,0.9983,5
5974,1867,1.0,1
5974,2738,1.0,2
5974,4856,1.0,3
5974,358,1.0,4
5974,7003,0.9999,5
5975,2582,1.0,1
5975,2778,1.0,2
5975,3848,1.0,3
5975,6385,1.0,4
5975,5467,1.0,5
5976,3760,1.0,1
5976,1193,0.9999,2
5976,5273,0.9999,3
5976,2494,0.9999,4
5976,5998,0.9998,5
5977,90,1.0,1
5977,1147,0.9998,2
5977,2189,0.9993,3
5977,3128,0.999,4
5977,6938,0.9989,5
5978,6095,1.0,1
5978,4864,1.0,2
5978,6639,1.0,3
5978,6912,1.0,4
5978,3771,1.0,5
5979,2768,1.0,1
5979,1375,0.9998,2
5979,2557,0.9998,3
5979,230,0.9998,4
5979,2643,0.9998,5
5980,3430,1.0,1
5980,4820,1.0,2
5980,4782,1.0,3
5980,671,1.0,4
5980,5757,1.0,5
5981,5801,1.0,1
5981,4436,0.9999,2
5981,1200,0.9997,3
5981,4512,0.9997,4
5981,2087,0.9997,5
5982,2496,1.0,1
5982,6344,1.0,2
5982,4004,1.0,3
5982,3897,1.0,4
5982,2559,1.0,5
5983,6955,1.0,1
5983,3190,1.0,2
5983,2770,1.0,3
5983,550,1.0,4
5983,940,1.0,5
5984,4310,1.0,1
5984,2693,0.9998,2
5984,6706,0.9997,3
5984,5074,0.9996,4
5984,4570,0.9988,5
5985,1513,1.0,1
5985,714,0.9998,2
5985,2872,0.9998,3
5985,131,0.9997,4
5985,3232,0.9997,5
5986,2792,1.0,1
5986,6599,1.0,2
5986,6337,1.0,3
5986,4872,0.9999,4
5986,6927,0.9998,5
5987,3716,1.0,1
5987,5709,0.9999,2
5987,2722,0.9999,3
5987,3751,0.9999,4
5987,1580,0.9998,5
5988,6739,1.0,1
5988,1394,1.0,2
5988,3575,1.0,3
5988,5779,1.0,4
5988,4810,1.0,5
5989,6319,1.0,1
5989,5227,1.0,2
5989,2485,1.0,3
5989,922,1.0,4
5989,5772,1.0,5
5990,3160,1.0,1
5990,998,0.9999,2
5990,3142,0.9999,3
5990,4619,0.9999,4
5990,32,0.9999,5
5991,339,1.0,1
5991,6085,1.0,2
5991,3114,1.0,3
5991,6991,0.9999,4
5991,5571,0.9998,5
5992,4411,1.0,1
5992,6153,0.9998,2
5992,1559,0.9998,3
5992,903,0.9997,4
5992,5080,0.9997,5
5993,1344,0.9999,1
5993,5876,0.9998,2
5993,6486,0.9998,3
5993,730,0.9997,4
5993,603,0.9996,5
5994,4665,1.0,1
5994,6363,1.0,2
5994,2999,1.0,3
5994,493,0.9999,4
5994,4639,0.9999,5
5995,3474,0.9999,1
5995,84,0.9999,2
5995,1479,0.9999,3
5995,3109,0.9998,4
5995,1745,0.9998,5
5996,591,1.0,1
5996,3524,1.0,2
5996,199,1.0,3
5996,3248,1.0,4
5996,370,1.0,5
5997,2725,1.0,1
5997,5366,1.0,2
5997,2361,1.0,3
5997,3730,1.0,4
5997,2594,1.0,5
5998,6879,1.0,1
5998,5273,1.0,2
5998,5278,1.0,3
5998,5924,1.0,4
5998,6805,0.9999,5
5999,5736,1.0,1
5999,1425,1.0,2
5999,5581,1.0,3
5999,2580,1.0,4
5999,6296,1.0,5
6000,6788,0.9999,1
6000,1645,0.9998,2
6000,6440,0.9998,3
6000,39,0.9995,4
6000,4905,0.9994,5
6001,6752,1.0,1
6001,1085,1.0,2
6001,2844,1.0,3
6001,3826,1.0,4
6001,2514,1.0,5
6002,273,1.0,1
6002,186,1.0,2
6002,3010,1.0,3
6002,4425,1.0,4
6002,2047,1.0,5
6003,4406,0.9999,1
6003,6013,0.9998,2
6003,1711,0.9998,3
6003,883,0.9998,4
6003,2351,0.9998,5
6004,1770,1.0,1
6004,6291,1.0,2
6004,2315,0.9999,3
6004,6093,0.9999,4
6004,2718,0.9999,5
6005,3457,1.0,1
6005,3262,0.9999,2
6005,5185,0.9999,3
6005,4596,0.9999,4
6005,5615,0.9999,5
6006,55,0.9996,1
6006,4895,0.9994,2
6006,2584,0.9993,3
6006,2720,0.999,4
6006,6725,0.999,5
6007,727,0.9993,1
6007,2774,0.9992,2
6007,993,0.9989,3
6007,1552,0.9989,4
6007,2384,0.9989,5
6008,1116,0.9998,1
6008,5063,0.9998,2
6008,635,0.9997,3
6008,5617,0.9997,4
6008,5271,0.9997,5
6009,1198,1.0,1
6009,1245,1.0,2
6009,4918,1.0,3
6009,2029,1.0,4
6009,2569,1.0,5
6010,6142,0.9999,1
6010,2267,0.9999,2
6010,427,0.9999,3
6010,3412,0.9999,4
6010,3995,0.9997,5
6011,197,1.0,1
6011,4301,1.0,2
6011,3740,1.0,3
6011,3220,1.0,4
6011,6372,1.0,5
6012,6726,1.0,1
6012,1924,1.0,2
6012,3523,1.0,3
6012,2586,1.0,4
6012,5432,1.0,5
6013,2351,1.0,1
6013,4900,0.9999,2
6013,1711,0.9999,3
6013,6003,0.9998,4
6013,5361,0.9998,5
6014,549,0.9999,1
6014,442,0.9999,2
6014,5568,0.9997,3
6014,1866,0.9997,4
6014,3331,0.9996,5
6015,3860,1.0,1
6015,2715,0.9999,2
6015,3101,0.9999,3
6015,2286,0.9999,4
6015,1203,0.9999,5
6016,6250,1.0,1
6016,6923,1.0,2
6016,946,1.0,3
6016,123,1.0,4
6016,5622,1.0,5
6017,1587,1.0,1
6017,4448,1.0,2
6017,6914,0.9999,3
6017,3695,0.9999,4
6017,105,0.9999,5
6018,2336,1.0,1
6018,3948,1.0,2
6018,6842,0.9999,3
6018,1100,0.9999,4
6018,6740,0.9999,5
6019,5488,1.0,1
6019,1393,1.0,2
6019,3301,1.0,3
6019,2988,1.0,4
6019,371,1.0,5
6020,3216,1.0,1
6020,2823,1.0,2
6020,3382,0.9999,3
6020,6455,0.9999,4
6020,1586,0.9998,5
6021,788,0.9999,1
6021,3442,0.9998,2
6021,292,0.9988,3
6021,6433,0.9988,4
6021,5880,0.9988,5
6022,4958,1.0,1
6022,2606,1.0,2
6022,5884,1.0,3
6022,2166,1.0,4
6022,3289,1.0,5
6023,4668,1.0,1
6023,1972,1.0,2
6023,3701,1.0,3
6023,1760,1.0,4
6023,981,1.0,5
6024,6179,0.9995,1
6024,3513,0.999,2
6024,2433,0.9989,3
6024,5056,0.9987,4
6024,6320,0.9984,5
6025,4289,1.0,1
6025,1904,1.0,2
6025,3979,0.9999,3
6025,6446,0.9999,4
6025,303,0.9999,5
6026,1312,0.9998,1
6026,1561,0.999,2
6026,6684,0.999,3
6026,2128,0.9985,4
6026,2132,0.9984,5
6027,1238,1.0,1
6027,1938,1.0,2
6027,4630,1.0,3
6027,3890,1.0,4
6027,189,1.0,5
6028,2911,1.0,1
6028,1658,1.0,2
6028,1532,1.0,3
6028,1799,1.0,4
6028,6888,0.9999,5
6029,3796,0.9999,1
6029,4465,0.9998,2
6029,2881,0.9998,3
6029,6999,0.9997,4
6029,5424,0.9997,5
6030,1112,1.0,1
6030,1527,0.9999,2
6030,5933,0.9999,3
6030,5283,0.9999,4
6030,4849,0.9999,5
6031,2387,0.9998,1
6031,1480,0.9998,2
6031,5803,0.9997,3
6031,2132,0.9996,4
6031,6143,0.9996,5
6032,3192,1.0,1
6032,5360,0.9996,2
6032,4884,0.9986,3
6032,621,0.9979,4
6032,2762,0.9978,5
6033,1476,1.0,1
6033,6370,1.0,2
6033,1679,1.0,3
6033,3039,0.9999,4
6033,534,0.9999,5
6034,3832,1.0,1
6034,6968,1.0,2
6034,2591,1.0,3
6034,2515,1.0,4
6034,5410,0.9999,5
6035,4615,1.0,1
6035,3942,1.0,2
6035,4352,1.0,3
6035,5113,1.0,4
6035,4204,1.0,5
6036,6606,1.0,1
6036,3256,1.0,2
6036,676,1.0,3
6036,1436,0.9999,4
6036,1776,0.9999,5
6037,1932,0.9999,1
6037,6854,0.9999,2
6037,2298,0.9999,3
6037,5179,0.9999,4
6037,6405,0.9999,5
6038,4860,1.0,1
6038,2217,0.9999,2
6038,4999,0.9999,3
6038,73,0.9998,4
6038,1436,0.9998,5
6039,5421,1.0,1
6039,6911,1.0,2
6039,5255,1.0,3
6039,3509,1.0,4
6039,2265,1.0,5
6040,329,0.9999,1
6040,3455,0.9995,2
6040,5649,0.9994,3
6040,3063,0.9987,4
6040,4741,0.9985,5
6041,3726,1.0,1
6041,4647,1.0,2
6041,6591,1.0,3
6041,7019,1.0,4
6041,2270,1.0,5
6042,3022,1.0,1
6042,5017,1.0,2
6042,6565,1.0,3
6042,588,1.0,4
6042,2002,1.0,5
6043,5744,0.9999,1
6043,5205,0.9985,2
6043,4167,0.9976,3
6043,5066,0.9971,4
6043,5868,0.9955,5
6044,777,1.0,1
6044,1019,0.9998,2
6044,5065,0.9998,3
6044,2755,0.9998,4
6044,4291,0.9995,5
6045,2123,0.9998,1
6045,45,0.9997,2
6045,3988,0.9997,3
6045,4335,0.9997,4
6045,1628,0.9994,5
6046,3605,1.0,1
6046,1849,1.0,2
6046,5937,1.0,3
6046,2559,1.0,4
6046,5422,1.0,5
6047,3495,1.0,1
6047,2780,1.0,2
6047,6913,1.0,3
6047,2464,0.9998,4
6047,6958,0.9998,5
6048,5272,0.9999,1
6048,4074,0.9996,2
6048,4359,0.9995,3
6048,6604,0.9994,4
6048,1132,0.9991,5
6049,3641,0.9999,1
6049,4122,0.9995,2
6049,729,0.9994,3
6049,4731,0.9993,4
6049,6306,0.999,5
6050,3268,1.0,1
6050,1259,1.0,2
6050,4137,1.0,3
6050,2524,1.0,4
6050,5752,1.0,5
6051,2878,1.0,1
6051,6182,1.0,2
6051,1381,0.9999,3
6051,856,0.9999,4
6051,2974,0.9999,5
6052,3628,1.0,1
6052,3344,1.0,2
6052,2142,1.0,3
6052,240,1.0,4
6052,6104,1.0,5
6053,2236,1.0,1
6053,3400,0.9998,2
6053,2100,0.9998,3
6053,1593,0.9998,4
6053,3382,0.9998,5
6054,136,1.0,1
6054,6995,1.0,2
6054,5497,0.9999,3
6054,2898,0.9999,4
6054,2243,0.9998,5
6055,5098,0.9998,1
6055,5060,0.9998,2
6055,375,0.9997,3
6055,1470,0.9997,4
6055,3114,0.9997,5
6056,6518,1.0,1
6056,281,1.0,2
6056,6528,1.0,3
6056,3103,0.9998,4
6056,5491,0.9998,5
6057,6217,1.0,1
6057,973,0.9999,2
6057,5168,0.9998,3
6057,1926,0.9998,4
6057,3835,0.9998,5
6058,4437,0.9995,1
6058,3018,0.9994,2
6058,2997,0.999,3
6058,6111,0.9983,4
6058,4395,0.9978,5
6059,662,0.9999,1
6059,4158,0.9999,2
6059,1850,0.9998,3
6059,290,0.9998,4
6059,5387,0.9998,5
6060,5086,1.0,1
6060,4829,0.9999,2
6060,6692,0.9999,3
6060,2930,0.9998,4
6060,2128,0.9992,5
6061,3982,0.9998,1
6061,4151,0.9997,2
6061,353,0.9997,3
6061,5816,0.9997,4
6061,3249,0.9996,5
6062,3106,0.9999,1
6062,4675,0.9996,2
6062,719,0.9996,3
6062,5123,0.9988,4
6062,6694,0.9987,5
6063,6239,0.9999,1
6063,2736,0.9999,2
6063,6582,0.9998,3
6063,4071,0.9997,4
6063,5062,0.9995,5
6064,348,1.0,1
6064,2462,1.0,2
6064,5556,1.0,3
6064,498,1.0,4
6064,3936,1.0,5
6065,182,1.0,1
6065,3139,1.0,2
6065,2019,1.0,3
6065,1244,1.0,4
6065,6519,1.0,5
6066,4038,1.0,1
6066,4480,1.0,2
6066,6235,0.9999,3
6066,6857,0.9999,4
6066,921,0.9999,5
6067,1149,1.0,1
6067,6463,0.9999,2
6067,4679,0.9999,3
6067,508,0.9999,4
6067,2754,0.9999,5
6068,3661,1.0,1
6068,1563,0.9999,2
6068,2609,0.9999,3
6068,5912,0.9998,4
6068,1960,0.9997,5
6069,4830,0.9999,1
6069,6956,0.9999,2
6069,987,0.9999,3
6069,1300,0.9998,4
6069,545,0.9998,5
6070,3502,1.0,1
6070,975,0.9999,2
6070,6260,0.9999,3
6070,5379,0.9998,4
6070,4872,0.9997,5
6071,576,1.0,1
6071,5812,1.0,2
6071,6209,1.0,3
6071,2170,0.9999,4
6071,6218,0.9999,5
6072,3544,1.0,1
6072,1284,1.0,2
6072,450,1.0,3
6072,5923,1.0,4
6072,6226,1.0,5
6073,4630,1.0,1
6073,3890,1.0,2
6073,1238,1.0,3
6073,6027,1.0,4
6073,1938,1.0,5
6074,2067,1.0,1
6074,2650,1.0,2
6074,451,1.0,3
6074,1018,1.0,4
6074,3322,1.0,5
6075,3866,1.0,1
6075,4006,1.0,2
6075,2726,1.0,3
6075,3622,1.0,4
6075,853,1.0,5
6076,5303,0.9999,1
6076,1465,0.9998,2
6076,612,0.9998,3
6076,2883,0.9997,4
6076,573,0.9997,5
6077,2834,0.9999,1
6077,4201,0.9998,2
6077,5768,0.9997,3
6077,6625,0.9997,4
6077,707,0.9996,5
6078,2147,0.9999,1
6078,3857,0.9999,2
6078,1270,0.9999,3
6078,5290,0.9998,4
6078,257,0.9998,5
6079,1947,1.0,1
6079,2797,1.0,2
6079,4249,0.9999,3
6079,2924,0.9999,4
6079,6920,0.9999,5
6080,6264,1.0,1
6080,5915,1.0,2
6080,3538,0.9999,3
6080,6211,0.9998,4
6080,4610,0.9995,5
6081,1,1.0,1
6081,3903,1.0,2
6081,181,1.0,3
6081,28,1.0,4
6081,3754,1.0,5
6082,1944,1.0,1
6082,5657,1.0,2
6082,2273,1.0,3
6082,3042,1.0,4
6082,4091,1.0,5
6083,6672,0.9999,1
6083,4438,0.9999,2
6083,13,0.9999,3
6083,1328,0.9998,4
6083,564,0.9998,5
6084,3841,0.9999,1
6084,2482,0.9996,2
6084,3019,0.9995,3
6084,4745,0.9994,4
6084,3408,0.9991,5
6085,339,1.0,1
6085,5991,1.0,2
6085,3114,1.0,3
6085,5571,0.9998,4
6085,5664,0.9998,5
6086,4057,1.0,1
6086,2145,1.0,2
6086,3779,1.0,3
6086,1048,1.0,4
6086,2184,0.9999,5
6087,4723,0.9999,1
6087,1220,0.9999,2
6087,6276,0.9999,3
6087,2546,0.9998,4
6087,837,0.9997,5
6088,3127,0.9998,1
6088,3061,0.9993,2
6088,5349,0.9989,3
6088,7004,0.9975,4
6088,3734,0.9973,5
6089,2389,1.0,1
6089,2734,1.0,2
6089,3203,1.0,3
6089,2653,1.0,4
6089,228,1.0,5
6090,2192,1.0,1
6090,5784,0.9999,2
6090,649,0.9999,3
6090,1601,0.9998,4
6090,2185,0.9997,5
6091,929,1.0,1
6091,7035,0.9999,2
6091,3553,0.9999,3
6091,5450,0.9999,4
6091,4396,0.9999,5
6092,2271,0.9999,1
6092,3079,0.9999,2
6092,2746,0.9999,3
6092,5877,0.9999,4
6092,2185,0.9998,5
6093,4108,1.0,1
6093,4698,1.0,2
6093,2902,1.0,3
6093,2315,0.9999,4
6093,6291,0.9999,5
6094,2051,1.0,1
6094,6368,0.9998,2
6094,217,0.9997,3
6094,3178,0.9995,4
6094,3161,0.9995,5
6095,5978,1.0,1
6095,6639,1.0,2
6095,4864,1.0,3
6095,6912,1.0,4
6095,3771,1.0,5
6096,2498,1.0,1
6096,5674,1.0,2
6096,6283,1.0,3
6096,3508,1.0,4
6096,6373,1.0,5
6097,2367,1.0,1
6097,5826,1.0,2
6097,2423,1.0,3
6097,140,1.0,4
6097,1996,1.0,5
6098,4802,1.0,1
6098,4003,1.0,2
6098,1974,1.0,3
6098,6359,1.0,4
6098,5696,1.0,5
6099,6114,0.9998,1
6099,6990,0.9994,2
6099,4657,0.9994,3
6099,286,0.9993,4
6099,4458,0.9991,5
6100,1324,1.0,1
6100,222,1.0,2
6100,2455,1.0,3
6100,2508,1.0,4
6100,2532,1.0,5
6101,4183,1.0,1
6101,2164,1.0,2
6101,4449,0.9999,3
6101,1412,0.9997,4
6101,5300,0.9996,5
6102,6256,1.0,1
6102,3305,1.0,2
6102,2288,0.9999,3
6102,2376,0.9998,4
6102,2637,0.9998,5
6103,144,1.0,1
6103,2631,0.9999,2
6103,847,0.9999,3
6103,4716,0.9998,4
6103,219,0.9998,5
6104,4577,1.0,1
6104,240,1.0,2
6104,5000,1.0,3
6104,3529,1.0,4
6104,3521,1.0,5
6105,4488,1.0,1
6105,661,1.0,2
6105,3977,1.0,3
6105,2032,1.0,4
6105,2125,1.0,5
6106,1932,0.9999,1
6106,5200,0.9999,2
6106,1610,0.9999,3
6106,316,0.9999,4
6106,6037,0.9998,5
6107,1487,1.0,1
6107,5717,1.0,2
6107,2574,0.9999,3
6107,3363,0.9999,4
6107,3597,0.9999,5
6108,5639,1.0,1
6108,4237,1.0,2
6108,4521,1.0,3
6108,6762,1.0,4
6108,5389,1.0,5
6109,6522,1.0,1
6109,4494,1.0,2
6109,1205,1.0,3
6109,5726,1.0,4
6109,5377,0.9999,5
6110,4014,1.0,1
6110,236,1.0,2
6110,3,1.0,3
6110,3812,1.0,4
6110,4824,0.9999,5
6111,4395,1.0,1
6111,4437,0.9997,2
6111,1627,0.9991,3
6111,2997,0.999,4
6111,2201,0.9987,5
6112,4059,0.9999,1
6112,3285,0.9999,2
6112,623,0.9999,3
6112,3647,0.9994,4
6112,5652,0.9993,5
6113,628,1.0,1
6113,4288,1.0,2
6113,6370,1.0,3
6113,1679,0.9999,4
6113,6381,0.9999,5
6114,6099,0.9998,1
6114,4458,0.9993,2
6114,6990,0.9993,3
6114,3869,0.9992,4
6114,4657,0.9991,5
6115,1319,1.0,1
6115,1404,0.9999,2
6115,4508,0.9999,3
6115,2140,0.9998,4
6115,4813,0.9997,5
6116,2817,1.0,1
6116,2444,1.0,2
6116,2989,1.0,3
6116,194,1.0,4
6116,6687,1.0,5
6117,4964,0.9998,1
6117,4997,0.9998,2
6117,3642,0.9998,3
6117,4220,0.9998,4
6117,1194,0.9998,5
6118,2052,1.0,1
6118,5916,1.0,2
6118,1304,1.0,3
6118,193,1.0,4
6118,1535,1.0,5
6119,4611,1.0,1
6119,4587,1.0,2
6119,3206,1.0,3
6119,6769,1.0,4
6119,2369,1.0,5
6120,4982,0.9998,1
6120,4645,0.9997,2
6120,2721,0.9997,3
6120,1195,0.9996,4
6120,4329,0.9994,5
6121,4102,1.0,1
6121,1579,0.9998,2
6121,2692,0.9998,3
6121,1690,0.9997,4
6121,5911,0.9994,5
6122,6570,1.0,1
6122,5163,1.0,2
6122,2210,1.0,3
6122,6830,1.0,4
6122,1451,1.0,5
6123,3033,1.0,1
6123,3813,1.0,2
6123,4389,1.0,3
6123,3893,1.0,4
6123,3174,1.0,5
6124,1414,0.9999,1
6124,862,0.9999,2
6124,2938,0.9999,3
6124,1951,0.9998,4
6124,4048,0.9998,5
6125,4859,1.0,1
6125,272,1.0,2
6125,216,1.0,3
6125,4744,0.9998,4
6125,6506,0.9998,5
6126,6715,0.9998,1
6126,4020,0.9998,2
6126,6194,0.9997,3
6126,6342,0.9997,4
6126,2583,0.9995,5
6127,4125,0.9999,1
6127,56,0.9999,2
6127,646,0.9998,3
6127,511,0.9998,4
6127,506,0.9997,5
6128,5279,1.0,1
6128,4520,0.9999,2
6128,2871,0.9997,3
6128,561,0.9997,4
6128,1766,0.9996,5
6129,204,0.9997,1
6129,5843,0.9997,2
6129,185,0.9995,3
6129,5557,0.9991,4
6129,5702,0.9991,5
6130,2548,0.9999,1
6130,2090,0.9993,2
6130,6253,0.9992,3
6130,3542,0.9984,4
6130,6967,0.9984,5
6131,2585,1.0,1
6131,5522,0.9999,2
6131,2334,0.9999,3
6131,1647,0.9998,4
6131,1845,0.9997,5
6132,1260,0.9999,1
6132,3951,0.9997,2
6132,4452,0.9997,3
6132,4937,0.9996,4
6132,3526,0.9994,5
6133,2356,0.9999,1
6133,6146,0.9999,2
6133,1507,0.9998,3
6133,3871,0.9998,4
6133,3191,0.9998,5
6134,853,1.0,1
6134,4110,1.0,2
6134,2726,1.0,3
6134,3622,1.0,4
6134,3081,1.0,5
6135,7030,1.0,1
6135,2782,0.9999,2
6135,4339,0.9999,3
6135,1680,0.9999,4
6135,5285,0.9998,5
6136,5114,1.0,1
6136,4563,1.0,2
6136,4767,1.0,3
6136,4865,1.0,4
6136,1768,0.9999,5
6137,2120,1.0,1
6137,5786,1.0,2
6137,1856,1.0,3
6137,6724,1.0,4
6137,89,1.0,5
6138,1167,1.0,1
6138,3103,1.0,2
6138,6518,0.9998,3
6138,6178,0.9997,4
6138,3411,0.9997,5
6139,4033,0.9999,1
6139,6420,0.9998,2
6139,3475,0.9996,3
6139,4699,0.9995,4
6139,6825,0.9995,5
6140,2111,1.0,1
6140,1497,1.0,2
6140,3197,1.0,3
6140,6351,1.0,4
6140,3181,1.0,5
6141,1401,1.0,1
6141,6259,1.0,2
6141,3181,1.0,3
6141,585,1.0,4
6141,4792,1.0,5
6142,2267,1.0,1
6142,427,1.0,2
6142,6010,0.9999,3
6142,3966,0.9998,4
6142,5373,0.9997,5
6143,5803,0.9999,1
6143,2387,0.9998,2
6143,6427,0.9997,3
6143,4850,0.9996,4
6143,1327,0.9996,5
6144,69,1.0,1
6144,2092,1.0,2
6144,3810,1.0,3
6144,6585,1.0,4
6144,4881,1.0,5
6145,1246,1.0,1
6145,6757,0.9999,2
6145,5598,0.9999,3
6145,1509,0.9998,4
6145,2515,0.9995,5
6146,2356,1.0,1
6146,6133,0.9999,2
6146,1507,0.9999,3
6146,3871,0.9999,4
6146,284,0.9999,5
6147,2763,1.0,1
6147,4672,0.9999,2
6147,2519,0.9996,3
6147,5353,0.9996,4
6147,4776,0.9996,5
6148,4001,1.0,1
6148,5106,0.9999,2
6148,3136,0.9999,3
6148,3444,0.9999,4
6148,5669,0.9998,5
6149,3994,0.9998,1
6149,4111,0.9998,2
6149,5442,0.9997,3
6149,97,0.9997,4
6149,4566,0.9997,5
6150,4276,1.0,1
6150,2372,1.0,2
6150,283,1.0,3
6150,377,1.0,4
6150,6608,1.0,5
6151,6414,1.0,1
6151,6176,1.0,2
6151,3698,0.9996,3
6151,4857,0.9994,4
6151,4756,0.9994,5
6152,578,0.9999,1
6152,142,0.9998,2
6152,1964,0.9997,3
6152,4781,0.9997,4
6152,473,0.9997,5
6153,5992,0.9998,1
6153,5414,0.9998,2
6153,2771,0.9997,3
6153,1517,0.9997,4
6153,4550,0.9997,5
6154,4039,1.0,1
6154,2467,1.0,2
6154,4728,1.0,3
6154,5358,0.9999,4
6154,5193,0.9999,5
6155,242,1.0,1
6155,3891,1.0,2
6155,2327,1.0,3
6155,4650,1.0,4
6155,6116,1.0,5
6156,5142,1.0,1
6156,1273,1.0,2
6156,2180,1.0,3
6156,3208,1.0,4
6156,5017,1.0,5
6157,2328,1.0,1
6157,5584,0.9999,2
6157,6272,0.9999,3
6157,4559,0.9999,4
6157,2419,0.9998,5
6158,4445,1.0,1
6158,758,1.0,2
6158,4942,1.0,3
6158,6259,1.0,4
6158,3050,1.0,5
6159,580,1.0,1
6159,5807,1.0,2
6159,5399,1.0,3
6159,901,1.0,4
6159,4661,1.0,5
6160,3828,1.0,1
6160,3218,1.0,2
6160,704,1.0,3
6160,3098,1.0,4
6160,5152,1.0,5
6161,1763,0.9994,1
6161,4269,0.9994,2
6161,6940,0.9994,3
6161,439,0.9994,4
6161,5788,0.999,5
6162,1127,1.0,1
6162,3225,1.0,2
6162,334,0.9999,3
6162,4483,0.9999,4
6162,2448,0.9999,5
6163,5890,0.9999,1
6163,169,0.999,2
6163,2980,0.9988,3
6163,1833,0.9985,4
6163,3614,0.9985,5
6164,6802,1.0,1
6164,5798,1.0,2
6164,1796,0.9999,3
6164,3908,0.9999,4
6164,4597,0.9997,5
6165,1757,0.9999,1
6165,1428,0.9999,2
6165,4489,0.9993,3
6165,4196,0.9988,4
6165,2891,0.9987,5
6166,4284,1.0,1
6166,4852,0.9999,2
6166,5369,0.9999,3
6166,2971,0.9999,4
6166,518,0.9999,5
6167,2607,1.0,1
6167,3303,1.0,2
6167,5721,0.9997,3
6167,3165,0.9994,4
6167,2343,0.9994,5
6168,3072,1.0,1
6168,716,0.9998,2
6168,5436,0.9998,3
6168,2948,0.9994,4
6168,6371,0.9994,5
6169,81,1.0,1
6169,5827,1.0,2
6169,6318,1.0,3
6169,3537,1.0,4
6169,3772,1.0,5
6170,3510,1.0,1
6170,3453,1.0,2
6170,323,1.0,3
6170,1836,1.0,4
6170,4444,1.0,5
6171,5034,1.0,1
6171,3377,1.0,2
6171,2527,1.0,3
6171,4633,1.0,4
6171,3519,1.0,5
6172,4160,1.0,1
6172,2737,0.9999,2
6172,6447,0.9999,3
6172,263,0.9997,4
6172,2458,0.9996,5
6173,1359,1.0,1
6173,2232,1.0,2
6173,6637,1.0,3
6173,2612,1.0,4
6173,473,0.9998,5
6174,4913,0.9999,1
6174,3586,0.9999,2
6174,6397,0.9999,3
6174,2992,0.9997,4
6174,6774,0.9996,5
6175,6571,1.0,1
6175,6892,1.0,2
6175,1911,1.0,3
6175,5388,0.9999,4
6175,3493,0.9999,5
6176,6414,1.0,1
6176,6151,1.0,2
6176,3698,0.9997,3
6176,5261,0.9994,4
6176,4857,0.9994,5
6177,5306,0.9999,1
6177,1593,0.9998,2
6177,5661,0.9998,3
6177,822,0.9998,4
6177,3400,0.9998,5
6178,4788,1.0,1
6178,4479,0.9999,2
6178,3103,0.9999,3
6178,3411,0.9998,4
6178,1942,0.9998,5
6179,6024,0.9995,1
6179,6320,0.9988,2
6179,5056,0.9987,3
6179,3513,0.9984,4
6179,2433,0.998,5
6180,239,1.0,1
6180,1565,0.9999,2
6180,1361,0.9996,3
6180,2168,0.9996,4
6180,4974,0.9996,5
6181,618,1.0,1
6181,5740,0.9999,2
6181,2068,0.9999,3
6181,2244,0.9999,4
6181,2861,0.9999,5
6182,6051,1.0,1
6182,2878,1.0,2
6182,3399,1.0,3
6182,143,0.9999,4
6182,2974,0.9999,5
6183,3815,1.0,1
6183,488,1.0,2
6183,1878,1.0,3
6183,168,1.0,4
6183,3204,1.0,5
6184,5067,1.0,1
6184,5332,1.0,2
6184,3503,1.0,3
6184,4774,1.0,4
6184,4210,0.9999,5
6185,3438,0.9999,1
6185,3892,0.9997,2
6185,5271,0.9997,3
6185,190,0.9996,4
6185,388,0.9996,5
6186,892,1.0,1
6186,6352,1.0,2
6186,2212,1.0,3
6186,6640,1.0,4
6186,2926,0.9999,5
6187,1314,0.9999,1
6187,1358,0.9999,2
6187,5814,0.9999,3
6187,4686,0.9997,4
6187,604,0.9997,5
6188,5216,1.0,1
6188,3737,1.0,2
6188,6287,1.0,3
6188,4226,1.0,4
6188,1667,1.0,5
6189,2497,1.0,1
6189,6472,1.0,2
6189,5105,1.0,3
6189,2313,1.0,4
6189,2424,1.0,5
6190,1364,1.0,1
6190,4217,1.0,2
6190,849,1.0,3
6190,6660,1.0,4
6190,4271,1.0,5
6191,4545,1.0,1
6191,1096,1.0,2
6191,1209,1.0,3
6191,6621,1.0,4
6191,2614,1.0,5
6192,3195,0.9999,1
6192,5885,0.998,2
6192,572,0.9975,3
6192,2530,0.997,4
6192,4862,0.997,5
6193,3807,0.9999,1
6193,2225,0.9997,2
6193,4941,0.9995,3
6193,2777,0.9995,4
6193,863,0.9995,5
6194,2583,0.9999,1
6194,6126,0.9997,2
6194,2295,0.9997,3
6194,567,0.9994,4
6194,3148,0.9993,5
6195,3416,1.0,1
6195,1639,1.0,2
6195,3125,1.0,3
6195,5185,0.9999,4
6195,2758,0.9999,5
6196,167,0.9996,1
6196,3761,0.9995,2
6196,6819,0.9995,3
6196,3486,0.9994,4
6196,3385,0.9994,5
6197,2046,1.0,1
6197,5711,0.9999,2
6197,5728,0.9999,3
6197,105,0.9999,4
6197,4247,0.9999,5
6198,6642,0.9994,1
6198,5888,0.9993,2
6198,1226,0.9992,3
6198,6213,0.9986,4
6198,3240,0.9986,5
6199,4280,1.0,1
6199,2537,1.0,2
6199,3972,1.0,3
6199,2332,0.9999,4
6199,197,0.9997,5
6200,51,1.0,1
6200,3015,0.9999,2
6200,3117,0.9999,3
6200,5505,0.9999,4
6200,5588,0.9993,5
6201,5919,1.0,1
6201,269,1.0,2
6201,195,1.0,3
6201,1285,1.0,4
6201,4355,1.0,5
6202,2024,1.0,1
6202,4185,1.0,2
6202,1551,0.9999,3
6202,1267,0.9999,4
6202,6838,0.9999,5
6203,5036,0.999,1
6203,6099,0.9989,2
6203,2906,0.9988,3
6203,286,0.9987,4
6203,5964,0.9985,5
6204,2685,1.0,1
6204,3814,1.0,2
6204,2246,1.0,3
6204,5259,1.0,4
6204,4685,0.9999,5
6205,2566,1.0,1
6205,4372,1.0,2
6205,5894,0.9999,3
6205,4133,0.9999,4
6205,828,0.9998,5
6206,2405,0.9999,1
6206,6353,0.9999,2
6206,6509,0.9999,3
6206,4885,0.9998,4
6206,6677,0.9998,5
6207,3450,1.0,1
6207,5257,1.0,2
6207,6872,0.9999,3
6207,3431,0.9999,4
6207,2671,0.9999,5
6208,699,0.9999,1
6208,5913,0.9999,2
6208,5112,0.9999,3
6208,6813,0.9999,4
6208,1130,0.9999,5
6209,5812,1.0,1
6209,6071,1.0,2
6209,576,1.0,3
6209,5572,0.9999,4
6209,2170,0.9999,5
6210,6516,1.0,1
6210,235,1.0,2
6210,4081,0.9999,3
6210,5831,0.9996,4
6210,3460,0.9996,5
6211,4610,0.9999,1
6211,5915,0.9999,2
6211,6264,0.9998,3
6211,6080,0.9998,4
6211,6632,0.9996,5
6212,276,1.0,1
6212,3051,1.0,2
6212,2289,1.0,3
6212,1461,1.0,4
6212,5799,0.9999,5
6213,4329,0.9999,1
6213,1952,0.9997,2
6213,4062,0.9997,3
6213,1195,0.9997,4
6213,2721,0.9997,5
6214,2197,1.0,1
6214,4556,1.0,2
6214,2175,1.0,3
6214,4677,1.0,4
6214,1348,1.0,5
6215,4637,1.0,1
6215,469,1.0,2
6215,840,1.0,3
6215,2587,1.0,4
6215,1913,1.0,5
6216,2632,0.9998,1
6216,6627,0.9997,2
6216,2845,0.9996,3
6216,1402,0.9996,4
6216,827,0.9996,5
6217,6057,1.0,1
6217,1926,0.9999,2
6217,973,0.9998,3
6217,5168,0.9997,4
6217,3835,0.9997,5
6218,2170,1.0,1
6218,6898,0.9999,2
6218,537,0.9999,3
6218,576,0.9999,4
6218,6071,0.9999,5
6219,3423,1.0,1
6219,670,1.0,2
6219,717,0.9999,3
6219,1012,0.9999,4
6219,1120,0.9999,5
6220,1514,1.0,1
6220,3653,1.0,2
6220,1335,1.0,3
6220,4397,1.0,4
6220,3186,1.0,5
6221,3659,0.9999,1
6221,2420,0.9998,2
6221,5276,0.9998,3
6221,3245,0.9997,4
6221,3435,0.9997,5
6222,3239,1.0,1
6222,6491,1.0,2
6222,861,1.0,3
6222,4989,1.0,4
6222,1131,1.0,5
6223,859,1.0,1
6223,2218,1.0,2
6223,5266,1.0,3
6223,396,1.0,4
6223,1099,0.9999,5
6224,4847,1.0,1
6224,5524,1.0,2
6224,2863,1.0,3
6224,4019,0.9999,4
6224,1213,0.9999,5
6225,4910,1.0,1
6225,690,0.9999,2
6225,3851,0.9999,3
6225,2182,0.9999,4
6225,3179,0.9999,5
6226,1912,1.0,1
6226,913,1.0,2
6226,6701,1.0,3
6226,3544,1.0,4
6226,6072,1.0,5
6227,2540,1.0,1
6227,5493,1.0,2
6227,5656,1.0,3
6227,5597,1.0,4
6227,3270,0.9999,5
6228,211,1.0,1
6228,4701,1.0,2
6228,3604,1.0,3
6228,1871,1.0,4
6228,595,0.9999,5
6229,1093,1.0,1
6229,503,1.0,2
6229,5442,1.0,3
6229,5315,1.0,4
6229,3882,0.9999,5
6230,3620,1.0,1
6230,1683,1.0,2
6230,697,1.0,3
6230,2921,1.0,4
6230,1257,1.0,5
6231,663,1.0,1
6231,1572,1.0,2
6231,1838,1.0,3
6231,886,1.0,4
6231,5737,1.0,5
6232,6624,1.0,1
6232,7033,1.0,2
6232,3496,0.9999,3
6232,420,0.9999,4
6232,3374,0.9999,5
6233,463,0.9999,1
6233,6386,0.9999,2
6233,4598,0.9999,3
6233,3271,0.9999,4
6233,3147,0.9998,5
6234,1879,1.0,1
6234,4318,1.0,2
6234,3928,1.0,3
6234,968,1.0,4
6234,5866,1.0,5
6235,6857,1.0,1
6235,713,1.0,2
6235,1077,1.0,3
6235,1762,1.0,4
6235,992,0.9999,5
6236,355,0.9996,1
6236,5208,0.9995,2
6236,4741,0.9995,3
6236,5014,0.9979,4
6236,3063,0.9972,5
6237,1173,0.9999,1
6237,2206,0.9999,2
6237,1884,0.9997,3
6237,298,0.9997,4
6237,3785,0.9997,5
6238,4233,1.0,1
6238,3970,1.0,2
6238,4641,1.0,3
6238,288,1.0,4
6238,1740,1.0,5
6239,4071,0.9999,1
6239,6063,0.9999,2
6239,6582,0.9998,3
6239,964,0.9997,4
6239,5062,0.9997,5
6240,589,1.0,1
6240,36,1.0,2
6240,2602,1.0,3
6240,3666,0.9999,4
6240,2562,0.9999,5
6241,3210,1.0,1
6241,6474,0.9999,2
6241,2578,0.9998,3
6241,2520,0.9997,4
6241,1437,0.9997,5
6242,6761,0.9999,1
6242,3744,0.9999,2
6242,1072,0.9999,3
6242,705,0.9999,4
6242,224,0.9999,5
6243,2290,1.0,1
6243,60,1.0,2
6243,3967,1.0,3
6243,3953,1.0,4
6243,4216,1.0,5
6244,6387,1.0,1
6244,2161,1.0,2
6244,4986,1.0,3
6244,6918,1.0,4
6244,5478,1.0,5
6245,5049,1.0,1
6245,6820,0.9999,2
6245,841,0.9999,3
6245,6312,0.9999,4
6245,3995,0.9998,5
6246,6292,1.0,1
6246,3102,0.9999,2
6246,3916,0.9999,3
6246,2258,0.9999,4
6246,540,0.9999,5
6247,3013,1.0,1
6247,3856,0.9999,2
6247,2633,0.9998,3
6247,5329,0.9998,4
6247,5242,0.9997,5
6248,62,1.0,1
6248,379,0.9999,2
6248,4487,0.9999,3
6248,829,0.9998,4
6248,2972,0.9998,5
6249,5501,1.0,1
6249,5454,1.0,2
6249,453,1.0,3
6249,2831,1.0,4
6249,791,0.9999,5
6250,6016,1.0,1
6250,6923,1.0,2
6250,123,1.0,3
6250,946,1.0,4
6250,666,1.0,5
6251,5485,1.0,1
6251,403,1.0,2
6251,2101,1.0,3
6251,4077,0.9999,4
6251,5905,0.9999,5
6252,311,1.0,1
6252,5647,1.0,2
6252,3314,1.0,3
6252,4393,1.0,4
6252,2990,1.0,5
6253,2090,1.0,1
6253,2363,0.9998,2
6253,3542,0.9997,3
6253,2548,0.9993,4
6253,5762,0.9993,5
6254,4030,1.0,1
6254,5096,0.9998,2
6254,3393,0.9994,3
6254,3175,0.9994,4
6254,2003,0.9994,5
6255,1076,0.9999,1
6255,2568,0.9999,2
6255,1381,0.9998,3
6255,6645,0.9998,4
6255,4697,0.9998,5
6256,6102,1.0,1
6256,3305,1.0,2
6256,2288,0.9999,3
6256,2637,0.9998,4
6256,2376,0.9998,5
6257,5683,1.0,1
6257,2466,1.0,2
6257,1695,1.0,3
6257,134,1.0,4
6257,1145,1.0,5
6258,916,1.0,1
6258,5482,1.0,2
6258,346,0.9999,3
6258,5137,0.9999,4
6258,3822,0.9999,5
6259,6158,1.0,1
6259,758,1.0,2
6259,4445,1.0,3
6259,6141,1.0,4
6259,1401,1.0,5
6260,6070,0.9999,1
6260,3502,0.9999,2
6260,975,0.9998,3
6260,1230,0.9996,4
6260,6448,0.9996,5
6261,5800,1.0,1
6261,2993,0.9999,2
6261,935,0.9998,3
6261,848,0.9997,4
6261,2904,0.9997,5
6262,2594,1.0,1
6262,5925,1.0,2
6262,3730,1.0,3
6262,2361,1.0,4
6262,5366,1.0,5
6263,1475,1.0,1
6263,5132,0.9998,2
6263,3183,0.9998,3
6263,1665,0.9998,4
6263,2114,0.9998,5
6264,6080,1.0,1
6264,5915,1.0,2
6264,3538,0.9998,3
6264,6211,0.9998,4
6264,4610,0.9996,5
6265,6461,1.0,1
6265,4377,0.9999,2
6265,4676,0.9999,3
6265,875,0.9998,4
6265,5895,0.9998,5
6266,6704,1.0,1
6266,4765,1.0,2
6266,780,1.0,3
6266,1764,1.0,4
6266,2483,1.0,5
6267,1810,0.9998,1
6267,7016,0.9997,2
6267,1822,0.9997,3
6267,3120,0.9995,4
6267,4791,0.9994,5
6268,4496,1.0,1
6268,2601,1.0,2
6268,5760,1.0,3
6268,5523,1.0,4
6268,1880,1.0,5
6269,5085,1.0,1
6269,5626,1.0,2
6269,1921,1.0,3
6269,4749,1.0,4
6269,5759,1.0,5
6270,5942,0.9996,1
6270,3445,0.9994,2
6270,117,0.9993,3
6270,3021,0.9991,4
6270,814,0.9989,5
6271,2677,1.0,1
6271,2470,1.0,2
6271,214,1.0,3
6271,1643,1.0,4
6271,3156,1.0,5
6272,2419,1.0,1
6272,4559,1.0,2
6272,392,0.9999,3
6272,6157,0.9999,4
6272,2328,0.9999,5
6273,4333,0.9998,1
6273,6891,0.9998,2
6273,2705,0.9998,3
6273,6403,0.9998,4
6273,5211,0.9998,5
6274,6727,1.0,1
6274,328,1.0,2
6274,3596,1.0,3
6274,6412,1.0,4
6274,4000,0.9999,5
6275,619,1.0,1
6275,2626,0.9999,2
6275,5941,0.9998,3
6275,2807,0.9998,4
6275,4364,0.9998,5
6276,1220,0.9999,1
6276,6087,0.9999,2
6276,1290,0.9999,3
6276,2546,0.9998,4
6276,3550,0.9997,5
6277,4358,1.0,1
6277,846,1.0,2
6277,2251,1.0,3
6277,3840,1.0,4
6277,5327,1.0,5
6278,1560,1.0,1
6278,5152,1.0,2
6278,5088,1.0,3
6278,6577,1.0,4
6278,3476,1.0,5
6279,812,1.0,1
6279,2309,0.9999,2
6279,4396,0.9999,3
6279,2211,0.9999,4
6279,4685,0.9999,5
6280,4178,0.9998,1
6280,287,0.9995,2
6280,4208,0.9994,3
6280,496,0.9982,4
6280,1123,0.9975,5
6281,5109,1.0,1
6281,3030,0.9994,2
6281,4570,0.9993,3
6281,6978,0.9991,4
6281,4897,0.9991,5
6282,5640,1.0,1
6282,122,1.0,2
6282,6808,1.0,3
6282,4278,1.0,4
6282,6651,1.0,5
6283,6373,1.0,1
6283,2498,1.0,2
6283,6096,1.0,3
6283,4455,1.0,4
6283,5674,1.0,5
6284,2708,1.0,1
6284,2785,0.9999,2
6284,5715,0.9999,3
6284,4953,0.9999,4
6284,5550,0.9999,5
6285,5659,0.9996,1
6285,865,0.9996,2
6285,4688,0.9996,3
6285,1373,0.9995,4
6285,2641,0.9995,5
6286,5238,1.0,1
6286,5915,0.9991,2
6286,6264,0.9991,3
6286,6080,0.9991,4
6286,783,0.9991,5
6287,1343,1.0,1
6287,909,1.0,2
6287,5216,1.0,3
6287,6188,1.0,4
6287,1441,1.0,5
6288,1029,1.0,1
6288,3707,1.0,2
6288,4569,0.9995,3
6288,816,0.9993,4
6288,4144,0.9993,5
6289,4917,1.0,1
6289,5038,1.0,2
6289,4385,1.0,3
6289,5247,1.0,4
6289,6539,1.0,5
6290,5010,0.9999,1
6290,3300,0.9999,2
6290,4376,0.9998,3
6290,5128,0.9998,4
6290,2342,0.9998,5
6291,1770,1.0,1
6291,6004,1.0,2
6291,6093,0.9999,3
6291,4108,0.9999,4
6291,5580,0.9999,5
6292,6246,1.0,1
6292,3102,0.9999,2
6292,2258,0.9999,3
6292,540,0.9999,4
6292,2854,0.9998,5
6293,4922,1.0,1
6293,6809,1.0,2
6293,2491,1.0,3
6293,2429,0.9998,4
6293,809,0.9998,5
6294,1976,1.0,1
6294,5083,1.0,2
6294,3360,1.0,3
6294,1005,1.0,4
6294,4386,1.0,5
6295,3469,1.0,1
6295,5706,1.0,2
6295,1050,1.0,3
6295,5447,1.0,4
6295,2760,1.0,5
6296,2580,1.0,1
6296,5999,1.0,2
6296,5736,1.0,3
6296,1425,1.0,4
6296,5581,1.0,5
6297,1898,0.9999,1
6297,3621,0.9995,2
6297,522,0.9994,3
6297,2623,0.9989,4
6297,341,0.9984,5
6298,2767,0.9999,1
6298,2516,0.9999,2
6298,2603,0.9998,3
6298,5005,0.9998,4
6298,4376,0.9997,5
6299,1178,0.9999,1
6299,3089,0.9999,2
6299,1303,0.9997,3
6299,658,0.9997,4
6299,67,0.9997,5
6300,2696,1.0,1
6300,5910,0.9999,2
6300,2947,0.9999,3
6300,2057,0.9999,4
6300,49,0.9999,5
6301,1744,1.0,1
6301,4835,1.0,2
6301,2471,1.0,3
6301,4484,1.0,4
6301,6791,1.0,5
6302,4969,0.9998,1
6302,1585,0.9997,2
6302,5718,0.9997,3
6302,130,0.9991,4
6302,5015,0.999,5
6303,1298,1.0,1
6303,5120,1.0,2
6303,2011,1.0,3
6303,3115,1.0,4
6303,4434,0.9999,5
6304,5023,1.0,1
6304,5770,1.0,2
6304,2598,1.0,3
6304,3041,1.0,4
6304,808,1.0,5
6305,1666,0.9998,1
6305,4080,0.9996,2
6305,5160,0.9994,3
6305,1908,0.9993,4
6305,620,0.9993,5
6306,5935,0.9999,1
6306,4640,0.9999,2
6306,4122,0.9999,3
6306,3668,0.9994,4
6306,4107,0.9994,5
6307,2188,1.0,1
6307,897,1.0,2
6307,3879,1.0,3
6307,1768,0.9999,4
6307,4207,0.9999,5
6308,4712,1.0,1
6308,401,1.0,2
6308,1081,1.0,3
6308,2441,1.0,4
6308,3038,1.0,5
6309,1597,1.0,1
6309,5845,1.0,2
6309,252,1.0,3
6309,1000,1.0,4
6309,4649,1.0,5
6310,4332,1.0,1
6310,957,1.0,2
6310,3650,1.0,3
6310,4195,1.0,4
6310,4973,1.0,5
6311,6456,0.9999,1
6311,3236,0.9998,2
6311,2719,0.9995,3
6311,6327,0.9995,4
6311,3175,0.9995,5
6312,841,1.0,1
6312,530,0.9999,2
6312,4692,0.9999,3
6312,6820,0.9999,4
6312,2076,0.9999,5
6313,1104,1.0,1
6313,1235,1.0,2
6313,3201,0.9999,3
6313,3241,0.9999,4
6313,945,0.9999,5
6314,970,1.0,1
6314,6463,1.0,2
6314,1149,0.9999,3
6314,864,0.9999,4
6314,5283,0.9999,5
6315,4089,0.9998,1
6315,334,0.9998,2
6315,5690,0.9998,3
6315,4155,0.9997,4
6315,6162,0.9997,5
6316,6711,1.0,1
6316,3209,1.0,2
6316,4468,1.0,3
6316,1313,0.9999,4
6316,5673,0.9995,5
6317,2636,1.0,1
6317,1271,1.0,2
6317,6656,0.9999,3
6317,2067,0.9999,4
6317,451,0.9999,5
6318,3537,1.0,1
6318,6169,1.0,2
6318,3772,1.0,3
6318,5827,1.0,4
6318,81,1.0,5
6319,5989,1.0,1
6319,5227,1.0,2
6319,2485,1.0,3
6319,922,1.0,4
6319,5772,1.0,5
6320,5056,0.9999,1
6320,3513,0.9995,2
6320,2433,0.9991,3
6320,6460,0.9989,4
6320,6179,0.9988,5
6321,1242,1.0,1
6321,149,1.0,2
6321,2882,0.9986,3
6321,3800,0.9983,4
6321,5068,0.9974,5
6322,5328,1.0,1
6322,2679,1.0,2
6322,2065,1.0,3
6322,2274,1.0,4
6322,1798,1.0,5
6323,6771,1.0,1
6323,3277,1.0,2
6323,1362,0.9999,3
6323,4772,0.9999,4
6323,6505,0.9999,5
6324,3199,1.0,1
6324,5235,1.0,2
6324,516,0.9999,3
6324,3335,0.9999,4
6324,7007,0.9999,5
6325,5058,1.0,1
6325,1626,1.0,2
6325,2946,1.0,3
6325,5160,1.0,4
6325,1357,0.9999,5
6326,2771,0.9999,1
6326,1517,0.9999,2
6326,4550,0.9999,3
6326,1900,0.9999,4
6326,6153,0.9997,5
6327,2719,1.0,1
6327,3236,0.9999,2
6327,6311,0.9995,3
6327,785,0.9991,4
6327,6456,0.9989,5
6328,2688,1.0,1
6328,2487,0.9999,2
6328,3559,0.9998,3
6328,2923,0.9998,4
6328,2712,0.9998,5
6329,4583,1.0,1
6329,1948,1.0,2
6329,4662,1.0,3
6329,2984,0.9999,4
6329,3052,0.9999,5
6330,3535,1.0,1
6330,3446,0.9999,2
6330,6343,0.9999,3
6330,4602,0.9999,4
6330,6949,0.9998,5
6331,1066,1.0,1
6331,1060,1.0,2
6331,5192,0.9998,3
6331,2005,0.9995,4
6331,6733,0.9995,5
6332,6663,0.9999,1
6332,2682,0.9998,2
6332,5762,0.9998,3
6332,3415,0.9997,4
6332,4729,0.9992,5
6333,5240,1.0,1
6333,2246,0.9999,2
6333,1950,0.9999,3
6333,2685,0.9999,4
6333,6204,0.9999,5
6334,5299,1.0,1
6334,1782,0.9999,2
6334,4983,0.9998,3
6334,5685,0.9998,4
6334,4578,0.9997,5
6335,2020,1.0,1
6335,1950,1.0,2
6335,5450,1.0,3
6335,7035,0.9999,4
6335,2813,0.9999,5
6336,4426,0.9999,1
6336,1043,0.9999,2
6336,150,0.9996,3
6336,2766,0.9996,4
6336,6799,0.9996,5
6337,6599,1.0,1
6337,2792,1.0,2
6337,5986,1.0,3
6337,6927,0.9999,4
6337,4872,0.9998,5
6338,5434,1.0,1
6338,6746,0.9999,2
6338,1518,0.9999,3
6338,4851,0.9999,4
6338,574,0.9998,5
6339,4132,1.0,1
6339,4093,1.0,2
6339,4388,1.0,3
6339,296,1.0,4
6339,4722,1.0,5
6340,4091,1.0,1
6340,3042,1.0,2
6340,686,1.0,3
6340,2273,1.0,4
6340,1384,1.0,5
6341,1373,0.9997,1
6341,4360,0.9996,2
6341,1837,0.9996,3
6341,4525,0.9994,4
6341,1462,0.9993,5
6342,6715,1.0,1
6342,6839,0.9998,2
6342,3611,0.9997,3
6342,4020,0.9997,4
6342,1435,0.9997,5
6343,6949,1.0,1
6343,823,0.9999,2
6343,2053,0.9999,3
6343,6330,0.9999,4
6343,5395,0.9998,5
6344,2559,1.0,1
6344,5422,1.0,2
6344,5982,1.0,3
6344,5937,1.0,4
6344,2496,1.0,5
6345,4848,0.9998,1
6345,114,0.9998,2
6345,3327,0.9989,3
6345,6741,0.9989,4
6345,4489,0.9988,5
6346,3767,0.9999,1
6346,3375,0.9998,2
6346,2642,0.9985,3
6346,4542,0.9976,4
6346,1893,0.9974,5
6347,3632,1.0,1
6347,1671,0.9999,2
6347,688,0.9999,3
6347,4162,0.9999,4
6347,4542,0.9999,5
6348,480,0.9999,1
6348,150,0.9996,2
6348,5158,0.9995,3
6348,4426,0.9995,4
6348,1894,0.9994,5
6349,3421,0.9999,1
6349,6798,0.999,2
6349,4421,0.9989,3
6349,4309,0.9988,4
6349,2905,0.9968,5
6350,3901,1.0,1
6350,529,1.0,2
6350,331,1.0,3
6350,4770,1.0,4
6350,5504,1.0,5
6351,585,1.0,1
6351,3181,1.0,2
6351,4792,1.0,3
6351,1401,1.0,4
6351,6141,1.0,5
6352,892,1.0,1
6352,6186,1.0,2
6352,6640,1.0,3
6352,2926,1.0,4
6352,2212,1.0,5
6353,2405,1.0,1
6353,6509,1.0,2
6353,6206,0.9999,3
6353,6677,0.9999,4
6353,109,0.9999,5
6354,19,1.0,1
6354,3245,0.9999,2
6354,5693,0.9998,3
6354,5959,0.9998,4
6354,3659,0.9998,5
6355,3804,1.0,1
6355,5561,1.0,2
6355,6488,1.0,3
6355,5848,0.9999,4
6355,1159,0.9999,5
6356,4247,1.0,1
6356,105,1.0,2
6356,3034,1.0,3
6356,2046,0.9999,4
6356,3660,0.9999,5
6357,1800,1.0,1
6357,743,1.0,2
6357,802,1.0,3
6357,4454,1.0,4
6357,4678,0.9999,5
6358,5095,1.0,1
6358,4715,1.0,2
6358,1827,0.9999,3
6358,396,0.9999,4
6358,2218,0.9999,5
6359,5696,1.0,1
6359,3296,1.0,2
6359,1974,1.0,3
6359,4802,1.0,4
6359,4003,1.0,5
6360,6922,0.9998,1
6360,1758,0.9998,2
6360,991,0.9998,3
6360,4609,0.9997,4
6360,5484,0.9997,5
6361,3313,1.0,1
6361,4810,1.0,2
6361,6500,1.0,3
6361,5779,1.0,4
6361,6339,1.0,5
6362,2899,0.9997,1
6362,2438,0.9994,2
6362,565,0.9993,3
6362,3150,0.9993,4
6362,824,0.9989,5
6363,4665,1.0,1
6363,5994,1.0,2
6363,2999,1.0,3
6363,493,0.9999,4
6363,4639,0.9999,5
6364,4090,1.0,1
6364,6546,1.0,2
6364,1357,1.0,3
6364,1722,0.9999,4
6364,2946,0.9998,5
6365,3702,0.9999,1
6365,2985,0.9996,2
6365,2196,0.9996,3
6365,1555,0.9992,4
6365,6654,0.9992,5
6366,6887,0.9999,1
6366,1027,0.9999,2
6366,966,0.9998,3
6366,2281,0.9998,4
6366,2632,0.9996,5
6367,1223,0.9999,1
6367,1290,0.9999,2
6367,4606,0.9998,3
6367,664,0.9998,4
6367,4164,0.9998,5
6368,2051,0.9999,1
6368,6094,0.9998,2
6368,2216,0.9998,3
6368,4150,0.9998,4
6368,3178,0.9996,5
6369,3750,1.0,1
6369,1411,1.0,2
6369,3142,0.9999,3
6369,4801,0.9999,4
6369,1977,0.9999,5
6370,1679,1.0,1
6370,3039,1.0,2
6370,6033,1.0,3
6370,6113,1.0,4
6370,628,1.0,5
6371,5245,1.0,1
6371,716,0.9998,2
6371,4529,0.9997,3
6371,389,0.9997,4
6371,5769,0.9997,5
6372,3220,1.0,1
6372,3740,1.0,2
6372,4301,1.0,3
6372,6011,1.0,4
6372,197,1.0,5
6373,6283,1.0,1
6373,4455,1.0,2
6373,2498,1.0,3
6373,6096,1.0,4
6373,5674,1.0,5
6374,1410,0.9998,1
6374,5870,0.9998,2
6374,113,0.9997,3
6374,2784,0.9997,4
6374,109,0.9997,5
6375,999,1.0,1
6375,4743,1.0,2
6375,4574,1.0,3
6375,1816,1.0,4
6375,1528,1.0,5
6376,3133,1.0,1
6376,5161,1.0,2
6376,490,1.0,3
6376,4724,1.0,4
6376,2511,1.0,5
6377,757,1.0,1
6377,4302,1.0,2
6377,873,1.0,3
6377,5972,1.0,4
6377,1354,0.9999,5
6378,2864,1.0,1
6378,956,1.0,2
6378,4931,1.0,3
6378,3811,1.0,4
6378,4444,1.0,5
6379,3116,1.0,1
6379,6507,0.9999,2
6379,3361,0.9998,3
6379,4547,0.9998,4
6379,2867,0.9998,5
6380,5747,1.0,1
6380,356,0.9999,2
6380,4564,0.9999,3
6380,1349,0.9999,4
6380,3805,0.9998,5
6381,2811,1.0,1
6381,610,1.0,2
6381,2068,1.0,3
6381,628,1.0,4
6381,6113,0.9999,5
6382,6450,1.0,1
6382,4785,1.0,2
6382,543,1.0,3
6382,2959,1.0,4
6382,1492,1.0,5
6383,5048,0.9985,1
6383,5453,0.9983,2
6383,3926,0.9969,3
6383,1308,0.9945,4
6383,4938,0.9926,5
6384,3723,0.9999,1
6384,4916,0.9995,2
6384,1582,0.9978,3
6384,5349,0.9974,4
6384,6501,0.9973,5
6385,5975,1.0,1
6385,4590,1.0,2
6385,2778,1.0,3
6385,2582,1.0,4
6385,3848,1.0,5
6386,463,1.0,1
6386,3271,0.9999,2
6386,6233,0.9999,3
6386,3872,0.9998,4
6386,3831,0.9998,5
6387,6244,1.0,1
6387,2161,1.0,2
6387,4986,1.0,3
6387,6918,1.0,4
6387,5478,1.0,5
6388,2,0.9989,1
6388,3075,0.9953,2
6388,2649,0.9947,3
6388,538,0.9939,4
6388,880,0.9925,5
6389,4011,1.0,1
6389,2994,1.0,2
6389,495,1.0,3
6389,3575,1.0,4
6389,6739,1.0,5
6390,2228,1.0,1
6390,4906,1.0,2
6390,3193,1.0,3
6390,5633,1.0,4
6390,3187,1.0,5
6391,2080,1.0,1
6391,5201,1.0,2
6391,18,0.9999,3
6391,6583,0.9999,4
6391,2246,0.9999,5
6392,1040,0.9999,1
6392,4407,0.9992,2
6392,1114,0.9992,3
6392,3975,0.9991,4
6392,3315,0.9985,5
6393,2627,1.0,1
6393,5841,0.9999,2
6393,874,0.9999,3
6393,6942,0.9997,4
6393,1820,0.9995,5
6394,2039,0.9996,1
6394,3490,0.9991,2
6394,2874,0.999,3
6394,735,0.9989,4
6394,5346,0.9988,5
6395,3947,0.9998,1
6395,2392,0.9997,2
6395,1690,0.9996,3
6395,2692,0.9995,4
6395,4392,0.9994,5
6396,5449,0.9999,1
6396,2937,0.9999,2
6396,3674,0.9998,3
6396,84,0.9998,4
6396,1745,0.9998,5
6397,4913,0.9999,1
6397,6774,0.9999,2
6397,6174,0.9999,3
6397,2992,0.9998,4
6397,579,0.9997,5
6398,6903,0.9993,1
6398,2776,0.9987,2
6398,7032,0.9987,3
6398,2584,0.9985,4
6398,4343,0.9984,5
6399,3076,1.0,1
6399,203,1.0,2
6399,18,1.0,3
6399,6583,1.0,4
6399,5374,1.0,5
6400,6927,0.9998,1
6400,4817,0.9996,2
6400,4831,0.9996,3
6400,6337,0.9994,4
6400,6599,0.9994,5
6401,322,1.0,1
6401,5291,0.9999,2
6401,1012,0.9998,3
6401,717,0.9997,4
6401,1120,0.9997,5
6402,3247,1.0,1
6402,3017,1.0,2
6402,3597,1.0,3
6402,1342,1.0,4
6402,1942,0.9999,5
6403,4333,1.0,1
6403,2107,0.9998,2
6403,6273,0.9998,3
6403,3753,0.9998,4
6403,5211,0.9998,5
6404,1747,1.0,1
6404,4207,1.0,2
6404,5559,1.0,3
6404,2026,1.0,4
6404,5348,1.0,5
6405,5179,0.9999,1
6405,6037,0.9999,2
6405,316,0.9998,3
6405,6106,0.9998,4
6405,2577,0.9998,5
6406,3640,1.0,1
6406,5750,0.9998,2
6406,2851,0.9998,3
6406,5612,0.9998,4
6406,1733,0.9997,5
6407,5684,1.0,1
6407,1021,1.0,2
6407,1181,0.9999,3
6407,5791,0.9997,4
6407,1439,0.9997,5
6408,5007,0.9999,1
6408,5607,0.9996,2
6408,1065,0.9996,3
6408,5794,0.9996,4
6408,2079,0.9995,5
6409,5322,1.0,1
6409,4248,1.0,2
6409,2535,1.0,3
6409,2246,0.9999,4
6409,5201,0.9999,5
6410,6795,1.0,1
6410,2804,1.0,2
6410,6586,1.0,3
6410,2856,0.9998,4
6410,1105,0.9998,5
6411,4930,1.0,1
6411,5961,0.9999,2
6411,1368,0.9998,3
6411,4819,0.9996,4
6411,6777,0.9996,5
6412,3596,1.0,1
6412,328,1.0,2
6412,4000,1.0,3
6412,6274,1.0,4
6412,6727,1.0,5
6413,6794,1.0,1
6413,5809,1.0,2
6413,4216,1.0,3
6413,484,1.0,4
6413,3953,1.0,5
6414,6151,1.0,1
6414,6176,1.0,2
6414,3698,0.9996,3
6414,4857,0.9994,4
6414,4756,0.9994,5
6415,418,1.0,1
6415,2944,1.0,2
6415,3770,0.9999,3
6415,2716,0.9998,4
6415,1906,0.9998,5
6416,3175,1.0,1
6416,3393,0.9998,2
6416,6456,0.9998,3
6416,6311,0.9994,4
6416,4030,0.9994,5
6417,5532,0.9998,1
6417,5950,0.9997,2
6417,5003,0.9996,3
6417,4613,0.9995,4
6417,1380,0.999,5
6418,3215,0.9998,1
6418,3817,0.9997,2
6418,3775,0.9995,3
6418,4614,0.9993,4
6418,6063,0.9991,5
6419,68,1.0,1
6419,6445,1.0,2
6419,4274,0.9999,3
6419,3261,0.9997,4
6419,2124,0.9994,5
6420,4033,0.9999,1
6420,3617,0.9998,2
6420,6139,0.9998,3
6420,5518,0.9997,4
6420,1165,0.9996,5
6421,5382,0.9999,1
6421,555,0.9995,2
6421,6419,0.9991,3
6421,68,0.9991,4
6421,5281,0.9991,5
6422,1121,0.9991,1
6422,5833,0.9991,2
6422,1802,0.9984,3
6422,4572,0.9983,4
6422,3198,0.9981,5
6423,1272,0.9998,1
6423,4558,0.9996,2
6423,1761,0.9991,3
6423,4009,0.999,4
6423,5476,0.999,5
6424,1388,1.0,1
6424,4612,1.0,2
6424,1870,1.0,3
6424,4634,1.0,4
6424,5829,1.0,5
6425,2542,1.0,1
6425,6662,1.0,2
6425,3684,0.9999,3
6425,2900,0.9999,4
6425,787,0.9999,5
6426,2917,0.9998,1
6426,3355,0.9993,2
6426,3686,0.9993,3
6426,3930,0.9993,4
6426,4076,0.9992,5
6427,1110,0.9997,1
6427,1439,0.9997,2
6427,6143,0.9997,3
6427,4850,0.9997,4
6427,5803,0.9997,5
6428,345,1.0,1
6428,2839,1.0,2
6428,5689,1.0,3
6428,5021,1.0,4
6428,5575,1.0,5
6429,3792,1.0,1
6429,5026,0.9999,2
6429,4847,0.9998,3
6429,5524,0.9998,4
6429,6224,0.9998,5
6430,3286,1.0,1
6430,6939,1.0,2
6430,2743,0.9999,3
6430,1997,0.9998,4
6430,2473,0.9998,5
6431,3532,1.0,1
6431,1042,1.0,2
6431,3521,1.0,3
6431,4235,1.0,4
6431,5000,1.0,5
6432,3174,1.0,1
6432,4389,1.0,2
6432,3033,1.0,3
6432,6123,1.0,4
6432,3813,1.0,5
6433,292,1.0,1
6433,5774,0.9998,2
6433,3572,0.9991,3
6433,87,0.999,4
6433,788,0.9988,5
6434,3187,1.0,1
6434,5633,1.0,2
6434,1654,1.0,3
6434,4582,1.0,4
6434,4906,1.0,5
6435,3217,1.0,1
6435,1429,1.0,2
6435,4456,1.0,3
6435,4013,1.0,4
6435,3424,1.0,5
6436,4924,1.0,1
6436,4600,0.9999,2
6436,1350,0.9997,3
6436,3371,0.9996,4
6436,608,0.9989,5
6437,4430,1.0,1
6437,6750,1.0,2
6437,2010,1.0,3
6437,3952,1.0,4
6437,752,1.0,5
6438,2752,1.0,1
6438,6785,1.0,2
6438,3941,1.0,3
6438,3861,1.0,4
6438,3867,1.0,5
6439,2822,1.0,1
6439,5342,1.0,2
6439,7011,1.0,3
6439,2037,1.0,4
6439,3822,1.0,5
6440,39,0.9999,1
6440,1456,0.9998,2
6440,6000,0.9998,3
6440,4568,0.9997,4
6440,6884,0.9997,5
6441,1009,0.9997,1
6441,3165,0.9996,2
6441,5721,0.9995,3
6441,6558,0.9994,4
6441,1115,0.9994,5
6442,3516,1.0,1
6442,3059,0.9999,2
6442,6494,0.9998,3
6442,5157,0.9998,4
6442,3237,0.9996,5
6443,133,1.0,1
6443,2534,1.0,2
6443,1615,1.0,3
6443,2563,0.9999,4
6443,3037,0.9998,5
6444,1356,1.0,1
6444,2355,1.0,2
6444,3934,1.0,3
6444,3012,1.0,4
6444,3790,1.0,5
6445,6419,1.0,1
6445,68,1.0,2
6445,4274,0.9999,3
6445,2124,0.9996,4
6445,3261,0.9995,5
6446,303,1.0,1
6446,4215,0.9999,2
6446,6025,0.9999,3
6446,6805,0.9999,4
6446,3979,0.9999,5
6447,263,0.9999,1
6447,4160,0.9999,2
6447,2458,0.9999,3
6447,6172,0.9999,4
6447,2737,0.9998,5
6448,6828,1.0,1
6448,2854,1.0,2
6448,3073,0.9999,3
6448,5572,0.9999,4
6448,6292,0.9998,5
6449,4714,1.0,1
6449,5324,1.0,2
6449,3731,0.9999,3
6449,811,0.9999,4
6449,6705,0.9998,5
6450,543,1.0,1
6450,2959,1.0,2
6450,711,1.0,3
6450,6382,1.0,4
6450,1492,1.0,5
6451,3560,1.0,1
6451,2588,1.0,2
6451,6921,1.0,3
6451,2673,1.0,4
6451,3180,1.0,5
6452,2886,1.0,1
6452,73,0.9993,2
6452,6606,0.9992,3
6452,6036,0.9992,4
6452,3256,0.9991,5
6453,2033,1.0,1
6453,2023,0.9995,2
6453,1347,0.9995,3
6453,4652,0.9995,4
6453,3568,0.9994,5
6454,5129,1.0,1
6454,4050,0.9999,2
6454,2484,0.9999,3
6454,3682,0.9999,4
6454,1866,0.9999,5
6455,6020,0.9999,1
6455,3216,0.9999,2
6455,3580,0.9998,3
6455,5678,0.9998,4
6455,1053,0.9998,5
6456,6311,0.9999,1
6456,3393,0.9998,2
6456,3175,0.9998,3
6456,6416,0.9998,4
6456,3236,0.9995,5
6457,3057,1.0,1
6457,5186,1.0,2
6457,1031,1.0,3
6457,648,0.9999,4
6457,615,0.9999,5
6458,352,1.0,1
6458,5053,0.9996,2
6458,4962,0.9994,3
6458,4855,0.9992,4
6458,3483,0.9983,5
6459,3697,1.0,1
6459,5392,1.0,2
6459,1584,1.0,3
6459,4622,1.0,4
6459,2907,1.0,5
6460,5035,0.9995,1
6460,3513,0.9993,2
6460,2433,0.9993,3
6460,5056,0.9992,4
6460,6320,0.9989,5
6461,6265,1.0,1
6461,5895,0.9999,2
6461,4377,0.9999,3
6461,4676,0.9999,4
6461,6617,0.9998,5
6462,46,0.9999,1
6462,5902,0.9999,2
6462,4083,0.9999,3
6462,3667,0.9998,4
6462,2182,0.9997,5
6463,6314,1.0,1
6463,970,1.0,2
6463,1149,1.0,3
6463,6067,0.9999,4
6463,1725,0.9999,5
6464,5263,1.0,1
6464,3387,0.9998,2
6464,4723,0.9998,3
6464,973,0.9998,4
6464,6087,0.9995,5
6465,3032,1.0,1
6465,415,0.9997,2
6465,2736,0.9994,3
6465,2891,0.9994,4
6465,1851,0.999,5
6466,6628,1.0,1
6466,4355,1.0,2
6466,1285,1.0,3
6466,6201,0.9999,4
6466,5919,0.9999,5
6467,3478,1.0,1
6467,5785,0.9998,2
6467,238,0.9995,3
6467,4963,0.9995,4
6467,1824,0.9995,5
6468,5375,1.0,1
6468,3067,0.9998,2
6468,1357,0.9998,3
6468,2946,0.9998,4
6468,3888,0.9998,5
6469,2827,0.9998,1
6469,4673,0.9998,2
6469,6524,0.9997,3
6469,6781,0.9996,4
6469,1570,0.9995,5
6470,3472,1.0,1
6470,1433,1.0,2
6470,4696,1.0,3
6470,4748,1.0,4
6470,950,0.9999,5
6471,1524,1.0,1
6471,7027,0.9999,2
6471,5229,0.9999,3
6471,3875,0.9999,4
6471,4659,0.9998,5
6472,6189,1.0,1
6472,2497,1.0,2
6472,5105,1.0,3
6472,2424,1.0,4
6472,2313,1.0,5
6473,1159,1.0,1
6473,1172,1.0,2
6473,6488,0.9999,3
6473,5561,0.9999,4
6473,3804,0.9999,5
6474,2578,1.0,1
6474,3210,1.0,2
6474,3773,1.0,3
6474,508,0.9999,4
6474,4679,0.9999,5
6475,4127,1.0,1
6475,2149,1.0,2
6475,5312,1.0,3
6475,3557,1.0,4
6475,461,1.0,5
6476,365,0.9995,1
6476,6990,0.9994,2
6476,429,0.9994,3
6476,5874,0.9993,4
6476,5785,0.9987,5
6477,3856,0.9999,1
6477,1154,0.9999,2
6477,2914,0.9998,3
6477,4061,0.9998,4
6477,587,0.9998,5
6478,6602,1.0,1
6478,5320,1.0,2
6478,5795,1.0,3
6478,4337,1.0,4
6478,746,1.0,5
6479,3515,1.0,1
6479,1269,0.9999,2
6479,6786,0.9999,3
6479,3752,0.9999,4
6479,5203,0.9999,5
6480,472,1.0,1
6480,440,1.0,2
6480,3363,1.0,3
6480,228,1.0,4
6480,2574,1.0,5
6481,5609,0.9998,1
6481,1175,0.9997,2
6481,1016,0.9996,3
6481,2962,0.9996,4
6481,2493,0.9995,5
6482,1544,1.0,1
6482,1377,1.0,2
6482,4238,1.0,3
6482,1663,1.0,4
6482,37,1.0,5
6483,4953,0.9999,1
6483,2247,0.9999,2
6483,4460,0.9999,3
6483,1705,0.9997,4
6483,6284,0.9997,5
6484,5629,1.0,1
6484,1150,1.0,2
6484,2544,0.9998,3
6484,899,0.9997,4
6484,6839,0.9995,5
6485,1644,1.0,1
6485,3464,1.0,2
6485,889,1.0,3
6485,5206,1.0,4
6485,4804,0.9997,5
6486,1344,1.0,1
6486,3168,0.9999,2
6486,730,0.9999,3
6486,3582,0.9998,4
6486,4643,0.9998,5
6487,3080,0.9998,1
6487,4777,0.9997,2
6487,3792,0.9994,3
6487,6429,0.9993,4
6487,1003,0.9992,5
6488,5561,1.0,1
6488,3804,1.0,2
6488,6355,1.0,3
6488,1159,0.9999,4
6488,6473,0.9999,5
6489,447,1.0,1
6489,810,1.0,2
6489,4082,1.0,3
6489,6934,1.0,4
6489,4956,1.0,5
6490,1152,1.0,1
6490,1655,1.0,2
6490,4940,1.0,3
6490,584,1.0,4
6490,1734,1.0,5
6491,4989,1.0,1
6491,6222,1.0,2
6491,1131,1.0,3
6491,3239,1.0,4
6491,861,1.0,5
6492,6765,1.0,1
6492,6661,1.0,2
6492,3683,1.0,3
6492,3295,1.0,4
6492,6925,1.0,5
6493,2155,1.0,1
6493,3235,1.0,2
6493,5720,1.0,3
6493,3836,1.0,4
6493,6732,1.0,5
6494,6442,0.9998,1
6494,3516,0.9997,2
6494,597,0.9995,3
6494,807,0.9995,4
6494,64,0.9995,5
6495,2332,0.9995,1
6495,2985,0.9992,2
6495,6199,0.9992,3
6495,4280,0.9992,4
6495,2537,0.9991,5
6496,5873,1.0,1
6496,6878,1.0,2
6496,6934,1.0,3
6496,4082,1.0,4
6496,2085,1.0,5
6497,5669,0.9999,1
6497,2533,0.9999,2
6497,684,0.9999,3
6497,4001,0.9998,4
6497,2949,0.9998,5
6498,326,1.0,1
6498,5295,0.9999,2
6498,4283,0.9998,3
6498,2639,0.9998,4
6498,277,0.9998,5
6499,2862,1.0,1
6499,3273,0.9999,2
6499,778,0.9999,3
6499,2629,0.9998,4
6499,5539,0.9997,5
6500,4810,1.0,1
6500,3313,1.0,2
6500,6361,1.0,3
6500,5779,1.0,4
6500,4722,1.0,5
6501,1582,0.9999,1
6501,4916,0.9983,2
6501,5164,0.9982,3
6501,2227,0.9976,4
6501,6384,0.9973,5
6502,1998,1.0,1
6502,521,1.0,2
6502,3055,1.0,3
6502,4106,0.9999,4
6502,1950,0.9999,5
6503,3777,0.9997,1
6503,642,0.9997,2
6503,4210,0.9997,3
6503,2910,0.9996,4
6503,5525,0.9993,5
6504,1120,0.9999,1
6504,3615,0.9999,2
6504,325,0.9999,3
6504,4209,0.9999,4
6504,5291,0.9999,5
6505,4772,1.0,1
6505,1935,1.0,2
6505,4620,1.0,3
6505,4917,0.9999,4
6505,5038,0.9999,5
6506,4744,1.0,1
6506,2950,1.0,2
6506,272,0.9998,3
6506,4859,0.9998,4
6506,6125,0.9998,5
6507,3116,1.0,1
6507,6379,0.9999,2
6507,4295,0.9998,3
6507,3354,0.9998,4
6507,2867,0.9997,5
6508,6858,1.0,1
6508,3501,0.9999,2
6508,5231,0.9999,3
6508,6821,0.9999,4
6508,528,0.9999,5
6509,6353,1.0,1
6509,2405,1.0,2
6509,6206,0.9999,3
6509,109,0.9999,4
6509,2784,0.9999,5
6510,3186,1.0,1
6510,4397,1.0,2
6510,1335,1.0,3
6510,3653,1.0,4
6510,5412,1.0,5
6511,4814,1.0,1
6511,875,0.9999,2
6511,27,0.9999,3
6511,2150,0.9999,4
6511,61,0.9998,5
6512,5675,0.9998,1
6512,6942,0.9995,2
6512,1820,0.9995,3
6512,2815,0.9994,4
6512,5841,0.9993,5
6513,2377,1.0,1
6513,4579,0.9997,2
6513,7037,0.9997,3
6513,5606,0.9996,4
6513,596,0.9995,5
6514,3533,1.0,1
6514,954,0.9998,2
6514,5209,0.9996,3
6514,2436,0.9996,4
6514,2077,0.9995,5
6515,4616,1.0,1
6515,860,1.0,2
6515,2118,1.0,3
6515,1806,1.0,4
6515,1482,1.0,5
6516,235,1.0,1
6516,6210,1.0,2
6516,4081,1.0,3
6516,5831,0.9996,4
6516,3460,0.9996,5
6517,4535,1.0,1
6517,71,1.0,2
6517,1775,1.0,3
6517,5653,1.0,4
6517,5604,1.0,5
6518,6056,1.0,1
6518,281,1.0,2
6518,6528,0.9999,3
6518,3103,0.9999,4
6518,1153,0.9999,5
6519,182,1.0,1
6519,2019,1.0,2
6519,6065,1.0,3
6519,1244,1.0,4
6519,3139,1.0,5
6520,3565,0.9999,1
6520,4353,0.9999,2
6520,3396,0.9999,3
6520,750,0.9999,4
6520,622,0.9998,5
6521,1881,1.0,1
6521,2730,1.0,2
6521,372,1.0,3
6521,817,1.0,4
6521,3592,1.0,5
6522,6109,1.0,1
6522,4494,1.0,2
6522,5726,1.0,3
6522,1205,1.0,4
6522,5377,0.9999,5
6523,6751,0.9999,1
6523,2413,0.9998,2
6523,3214,0.9991,3
6523,5018,0.9991,4
6523,5293,0.9983,5
6524,1570,0.9999,1
6524,6469,0.9997,2
6524,5637,0.9993,3
6524,4673,0.9991,4
6524,6781,0.9991,5
6525,1981,1.0,1
6525,656,1.0,2
6525,2799,1.0,3
6525,4064,1.0,4
6525,1013,0.9999,5
6526,3337,1.0,1
6526,3602,1.0,2
6526,2121,1.0,3
6526,2359,1.0,4
6526,4221,0.9999,5
6527,4428,1.0,1
6527,2006,1.0,2
6527,1229,1.0,3
6527,1927,1.0,4
6527,4258,0.9999,5
6528,281,1.0,1
6528,6056,1.0,2
6528,5491,0.9999,3
6528,6518,0.9999,4
6528,6894,0.9999,5
6529,5246,1.0,1
6529,532,1.0,2
6529,3481,1.0,3
6529,3936,1.0,4
6529,498,1.0,5
6530,1596,1.0,1
6530,3374,1.0,2
6530,3530,1.0,3
6530,92,0.9999,4
6530,1506,0.9999,5
6531,6905,0.9976,1
6531,6548,0.9972,2
6531,5265,0.9972,3
6531,3841,0.9962,4
6531,104,0.9959,5
6532,3922,0.9989,1
6532,6976,0.9976,2
6532,1128,0.9963,3
6532,33,0.9958,4
6532,301,0.9958,5
6533,471,0.9999,1
6533,5551,0.9992,2
6533,1140,0.9986,3
6533,695,0.9985,4
6533,1010,0.9977,5
6534,4909,1.0,1
6534,708,0.9998,2
6534,5723,0.9998,3
6534,5191,0.9997,4
6534,4189,0.9997,5
6535,1006,1.0,1
6535,6245,0.9998,2
6535,5049,0.9998,3
6535,6974,0.9997,4
6535,3331,0.9997,5
6536,5406,0.9997,1
6536,569,0.9997,2
6536,3254,0.9996,3
6536,6665,0.9995,4
6536,6861,0.9994,5
6537,4642,1.0,1
6537,3259,1.0,2
6537,3757,1.0,3
6537,3984,1.0,4
6537,6980,1.0,5
6538,1307,1.0,1
6538,5820,1.0,2
6538,2265,1.0,3
6538,6567,1.0,4
6538,5255,1.0,5
6539,533,1.0,1
6539,5247,1.0,2
6539,4385,1.0,3
6539,5038,1.0,4
6539,1262,1.0,5
6540,3868,0.9999,1
6540,3497,0.9984,2
6540,2781,0.9984,3
6540,2154,0.998,4
6540,4965,0.9979,5
6541,2245,1.0,1
6541,5016,0.9997,2
6541,6633,0.9977,3
6541,4424,0.9954,4
6541,87,0.995,5
6542,3000,1.0,1
6542,2175,1.0,2
6542,2197,1.0,3
6542,4556,1.0,4
6542,6214,1.0,5
6543,5702,0.9999,1
6543,1337,0.9998,2
6543,3152,0.9997,3
6543,3141,0.9996,4
6543,4914,0.9996,5
6544,10,0.9998,1
6544,115,0.9995,2
6544,4490,0.9995,3
6544,1970,0.9992,4
6544,3389,0.9989,5
6545,1788,1.0,1
6545,5188,0.9999,2
6545,6915,0.9998,3
6545,2277,0.9997,4
6545,684,0.9997,5
6546,4090,1.0,1
6546,6364,1.0,2
6546,1722,1.0,3
6546,1357,0.9999,4
6546,1830,0.9998,5
6547,1916,1.0,1
6547,226,0.9998,2
6547,4897,0.9988,3
6547,6978,0.9988,4
6547,4252,0.9988,5
6548,1170,0.9996,1
6548,104,0.9994,2
6548,5842,0.9993,3
6548,6905,0.9991,4
6548,4410,0.9987,5
6549,2489,0.9995,1
6549,2249,0.999,2
6549,1826,0.9989,3
6549,26,0.9984,4
6549,2431,0.9979,5
6550,1341,0.9999,1
6550,5520,0.9999,2
6550,5554,0.9999,3
6550,2653,0.9999,4
6550,2389,0.9998,5
6551,920,0.9998,1
6551,5699,0.9998,2
6551,1703,0.9998,3
6551,5045,0.9997,4
6551,4555,0.9997,5
6552,5854,0.9999,1
6552,5336,0.9999,2
6552,2665,0.9999,3
6552,1107,0.9999,4
6552,800,0.9998,5
6553,5040,1.0,1
6553,6688,1.0,2
6553,4447,0.9999,3
6553,927,0.9999,4
6553,4350,0.9999,5
6554,2831,0.9999,1
6554,5454,0.9999,2
6554,6249,0.9998,3
6554,5501,0.9997,4
6554,4927,0.9997,5
6555,4229,1.0,1
6555,3747,1.0,2
6555,3683,1.0,3
6555,3295,1.0,4
6555,6661,0.9999,5
6556,2095,1.0,1
6556,4972,1.0,2
6556,4177,1.0,3
6556,5516,1.0,4
6556,5359,1.0,5
6557,3145,1.0,1
6557,5837,1.0,2
6557,3557,1.0,3
6557,5312,1.0,4
6557,4127,1.0,5
6558,525,0.9996,1
6558,4746,0.9996,2
6558,1009,0.9996,3
6558,4868,0.9996,4
6558,1115,0.9995,5
6559,2142,1.0,1
6559,3628,1.0,2
6559,3344,1.0,3
6559,170,1.0,4
6559,6052,1.0,5
6560,4134,1.0,1
6560,1625,1.0,2
6560,5380,1.0,3
6560,374,0.9999,4
6560,121,0.9999,5
6561,4012,1.0,1
6561,2133,1.0,2
6561,4653,1.0,3
6561,1684,1.0,4
6561,5027,1.0,5
6562,1722,0.9999,1
6562,6579,0.9998,2
6562,6546,0.9998,3
6562,3581,0.9997,4
6562,5287,0.9997,5
6563,2709,0.9999,1
6563,3272,0.9996,2
6563,5932,0.9996,3
6563,5391,0.9996,4
6563,5232,0.9996,5
6564,3152,1.0,1
6564,1337,0.9999,2
6564,1534,0.9996,3
6564,1090,0.9996,4
6564,601,0.9996,5
6565,588,1.0,1
6565,6042,1.0,2
6565,3022,1.0,3
6565,2002,1.0,4
6565,361,1.0,5
6566,821,1.0,1
6566,1478,1.0,2
6566,512,1.0,3
6566,5542,1.0,4
6566,2610,1.0,5
6567,6538,1.0,1
6567,1307,1.0,2
6567,2927,0.9999,3
6567,6307,0.9999,4
6567,5820,0.9999,5
6568,487,1.0,1
6568,52,1.0,2
6568,4020,0.9998,3
6568,1424,0.9998,4
6568,4170,0.9998,5
6569,2353,1.0,1
6569,2695,1.0,2
6569,1495,1.0,3
6569,6830,1.0,4
6569,2391,1.0,5
6570,6122,1.0,1
6570,5163,1.0,2
6570,2210,1.0,3
6570,6830,1.0,4
6570,1451,1.0,5
6571,6892,1.0,1
6571,6175,1.0,2
6571,1911,0.9999,3
6571,3493,0.9998,4
6571,5388,0.9998,5
6572,6763,0.9997,1
6572,980,0.9997,2
6572,5565,0.9997,3
6572,3405,0.9996,4
6572,5239,0.9994,5
6573,3356,1.0,1
6573,4380,0.9999,2
6573,3398,0.9999,3
6573,2030,0.9999,4
6573,4317,0.9999,5
6574,1828,1.0,1
6574,3973,1.0,2
6574,6686,0.9999,3
6574,4047,0.9996,4
6574,3078,0.9991,5
6575,3786,0.9999,1
6575,1033,0.9997,2
6575,1087,0.9996,3
6575,1286,0.9996,4
6575,353,0.9996,5
6576,2894,1.0,1
6576,3669,0.9997,2
6576,4391,0.9993,3
6576,2597,0.9993,4
6576,2235,0.999,5
6577,3476,1.0,1
6577,5233,1.0,2
6577,1477,1.0,3
6577,6278,1.0,4
6577,1560,1.0,5
6578,781,0.9999,1
6578,568,0.9999,2
6578,833,0.9999,3
6578,4190,0.9999,4
6578,5573,0.9997,5
6579,3345,0.9999,1
6579,6562,0.9998,2
6579,4231,0.9997,3
6579,1722,0.9997,4
6579,2146,0.9997,5
6580,5787,1.0,1
6580,5478,1.0,2
6580,3379,1.0,3
6580,486,1.0,4
6580,6918,1.0,5
6581,6722,0.9998,1
6581,310,0.9998,2
6581,3749,0.9997,3
6581,3202,0.9996,4
6581,3308,0.9995,5
6582,6239,0.9998,1
6582,6063,0.9998,2
6582,4071,0.9998,3
6582,2720,0.9997,4
6582,2736,0.9997,5
6583,18,1.0,1
6583,6399,1.0,2
6583,3076,0.9999,3
6583,5201,0.9999,4
6583,2290,0.9999,5
6584,5755,1.0,1
6584,1995,1.0,2
6584,4509,1.0,3
6584,5540,1.0,4
6584,5824,1.0,5
6585,4881,1.0,1
6585,6144,1.0,2
6585,3810,1.0,3
6585,69,1.0,4
6585,2092,1.0,5
6586,2804,1.0,1
6586,6795,1.0,2
6586,6410,1.0,3
6586,2587,0.9999,4
6586,6917,0.9999,5
6587,1155,1.0,1
6587,1430,1.0,2
6587,4304,0.9999,3
6587,80,0.9999,4
6587,412,0.9998,5
6588,7024,0.9999,1
6588,2811,0.9999,2
6588,2068,0.9999,3
6588,6381,0.9999,4
6588,4721,0.9999,5
6589,5886,1.0,1
6589,1431,1.0,2
6589,1675,0.9999,3
6589,554,0.9999,4
6589,6372,0.9997,5
6590,2884,1.0,1
6590,3200,1.0,2
6590,641,1.0,3
6590,4755,1.0,4
6590,3378,1.0,5
6591,2270,1.0,1
6591,3726,1.0,2
6591,6041,1.0,3
6591,5813,1.0,4
6591,4647,1.0,5
6592,3732,1.0,1
6592,1071,1.0,2
6592,163,1.0,3
6592,3917,1.0,4
6592,667,1.0,5
6593,1687,0.9998,1
6593,1618,0.999,2
6593,132,0.9987,3
6593,1923,0.9984,4
6593,2729,0.9971,5
6594,3781,0.9999,1
6594,4822,0.9998,2
6594,3462,0.9998,3
6594,5476,0.9998,4
6594,2259,0.9994,5
6595,1983,1.0,1
6595,2074,1.0,2
6595,6767,1.0,3
6595,5883,1.0,4
6595,768,1.0,5
6596,2219,1.0,1
6596,3547,1.0,2
6596,1035,1.0,3
6596,3185,1.0,4
6596,3762,0.9999,5
6597,3182,1.0,1
6597,2764,1.0,2
6597,6873,0.9999,3
6597,895,0.9999,4
6597,537,0.9999,5
6598,3555,1.0,1
6598,753,0.9999,2
6598,1964,0.9998,3
6598,5601,0.9998,4
6598,3260,0.9998,5
6599,6337,1.0,1
6599,2792,1.0,2
6599,5986,1.0,3
6599,6927,0.9999,4
6599,4872,0.9998,5
6600,5251,0.9998,1
6600,3991,0.9998,2
6600,5352,0.9998,3
6600,3230,0.9998,4
6600,2025,0.9997,5
6601,2386,1.0,1
6601,3222,1.0,2
6601,5881,1.0,3
6601,3224,1.0,4
6601,6778,1.0,5
6602,5795,1.0,1
6602,5320,1.0,2
6602,6478,1.0,3
6602,4337,1.0,4
6602,746,1.0,5
6603,1055,1.0,1
6603,5780,0.9998,2
6603,4885,0.9997,3
6603,3689,0.9997,4
6603,6677,0.9995,5
6604,5272,0.9996,1
6604,4074,0.9994,2
6604,6048,0.9994,3
6604,2257,0.9992,4
6604,4146,0.9991,5
6605,3049,1.0,1
6605,259,1.0,2
6605,1999,1.0,3
6605,135,1.0,4
6605,4894,1.0,5
6606,6036,1.0,1
6606,3256,1.0,2
6606,676,1.0,3
6606,1436,0.9999,4
6606,1776,0.9999,5
6607,1191,1.0,1
6607,6669,0.9999,2
6607,5006,0.9999,3
6607,1201,0.9999,4
6607,5796,0.9998,5
6608,212,1.0,1
6608,2996,1.0,2
6608,377,1.0,3
6608,3774,1.0,4
6608,283,1.0,5
6609,3020,1.0,1
6609,953,1.0,2
6609,5636,0.9999,3
6609,2640,0.9998,4
6609,5697,0.9995,5
6610,3242,1.0,1
6610,3680,1.0,2
6610,5737,1.0,3
6610,663,1.0,4
6610,1838,1.0,5
6611,6937,1.0,1
6611,5558,1.0,2
6611,1057,1.0,3
6611,315,0.9999,4
6611,728,0.9999,5
6612,1523,1.0,1
6612,6902,0.9989,2
6612,6652,0.998,3
6612,3266,0.9979,4
6612,3700,0.9977,5
6613,1740,1.0,1
6613,2928,1.0,2
6613,977,1.0,3
6613,3970,1.0,4
6613,6238,1.0,5
6614,1931,1.0,1
6614,3197,1.0,2
6614,1497,1.0,3
6614,4318,1.0,4
6614,3928,1.0,5
6615,1844,1.0,1
6615,4225,1.0,2
6615,4375,1.0,3
6615,1138,1.0,4
6615,5734,1.0,5
6616,4105,0.9999,1
6616,2589,0.9999,2
6616,3189,0.9999,3
6616,2434,0.9998,4
6616,5903,0.9998,5
6617,4676,0.9999,1
6617,3674,0.9999,2
6617,2572,0.9998,3
6617,3799,0.9998,4
6617,6461,0.9998,5
6618,2054,0.9999,1
6618,3925,0.9998,2
6618,4083,0.9998,3
6618,46,0.9998,4
6618,5902,0.9998,5
6619,5914,0.9999,1
6619,4588,0.9999,2
6619,2869,0.9998,3
6619,4569,0.9994,4
6619,1549,0.9991,5
6620,3085,1.0,1
6620,3704,1.0,2
6620,3638,1.0,3
6620,3945,1.0,4
6620,3794,1.0,5
6621,3924,1.0,1
6621,1930,1.0,2
6621,1096,1.0,3
6621,4545,1.0,4
6621,5539,1.0,5
6622,1716,1.0,1
6622,3852,1.0,2
6622,1943,1.0,3
6622,2756,1.0,4
6622,4245,1.0,5
6623,2847,1.0,1
6623,4726,0.9999,2
6623,4669,0.9998,3
6623,1283,0.9997,4
6623,4705,0.9997,5
6624,6232,1.0,1
6624,7033,1.0,2
6624,3496,0.9999,3
6624,420,0.9999,4
6624,3374,0.9999,5
6625,4201,0.9999,1
6625,5768,0.9999,2
6625,707,0.9999,3
6625,1858,0.9997,4
6625,1635,0.9997,5
6626,1772,0.9999,1
6626,1087,0.9997,2
6626,1608,0.9996,3
6626,1041,0.9996,4
6626,5331,0.9996,5
6627,827,0.9999,1
6627,5091,0.9999,2
6627,302,0.9997,3
6627,6216,0.9997,4
6627,4957,0.9996,5
6628,4355,1.0,1
6628,6466,1.0,2
6628,1285,1.0,3
6628,6201,1.0,4
6628,5919,1.0,5
6629,4040,1.0,1
6629,3746,1.0,2
6629,2956,1.0,3
6629,152,0.9999,4
6629,5031,0.9999,5
6630,2081,1.0,1
6630,1291,1.0,2
6630,4912,1.0,3
6630,1165,0.9999,4
6630,5518,0.9997,5
6631,5500,0.9999,1
6631,5135,0.9997,2
6631,5544,0.9996,3
6631,5907,0.9996,4
6631,5958,0.9996,5
6632,4610,0.9999,1
6632,6211,0.9996,2
6632,3292,0.9991,3
6632,5872,0.9991,4
6632,5915,0.9991,5
6633,87,0.9986,1
6633,3572,0.9986,2
6633,6021,0.9984,3
6633,6541,0.9977,4
6633,2245,0.9975,5
6634,2276,1.0,1
6634,652,1.0,2
6634,3528,1.0,3
6634,1466,1.0,4
6634,4724,1.0,5
6635,3873,0.9999,1
6635,6964,0.9999,2
6635,6840,0.9999,3
6635,3717,0.9998,4
6635,5875,0.9998,5
6636,2028,1.0,1
6636,3166,1.0,2
6636,3836,1.0,3
6636,2711,1.0,4
6636,2155,1.0,5
6637,2612,1.0,1
6637,1359,1.0,2
6637,6173,1.0,3
6637,2232,1.0,4
6637,578,0.9998,5
6638,1507,0.9999,1
6638,3871,0.9999,2
6638,284,0.9999,3
6638,5055,0.9999,4
6638,4730,0.9998,5
6639,4864,1.0,1
6639,5978,1.0,2
6639,6095,1.0,3
6639,6912,1.0,4
6639,3771,1.0,5
6640,6352,1.0,1
6640,2926,1.0,2
6640,892,1.0,3
6640,6186,1.0,4
6640,2212,0.9999,5
6641,2016,0.9995,1
6641,6734,0.9986,2
6641,5123,0.9984,3
6641,1438,0.9976,4
6641,1753,0.9971,5
6642,1226,1.0,1
6642,3240,0.9998,2
6642,3797,0.9996,3
6642,3763,0.9996,4
6642,5888,0.9996,5
6643,4837,0.9998,1
6643,706,0.9997,2
6643,4121,0.9992,3
6643,3633,0.9992,4
6643,943,0.9991,5
6644,748,1.0,1
6644,7009,1.0,2
6644,1708,1.0,3
6644,1596,0.9999,4
6644,6530,0.9999,5
6645,800,0.9999,1
6645,2568,0.9999,2
6645,5854,0.9999,3
6645,407,0.9999,4
6645,6255,0.9998,5
6646,5151,1.0,1
6646,5530,1.0,2
6646,2550,1.0,3
6646,7031,1.0,4
6646,459,1.0,5
6647,4919,1.0,1
6647,5578,1.0,2
6647,1936,1.0,3
6647,4115,1.0,4
6647,4670,0.9999,5
6648,969,1.0,1
6648,5345,1.0,2
6648,3221,0.9999,3
6648,5512,0.9999,4
6648,806,0.9999,5
6649,4946,1.0,1
6649,1102,1.0,2
6649,4719,1.0,3
6649,5176,1.0,4
6649,2801,1.0,5
6650,2474,1.0,1
6650,4771,1.0,2
6650,5456,1.0,3
6650,155,1.0,4
6650,2403,1.0,5
6651,1142,1.0,1
6651,4560,1.0,2
6651,1724,1.0,3
6651,3207,1.0,4
6651,6808,1.0,5
6652,2765,0.9988,1
6652,2658,0.9986,2
6652,1523,0.9985,3
6652,6612,0.998,4
6652,5068,0.9978,5
6653,3135,1.0,1
6653,1282,1.0,2
6653,2233,1.0,3
6653,1056,0.9999,4
6653,1463,0.9999,5
6654,5148,1.0,1
6654,3128,0.9995,2
6654,2189,0.9995,3
6654,6365,0.9992,4
6654,2196,0.9992,5
6655,2208,1.0,1
6655,6832,1.0,2
6655,2464,0.9998,3
6655,5680,0.9998,4
6655,2105,0.9997,5
6656,1271,1.0,1
6656,2636,0.9999,2
6656,6317,0.9999,3
6656,3725,0.9999,4
6656,3060,0.9999,5
6657,5583,1.0,1
6657,1637,1.0,2
6657,677,0.9999,3
6657,3899,0.9998,4
6657,2457,0.9998,5
6658,2323,1.0,1
6658,4363,1.0,2
6658,85,1.0,3
6658,1616,1.0,4
6658,6952,1.0,5
6659,6667,0.9996,1
6659,5921,0.9993,2
6659,5701,0.9992,3
6659,392,0.9991,4
6659,127,0.9991,5
6660,4271,1.0,1
6660,4217,1.0,2
6660,1364,1.0,3
6660,849,1.0,4
6660,2718,1.0,5
6661,6492,1.0,1
6661,6765,1.0,2
6661,3683,1.0,3
6661,3295,1.0,4
6661,6925,1.0,5
6662,2542,1.0,1
6662,6425,1.0,2
6662,2900,0.9999,3
6662,3684,0.9999,4
6662,787,0.9997,5
6663,6332,0.9999,1
6663,5762,0.9998,2
6663,2682,0.9998,3
6663,4729,0.9995,4
6663,3415,0.9994,5
6664,2574,1.0,1
6664,5437,1.0,2
6664,3363,1.0,3
6664,2117,1.0,4
6664,5190,1.0,5
6665,3254,1.0,1
6665,1456,0.9999,2
6665,1201,0.9999,3
6665,6440,0.9996,4
6665,6536,0.9995,5
6666,2898,0.9993,1
6666,136,0.999,2
6666,424,0.9989,3
6666,80,0.9986,4
6666,6054,0.9986,5
6667,392,0.9999,1
6667,4559,0.9999,2
6667,5584,0.9998,3
6667,6272,0.9997,4
6667,2328,0.9996,5
6668,1106,1.0,1
6668,4532,1.0,2
6668,5439,1.0,3
6668,220,0.9998,4
6668,2529,0.9998,5
6669,1191,0.9999,1
6669,6607,0.9999,2
6669,5631,0.9999,3
6669,1201,0.9998,4
6669,5006,0.9998,5
6670,949,1.0,1
6670,1884,0.9999,2
6670,2206,0.9999,3
6670,298,0.9999,4
6670,3785,0.9998,5
6671,2912,0.9999,1
6671,300,0.9999,2
6671,4095,0.9997,3
6671,1287,0.9997,4
6671,2511,0.9996,5
6672,564,1.0,1
6672,1328,1.0,2
6672,4113,1.0,3
6672,6083,0.9999,4
6672,1421,0.9999,5
6673,4154,1.0,1
6673,1371,1.0,2
6673,1767,1.0,3
6673,2673,1.0,4
6673,2727,1.0,5
6674,4342,1.0,1
6674,393,1.0,2
6674,4998,1.0,3
6674,951,0.9999,4
6674,3944,0.9999,5
6675,4971,0.9999,1
6675,2348,0.9999,2
6675,617,0.9999,3
6675,1945,0.9999,4
6675,4401,0.9999,5
6676,1025,0.9988,1
6676,2379,0.9988,2
6676,3926,0.9977,3
6676,2543,0.9974,4
6676,1192,0.9972,5
6677,4885,1.0,1
6677,6353,0.9999,2
6677,2405,0.9999,3
6677,6509,0.9998,4
6677,7014,0.9998,5
6678,942,0.9999,1
6678,1890,0.9998,2
6678,1688,0.9997,3
6678,1986,0.9997,4
6678,844,0.9997,5
6679,3000,1.0,1
6679,6542,1.0,2
6679,2175,1.0,3
6679,2197,1.0,4
6679,4556,1.0,5
6680,1111,0.9996,1
6680,2995,0.9993,2
6680,867,0.9992,3
6680,1366,0.9989,4
6680,4041,0.9989,5
6681,5356,1.0,1
6681,5889,0.9999,2
6681,1877,0.9999,3
6681,1956,0.9999,4
6681,1028,0.9999,5
6682,649,0.9998,1
6682,583,0.9997,2
6682,2192,0.9997,3
6682,6863,0.9997,4
6682,6090,0.9997,5
6683,3420,1.0,1
6683,1987,1.0,2
6683,1786,0.9999,3
6683,3398,0.9999,4
6683,5580,0.9998,5
6684,1312,0.9997,1
6684,6026,0.999,2
6684,4,0.9988,3
6684,5304,0.9982,4
6684,1895,0.998,5
6685,766,1.0,1
6685,1704,1.0,2
6685,2418,0.9998,3
6685,3927,0.9997,4
6685,2991,0.9997,5
6686,1828,0.9999,1
6686,3973,0.9999,2
6686,6574,0.9999,3
6686,4047,0.9998,4
6686,1480,0.9995,5
6687,194,1.0,1
6687,2989,1.0,2
6687,5029,1.0,3
6687,5210,1.0,4
6687,2817,1.0,5
6688,5040,1.0,1
6688,6553,1.0,2
6688,3933,1.0,3
6688,1372,0.9999,4
6688,1652,0.9999,5
6689,2850,1.0,1
6689,5772,1.0,2
6689,1902,1.0,3
6689,922,1.0,4
6689,4138,1.0,5
6690,3902,0.9999,1
6690,2205,0.9999,2
6690,884,0.9999,3
6690,1294,0.9999,4
6690,5582,0.9999,5
6691,5571,0.9999,1
6691,5664,0.9999,2
6691,2060,0.9998,3
6691,4459,0.9998,4
6691,5991,0.9998,5
6692,4829,1.0,1
6692,5086,1.0,2
6692,6060,0.9999,3
6692,2930,0.9997,4
6692,2128,0.9995,5
6693,243,1.0,1
6693,2129,1.0,2
6693,769,1.0,3
6693,299,0.9998,4
6693,4119,0.9998,5
6694,3106,0.9989,1
6694,6062,0.9987,2
6694,3317,0.9986,3
6694,3297,0.9977,4
6694,719,0.9977,5
6695,952,0.9999,1
6695,5058,0.9998,2
6695,6325,0.9998,3
6695,1626,0.9998,4
6695,2946,0.9998,5
6696,566,1.0,1
6696,4409,0.9999,2
6696,1874,0.9999,3
6696,5614,0.9999,4
6696,1673,0.9999,5
6697,366,1.0,1
6697,2407,1.0,2
6697,479,1.0,3
6697,5715,0.9999,4
6697,2785,0.9998,5
6698,6419,0.9991,1
6698,68,0.9991,2
6698,6445,0.9991,3
6698,458,0.999,4
6698,1676,0.999,5
6699,5237,0.9998,1
6699,1315,0.9998,2
6699,7015,0.9998,3
6699,3290,0.9997,4
6699,6960,0.9993,5
6700,1217,1.0,1
6700,5298,1.0,2
6700,4290,1.0,3
6700,1749,1.0,4
6700,5173,1.0,5
6701,6226,1.0,1
6701,1912,1.0,2
6701,913,1.0,3
6701,3544,1.0,4
6701,6072,1.0,5
6702,3171,1.0,1
6702,2960,0.9996,2
6702,2417,0.9996,3
6702,423,0.9996,4
6702,2605,0.9996,5
6703,1310,1.0,1
6703,3507,0.9996,2
6703,3401,0.9996,3
6703,380,0.9996,4
6703,5811,0.9995,5
6704,6266,1.0,1
6704,4765,1.0,2
6704,780,1.0,3
6704,1764,1.0,4
6704,2483,1.0,5
6705,5545,1.0,1
6705,779,1.0,2
6705,4573,0.9999,3
6705,446,0.9999,4
6705,4992,0.9999,5
6706,4310,0.9999,1
6706,5984,0.9997,2
6706,2693,0.9991,3
6706,5074,0.9985,4
6706,5338,0.9974,5
6707,409,1.0,1
6707,557,1.0,2
6707,4818,1.0,3
6707,5389,1.0,4
6707,6762,1.0,5
6708,5704,1.0,1
6708,2280,1.0,2
6708,1777,1.0,3
6708,5897,1.0,4
6708,2507,0.9999,5
6709,3007,1.0,1
6709,4218,1.0,2
6709,1086,0.9999,3
6709,2453,0.9999,4
6709,248,0.9999,5
6710,4348,1.0,1
6710,3870,0.9999,2
6710,4794,0.9999,3
6710,1069,0.9999,4
6710,4258,0.9999,5
6711,4468,1.0,1
6711,6316,1.0,2
6711,3209,0.9999,3
6711,1313,0.9998,4
6711,1031,0.9994,5
6712,2837,1.0,1
6712,2468,1.0,2
6712,1069,1.0,3
6712,4794,0.9999,4
6712,4258,0.9999,5
6713,703,0.9993,1
6713,120,0.9993,2
6713,1392,0.9992,3
6713,4255,0.9991,4
6713,5104,0.9979,5
6714,5766,1.0,1
6714,4624,0.9999,2
6714,3923,0.9999,3
6714,31,0.9996,4
6714,2322,0.9996,5
6715,6342,1.0,1
6715,6126,0.9998,2
6715,4020,0.9998,3
6715,6839,0.9997,4
6715,3611,0.9996,5
6716,1249,0.9998,1
6716,3425,0.9998,2
6716,5033,0.9997,3
6716,3339,0.9997,4
6716,2320,0.9997,5
6717,3816,1.0,1
6717,123,1.0,2
6717,946,1.0,3
6717,6923,1.0,4
6717,6250,1.0,5
6718,4591,1.0,1
6718,4692,0.9999,2
6718,5612,0.9999,3
6718,2076,0.9999,4
6718,530,0.9999,5
6719,3886,1.0,1
6719,694,1.0,2
6719,6931,1.0,3
6719,2106,1.0,4
6719,5622,1.0,5
6720,2706,1.0,1
6720,6818,1.0,2
6720,3383,1.0,3
6720,4506,1.0,4
6720,2981,1.0,5
6721,5949,1.0,1
6721,3993,1.0,2
6721,4045,1.0,3
6721,2191,0.9999,4
6721,4944,0.9999,5
6722,3202,0.9998,1
6722,3749,0.9998,2
6722,3308,0.9998,3
6722,310,0.9998,4
6722,6581,0.9998,5
6723,534,1.0,1
6723,3316,0.9999,2
6723,3039,0.9999,3
6723,4288,0.9999,4
6723,1679,0.9999,5
6724,1856,1.0,1
6724,89,1.0,2
6724,2943,1.0,3
6724,2187,1.0,4
6724,5786,1.0,5
6725,3452,0.9999,1
6725,1491,0.9998,2
6725,3362,0.9992,3
6725,6006,0.999,4
6725,4211,0.9984,5
6726,6012,1.0,1
6726,3523,1.0,2
6726,2586,1.0,3
6726,1924,1.0,4
6726,5432,1.0,5
6727,6274,1.0,1
6727,328,1.0,2
6727,3596,1.0,3
6727,6412,1.0,4
6727,3844,0.9999,5
6728,2967,0.9998,1
6728,1051,0.9997,2
6728,1640,0.9983,3
6728,2345,0.9977,4
6728,2919,0.9975,5
6729,4171,1.0,1
6729,2668,1.0,2
6729,2604,1.0,3
6729,4738,1.0,4
6729,3898,1.0,5
6730,3705,1.0,1
6730,1163,0.9999,2
6730,4190,0.9999,3
6730,2773,0.9998,4
6730,6578,0.9997,5
6731,1575,1.0,1
6731,4918,1.0,2
6731,2029,1.0,3
6731,2770,1.0,4
6731,550,1.0,5
6732,3235,1.0,1
6732,5720,1.0,2
6732,2155,1.0,3
6732,6493,1.0,4
6732,3836,1.0,5
6733,4405,1.0,1
6733,2005,1.0,2
6733,1068,1.0,3
6733,2790,0.9999,4
6733,2652,0.9999,5
6734,5123,0.9999,1
6734,1438,0.999,2
6734,6062,0.9987,3
6734,719,0.9986,4
6734,4675,0.9986,5
6735,6753,0.9999,1
6735,2400,0.9999,2
6735,2945,0.9998,3
6735,4645,0.9998,4
6735,1202,0.9997,5
6736,5097,1.0,1
6736,2698,1.0,2
6736,3921,0.9999,3
6736,4517,0.9999,4
6736,1642,0.9999,5
6737,4379,1.0,1
6737,7001,1.0,2
6737,2982,1.0,3
6737,6868,1.0,4
6737,5731,0.9999,5
6738,4029,1.0,1
6738,4192,1.0,2
6738,1525,1.0,3
6738,3978,1.0,4
6738,2732,0.9999,5
6739,5988,1.0,1
6739,3575,1.0,2
6739,1394,1.0,3
6739,6500,1.0,4
6739,6361,1.0,5
6740,4949,0.9999,1
6740,1444,0.9999,2
6740,6018,0.9999,3
6740,2285,0.9999,4
6740,3597,0.9999,5
6741,739,0.9997,1
6741,3011,0.9996,2
6741,114,0.999,3
6741,4472,0.999,4
6741,4848,0.999,5
6742,3386,1.0,1
6742,2025,1.0,2
6742,5352,1.0,3
6742,4191,0.9998,4
6742,5251,0.9997,5
6743,49,1.0,1
6743,5910,0.9999,2
6743,1498,0.9999,3
6743,3833,0.9998,4
6743,2523,0.9998,5
6744,4945,1.0,1
6744,5218,1.0,2
6744,2094,1.0,3
6744,5490,0.9999,4
6744,3765,0.9999,5
6745,6948,1.0,1
6745,3553,1.0,2
6745,4567,0.9999,3
6745,2305,0.9999,4
6745,5079,0.9999,5
6746,4851,1.0,1
6746,2476,0.9999,2
6746,1969,0.9999,3
6746,6338,0.9999,4
6746,5434,0.9999,5
6747,907,1.0,1
6747,958,1.0,2
6747,4934,0.9999,3
6747,3961,0.9995,4
6747,6797,0.9994,5
6748,3874,0.9996,1
6748,1334,0.9993,2
6748,4282,0.9993,3
6748,2548,0.9986,4
6748,885,0.9985,5
6749,4586,1.0,1
6749,586,1.0,2
6749,5877,0.9999,3
6749,2746,0.9999,4
6749,3079,0.9999,5
6750,2010,1.0,1
6750,6437,1.0,2
6750,3952,1.0,3
6750,4430,1.0,4
6750,752,1.0,5
6751,6523,0.9999,1
6751,2413,0.9995,2
6751,5018,0.9992,3
6751,3214,0.9992,4
6751,4671,0.9983,5
6752,6001,1.0,1
6752,1085,1.0,2
6752,2844,1.0,3
6752,3826,1.0,4
6752,2514,1.0,5
6753,2400,1.0,1
6753,6735,0.9999,2
6753,1202,0.9999,3
6753,1467,0.9998,4
6753,4645,0.9998,5
6754,556,1.0,1
6754,2987,0.9999,2
6754,1979,0.9998,3
6754,3835,0.9997,4
6754,5168,0.9996,5
6755,4726,0.9999,1
6755,4705,0.9997,2
6755,1283,0.9997,3
6755,6623,0.9996,4
6755,2847,0.9996,5
6756,1586,1.0,1
6756,3382,0.9998,2
6756,2823,0.9998,3
6756,3798,0.9998,4
6756,3216,0.9998,5
6757,5598,1.0,1
6757,6145,0.9999,2
6757,1246,0.9998,3
6757,1509,0.9998,4
6757,2220,0.9996,5
6758,3083,0.9999,1
6758,878,0.9999,2
6758,5107,0.9998,3
6758,1937,0.9998,4
6758,1611,0.9998,5
6759,1129,1.0,1
6759,1599,1.0,2
6759,3180,1.0,3
6759,5587,1.0,4
6759,989,1.0,5
6760,3429,1.0,1
6760,6901,1.0,2
6760,3526,0.9999,3
6760,4961,0.9998,4
6760,6974,0.9998,5
6761,3744,1.0,1
6761,705,1.0,2
6761,6242,0.9999,3
6761,224,0.9999,4
6761,6951,0.9999,5
6762,409,1.0,1
6762,557,1.0,2
6762,4818,1.0,3
6762,5389,1.0,4
6762,773,1.0,5
6763,980,1.0,1
6763,5565,1.0,2
6763,3405,0.9999,3
6763,6572,0.9997,4
6763,4016,0.9997,5
6764,5694,0.9999,1
6764,2254,0.9999,2
6764,4638,0.9999,3
6764,4585,0.9997,4
6764,4513,0.9997,5
6765,6492,1.0,1
6765,6661,1.0,2
6765,3295,1.0,3
6765,3683,1.0,4
6765,6925,1.0,5
6766,5753,1.0,1
6766,3121,1.0,2
6766,5822,1.0,3
6766,1109,0.9999,4
6766,5509,0.9999,5
6767,5883,1.0,1
6767,1533,1.0,2
6767,2074,1.0,3
6767,1400,1.0,4
6767,1983,1.0,5
6768,4262,0.9998,1
6768,1417,0.9998,2
6768,3364,0.9995,3
6768,1183,0.9995,4
6768,4822,0.9994,5
6769,3206,1.0,1
6769,4611,1.0,2
6769,2369,1.0,3
6769,5348,1.0,4
6769,2026,1.0,5
6770,1425,1.0,1
6770,5581,1.0,2
6770,5736,1.0,3
6770,5999,1.0,4
6770,2461,1.0,5
6771,6323,1.0,1
6771,3277,1.0,2
6771,1362,1.0,3
6771,6505,0.9999,4
6771,1935,0.9999,5
6772,5402,1.0,1
6772,1338,1.0,2
6772,5533,1.0,3
6772,3407,1.0,4
6772,2747,1.0,5
6773,351,0.9988,1
6773,5321,0.9983,2
6773,3694,0.9948,3
6773,5343,0.9944,4
6773,5966,0.9942,5
6774,6397,0.9999,1
6774,4913,0.9998,2
6774,2992,0.9997,3
6774,3306,0.9997,4
6774,2397,0.9997,5
6775,5171,1.0,1
6775,1050,1.0,2
6775,3853,1.0,3
6775,2760,1.0,4
6775,1169,1.0,5
6776,1079,0.9997,1
6776,5563,0.9996,2
6776,4614,0.9995,3
6776,1649,0.9994,4
6776,2430,0.9994,5
6777,4819,0.9998,1
6777,1368,0.9997,2
6777,1649,0.9997,3
6777,6411,0.9996,4
6777,1079,0.9995,5
6778,3224,1.0,1
6778,3222,1.0,2
6778,6601,1.0,3
6778,2386,1.0,4
6778,5881,1.0,5
6779,1718,1.0,1
6779,5019,1.0,2
6779,4007,1.0,3
6779,406,1.0,4
6779,1542,1.0,5
6780,3956,0.9997,1
6780,6906,0.9987,2
6780,2238,0.9946,3
6780,5059,0.9941,4
6780,3718,0.9939,5
6781,545,0.9998,1
6781,4673,0.9998,2
6781,987,0.9998,3
6781,6069,0.9998,4
6781,2827,0.9997,5
6782,5676,1.0,1
6782,651,1.0,2
6782,1080,1.0,3
6782,2307,1.0,4
6782,1636,1.0,5
6783,5458,1.0,1
6783,82,0.9999,2
6783,1263,0.9998,3
6783,282,0.9997,4
6783,2945,0.9997,5
6784,187,0.9989,1
6784,4967,0.9954,2
6784,5338,0.9954,3
6784,6706,0.995,4
6784,5441,0.9942,5
6785,2752,1.0,1
6785,6438,1.0,2
6785,3941,1.0,3
6785,2977,1.0,4
6785,3861,1.0,5
6786,6479,0.9999,1
6786,3515,0.9999,2
6786,1395,0.9999,3
6786,3752,0.9998,4
6786,6078,0.9997,5
6787,1125,0.9998,1
6787,1467,0.9998,2
6787,1202,0.9998,3
6787,2400,0.9996,4
6787,6753,0.9996,5
6788,6000,0.9999,1
6788,1645,0.9999,2
6788,6440,0.9995,3
6788,2986,0.9994,4
6788,4905,0.9992,5
6789,5465,1.0,1
6789,1280,1.0,2
6789,5008,1.0,3
6789,2415,1.0,4
6789,1241,1.0,5
6790,101,1.0,1
6790,223,1.0,2
6790,4099,1.0,3
6790,5909,1.0,4
6790,5616,1.0,5
6791,4484,1.0,1
6791,2471,1.0,2
6791,4603,1.0,3
6791,6301,1.0,4
6791,3026,1.0,5
6792,3244,1.0,1
6792,5566,0.9997,2
6792,4846,0.9994,3
6792,4832,0.9992,4
6792,2427,0.9985,5
6793,2242,1.0,1
6793,4128,1.0,2
6793,4273,1.0,3
6793,4980,1.0,4
6793,1681,1.0,5
6794,5809,1.0,1
6794,484,1.0,2
6794,6413,1.0,3
6794,4216,1.0,4
6794,3541,1.0,5
6795,2804,1.0,1
6795,6410,1.0,2
6795,6586,1.0,3
6795,3119,0.9998,4
6795,4024,0.9998,5
6796,5536,1.0,1
6796,523,1.0,2
6796,5521,0.9999,3
6796,4364,0.9999,4
6796,5941,0.9998,5
6797,3961,0.9998,1
6797,4934,0.9995,2
6797,958,0.9995,3
6797,6747,0.9994,4
6797,907,0.9994,5
6798,4421,0.9999,1
6798,6349,0.999,2
6798,3421,0.9989,3
6798,3426,0.9975,4
6798,4309,0.9958,5
6799,2766,1.0,1
6799,1043,0.9996,2
6799,3417,0.9996,3
6799,6336,0.9996,4
6799,4426,0.9994,5
6800,5711,1.0,1
6800,2541,1.0,2
6800,5728,1.0,3
6800,6860,0.9999,4
6800,2046,0.9999,5
6801,877,0.9998,1
6801,179,0.9998,2
6801,4932,0.9997,3
6801,2295,0.9993,4
6801,6194,0.9993,5
6802,6164,1.0,1
6802,1796,1.0,2
6802,5798,0.9999,3
6802,3908,0.9999,4
6802,2447,0.9997,5
6803,2908,1.0,1
6803,4097,1.0,2
6803,5243,1.0,3
6803,3919,0.9998,4
6803,1796,0.9996,5
6804,113,1.0,1
6804,5688,1.0,2
6804,1410,0.9999,3
6804,5769,0.9998,4
6804,389,0.9998,5
6805,4904,1.0,1
6805,5998,0.9999,2
6805,6446,0.9999,3
6805,6879,0.9999,4
6805,5273,0.9999,5
6806,5655,1.0,1
6806,3451,1.0,2
6806,2229,1.0,3
6806,2027,1.0,4
6806,3349,1.0,5
6807,982,1.0,1
6807,2248,1.0,2
6807,1689,0.9999,3
6807,4636,0.9999,4
6807,1741,0.9999,5
6808,1142,1.0,1
6808,6651,1.0,2
6808,6282,1.0,3
6808,4560,1.0,4
6808,5640,1.0,5
6809,2491,1.0,1
6809,6293,1.0,2
6809,4922,1.0,3
6809,809,0.9998,4
6809,2223,0.9998,5
6810,4664,1.0,1
6810,246,1.0,2
6810,2454,1.0,3
6810,7042,1.0,4
6810,748,0.9999,5
6811,4898,1.0,1
6811,6205,0.9993,2
6811,2566,0.9993,3
6811,828,0.9993,4
6811,4372,0.9991,5
6812,4456,1.0,1
6812,1429,1.0,2
6812,3217,1.0,3
6812,6435,1.0,4
6812,2857,1.0,5
6813,1024,1.0,1
6813,4896,0.9999,2
6813,6208,0.9999,3
6813,1130,0.9997,4
6813,5112,0.9997,5
6814,2662,0.9996,1
6814,5675,0.9996,2
6814,2815,0.9995,3
6814,4613,0.9993,4
6814,2374,0.9992,5
6815,5765,1.0,1
6815,2207,0.9999,2
6815,5946,0.9999,3
6815,1266,0.9999,4
6815,4236,0.9998,5
6816,790,1.0,1
6816,5614,1.0,2
6816,1874,0.9999,3
6816,1391,0.9999,4
6816,566,0.9998,5
6817,5024,1.0,1
6817,4485,1.0,2
6817,3329,1.0,3
6817,5663,1.0,4
6817,5117,1.0,5
6818,6720,1.0,1
6818,4506,1.0,2
6818,2706,1.0,3
6818,2788,1.0,4
6818,3383,1.0,5
6819,5204,1.0,1
6819,3436,0.9999,2
6819,167,0.9999,3
6819,4863,0.9999,4
6819,3741,0.9998,5
6820,841,0.9999,1
6820,6245,0.9999,2
6820,5049,0.9999,3
6820,6312,0.9999,4
6820,530,0.9999,5
6821,6508,0.9999,1
6821,6858,0.9999,2
6821,1159,0.9999,3
6821,6473,0.9999,4
6821,4959,0.9999,5
6822,2909,1.0,1
6822,5511,0.9998,2
6822,5742,0.9997,3
6822,3688,0.9997,4
6822,3864,0.9995,5
6823,893,0.9999,1
6823,3573,0.9999,2
6823,4543,0.9999,3
6823,986,0.9999,4
6823,3099,0.9995,5
6824,2683,1.0,1
6824,3482,1.0,2
6824,3409,1.0,3
6824,1540,1.0,4
6824,3665,1.0,5
6825,4699,1.0,1
6825,3780,1.0,2
6825,720,0.9998,3
6825,4819,0.9998,4
6825,6139,0.9995,5
6826,3003,0.9999,1
6826,1984,0.9999,2
6826,4933,0.9998,3
6826,454,0.9992,4
6826,5323,0.9992,5
6827,2317,1.0,1
6827,125,1.0,2
6827,947,1.0,3
6827,3092,1.0,4
6827,3404,1.0,5
6828,6448,1.0,1
6828,2854,1.0,2
6828,3073,0.9999,3
6828,5572,0.9999,4
6828,6292,0.9998,5
6829,332,1.0,1
6829,1471,1.0,2
6829,1451,1.0,3
6829,5163,1.0,4
6829,6570,1.0,5
6830,2210,1.0,1
6830,2695,1.0,2
6830,6122,1.0,3
6830,6570,1.0,4
6830,6569,1.0,5
6831,653,1.0,1
6831,5397,1.0,2
6831,5504,1.0,3
6831,4770,1.0,4
6831,950,1.0,5
6832,6655,1.0,1
6832,2208,0.9999,2
6832,5680,0.9998,3
6832,4166,0.9998,4
6832,2464,0.9998,5
6833,4796,1.0,1
6833,3818,1.0,2
6833,5781,1.0,3
6833,2179,0.9999,4
6833,671,0.9999,5
6834,268,0.9998,1
6834,3255,0.9997,2
6834,1089,0.9993,3
6834,6972,0.9992,4
6834,4702,0.9991,5
6835,4072,0.9997,1
6835,6261,0.9991,2
6835,5800,0.999,3
6835,2904,0.9987,4
6835,2993,0.9983,5
6836,3729,1.0,1
6836,1613,0.9999,2
6836,657,0.9999,3
6836,6874,0.9999,4
6836,1419,0.9999,5
6837,5494,1.0,1
6837,5687,0.9999,2
6837,887,0.9999,3
6837,1023,0.9999,4
6837,3963,0.9999,5
6838,1551,0.9999,1
6838,4185,0.9999,2
6838,1899,0.9999,3
6838,6202,0.9999,4
6838,2024,0.9998,5
6839,2544,0.9999,1
6839,1435,0.9998,2
6839,500,0.9998,3
6839,3611,0.9998,4
6839,6342,0.9998,5
6840,1435,0.9999,1
6840,3717,0.9999,2
6840,500,0.9999,3
6840,6635,0.9999,4
6840,3611,0.9998,5
6841,5586,1.0,1
6841,2097,1.0,2
6841,4222,1.0,3
6841,311,1.0,4
6841,5647,1.0,5
6842,1100,1.0,1
6842,3948,1.0,2
6842,2336,1.0,3
6842,6018,0.9999,4
6842,4949,0.9999,5
6843,2897,1.0,1
6843,1502,1.0,2
6843,995,1.0,3
6843,3278,1.0,4
6843,4695,1.0,5
6844,5832,0.9999,1
6844,3265,0.9998,2
6844,2401,0.9998,3
6844,4561,0.9997,4
6844,4241,0.9995,5
6845,5302,1.0,1
6845,3655,0.9994,2
6845,2224,0.9994,3
6845,2712,0.9994,4
6845,229,0.9994,5
6846,5499,1.0,1
6846,3599,1.0,2
6846,35,1.0,3
6846,2297,1.0,4
6846,1892,1.0,5
6847,4316,1.0,1
6847,3031,1.0,2
6847,5641,1.0,3
6847,3552,1.0,4
6847,2195,1.0,5
6848,4599,1.0,1
6848,807,0.9997,2
6848,1144,0.9997,3
6848,3059,0.9995,4
6848,3516,0.9995,5
6849,1008,1.0,1
6849,667,0.9999,2
6849,3295,0.9999,3
6849,3683,0.9999,4
6849,6661,0.9999,5
6850,594,0.9998,1
6850,2156,0.9993,2
6850,91,0.9992,3
6850,2176,0.9992,4
6850,3465,0.9992,5
6851,5110,1.0,1
6851,4416,1.0,2
6851,1351,0.9999,3
6851,5920,0.9999,4
6851,4717,0.9999,5
6852,103,1.0,1
6852,7005,1.0,2
6852,4459,1.0,3
6852,5571,0.9998,4
6852,5664,0.9998,5
6853,1792,1.0,1
6853,5613,0.9997,2
6853,3974,0.9993,3
6853,5529,0.9992,4
6853,4441,0.9991,5
6854,2298,1.0,1
6854,3789,0.9999,2
6854,6037,0.9999,3
6854,3419,0.9999,4
6854,1932,0.9999,5
6855,459,1.0,1
6855,2648,1.0,2
6855,602,1.0,3
6855,3023,1.0,4
6855,2550,1.0,5
6856,3758,0.9998,1
6856,4347,0.9998,2
6856,1095,0.9997,3
6856,1516,0.9997,4
6856,1793,0.9996,5
6857,6235,1.0,1
6857,713,1.0,2
6857,1077,1.0,3
6857,1762,1.0,4
6857,992,1.0,5
6858,6508,1.0,1
6858,6821,0.9999,2
6858,4764,0.9999,3
6858,3501,0.9998,4
6858,5231,0.9998,5
6859,1988,1.0,1
6859,1098,0.9997,2
6859,6733,0.9995,3
6859,4405,0.9995,4
6859,1068,0.9995,5
6860,910,1.0,1
6860,3248,0.9999,2
6860,591,0.9999,3
6860,5996,0.9999,4
6860,3524,0.9999,5
6861,5952,0.9998,1
6861,2223,0.9998,2
6861,3064,0.9998,3
6861,6669,0.9997,4
6861,4869,0.9996,5
6862,1985,0.9999,1
6862,2137,0.9998,2
6862,3991,0.9998,3
6862,6869,0.9995,4
6862,1752,0.9995,5
6863,583,1.0,1
6863,1030,0.9999,2
6863,2742,0.9999,3
6863,3563,0.9998,4
6863,649,0.9997,5
6864,2895,1.0,1
6864,5797,0.9997,2
6864,2071,0.9997,3
6864,25,0.9996,4
6864,5965,0.9995,5
6865,5968,0.9999,1
6865,2432,0.9999,2
6865,4181,0.9999,3
6865,5412,0.9997,4
6865,6510,0.9997,5
6866,5223,1.0,1
6866,6982,1.0,2
6866,4508,0.9999,3
6866,1404,0.9998,4
6866,2308,0.9998,5
6867,2070,1.0,1
6867,2754,1.0,2
6867,2239,1.0,3
6867,3773,1.0,4
6867,6067,0.9999,5
6868,5731,1.0,1
6868,4531,1.0,2
6868,4807,1.0,3
6868,2177,1.0,4
6868,2982,1.0,5
6869,1985,0.9997,1
6869,1752,0.9997,2
6869,4294,0.9997,3
6869,3568,0.9997,4
6869,6862,0.9995,5
6870,5525,1.0,1
6870,3078,0.9999,2
6870,5067,0.9998,3
6870,6184,0.9998,4
6870,5332,0.9998,5
6871,3642,1.0,1
6871,3056,1.0,2
6871,4220,0.9998,3
6871,6117,0.9998,4
6871,2501,0.9998,5
6872,6207,0.9999,1
6872,3450,0.9999,2
6872,174,0.9999,3
6872,1664,0.9999,4
6872,4854,0.9999,5
6873,895,1.0,1
6873,537,1.0,2
6873,1541,0.9999,3
6873,4365,0.9999,4
6873,3182,0.9999,5
6874,657,1.0,1
6874,4380,0.9999,2
6874,338,0.9999,3
6874,3340,0.9999,4
6874,3729,0.9999,5
6875,264,0.9998,1
6875,4466,0.9996,2
6875,5059,0.9984,3
6875,1727,0.998,4
6875,1545,0.9978,5
6876,2875,1.0,1
6876,1289,1.0,2
6876,4281,1.0,3
6876,2253,1.0,4
6876,138,1.0,5
6877,4187,1.0,1
6877,4548,0.9999,2
6877,1546,0.9999,3
6877,4251,0.9999,4
6877,491,0.9999,5
6878,2085,1.0,1
6878,5873,1.0,2
6878,6496,1.0,3
6878,3427,1.0,4
6878,4838,1.0,5
6879,5278,1.0,1
6879,5998,1.0,2
6879,5924,1.0,3
6879,5273,0.9999,4
6879,6805,0.9999,5
6880,4394,0.9999,1
6880,2876,0.9995,2
6880,4198,0.9993,3
6880,3556,0.9992,4
6880,2879,0.9991,5
6881,915,1.0,1
6881,2510,1.0,2
6881,3985,1.0,3
6881,3467,1.0,4
6881,1682,1.0,5
6882,6950,0.9999,1
6882,3021,0.9997,2
6882,2226,0.9979,3
6882,6270,0.9978,4
6882,814,0.9969,5
6883,4338,1.0,1
6883,1277,1.0,2
6883,1485,1.0,3
6883,1818,0.9999,4
6883,4825,0.9997,5
6884,4568,1.0,1
6884,3275,1.0,2
6884,39,0.9999,3
6884,5406,0.9998,4
6884,6440,0.9997,5
6885,4604,1.0,1
6885,3906,1.0,2
6885,7000,1.0,3
6885,876,1.0,4
6885,678,0.9999,5
6886,5969,1.0,1
6886,1426,0.9999,2
6886,5496,0.9997,3
6886,7028,0.9997,4
6886,4527,0.9997,5
6887,1027,1.0,1
6887,966,0.9999,2
6887,2281,0.9999,3
6887,6366,0.9999,4
6887,906,0.9999,5
6888,2701,1.0,1
6888,1405,0.9999,2
6888,2911,0.9999,3
6888,6028,0.9999,4
6888,1658,0.9999,5
6889,3583,1.0,1
6889,2354,1.0,2
6889,1216,1.0,3
6889,2261,0.9999,4
6889,3307,0.9999,5
6890,116,1.0,1
6890,5548,1.0,2
6890,2969,1.0,3
6890,347,0.9999,4
6890,755,0.9999,5
6891,2705,1.0,1
6891,5211,0.9999,2
6891,6273,0.9998,3
6891,1714,0.9998,4
6891,4333,0.9996,5
6892,6571,1.0,1
6892,6175,1.0,2
6892,1911,0.9999,3
6892,3493,0.9998,4
6892,5388,0.9998,5
6893,3461,1.0,1
6893,1927,0.9999,2
6893,27,0.9999,3
6893,4258,0.9999,4
6893,2006,0.9999,5
6894,5491,1.0,1
6894,1100,0.9999,2
6894,6842,0.9999,3
6894,3948,0.9999,4
6894,2336,0.9999,5
6895,5934,1.0,1
6895,6366,0.9984,2
6895,1402,0.9983,3
6895,2209,0.9982,4
6895,2845,0.9981,5
6896,4056,1.0,1
6896,2003,0.9999,2
6896,4076,0.9998,3
6896,5096,0.9998,4
6896,3355,0.9996,5
6897,2173,1.0,1
6897,2703,1.0,2
6897,5869,1.0,3
6897,390,1.0,4
6897,1801,1.0,5
6898,2170,1.0,1
6898,6218,0.9999,2
6898,1541,0.9999,3
6898,4365,0.9999,4
6898,5572,0.9999,5
6899,3877,1.0,1
6899,2961,1.0,2
6899,2674,0.9998,3
6899,4525,0.9997,4
6899,2275,0.9997,5
6900,2888,1.0,1
6900,1250,1.0,2
6900,1854,1.0,3
6900,5047,1.0,4
6900,1836,1.0,5
6901,3429,1.0,1
6901,6760,1.0,2
6901,3526,0.9999,3
6901,4961,0.9998,4
6901,6974,0.9998,5
6902,6612,0.9989,1
6902,1523,0.9988,2
6902,3700,0.9987,3
6902,2765,0.9986,4
6902,3677,0.9984,5
6903,2584,0.9999,1
6903,4895,0.9996,2
6903,6398,0.9993,3
6903,2720,0.9992,4
6903,6582,0.9991,5
6904,1192,1.0,1
6904,2379,0.9987,2
6904,997,0.9981,3
6904,794,0.9975,4
6904,6676,0.9968,5
6905,104,0.9997,1
6905,6548,0.9991,2
6905,1170,0.9982,3
6905,5842,0.998,4
6905,6163,0.998,5
6906,6780,0.9987,1
6906,3956,0.9979,2
6906,4086,0.9963,3
6906,2383,0.9947,4
6906,5059,0.9932,5
6907,3157,1.0,1
6907,5591,1.0,2
6907,4667,1.0,3
6907,3437,1.0,4
6907,3058,1.0,5
6908,2500,1.0,1
6908,2833,0.9998,2
6908,1793,0.9997,3
6908,5084,0.9997,4
6908,1516,0.9997,5
6909,5513,1.0,1
6909,5693,0.9999,2
6909,3795,0.9998,3
6909,1717,0.9998,4
6909,78,0.9998,5
6910,5577,1.0,1
6910,3091,1.0,2
6910,4824,1.0,3
6910,3,0.9999,4
6910,6110,0.9999,5
6911,5255,1.0,1
6911,5421,1.0,2
6911,2265,1.0,3
6911,6039,1.0,4
6911,5820,1.0,5
6912,3771,1.0,1
6912,5089,1.0,2
6912,6095,1.0,3
6912,1789,1.0,4
6912,139,1.0,5
6913,2780,1.0,1
6913,3495,1.0,2
6913,6047,1.0,3
6913,6958,0.9999,4
6913,2464,0.9998,5
6914,6017,0.9999,1
6914,5698,0.9999,2
6914,3518,0.9999,3
6914,6197,0.9999,4
6914,4448,0.9999,5
6915,2277,0.9999,1
6915,3830,0.9999,2
6915,6545,0.9998,3
6915,5670,0.9998,4
6915,1788,0.9998,5
6916,2942,1.0,1
6916,2526,1.0,2
6916,4052,1.0,3
6916,871,1.0,4
6916,2602,1.0,5
6917,3119,1.0,1
6917,2587,1.0,2
6917,469,1.0,3
6917,4637,1.0,4
6917,6215,1.0,5
6918,5478,1.0,1
6918,6580,1.0,2
6918,5787,1.0,3
6918,2161,1.0,4
6918,3379,1.0,5
6919,2394,1.0,1
6919,4646,1.0,2
6919,5721,0.9996,3
6919,6441,0.9992,4
6919,4868,0.999,5
6920,2924,1.0,1
6920,2797,0.9999,2
6920,6079,0.9999,3
6920,1947,0.9998,4
6920,2293,0.9997,5
6921,3180,1.0,1
6921,1599,1.0,2
6921,3560,1.0,3
6921,6451,1.0,4
6921,6759,1.0,5
6922,1758,1.0,1
6922,4809,0.9999,2
6922,6360,0.9998,3
6922,3904,0.9998,4
6922,2523,0.9998,5
6923,6250,1.0,1
6923,123,1.0,2
6923,946,1.0,3
6923,6016,1.0,4
6923,3816,1.0,5
6924,164,1.0,1
6924,1047,0.9999,2
6924,4831,0.9998,3
6924,2021,0.9997,4
6924,5839,0.9995,5
6925,4537,1.0,1
6925,4481,1.0,2
6925,4956,1.0,3
6925,6489,1.0,4
6925,6492,1.0,5
6926,2569,1.0,1
6926,1245,1.0,2
6926,1198,1.0,3
6926,6009,1.0,4
6926,2029,1.0,5
6927,6599,0.9999,1
6927,6337,0.9999,2
6927,2792,0.9999,3
6927,5986,0.9998,4
6927,6400,0.9998,5
6928,854,1.0,1
6928,3294,1.0,2
6928,824,0.9999,3
6928,5385,0.9999,4
6928,2865,0.9997,5
6929,2300,1.0,1
6929,1503,0.9998,2
6929,6965,0.9997,3
6929,2378,0.9997,4
6929,3619,0.9993,5
6930,4374,1.0,1
6930,5125,1.0,2
6930,1241,1.0,3
6930,1166,1.0,4
6930,2619,1.0,5
6931,694,1.0,1
6931,2106,1.0,2
6931,66,1.0,3
6931,6719,1.0,4
6931,3886,1.0,5
6932,3397,1.0,1
6932,13,0.9999,2
6932,4113,0.9999,3
6932,564,0.9999,4
6932,1328,0.9999,5
6933,3250,0.9995,1
6933,3418,0.9991,2
6933,5945,0.9989,3
6933,3228,0.9987,4
6933,3947,0.9985,5
6934,4082,1.0,1
6934,6496,1.0,2
6934,5873,1.0,3
6934,810,1.0,4
6934,447,1.0,5
6935,1409,1.0,1
6935,2309,1.0,2
6935,4534,0.9999,3
6935,5226,0.9999,4
6935,5374,0.9999,5
6936,94,1.0,1
6936,4320,1.0,2
6936,2509,0.9999,3
6936,4292,0.9999,4
6936,5005,0.9999,5
6937,5558,1.0,1
6937,6611,1.0,2
6937,1057,1.0,3
6937,315,1.0,4
6937,728,0.9999,5
6938,1147,0.9993,1
6938,5977,0.9989,2
6938,90,0.9987,3
6938,2383,0.9981,4
6938,5357,0.9975,5
6939,6430,1.0,1
6939,3286,1.0,2
6939,2473,0.9999,3
6939,1660,0.9999,4
6939,638,0.9998,5
6940,1763,1.0,1
6940,4269,0.9999,2
6940,439,0.9999,3
6940,6161,0.9994,4
6940,4422,0.9994,5
6941,207,1.0,1
6941,787,1.0,2
6941,6425,0.9998,3
6941,3684,0.9998,4
6941,2542,0.9997,5
6942,1820,0.9999,1
6942,5841,0.9999,2
6942,874,0.9999,3
6942,2627,0.9998,4
6942,6393,0.9997,5
6943,3123,1.0,1
6943,3408,1.0,2
6943,4853,0.9999,3
6943,3652,0.9998,4
6943,4769,0.9996,5
6944,3678,1.0,1
6944,28,1.0,2
6944,181,1.0,3
6944,3903,1.0,4
6944,1,1.0,5
6945,3194,1.0,1
6945,3809,1.0,2
6945,4357,1.0,3
6945,2751,1.0,4
6945,4476,1.0,5
6946,417,1.0,1
6946,5905,1.0,2
6946,3454,1.0,3
6946,1691,1.0,4
6946,4077,0.9999,5
6947,482,1.0,1
6947,2341,1.0,2
6947,3312,0.9999,3
6947,3930,0.9992,4
6947,4522,0.9992,5
6948,6745,1.0,1
6948,4567,1.0,2
6948,3553,0.9999,3
6948,2305,0.9999,4
6948,5079,0.9999,5
6949,6343,1.0,1
6949,823,1.0,2
6949,2053,0.9999,3
6949,3446,0.9999,4
6949,2301,0.9999,5
6950,6882,0.9999,1
6950,3021,0.9992,2
6950,2226,0.9988,3
6950,6270,0.9972,4
6950,2539,0.9968,5
6951,4750,1.0,1
6951,2775,0.9999,2
6951,5318,0.9999,3
6951,705,0.9999,4
6951,2469,0.9999,5
6952,1616,1.0,1
6952,85,1.0,2
6952,5075,1.0,3
6952,6658,1.0,4
6952,2323,1.0,5
6953,385,1.0,1
6953,1633,0.9999,2
6953,1928,0.9999,3
6953,5335,0.9999,4
6953,3911,0.9999,5
6954,4322,0.9997,1
6954,1580,0.9997,2
6954,2940,0.9997,3
6954,327,0.9996,4
6954,2325,0.9995,5
6955,5983,1.0,1
6955,3190,1.0,2
6955,2770,1.0,3
6955,550,1.0,4
6955,940,1.0,5
6956,4830,1.0,1
6956,434,1.0,2
6956,6069,0.9999,3
6956,1300,0.9998,4
6956,5857,0.9998,5
6957,2836,0.9999,1
6957,4296,0.9995,2
6957,1577,0.9993,3
6957,3040,0.9987,4
6957,383,0.9987,5
6958,6913,0.9999,1
6958,3495,0.9998,2
6958,2780,0.9998,3
6958,5680,0.9998,4
6958,3088,0.9998,5
6959,5593,1.0,1
6959,189,1.0,2
6959,4695,1.0,3
6959,1938,1.0,4
6959,2897,1.0,5
6960,834,0.9998,1
6960,1315,0.9998,2
6960,1644,0.9997,3
6960,6485,0.9996,4
6960,3464,0.9994,5
6961,395,1.0,1
6961,5154,0.9999,2
6961,5012,0.9999,3
6961,1180,0.9999,4
6961,2416,0.9997,5
6962,3269,0.9998,1
6962,3131,0.9995,2
6962,524,0.9993,3
6962,2082,0.9992,4
6962,733,0.9992,5
6963,5300,0.9999,1
6963,4189,0.9997,2
6963,1412,0.9996,3
6963,5723,0.9995,4
6963,4674,0.9995,5
6964,3873,1.0,1
6964,5032,0.9999,2
6964,2439,0.9999,3
6964,6635,0.9999,4
6964,5875,0.9998,5
6965,1503,0.9999,1
6965,6929,0.9997,2
6965,2300,0.9997,3
6965,1761,0.9995,4
6965,4009,0.9992,5
6966,836,0.9999,1
6966,3625,0.9998,2
6966,2167,0.9998,3
6966,2481,0.9998,4
6966,1500,0.9995,5
6967,3686,0.9998,1
6967,3930,0.9996,2
6967,2917,0.9995,3
6967,3542,0.999,4
6967,3312,0.999,5
6968,2515,1.0,1
6968,3832,1.0,2
6968,6034,1.0,3
6968,2591,0.9999,4
6968,5410,0.9999,5
6969,917,0.9998,1
6969,863,0.9995,2
6969,1581,0.9993,3
6969,291,0.9993,4
6969,5851,0.9987,5
6970,3676,1.0,1
6970,4022,1.0,2
6970,2838,1.0,3
6970,2829,1.0,4
6970,691,1.0,5
6971,1709,1.0,1
6971,2680,1.0,2
6971,4026,0.9999,3
6971,3846,0.9999,4
6971,3385,0.9999,5
6972,1089,0.9999,1
6972,3255,0.9997,2
6972,756,0.9996,3
6972,5232,0.9995,4
6972,6834,0.9992,5
6973,76,0.9999,1
6973,2933,0.9998,2
6973,5262,0.9997,3
6973,1989,0.9994,4
6973,4491,0.9993,5
6974,1006,0.9999,1
6974,3429,0.9998,2
6974,6901,0.9998,3
6974,6760,0.9998,4
6974,6535,0.9997,5
6975,2957,1.0,1
6975,3870,0.9999,2
6975,6710,0.9998,3
6975,1496,0.9998,4
6975,1443,0.9998,5
6976,301,0.9989,1
6976,6532,0.9976,2
6976,3922,0.9974,3
6976,1128,0.9967,4
6976,4631,0.9964,5
6977,837,1.0,1
6977,5660,0.9999,2
6977,1941,0.9999,3
6977,2546,0.9999,4
6977,1220,0.9998,5
6978,4897,1.0,1
6978,1966,1.0,2
6978,3297,0.9999,3
6978,226,0.9995,4
6978,6281,0.9991,5
6979,1296,1.0,1
6979,1600,1.0,2
6979,752,1.0,3
6979,4430,0.9999,4
6979,5286,0.9999,5
6980,3984,1.0,1
6980,4006,1.0,2
6980,3866,1.0,3
6980,4642,1.0,4
6980,6537,1.0,5
6981,2345,0.9995,1
6981,5834,0.9975,2
6981,1640,0.9975,3
6981,355,0.9969,4
6981,1051,0.9967,5
6982,5223,1.0,1
6982,6866,1.0,2
6982,4508,0.9999,3
6982,1404,0.9998,4
6982,2308,0.9998,5
6983,4915,1.0,1
6983,5196,1.0,2
6983,1567,0.9999,3
6983,568,0.9999,4
6983,781,0.9999,5
6984,5595,0.9999,1
6984,3246,0.9999,2
6984,627,0.9997,3
6984,2841,0.9996,4
6984,419,0.9994,5
6985,2931,1.0,1
6985,3460,0.9996,2
6985,5831,0.9996,3
6985,2747,0.9995,4
6985,3407,0.9995,5
6986,1501,1.0,1
6986,5901,1.0,2
6986,4433,1.0,3
6986,2638,0.9997,4
6986,6060,0.9991,5
6987,2571,1.0,1
6987,896,1.0,2
6987,5156,1.0,3
6987,5519,1.0,4
6987,515,0.9999,5
6988,5939,0.9999,1
6988,5852,0.9998,2
6988,397,0.9997,3
6988,3252,0.9997,4
6988,2620,0.9996,5
6989,2513,0.9996,1
6989,3198,0.9992,2
6989,1802,0.9992,3
6989,462,0.9992,4
6989,1385,0.9992,5
6990,6476,0.9994,1
6990,6099,0.9994,2
6990,6114,0.9993,3
6990,6203,0.9981,4
6990,3869,0.998,5
6991,4136,1.0,1
6991,5991,0.9999,2
6991,339,0.9999,3
6991,6085,0.9998,4
6991,6691,0.9998,5
6992,449,0.9999,1
6992,4625,0.9999,2
6992,5228,0.9999,3
6992,5600,0.9999,4
6992,1360,0.9999,5
6993,2319,1.0,1
6993,1094,1.0,2
6993,3539,1.0,3
6993,95,0.9999,4
6993,2686,0.9999,5
6994,1274,0.9999,1
6994,644,0.9998,2
6994,630,0.9998,3
6994,4382,0.9996,4
6994,2385,0.9993,5
6995,5497,1.0,1
6995,6054,1.0,2
6995,136,0.9999,3
6995,1829,0.9998,4
6995,4658,0.9998,5
6996,2310,0.9999,1
6996,5314,0.9999,2
6996,3949,0.9999,3
6996,4249,0.9998,4
6996,619,0.9997,5
6997,3758,0.9998,1
6997,4347,0.9998,2
6997,247,0.9997,3
6997,6856,0.9996,4
6997,1095,0.9995,5
6998,3787,0.9999,1
6998,4882,0.9989,2
6998,3745,0.9988,3
6998,3996,0.9984,4
6998,2446,0.9984,5
6999,5424,1.0,1
6999,1176,0.9999,2
6999,928,0.9999,3
6999,5557,0.9999,4
6999,6029,0.9997,5
7000,3906,1.0,1
7000,6885,1.0,2
7000,4604,1.0,3
7000,678,1.0,4
7000,876,0.9999,5
7001,2982,1.0,1
7001,6737,1.0,2
7001,4379,1.0,3
7001,6868,1.0,4
7001,5731,1.0,5
7002,1011,1.0,1
7002,698,1.0,2
7002,1048,1.0,3
7002,2055,0.9999,4
7002,4277,0.9999,5
7003,358,1.0,1
7003,5415,1.0,2
7003,2738,1.0,3
7003,1867,0.9999,4
7003,5974,0.9999,5
7004,5357,1.0,1
7004,3734,0.9995,2
7004,5330,0.9995,3
7004,3127,0.9987,4
7004,3061,0.998,5
7005,103,1.0,1
7005,6852,1.0,2
7005,4459,1.0,3
7005,5571,0.9998,4
7005,5664,0.9998,5
7006,1020,1.0,1
7006,1684,1.0,2
7006,4653,1.0,3
7006,2133,1.0,4
7006,4012,1.0,5
7007,516,1.0,1
7007,5235,0.9999,2
7007,1479,0.9999,3
7007,6324,0.9999,4
7007,1745,0.9999,5
7008,3040,0.9999,1
7008,383,0.9999,2
7008,4021,0.9999,3
7008,1577,0.999,4
7008,6957,0.9987,5
7009,748,1.0,1
7009,6644,1.0,2
7009,2590,0.9999,3
7009,6810,0.9999,4
7009,4664,0.9999,5
7010,5022,0.9997,1
7010,5473,0.9993,2
7010,476,0.9993,3
7010,943,0.9991,4
7010,3633,0.9989,5
7011,5342,1.0,1
7011,6439,1.0,2
7011,2822,1.0,3
7011,2037,1.0,4
7011,92,1.0,5
7012,1148,0.9999,1
7012,2976,0.9998,2
7012,5378,0.9998,3
7012,3449,0.9997,4
7012,2172,0.9994,5
7013,1293,1.0,1
7013,3257,0.9999,2
7013,154,0.9999,3
7013,2631,0.9999,4
7013,4010,0.9997,5
7014,6677,0.9998,1
7014,4885,0.9997,2
7014,5780,0.9994,3
7014,6509,0.9994,4
7014,6353,0.9993,5
7015,5237,1.0,1
7015,3290,1.0,2
7015,6699,0.9998,3
7015,1315,0.9993,4
7015,5688,0.9992,5
7016,6267,0.9997,1
7016,1822,0.9995,2
7016,1810,0.9995,3
7016,3120,0.9995,4
7016,4791,0.9989,5
7017,1384,1.0,1
7017,686,1.0,2
7017,4091,1.0,3
7017,6340,1.0,4
7017,3042,1.0,5
7018,4670,1.0,1
7018,4115,1.0,2
7018,1936,1.0,3
7018,4919,0.9999,4
7018,6647,0.9999,5
7019,4647,1.0,1
7019,3390,1.0,2
7019,5394,1.0,3
7019,275,1.0,4
7019,6041,1.0,5
7020,3915,1.0,1
7020,1376,1.0,2
7020,2824,1.0,3
7020,2812,1.0,4
7020,4502,1.0,5
7021,5710,1.0,1
7021,3334,1.0,2
7021,225,1.0,3
7021,581,1.0,4
7021,2935,1.0,5
7022,2450,0.9997,1
7022,7037,0.9997,2
7022,542,0.9995,3
7022,1389,0.9992,4
7022,6513,0.9992,5
7023,842,1.0,1
7023,4823,1.0,2
7023,3742,1.0,3
7023,2204,1.0,4
7023,5621,1.0,5
7024,6588,0.9999,1
7024,979,0.9999,2
7024,4578,0.9999,3
7024,467,0.9999,4
7024,4721,0.9999,5
7025,1917,1.0,1
7025,4736,1.0,2
7025,2557,0.9998,3
7025,376,0.9998,4
7025,171,0.9998,5
7026,285,1.0,1
7026,5658,1.0,2
7026,3439,1.0,3
7026,3929,0.9999,4
7026,4995,0.9999,5
7027,5229,1.0,1
7027,3875,1.0,2
7027,6471,0.9999,3
7027,1524,0.9999,4
7027,290,0.9999,5
7028,4527,0.9999,1
7028,3144,0.9999,2
7028,6886,0.9997,3
7028,5969,0.9996,4
7028,1473,0.9996,5
7029,5181,1.0,1
7029,50,0.9999,2
7029,5423,0.9998,3
7029,5920,0.9997,4
7029,1351,0.9997,5
7030,6135,1.0,1
7030,2782,0.9999,2
7030,4339,0.9998,3
7030,1680,0.9998,4
7030,5285,0.9998,5
7031,5530,1.0,1
7031,2550,1.0,2
7031,459,1.0,3
7031,6855,1.0,4
7031,2648,1.0,5
7032,2776,0.9997,1
7032,4343,0.9994,2
7032,4703,0.999,3
7032,6398,0.9987,4
7032,4152,0.9987,5
7033,3496,1.0,1
7033,420,1.0,2
7033,6232,1.0,3
7033,6624,1.0,4
7033,1506,0.9999,5
7034,1897,0.9999,1
7034,4340,0.9998,2
7034,4816,0.9994,3
7034,558,0.9992,4
7034,4511,0.9987,5
7035,5450,1.0,1
7035,6335,0.9999,2
7035,6091,0.9999,3
7035,2020,0.9999,4
7035,1702,0.9999,5
7036,4331,0.9999,1
7036,5036,0.9994,2
7036,4461,0.9993,3
7036,3484,0.999,4
7036,2103,0.9987,5
7037,7022,0.9997,1
7037,6513,0.9997,2
7037,596,0.9996,3
7037,2377,0.9995,4
7037,2450,0.9994,5
7038,1528,1.0,1
7038,4743,1.0,2
7038,999,1.0,3
7038,6375,1.0,4
7038,4574,1.0,5
7039,1959,1.0,1
7039,1399,0.9999,2
7039,2979,0.9996,3
7039,816,0.9994,4
7039,1973,0.9994,5
7040,3112,1.0,1
7040,4787,1.0,2
7040,4976,1.0,3
7040,4398,1.0,4
7040,5849,1.0,5
7041,5506,0.9999,1
7041,3319,0.9998,2
7041,237,0.9998,3
7041,8,0.9997,4
7041,1986,0.9996,5
7042,2454,1.0,1
7042,4664,1.0,2
7042,6810,1.0,3
7042,246,0.9999,4
7042,6644,0.9999,5
7043,5051,1.0,1
7043,3784,1.0,2
7043,1340,1.0,3
7043,5143,0.9999,4
7043,5819,0.9999,5
